age,education_years,hours_per_week,workclass,group,income_gt_50k
18,14,18.8,Govt,B,0
57,16,22.1,Govt,B,1
60,14,42.9,Private,A,1
69,13,38.9,Govt,A,1
64,12,41.2,Private,A,0
55,9,39.8,Private,A,0
68,7,58.5,Private,B,0
65,7,52.9,Private,A,0
52,14,40.2,Private,A,1
40,8,40.0,Private,A,0
38,15,24.1,Private,B,1
25,16,42.8,Private,A,1
22,15,38.7,Private,A,1
55,11,31.4,Private,A,0
37,9,31.6,Private,A,0
35,9,41.4,Govt,A,1
49,16,45.2,Private,B,1
43,16,39.4,Private,A,1
46,18,55.3,Self-emp,A,1
19,15,30.9,Private,A,1
48,14,49.1,Private,A,1
42,10,52.2,Private,A,0
29,17,43.4,Govt,A,1
52,13,43.3,Govt,A,1
62,14,47.1,Private,A,1
25,12,49.2,Private,A,1
58,6,47.6,Govt,A,0
48,9,25.8,Private,A,0
52,17,47.3,Govt,A,1
44,17,21.7,Private,A,1
69,13,35.7,Private,A,1
24,19,43.5,Private,A,1
31,18,30.3,Self-emp,B,1
63,18,65.9,Private,B,1
27,15,26.1,Private,B,1
61,16,36.1,Private,B,0
22,11,44.3,Private,B,0
35,7,26.7,Private,A,0
60,13,35.8,Private,A,0
55,7,38.7,Private,B,0
38,16,34.3,Private,A,1
46,7,46.6,Private,A,0
62,16,43.3,Private,A,1
20,8,37.7,Private,A,0
64,13,30.9,Govt,A,0
18,15,44.2,Private,A,1
32,11,46.9,Govt,B,0
63,6,41.5,Private,A,0
26,9,42.2,Private,A,0
30,9,30.8,Private,B,0
60,12,41.0,Private,B,0
27,14,37.0,Private,B,0
27,11,34.0,Private,A,1
18,14,40.6,Private,A,0
43,17,30.5,Private,A,1
52,15,34.5,Private,B,0
33,12,48.9,Private,A,1
55,16,51.2,Private,A,1
66,16,34.8,Private,A,1
44,6,46.1,Govt,A,0
51,7,41.1,Govt,A,0
33,16,43.1,Private,B,0
61,6,36.5,Private,B,0
42,6,48.9,Private,A,0
56,14,31.7,Govt,B,0
47,15,45.0,Private,A,1
20,19,41.7,Private,B,1
56,9,35.0,Private,A,0
27,7,36.6,Private,A,0
36,16,32.2,Private,A,1
68,19,42.5,Private,A,1
61,14,47.9,Private,A,1
54,17,36.0,Private,B,1
32,8,41.6,Private,A,0
23,16,44.2,Private,A,1
47,13,39.6,Self-emp,A,1
26,12,46.3,Private,A,1
43,16,61.8,Private,A,1
68,9,41.9,Private,B,0
57,16,28.6,Private,A,1
41,12,52.6,Private,A,1
68,15,28.7,Private,B,1
40,11,53.9,Private,A,1
32,16,26.0,Private,A,1
65,8,46.4,Private,B,0
35,6,38.6,Private,A,0
40,16,54.5,Private,B,1
60,15,60.8,Private,B,1
67,12,29.0,Private,A,1
27,7,31.8,Private,A,0
45,13,59.6,Private,A,1
56,17,29.2,Self-emp,A,1
59,7,23.6,Private,A,0
28,9,32.4,Private,A,0
33,17,40.8,Self-emp,A,1
18,18,41.9,Private,A,1
20,9,43.5,Private,A,0
42,13,42.1,Private,A,1
45,9,43.9,Private,A,0
64,9,48.2,Govt,A,0
26,11,35.2,Self-emp,A,0
66,10,35.8,Private,B,0
20,6,40.3,Private,A,0
44,8,38.6,Private,B,0
46,17,44.7,Govt,B,1
25,18,38.0,Govt,A,1
28,17,24.5,Private,A,1
36,19,42.1,Govt,A,1
39,12,42.9,Govt,A,1
60,9,49.6,Private,A,1
52,8,44.2,Govt,A,0
34,6,37.7,Govt,A,0
34,18,48.3,Private,A,1
37,8,55.4,Private,A,0
64,7,28.0,Self-emp,B,0
27,10,43.5,Private,A,0
52,10,44.7,Self-emp,A,0
32,14,39.6,Private,A,1
29,7,36.1,Private,A,0
53,19,33.6,Private,A,1
23,10,41.1,Private,A,0
21,13,44.3,Govt,A,0
55,6,47.0,Private,A,0
64,12,41.1,Private,A,1
56,14,29.7,Govt,A,1
29,9,31.1,Private,A,0
25,19,47.6,Govt,A,1
53,19,50.1,Private,A,1
39,13,47.7,Private,A,0
54,13,41.7,Govt,A,0
20,15,29.0,Govt,A,1
68,19,49.4,Private,A,1
24,11,33.4,Govt,A,0
18,7,41.2,Private,A,0
47,9,64.8,Private,A,1
19,6,31.1,Self-emp,A,0
27,9,50.9,Private,A,0
52,13,30.3,Private,B,0
34,19,37.7,Govt,A,1
28,16,45.8,Private,A,1
35,14,28.2,Private,A,0
47,8,42.0,Private,A,0
52,19,57.7,Private,B,1
30,18,34.9,Private,B,1
26,13,40.8,Private,A,1
51,17,50.7,Private,A,1
29,19,55.6,Private,B,1
59,15,33.4,Private,A,0
24,6,42.6,Private,A,0
22,17,31.9,Private,A,1
61,16,41.9,Govt,A,1
28,13,46.2,Govt,B,0
37,14,49.3,Self-emp,A,1
31,15,27.4,Private,B,0
44,17,43.5,Self-emp,B,1
37,9,34.2,Private,B,0
66,14,35.4,Govt,A,1
43,6,42.4,Private,A,0
36,18,42.7,Private,B,1
20,10,52.5,Private,A,0
40,18,29.5,Private,A,1
36,7,36.6,Self-emp,B,0
60,16,30.9,Private,A,1
48,6,43.3,Private,A,0
60,18,36.8,Private,A,1
28,17,44.2,Private,B,0
67,10,42.6,Govt,B,0
51,11,49.7,Private,B,0
24,7,37.0,Govt,A,0
29,14,40.6,Private,A,1
26,6,34.5,Govt,A,0
54,17,50.0,Govt,A,1
19,17,34.0,Self-emp,A,1
65,13,39.5,Private,A,1
23,12,28.2,Govt,A,0
18,19,32.0,Private,A,1
32,13,45.3,Govt,A,1
52,15,54.0,Govt,A,1
40,6,37.7,Private,A,0
68,19,34.9,Self-emp,A,1
47,10,38.9,Govt,A,1
35,17,52.4,Private,B,1
33,11,40.1,Govt,B,0
22,17,48.9,Self-emp,A,1
60,7,41.7,Private,A,0
30,12,45.3,Private,A,1
37,19,38.4,Private,A,1
18,6,51.9,Private,A,0
26,15,47.2,Govt,B,1
57,6,37.6,Private,A,0
43,12,50.2,Govt,A,1
37,16,33.2,Private,A,1
35,15,33.7,Private,A,1
62,12,41.9,Private,A,1
41,16,45.2,Private,A,1
41,8,51.3,Private,A,0
41,18,46.0,Private,A,1
43,12,41.5,Private,B,1
39,14,31.6,Govt,B,0
26,16,50.5,Govt,A,1
57,15,38.3,Private,A,1
30,8,41.5,Govt,B,0
31,9,22.6,Private,A,0
49,6,25.9,Private,A,0
20,15,44.7,Private,B,1
46,7,38.3,Govt,A,0
49,17,43.7,Private,A,1
55,6,34.8,Private,B,0
36,19,40.1,Private,A,1
21,10,46.9,Private,A,1
49,16,42.7,Private,A,1
56,6,40.7,Govt,A,0
39,9,44.9,Private,A,0
68,12,38.9,Govt,A,0
67,8,37.1,Private,A,0
33,13,56.2,Govt,A,1
50,8,30.1,Private,B,0
67,9,64.0,Private,B,0
57,18,44.8,Private,A,1
21,12,36.3,Private,A,0
69,19,46.4,Govt,A,1
44,13,40.9,Govt,A,1
45,9,39.8,Private,B,0
61,8,30.5,Govt,B,0
23,10,44.2,Private,A,1
18,11,44.2,Private,B,0
21,12,43.9,Self-emp,A,0
41,8,37.1,Self-emp,B,0
48,13,32.7,Private,A,1
62,16,74.7,Private,B,1
66,10,38.7,Private,A,1
31,11,34.6,Private,A,0
55,7,37.9,Govt,A,0
37,6,55.8,Private,B,0
26,13,25.5,Private,B,0
35,13,46.6,Govt,B,1
28,6,37.9,Govt,B,0
65,9,37.5,Govt,B,0
65,13,42.5,Govt,A,1
23,13,42.1,Private,A,1
33,8,41.7,Private,A,0
62,15,40.6,Private,A,1
47,15,39.0,Govt,A,1
39,14,22.2,Private,B,0
37,8,29.3,Govt,B,0
49,14,41.1,Private,A,0
50,17,42.7,Private,A,1
63,16,32.1,Private,A,1
59,6,57.5,Govt,B,0
54,12,43.9,Private,A,0
36,14,43.0,Private,A,1
31,11,53.5,Private,B,0
29,15,35.0,Private,A,1
29,19,35.2,Private,A,1
61,12,46.4,Private,A,1
52,15,48.1,Govt,A,1
47,7,37.1,Self-emp,A,0
64,6,42.8,Private,B,0
53,13,36.0,Govt,A,1
53,12,44.5,Private,B,0
25,6,33.4,Govt,A,0
63,18,33.2,Govt,B,1
60,15,51.9,Govt,A,1
30,18,36.1,Self-emp,A,1
50,17,52.4,Private,A,1
42,17,25.2,Private,A,1
64,17,49.6,Private,A,1
58,18,35.5,Private,A,1
29,18,37.6,Govt,A,1
66,18,51.1,Self-emp,B,1
26,17,35.6,Private,A,1
26,8,53.7,Govt,B,0
34,7,39.3,Private,B,0
23,15,44.6,Private,A,1
65,10,30.7,Govt,B,0
49,6,43.4,Private,B,0
41,12,43.8,Self-emp,A,0
67,19,39.5,Private,A,1
45,8,37.9,Private,A,0
22,16,38.9,Private,B,1
41,19,39.4,Private,A,1
62,15,33.5,Private,A,1
29,12,24.6,Private,A,0
62,15,48.6,Private,A,1
65,15,45.3,Govt,B,1
66,17,48.7,Private,A,1
37,9,34.6,Private,A,0
40,10,25.3,Govt,A,0
48,11,50.3,Private,A,0
65,7,33.4,Private,B,0
41,6,26.4,Private,A,0
62,15,49.2,Private,B,1
63,18,43.8,Private,A,1
60,13,24.9,Govt,A,0
21,17,41.8,Private,A,1
69,7,41.1,Private,A,0
53,19,58.4,Govt,B,1
40,9,42.3,Private,A,0
42,10,44.2,Private,A,1
57,12,56.8,Private,B,0
63,19,31.9,Govt,B,1
31,18,49.9,Private,A,1
36,12,26.8,Govt,A,0
50,14,53.0,Private,A,1
41,9,35.6,Private,A,0
64,6,24.4,Private,B,0
35,6,40.2,Govt,A,0
34,17,38.8,Private,A,1
28,13,37.9,Govt,A,1
66,10,28.3,Private,A,0
60,18,26.9,Private,A,1
26,8,34.7,Private,A,0
48,7,28.7,Private,B,0
37,15,30.5,Private,A,0
51,18,40.6,Govt,A,1
38,8,29.0,Private,B,0
53,11,47.0,Private,A,0
32,11,39.2,Govt,B,0
25,7,51.9,Govt,B,0
54,16,39.4,Private,A,1
57,13,49.2,Private,A,1
52,11,43.2,Private,B,0
29,19,36.6,Self-emp,A,1
49,19,49.8,Private,A,1
24,7,33.7,Private,A,0
60,11,35.0,Private,B,0
34,13,33.4,Govt,A,0
19,16,28.4,Private,A,1
60,8,42.9,Private,A,0
69,6,36.6,Private,A,0
22,9,45.1,Private,A,0
54,10,46.3,Govt,A,1
56,17,28.4,Private,A,1
69,15,47.0,Private,A,1
55,15,48.4,Private,B,1
18,9,47.1,Private,A,0
18,16,38.6,Private,A,1
62,14,35.5,Private,B,1
39,12,40.4,Private,A,1
39,11,31.0,Private,B,0
21,19,45.1,Self-emp,A,1
55,16,29.6,Private,A,1
20,13,27.9,Private,A,0
43,8,33.8,Self-emp,A,0
62,16,42.0,Private,A,1
32,11,42.1,Private,B,0
34,15,50.0,Private,A,1
23,18,19.6,Private,B,1
20,15,30.1,Private,A,1
22,18,41.2,Self-emp,A,1
57,16,33.0,Self-emp,A,1
64,11,29.6,Private,A,1
58,12,41.5,Private,A,0
47,18,37.2,Govt,A,1
20,14,20.8,Self-emp,A,1
42,16,37.2,Private,A,1
42,18,45.8,Private,B,1
19,7,38.2,Private,A,0
25,15,16.7,Private,A,1
44,6,47.4,Private,A,0
32,12,33.5,Private,A,0
56,6,46.0,Govt,A,0
60,14,20.9,Private,A,1
24,10,28.9,Private,A,0
57,6,28.5,Private,A,0
31,18,42.0,Govt,A,1
66,6,29.1,Private,A,0
41,8,72.6,Private,B,0
43,19,42.7,Private,B,1
57,15,50.2,Private,B,1
55,6,43.0,Private,A,0
37,6,36.1,Private,A,0
52,14,49.5,Private,A,1
68,16,40.4,Private,A,1
58,18,24.0,Private,A,1
52,7,38.7,Private,A,0
47,14,25.2,Private,A,0
63,18,22.8,Private,A,1
40,19,43.3,Self-emp,A,1
61,17,33.5,Private,B,0
28,10,29.0,Private,B,0
22,17,32.0,Private,B,1
48,6,29.0,Private,B,0
53,11,34.1,Govt,A,0
60,13,22.3,Self-emp,A,0
59,10,30.2,Private,A,0
26,12,40.1,Private,A,1
55,18,43.4,Private,A,1
65,13,50.1,Private,B,0
38,8,50.7,Govt,A,0
41,18,43.1,Private,A,1
29,13,44.5,Private,A,1
60,10,39.4,Private,A,0
19,6,39.6,Private,A,0
20,16,26.9,Govt,A,1
32,15,30.3,Private,A,1
53,19,30.9,Private,B,1
51,12,36.9,Govt,B,0
67,14,27.4,Private,A,0
38,13,29.9,Private,B,1
46,14,39.0,Govt,B,0
59,10,47.9,Govt,A,1
43,17,40.3,Private,A,1
38,14,36.1,Private,A,0
56,19,35.2,Private,B,1
59,15,41.2,Private,A,1
53,12,26.0,Private,A,1
67,19,34.7,Govt,A,1
40,18,33.5,Private,B,1
39,7,47.7,Private,A,0
69,13,40.8,Private,A,1
56,10,49.4,Private,A,1
55,11,41.1,Private,B,0
59,11,34.4,Govt,B,0
66,15,34.6,Self-emp,A,1
43,15,42.0,Govt,A,1
31,19,38.2,Private,A,1
25,13,27.0,Private,B,0
38,10,48.2,Govt,A,1
39,7,35.9,Private,A,0
53,8,38.7,Private,A,0
29,18,48.6,Private,A,1
62,17,50.0,Private,A,1
26,14,34.6,Private,B,0
65,13,44.6,Private,A,0
33,18,43.9,Private,B,1
60,8,36.9,Private,A,0
52,18,47.0,Private,A,1
19,16,58.9,Private,B,1
39,12,29.8,Private,B,0
57,18,39.2,Self-emp,A,1
50,13,53.5,Private,A,1
33,6,62.3,Private,B,0
44,8,58.5,Private,A,0
51,18,41.1,Govt,A,1
42,16,46.6,Private,A,0
28,6,48.1,Private,A,0
60,7,39.6,Self-emp,A,0
63,15,48.8,Govt,A,1
28,13,36.1,Govt,B,1
41,19,38.4,Private,A,1
67,19,41.3,Private,A,1
39,19,34.7,Private,A,1
50,14,41.2,Private,A,1
32,6,43.7,Private,A,0
69,19,39.5,Private,B,1
47,17,46.0,Private,A,1
57,14,23.1,Private,A,0
57,16,43.1,Private,A,1
49,19,29.7,Govt,B,1
39,8,41.7,Private,B,0
56,8,30.2,Private,A,0
23,6,46.3,Private,B,0
56,10,42.9,Private,A,0
58,17,49.4,Private,B,1
49,17,42.9,Private,A,1
20,19,35.6,Govt,A,1
54,12,34.4,Govt,A,0
43,18,43.0,Private,A,1
55,19,42.0,Private,A,1
60,9,39.1,Private,A,0
38,8,32.5,Private,A,0
69,6,33.2,Private,A,0
35,16,35.3,Govt,A,1
60,16,43.1,Private,A,1
54,11,42.5,Private,A,1
25,11,45.2,Private,B,0
48,12,44.8,Private,A,0
60,7,37.5,Private,A,0
42,6,52.7,Private,A,0
56,19,56.3,Private,B,1
45,19,40.0,Private,A,1
32,12,23.1,Private,A,1
57,8,38.5,Private,B,0
64,7,45.1,Private,A,0
67,19,43.3,Govt,A,1
22,6,43.9,Private,A,0
21,6,42.4,Self-emp,A,0
18,8,58.3,Private,B,0
27,18,39.6,Private,A,1
55,10,44.3,Private,A,0
36,8,30.4,Private,A,0
34,8,29.1,Govt,B,0
59,9,32.4,Private,B,0
23,12,27.8,Private,B,0
21,13,37.4,Self-emp,B,1
49,16,31.7,Private,A,1
54,11,31.9,Govt,A,1
34,14,45.3,Private,A,1
50,14,37.9,Private,A,1
18,15,40.2,Govt,A,1
53,18,37.9,Govt,A,1
34,13,50.0,Private,B,1
32,11,44.0,Private,A,1
29,6,27.9,Govt,A,0
44,8,38.3,Private,B,0
44,15,44.3,Private,A,1
31,14,41.0,Private,A,1
21,8,50.3,Private,A,0
52,11,52.8,Self-emp,B,0
52,6,50.0,Private,A,0
39,8,34.9,Private,B,0
32,14,43.5,Private,A,1
29,12,52.2,Private,A,1
63,16,40.1,Private,A,1
35,15,34.5,Private,B,1
31,10,43.4,Private,A,0
60,13,34.9,Self-emp,B,1
47,13,44.2,Govt,A,1
27,14,35.3,Private,B,1
39,16,46.7,Self-emp,B,1
69,17,48.5,Private,B,1
38,16,30.6,Private,A,1
27,9,24.8,Private,A,0
28,7,56.0,Private,B,0
30,19,30.6,Private,A,1
26,12,48.9,Govt,B,1
60,6,28.7,Govt,A,0
43,18,48.8,Private,B,1
31,17,48.2,Govt,A,1
25,8,27.8,Self-emp,A,0
42,17,34.6,Private,A,1
53,14,49.4,Private,B,1
34,14,51.0,Private,A,1
53,15,49.7,Private,A,1
31,15,37.8,Private,B,0
29,7,46.8,Private,B,0
22,11,40.1,Govt,A,0
49,8,40.8,Private,A,0
55,16,42.3,Private,A,1
57,16,46.8,Private,B,1
46,13,45.3,Private,B,0
27,7,55.9,Private,A,0
46,12,31.1,Private,A,1
69,7,36.9,Private,B,0
66,10,40.4,Private,B,0
42,11,46.7,Private,B,0
61,18,47.5,Private,A,1
29,7,51.7,Private,B,0
24,7,28.6,Private,A,0
43,18,40.8,Private,A,1
59,9,53.2,Private,A,0
44,16,25.7,Private,A,0
27,14,60.4,Private,A,1
33,9,21.8,Private,A,0
45,11,55.3,Private,A,1
18,10,41.1,Private,A,0
67,10,41.0,Private,A,1
48,18,38.7,Private,B,1
51,9,49.7,Private,A,0
60,6,34.5,Private,B,0
65,19,44.5,Private,A,1
40,10,40.6,Govt,A,1
19,8,42.9,Self-emp,A,0
65,9,48.9,Self-emp,B,0
26,10,47.6,Private,B,0
61,10,38.3,Self-emp,A,0
53,16,44.5,Private,A,1
65,18,41.4,Private,A,1
62,10,47.1,Private,A,0
23,6,33.3,Private,A,0
62,19,29.6,Private,B,1
38,17,33.1,Private,B,1
48,18,34.5,Private,A,1
59,14,40.0,Private,B,1
55,12,45.8,Self-emp,A,1
61,19,53.7,Govt,A,1
43,11,43.5,Private,A,1
33,16,34.0,Private,A,1
27,16,47.6,Private,A,1
60,6,46.7,Private,B,0
59,17,48.0,Self-emp,A,1
41,18,49.2,Govt,A,1
36,19,53.8,Private,B,1
45,12,43.5,Govt,A,1
21,10,55.8,Private,A,0
56,7,45.9,Private,A,0
42,18,48.5,Private,B,1
58,15,27.9,Private,B,1
51,7,24.4,Private,B,0
62,9,29.4,Private,B,0
59,6,44.4,Private,A,0
45,15,44.6,Private,A,1
44,15,56.1,Private,A,1
32,19,55.8,Govt,B,1
36,19,43.1,Self-emp,A,1
51,18,36.4,Private,A,1
65,11,41.8,Govt,A,0
55,17,44.2,Govt,A,1
28,7,40.6,Govt,A,0
64,8,53.3,Private,A,0
21,15,61.8,Private,A,1
63,12,43.4,Private,A,0
37,19,37.5,Private,A,1
63,6,35.4,Private,A,0
55,16,47.3,Self-emp,A,1
27,12,41.2,Private,B,0
65,14,29.8,Private,B,0
24,8,39.3,Private,A,0
28,9,43.8,Govt,A,0
24,8,27.2,Private,A,0
52,9,33.4,Private,A,0
34,9,47.4,Private,B,0
25,7,32.7,Govt,A,0
47,19,47.7,Govt,A,1
18,8,41.1,Private,A,0
50,18,34.9,Self-emp,A,1
65,10,44.5,Self-emp,A,1
49,8,30.3,Govt,B,0
35,6,61.5,Private,B,0
36,19,28.0,Govt,A,1
32,7,34.4,Private,A,0
19,13,39.0,Private,B,1
20,19,18.9,Govt,A,1
51,7,36.5,Self-emp,A,0
51,10,39.9,Private,A,0
20,9,31.8,Private,B,0
66,18,42.5,Private,A,1
61,9,42.2,Govt,A,1
66,9,31.3,Private,A,0
26,7,29.2,Govt,B,0
21,10,52.7,Private,B,0
61,16,22.1,Private,A,1
39,14,43.0,Govt,A,1
27,11,55.8,Private,A,0
49,7,35.0,Private,A,0
62,10,36.8,Private,A,0
28,7,46.6,Private,A,0
34,16,44.5,Private,A,1
44,7,44.7,Private,A,0
55,16,40.7,Govt,A,1
38,10,41.3,Private,A,0
29,7,31.1,Private,A,0
49,8,36.2,Private,A,0
41,17,39.1,Govt,A,1
40,18,25.6,Self-emp,A,1
31,8,36.9,Private,A,0
34,18,53.5,Self-emp,B,1
19,17,44.2,Private,A,1
44,16,49.2,Govt,A,1
26,11,40.0,Govt,A,0
40,7,41.4,Private,B,0
58,10,44.0,Self-emp,B,0
64,8,47.0,Private,A,0
44,9,49.9,Private,B,0
29,15,22.5,Private,A,1
42,16,33.0,Private,A,1
67,6,27.6,Self-emp,A,0
23,13,26.8,Self-emp,A,0
38,12,31.5,Private,A,1
37,14,37.6,Private,A,1
64,11,16.8,Private,B,0
48,17,39.2,Private,A,1
22,9,39.9,Private,A,0
18,17,35.6,Private,A,1
68,13,37.3,Govt,A,0
32,18,37.8,Govt,B,1
67,11,48.3,Private,B,0
49,17,38.2,Self-emp,A,1
22,14,31.2,Govt,B,1
59,15,50.2,Private,A,1
23,12,25.8,Private,A,0
61,6,40.9,Private,A,0
59,13,38.6,Govt,A,1
44,9,46.7,Private,A,0
69,18,43.3,Govt,A,1
25,13,33.5,Govt,B,0
60,19,24.7,Private,B,1
64,18,41.4,Self-emp,B,1
42,13,21.4,Govt,A,0
21,14,39.3,Private,A,0
44,17,35.0,Self-emp,A,1
32,7,37.3,Private,A,0
51,11,24.2,Self-emp,A,1
31,18,53.8,Private,A,1
40,14,41.5,Private,A,0
36,17,58.9,Private,A,1
55,15,43.9,Private,A,1
55,18,30.0,Private,A,1
28,17,38.1,Private,A,1
31,18,52.5,Private,A,1
57,14,45.1,Private,B,1
26,16,36.1,Private,A,1
54,6,41.3,Private,A,0
44,19,43.5,Private,A,1
49,11,27.4,Private,A,0
44,18,48.2,Private,A,1
53,18,36.4,Private,A,1
18,17,33.3,Private,B,1
29,16,35.7,Govt,A,1
68,11,35.9,Private,A,0
39,9,33.4,Private,B,0
62,16,47.9,Private,A,1
52,13,36.3,Private,A,0
61,7,57.1,Private,A,1
40,17,26.9,Private,A,1
57,13,37.4,Private,A,1
28,15,30.8,Private,A,0
59,17,42.8,Self-emp,A,1
48,9,36.2,Private,B,0
20,11,38.3,Private,A,0
58,8,52.2,Private,B,0
63,18,14.6,Self-emp,B,1
33,6,42.9,Private,B,0
54,6,51.6,Self-emp,A,0
21,8,41.0,Self-emp,B,0
38,9,33.9,Self-emp,A,0
27,19,48.6,Private,A,1
52,18,33.6,Private,A,1
39,17,39.9,Private,A,1
42,7,41.6,Private,B,0
26,11,49.4,Govt,A,1
59,6,42.8,Govt,B,0
60,19,37.0,Private,A,1
47,10,41.9,Private,A,0
67,14,38.9,Govt,B,0
56,17,30.5,Private,A,1
19,18,70.5,Private,B,1
44,19,36.2,Private,B,1
45,12,31.0,Private,A,0
45,6,32.2,Private,A,0
53,10,24.4,Private,B,1
33,13,33.4,Private,A,1
50,7,41.9,Private,A,1
62,17,52.4,Private,A,1
54,9,49.0,Self-emp,B,0
54,11,41.5,Govt,A,0
30,19,31.5,Private,B,1
49,11,49.1,Private,A,0
19,14,39.6,Private,A,1
59,9,38.3,Self-emp,B,0
67,19,40.5,Private,A,1
55,12,49.7,Private,A,0
56,7,57.6,Self-emp,A,0
28,15,45.7,Govt,A,1
42,17,47.6,Private,A,1
39,11,34.4,Private,A,0
46,12,34.4,Govt,A,1
45,9,40.6,Private,A,0
43,14,33.8,Private,B,1
34,12,43.8,Govt,A,1
54,12,40.8,Govt,A,1
48,7,42.3,Private,A,0
31,7,26.4,Private,A,0
26,19,42.2,Private,A,1
40,15,41.9,Private,A,1
34,8,38.5,Govt,A,0
68,8,40.8,Private,B,0
31,13,34.7,Private,A,1
58,14,47.0,Private,A,0
58,16,42.2,Self-emp,A,1
21,15,37.7,Private,B,1
45,11,58.4,Private,A,1
37,8,43.9,Govt,A,0
63,17,53.0,Private,A,1
23,18,23.6,Self-emp,A,1
35,17,55.2,Private,A,1
58,16,27.7,Private,A,1
20,14,41.1,Govt,A,1
21,14,45.6,Private,B,1
54,14,39.5,Private,A,1
65,6,4.1,Private,B,0
49,7,35.2,Self-emp,B,0
29,9,45.6,Self-emp,A,0
49,9,44.0,Private,A,0
32,17,35.0,Private,A,1
44,7,52.9,Govt,A,0
18,19,36.5,Private,A,1
20,15,47.3,Private,A,1
30,16,48.2,Private,A,1
22,16,51.2,Govt,A,1
19,10,36.1,Govt,A,1
48,17,22.3,Private,B,1
30,15,34.8,Self-emp,A,1
27,16,35.1,Private,A,1
28,16,38.6,Private,A,1
52,8,34.5,Private,A,0
53,19,40.0,Private,A,1
49,12,34.1,Private,B,0
61,8,42.5,Govt,A,0
21,7,39.3,Private,A,0
69,15,52.0,Private,A,1
24,13,50.9,Self-emp,A,1
20,14,47.3,Private,B,0
66,11,39.0,Private,A,0
56,16,26.0,Govt,A,1
40,17,30.8,Govt,B,1
44,14,37.3,Private,A,1
55,9,53.6,Private,B,0
26,16,51.2,Govt,B,1
56,14,36.8,Private,A,1
26,9,38.6,Private,A,0
40,10,34.1,Private,A,0
53,6,40.7,Private,B,0
35,13,38.7,Private,A,0
66,7,52.9,Govt,B,0
46,13,49.7,Private,A,0
46,6,28.8,Self-emp,A,0
49,8,52.3,Govt,A,0
49,13,46.2,Private,A,0
52,9,52.7,Private,A,0
24,18,55.2,Private,A,1
53,7,52.5,Private,A,0
40,16,36.3,Private,A,1
56,18,54.1,Private,A,1
65,7,40.4,Private,A,0
50,17,32.8,Govt,B,1
61,17,41.0,Govt,A,1
20,11,36.9,Govt,A,1
56,12,37.9,Private,A,1
31,19,15.5,Private,B,1
33,13,28.4,Private,B,1
38,17,45.0,Private,A,1
36,17,39.3,Private,A,1
48,12,48.5,Govt,A,1
52,14,39.9,Govt,A,1
49,12,33.8,Self-emp,A,1
37,9,55.4,Private,A,1
60,18,47.1,Self-emp,A,1
37,13,44.8,Govt,A,1
32,6,37.5,Self-emp,B,0
26,9,45.3,Private,B,0
64,13,24.1,Self-emp,A,0
41,16,48.7,Self-emp,B,1
20,14,37.3,Private,A,0
55,12,42.9,Self-emp,A,0
19,6,33.2,Private,B,0
31,9,39.9,Private,A,0
45,12,37.7,Private,A,0
37,13,26.5,Private,A,1
23,9,32.3,Private,A,0
64,13,25.6,Private,A,1
46,8,43.3,Private,B,0
66,6,45.0,Private,A,0
36,11,54.8,Private,A,1
29,11,43.8,Private,B,0
39,14,31.8,Private,A,1
57,17,26.9,Govt,B,1
43,16,34.4,Private,B,0
30,9,38.5,Govt,B,0
36,19,23.0,Govt,A,1
68,19,38.8,Private,B,1
53,14,39.4,Private,A,1
39,12,47.3,Private,B,1
29,6,51.0,Private,A,0
48,7,39.6,Private,A,0
41,16,61.0,Private,B,1
32,10,53.8,Govt,B,0
45,7,29.9,Private,A,0
28,10,33.8,Private,A,0
35,7,43.1,Private,A,0
38,7,36.0,Private,B,0
32,17,27.5,Private,A,1
48,7,38.5,Govt,A,0
49,18,66.3,Private,B,1
45,6,43.9,Govt,A,0
45,17,24.9,Private,B,1
63,19,55.3,Private,B,1
52,18,60.7,Govt,A,1
63,13,36.8,Private,B,0
51,19,50.5,Govt,B,1
49,18,43.8,Self-emp,A,1
44,8,55.3,Govt,A,0
48,19,45.4,Self-emp,A,1
54,14,45.2,Private,A,1
50,7,28.5,Private,A,0
33,7,44.4,Private,A,0
61,10,38.2,Private,A,0
29,10,46.6,Private,A,1
49,14,51.0,Govt,B,0
21,16,37.1,Private,B,0
56,9,39.7,Govt,B,0
66,13,48.0,Private,A,1
69,7,48.1,Private,A,0
28,15,36.7,Self-emp,A,1
18,15,39.6,Private,B,1
66,8,40.2,Private,B,0
69,12,35.7,Private,A,0
38,12,28.6,Private,A,0
52,6,38.9,Self-emp,B,0
33,12,41.2,Private,A,1
61,10,43.3,Private,A,0
52,17,40.7,Private,A,1
50,10,36.7,Private,A,0
37,6,30.3,Private,A,0
31,9,26.8,Private,B,0
50,15,44.6,Govt,A,1
30,8,50.0,Self-emp,A,0
27,8,21.4,Govt,B,0
44,7,43.4,Govt,A,0
26,14,50.4,Private,A,1
24,11,38.6,Govt,A,0
63,9,36.9,Private,A,0
46,8,43.1,Private,A,0
48,19,45.7,Govt,B,1
27,18,42.9,Private,A,1
49,10,40.3,Private,A,1
31,10,27.9,Private,A,0
22,9,26.6,Private,A,0
24,9,33.6,Govt,B,0
62,12,51.6,Private,A,0
56,11,19.9,Private,A,0
36,15,52.0,Private,A,1
58,7,37.3,Private,A,0
22,17,44.6,Private,A,1
68,14,46.9,Govt,A,1
37,12,35.6,Private,A,0
32,11,38.4,Private,A,0
44,17,44.2,Private,A,1
38,16,37.2,Private,B,1
58,18,38.3,Self-emp,A,1
30,11,28.9,Private,A,0
46,10,44.1,Govt,A,0
50,17,21.8,Self-emp,B,1
36,10,44.6,Private,A,0
18,6,53.0,Private,A,0
36,17,32.8,Private,B,0
30,18,30.6,Private,B,1
18,10,40.8,Govt,A,0
35,19,51.5,Private,B,1
59,19,28.3,Govt,A,1
20,9,50.1,Private,A,1
57,15,49.4,Private,A,1
23,16,44.0,Private,A,1
35,14,33.7,Private,A,1
19,10,45.1,Private,B,0
29,8,51.8,Private,B,0
58,10,54.5,Private,B,0
25,18,33.6,Private,A,1
20,8,20.9,Private,A,0
50,9,40.7,Private,A,0
65,13,41.0,Private,A,0
30,16,41.7,Private,B,0
35,15,48.5,Govt,B,1
57,16,35.3,Private,B,1
65,7,40.4,Self-emp,A,0
32,6,35.5,Govt,A,0
55,17,22.3,Private,A,1
52,10,49.7,Private,A,0
24,6,44.2,Govt,A,0
39,9,36.2,Private,A,0
47,11,33.3,Govt,A,1
69,9,42.7,Private,A,0
19,19,41.7,Govt,A,1
36,7,41.5,Govt,A,0
39,7,31.5,Self-emp,B,0
58,9,34.2,Private,B,0
58,12,40.8,Private,A,0
41,8,46.9,Govt,A,0
38,6,27.5,Private,A,0
35,6,38.3,Private,A,0
68,19,29.2,Govt,B,1
64,17,54.7,Govt,A,1
26,8,37.6,Private,A,0
38,6,49.0,Govt,B,0
34,16,39.8,Private,A,1
58,7,35.7,Govt,A,0
37,6,40.7,Private,A,0
47,7,38.9,Private,A,0
42,10,49.7,Self-emp,A,0
30,14,39.7,Private,B,0
45,8,42.6,Private,A,0
30,7,28.2,Private,B,0
47,6,25.2,Private,A,0
58,7,36.0,Private,B,0
32,11,44.1,Private,A,0
31,11,39.7,Private,A,0
39,7,46.5,Self-emp,A,0
65,7,42.0,Private,B,0
61,12,61.5,Private,A,1
33,17,33.5,Private,B,1
57,12,38.1,Private,A,1
52,6,36.5,Private,B,0
64,18,36.5,Govt,B,1
51,11,43.8,Private,A,0
46,12,41.5,Private,A,1
22,13,26.5,Private,A,0
19,15,39.9,Private,B,1
67,13,36.7,Private,B,0
50,8,45.8,Self-emp,A,0
49,7,43.3,Govt,A,0
47,8,33.7,Govt,A,0
49,18,55.7,Private,B,1
39,16,33.0,Private,A,1
32,12,48.6,Private,A,1
23,19,40.3,Govt,A,1
22,12,43.0,Private,A,1
41,15,31.7,Govt,A,1
21,12,49.6,Self-emp,A,1
64,15,29.2,Private,B,1
59,13,38.1,Private,A,1
49,12,37.8,Private,B,0
37,8,52.3,Private,A,0
33,16,56.5,Private,A,1
47,18,19.7,Govt,B,1
18,15,29.7,Private,A,1
59,19,36.5,Self-emp,A,1
39,13,42.8,Private,A,0
63,19,41.9,Self-emp,A,1
57,7,36.0,Private,A,0
55,17,29.8,Private,A,1
36,7,33.8,Private,A,0
56,9,52.4,Private,B,0
51,11,35.6,Govt,A,1
20,17,49.6,Private,A,1
36,6,30.7,Govt,A,0
50,14,30.8,Private,B,0
32,19,30.3,Private,A,1
55,6,41.9,Self-emp,A,0
18,7,51.7,Private,B,0
62,8,25.5,Private,A,0
47,6,30.4,Private,B,0
50,15,27.0,Self-emp,A,1
41,6,49.9,Private,A,0
51,10,41.1,Private,A,0
22,16,51.6,Private,A,1
22,19,48.8,Private,A,1
63,8,34.7,Govt,B,0
59,15,47.3,Private,A,1
62,14,39.3,Govt,A,0
31,8,44.0,Self-emp,A,0
40,6,35.1,Govt,A,0
40,8,37.3,Private,B,0
60,11,20.2,Private,B,0
36,8,52.4,Private,A,0
33,14,35.0,Private,B,0
53,17,35.5,Self-emp,A,1
22,18,31.5,Private,A,1
23,14,30.3,Self-emp,B,1
55,9,33.2,Private,A,0
38,19,43.0,Private,A,1
31,6,36.3,Govt,A,0
22,13,39.5,Private,B,0
50,7,39.9,Private,B,0
42,13,35.1,Private,A,1
45,16,24.0,Private,A,1
25,17,41.8,Govt,A,1
30,19,40.1,Private,A,1
50,6,38.6,Govt,A,0
36,9,33.6,Private,A,0
46,7,39.4,Private,A,0
62,6,22.7,Private,B,0
23,16,25.8,Private,B,0
51,14,32.7,Private,A,1
41,16,47.1,Self-emp,A,1
29,16,49.7,Private,B,1
36,13,36.4,Private,B,0
37,11,45.2,Private,A,0
18,9,38.6,Private,A,0
37,15,59.1,Govt,A,1
28,16,18.9,Govt,A,0
30,12,45.2,Private,A,0
62,11,43.4,Govt,A,0
25,15,45.2,Self-emp,B,1
30,15,38.4,Govt,A,1
56,8,45.5,Govt,B,0
51,9,30.2,Private,A,0
31,15,44.0,Private,A,0
42,13,34.1,Private,B,1
47,14,38.7,Self-emp,A,1
29,10,42.3,Private,A,0
66,18,35.7,Govt,A,1
42,16,26.2,Private,A,1
24,14,37.3,Self-emp,A,1
56,12,54.9,Govt,B,1
33,19,41.7,Private,A,1
59,19,47.6,Private,A,1
46,12,33.6,Private,A,0
63,16,41.9,Private,A,1
20,6,48.6,Private,A,0
55,18,45.1,Private,A,1
49,12,53.4,Govt,A,0
27,16,35.4,Govt,A,1
59,6,51.7,Private,B,0
49,16,38.6,Private,A,1
67,12,45.0,Private,A,1
19,6,44.4,Govt,A,0
63,9,43.6,Govt,A,0
32,17,60.4,Private,B,1
35,6,35.0,Private,A,0
37,10,46.0,Private,A,0
46,15,43.2,Private,A,1
69,18,52.8,Private,B,1
19,14,43.4,Private,A,1
68,6,59.9,Private,B,0
39,14,42.9,Self-emp,A,1
25,9,41.8,Govt,A,0
61,11,43.0,Private,A,1
21,17,46.4,Govt,A,1
31,16,34.3,Govt,A,1
32,7,52.4,Self-emp,A,0
30,18,43.0,Govt,B,1
55,7,48.4,Private,A,0
46,19,29.9,Private,A,1
27,10,43.0,Private,A,0
59,13,35.5,Govt,A,0
51,17,34.6,Govt,A,1
52,19,28.9,Private,B,1
47,19,45.3,Govt,B,1
51,12,32.8,Private,B,1
54,14,33.4,Private,B,1
35,6,30.3,Private,B,0
20,16,37.0,Govt,A,1
67,10,23.3,Self-emp,B,0
30,10,38.6,Govt,A,0
68,11,34.2,Private,A,0
30,8,35.2,Private,B,0
44,7,38.3,Private,A,0
64,11,32.3,Private,A,0
22,19,29.1,Govt,B,1
44,19,40.8,Private,A,1
40,19,41.9,Private,B,1
28,7,39.4,Private,A,0
55,11,19.8,Private,A,0
64,11,32.1,Private,A,0
38,7,42.2,Private,A,0
28,19,38.1,Private,A,1
55,12,44.3,Self-emp,B,0
46,18,42.1,Self-emp,A,1
43,17,35.9,Self-emp,A,1
27,17,34.4,Private,A,1
56,7,41.6,Govt,A,0
40,10,39.7,Private,A,1
30,18,40.9,Private,A,0
32,7,43.8,Private,A,0
56,18,28.9,Govt,A,1
24,11,42.4,Private,A,1
62,6,41.2,Private,A,0
29,18,46.1,Private,A,1
56,12,61.4,Private,B,0
47,12,48.6,Govt,B,1
52,18,35.9,Govt,A,1
28,17,33.5,Private,A,1
30,8,44.5,Govt,A,0
28,9,37.2,Private,B,0
45,19,34.4,Govt,A,1
65,18,43.8,Private,A,1
32,18,49.9,Govt,A,1
32,18,38.0,Self-emp,A,1
41,11,61.3,Private,B,0
55,8,35.2,Private,A,0
21,6,41.9,Private,A,0
27,6,27.8,Private,A,0
44,12,40.0,Govt,A,1
62,17,38.5,Self-emp,A,1
64,19,22.2,Govt,B,1
60,14,38.2,Self-emp,A,0
64,13,44.3,Private,A,1
33,16,26.7,Private,A,1
32,17,39.7,Private,A,1
27,11,32.1,Private,A,0
63,10,29.4,Govt,A,0
33,13,37.6,Self-emp,A,1
34,10,35.2,Private,B,0
25,6,48.3,Private,B,0
68,18,38.7,Private,B,1
20,14,42.2,Govt,A,1
46,10,35.3,Private,A,0
57,16,38.1,Private,A,0
40,19,21.4,Govt,B,1
19,11,29.0,Private,A,1
54,12,37.5,Private,A,1
25,16,30.7,Private,A,1
51,19,45.4,Private,B,1
60,13,29.4,Private,A,1
43,12,39.3,Govt,A,1
55,12,56.7,Private,B,1
51,15,35.4,Private,A,1
54,18,46.1,Self-emp,A,1
59,16,40.2,Private,A,1
18,19,40.8,Private,A,1
59,19,41.5,Private,A,1
51,12,41.5,Private,A,0
44,6,31.4,Govt,A,0
69,19,43.7,Private,B,1
18,16,48.1,Private,A,1
52,9,49.2,Private,B,0
20,11,36.4,Self-emp,A,0
33,8,50.8,Private,A,0
41,7,53.8,Private,B,0
65,17,40.7,Private,A,1
45,10,28.8,Private,B,0
64,7,32.7,Govt,B,0
38,17,42.0,Private,B,1
36,15,39.8,Self-emp,A,1
40,8,28.6,Private,B,0
50,13,49.2,Self-emp,A,1
37,7,46.4,Private,A,0
51,17,39.5,Govt,A,1
31,18,39.0,Govt,A,1
40,9,39.1,Private,A,0
44,19,34.7,Govt,A,1
58,6,37.5,Govt,A,0
31,17,40.4,Private,A,1
62,15,60.3,Govt,B,0
53,8,34.1,Private,A,0
61,19,41.0,Govt,A,1
38,13,30.6,Self-emp,B,0
23,18,30.9,Govt,A,1
49,9,44.3,Private,A,0
61,19,33.7,Govt,A,1
36,9,38.6,Private,A,0
26,11,60.5,Private,A,1
19,14,40.9,Private,A,1
19,6,41.3,Private,A,0
53,17,47.1,Govt,A,1
68,8,30.3,Private,A,0
51,6,33.5,Private,A,0
22,8,57.0,Private,A,0
51,16,37.7,Private,A,1
33,6,49.5,Govt,B,0
62,19,39.7,Private,A,1
35,6,39.2,Private,A,0
56,10,21.8,Private,B,0
41,12,47.6,Private,A,1
65,14,39.8,Private,B,0
53,7,43.5,Private,A,0
68,19,56.0,Private,B,1
30,13,38.4,Private,A,0
35,11,56.1,Govt,B,0
48,18,31.2,Private,A,1
24,18,37.2,Private,B,1
50,11,48.3,Private,B,1
55,12,45.6,Private,B,0
26,8,51.5,Private,A,0
38,19,40.2,Private,A,1
40,7,34.2,Private,B,0
57,8,31.3,Private,A,0
50,10,38.1,Govt,B,0
36,15,30.9,Private,A,1
56,8,41.0,Private,A,0
65,10,34.1,Private,A,0
39,10,55.5,Private,A,0
68,6,41.2,Private,A,0
66,14,29.2,Self-emp,A,1
25,18,40.6,Private,A,1
41,13,44.6,Govt,A,1
67,17,49.8,Self-emp,A,1
40,7,31.0,Private,B,0
30,15,29.4,Private,B,0
48,17,42.8,Private,A,1
67,10,32.0,Private,A,0
41,8,40.7,Private,A,0
41,7,38.8,Private,A,0
66,17,37.4,Self-emp,A,1
44,13,48.8,Govt,A,1
48,7,38.4,Private,A,0
56,18,37.7,Govt,A,1
31,11,51.7,Private,A,1
45,16,15.8,Private,B,1
53,10,45.0,Govt,A,0
43,16,37.9,Private,A,1
65,7,51.3,Self-emp,A,0
66,8,30.6,Govt,A,0
51,18,47.1,Govt,B,1
42,19,40.3,Private,A,1
53,15,41.4,Private,B,1
43,19,33.0,Private,A,1
22,15,21.0,Private,A,1
68,8,41.9,Private,A,0
64,6,38.2,Private,A,0
22,7,29.0,Private,A,0
59,16,41.6,Govt,A,1
33,8,47.0,Private,A,1
24,8,47.2,Private,B,0
33,13,37.6,Govt,A,1
64,12,29.5,Private,A,1
46,7,50.7,Private,B,0
34,8,38.7,Private,B,0
53,11,43.8,Self-emp,A,1
26,16,33.7,Private,B,1
31,19,44.2,Private,B,1
56,19,40.1,Private,A,1
22,16,37.3,Private,A,0
46,16,38.2,Private,A,1
29,15,33.4,Private,B,1
20,14,37.8,Private,A,1
26,14,46.9,Self-emp,A,1
25,13,32.8,Govt,B,1
50,13,39.0,Private,A,1
61,18,32.8,Govt,B,1
56,9,39.5,Private,A,0
44,17,29.3,Self-emp,A,1
29,13,34.4,Self-emp,A,0
40,14,49.0,Self-emp,B,1
32,6,34.0,Private,B,0
47,6,42.9,Self-emp,A,0
34,12,44.6,Private,A,1
59,19,44.2,Govt,A,1
18,7,40.6,Private,A,0
29,9,50.5,Govt,A,0
64,6,34.3,Private,A,0
63,15,50.3,Govt,A,1
35,13,38.4,Private,A,0
65,12,48.9,Govt,A,1
18,17,19.0,Private,A,1
28,9,35.5,Self-emp,B,0
39,8,44.8,Private,A,0
36,9,40.3,Private,A,0
66,16,38.8,Private,A,1
69,10,49.9,Govt,A,0
60,19,44.4,Private,A,1
34,13,43.9,Private,A,0
32,11,36.4,Private,B,0
37,15,31.3,Private,A,1
20,16,46.3,Govt,B,1
53,19,48.9,Private,B,1
33,18,43.0,Private,A,1
25,7,57.5,Private,B,0
67,14,43.0,Govt,A,1
69,8,55.0,Private,A,0
37,19,52.1,Govt,B,1
49,12,39.0,Govt,B,0
51,10,44.9,Govt,A,0
41,8,32.5,Private,A,0
57,8,33.3,Private,A,0
40,19,37.8,Private,A,1
62,9,29.6,Govt,A,0
20,16,45.1,Self-emp,A,1
57,11,27.5,Private,A,1
56,13,30.9,Private,A,0
38,18,33.8,Self-emp,A,1
44,16,54.9,Private,A,1
47,7,57.6,Private,B,0
33,15,38.6,Self-emp,A,1
52,18,36.4,Govt,B,1
35,6,45.5,Govt,A,0
44,7,41.8,Govt,A,0
34,6,29.8,Private,A,0
53,8,39.6,Private,A,0
54,13,35.3,Private,A,1
69,18,38.0,Private,A,1
42,13,57.1,Private,B,1
48,6,40.2,Private,A,0
61,7,30.9,Private,B,0
57,15,41.1,Govt,A,1
40,8,50.5,Self-emp,A,0
52,16,39.5,Govt,A,1
65,16,43.3,Private,A,1
64,10,32.3,Private,A,0
56,9,31.4,Self-emp,B,0
18,14,35.8,Private,B,1
63,18,50.4,Private,B,1
32,15,50.8,Private,A,1
29,9,43.5,Private,A,0
39,11,38.0,Private,A,1
57,18,41.4,Private,A,1
53,10,15.4,Private,B,0
50,11,37.9,Govt,B,0
68,19,56.7,Govt,B,1
21,6,28.3,Private,A,0
23,10,25.3,Govt,B,0
47,13,31.9,Private,A,1
34,16,28.2,Govt,A,1
26,19,43.1,Private,A,1
25,17,45.0,Govt,A,1
50,10,56.7,Govt,A,1
49,6,33.4,Private,B,0
18,8,45.0,Private,A,0
64,9,47.8,Private,A,1
41,19,33.7,Private,A,1
28,8,37.6,Govt,A,0
41,16,39.9,Private,A,1
54,18,29.8,Private,A,1
46,12,32.1,Private,A,0
29,10,37.5,Private,A,0
45,17,48.1,Private,A,1
58,8,30.8,Private,B,0
35,16,56.0,Govt,A,1
69,16,39.9,Private,A,1
21,15,26.1,Private,A,1
48,9,32.3,Private,A,0
68,14,26.7,Self-emp,B,0
63,19,30.5,Private,A,1
28,6,32.3,Private,A,0
38,7,26.6,Govt,A,0
19,14,35.6,Private,A,1
59,10,51.0,Private,A,0
34,13,32.8,Govt,A,1
23,7,40.3,Private,A,0
47,14,43.3,Govt,A,1
25,10,46.4,Private,A,0
42,12,34.6,Private,A,1
53,13,43.9,Self-emp,B,1
63,10,45.3,Private,A,0
25,17,55.1,Private,B,1
41,19,32.6,Private,A,1
59,10,36.5,Private,A,0
26,17,27.3,Private,B,1
36,9,35.7,Self-emp,A,0
29,18,46.5,Private,A,1
30,12,46.5,Self-emp,B,0
61,17,38.4,Self-emp,B,1
48,10,43.7,Private,A,0
35,14,47.5,Private,A,1
66,18,44.0,Self-emp,A,1
46,12,31.8,Self-emp,A,0
22,6,51.0,Private,A,0
20,18,34.6,Private,B,1
55,17,36.4,Private,A,1
28,15,33.0,Private,B,1
29,11,45.6,Private,A,1
29,13,31.9,Self-emp,B,1
26,15,35.1,Self-emp,A,0
62,17,35.2,Private,A,1
60,7,49.2,Self-emp,A,0
47,7,41.8,Private,A,0
34,18,41.0,Private,A,1
31,15,41.2,Private,A,1
22,12,48.1,Private,B,0
19,9,49.8,Private,A,1
25,8,40.8,Private,A,0
54,9,29.5,Govt,A,0
69,13,31.5,Govt,A,1
54,18,27.6,Private,B,1
63,12,39.3,Private,B,0
50,17,33.0,Govt,B,0
62,8,35.9,Private,A,0
19,14,51.1,Private,A,1
48,7,33.6,Private,A,0
45,13,43.9,Private,A,0
24,16,42.1,Govt,A,1
63,6,33.0,Govt,A,0
31,17,40.7,Private,A,1
52,10,39.7,Govt,B,0
34,7,53.2,Private,A,0
42,6,31.6,Self-emp,A,0
21,12,42.4,Private,A,1
27,15,52.4,Private,A,1
37,13,29.9,Govt,A,0
69,17,46.5,Private,A,1
32,7,55.6,Govt,A,0
61,15,38.9,Private,A,1
50,15,33.9,Private,A,1
23,17,35.7,Govt,A,1
58,11,39.4,Private,A,1
39,10,25.9,Private,B,0
46,11,28.5,Private,A,0
44,16,33.8,Private,A,0
26,17,33.8,Private,A,1
47,9,41.6,Private,A,0
28,15,42.0,Private,B,1
61,12,47.3,Self-emp,A,0
28,7,33.9,Private,A,0
62,7,33.2,Private,A,0
32,17,41.9,Private,B,1
53,16,40.3,Private,A,1
42,6,31.7,Private,B,0
31,12,29.9,Private,B,1
26,8,50.7,Private,B,0
28,14,36.4,Self-emp,A,1
45,6,43.9,Private,A,0
67,12,30.5,Private,A,0
59,16,51.7,Self-emp,A,1
55,13,43.0,Self-emp,A,1
42,12,42.2,Private,B,1
49,12,35.2,Private,A,0
41,12,40.9,Private,A,1
24,11,37.1,Private,A,0
30,15,41.9,Private,A,1
67,14,47.7,Private,A,1
45,6,32.6,Private,B,0
37,16,38.3,Private,A,1
65,15,41.9,Private,B,1
25,19,35.7,Private,B,1
33,11,38.9,Private,A,0
25,7,40.0,Private,A,0
41,18,27.8,Private,A,1
18,8,46.8,Private,A,0
41,19,19.9,Self-emp,B,1
36,12,49.7,Govt,B,0
68,19,47.2,Private,A,1
53,9,52.9,Self-emp,B,0
49,18,50.3,Private,A,1
42,9,49.6,Private,A,0
18,14,27.6,Private,B,0
67,8,49.4,Private,B,0
45,11,34.4,Private,B,0
61,10,48.6,Private,A,0
47,17,25.9,Govt,A,1
45,10,37.9,Self-emp,A,1
30,9,35.0,Private,A,0
58,10,42.9,Private,A,0
69,11,38.2,Private,B,0
42,6,33.3,Private,A,0
22,19,36.8,Private,B,1
53,16,46.5,Self-emp,A,1
44,16,47.2,Govt,B,1
46,9,45.6,Private,B,0
27,12,35.0,Private,A,1
32,17,35.8,Private,B,1
57,15,50.7,Private,B,1
42,6,50.2,Private,A,0
57,14,38.3,Govt,A,1
36,16,51.8,Private,B,1
60,7,26.5,Govt,A,0
18,13,31.6,Private,B,0
58,9,37.0,Private,A,1
27,11,41.7,Govt,A,1
32,8,36.9,Private,A,0
33,12,37.8,Govt,A,0
56,18,28.6,Govt,A,1
51,16,39.3,Private,A,1
38,9,51.0,Private,B,0
52,14,31.3,Private,B,0
45,9,41.2,Private,A,0
35,9,23.1,Govt,A,0
41,17,52.5,Private,A,1
39,7,38.3,Private,A,0
57,19,48.8,Private,A,1
61,14,39.4,Private,A,1
31,11,33.6,Private,A,0
54,14,39.1,Govt,B,0
39,8,41.1,Private,A,0
25,7,38.1,Private,A,0
42,17,36.4,Private,A,1
41,8,21.8,Self-emp,B,0
23,16,27.1,Private,B,1
64,18,33.5,Private,B,1
44,7,28.6,Private,B,0
26,7,46.9,Govt,B,0
64,15,37.8,Private,B,1
40,6,38.5,Private,A,0
27,7,42.2,Private,B,0
41,16,30.3,Self-emp,B,0
20,10,36.5,Govt,A,0
45,14,36.8,Self-emp,A,1
29,17,46.7,Private,B,0
34,6,36.9,Private,A,0
20,18,25.0,Self-emp,B,1
27,9,41.2,Self-emp,A,0
18,18,41.4,Private,A,1
57,17,33.5,Govt,A,1
19,18,40.2,Private,A,1
44,10,48.6,Private,A,1
42,13,25.5,Private,B,1
62,18,33.7,Private,B,1
40,6,44.6,Govt,A,0
57,9,25.6,Private,B,0
19,17,47.7,Private,A,1
23,13,38.5,Self-emp,B,0
24,16,34.0,Private,A,0
63,9,43.3,Private,B,0
60,9,42.2,Private,B,0
45,10,39.1,Private,A,0
50,9,39.7,Private,A,0
60,14,39.5,Private,B,0
56,19,46.2,Self-emp,A,1
66,6,53.0,Private,A,0
60,16,46.2,Private,B,1
64,7,50.0,Private,A,0
59,7,45.0,Govt,A,0
25,14,50.7,Private,A,1
60,10,57.4,Private,A,1
21,6,46.5,Private,A,0
54,9,41.0,Private,A,0
25,15,42.2,Private,B,0
33,6,37.2,Private,A,0
43,7,41.9,Private,A,0
45,12,43.6,Private,A,0
41,16,39.7,Private,A,1
30,11,41.0,Private,A,1
62,18,46.6,Private,A,1
44,7,38.0,Self-emp,A,0
62,15,27.1,Private,A,1
46,17,31.3,Govt,B,1
34,13,34.7,Govt,A,0
65,14,45.0,Private,A,0
28,18,47.6,Govt,A,1
65,17,37.8,Private,B,1
66,14,44.6,Self-emp,B,1
18,15,43.4,Private,A,1
28,9,15.9,Self-emp,B,0
56,9,18.5,Govt,B,0
25,12,51.4,Govt,A,1
25,18,33.1,Private,A,1
50,19,33.1,Govt,A,1
37,8,39.7,Private,A,0
28,12,44.9,Private,A,1
27,18,32.0,Private,A,1
23,12,40.0,Govt,A,1
29,14,49.4,Private,A,1
57,18,42.1,Govt,B,1
32,15,40.8,Self-emp,A,1
37,14,25.5,Govt,A,1
54,10,33.3,Private,A,0
41,11,43.9,Private,A,0
32,10,41.1,Private,A,1
64,8,26.2,Private,A,0
51,11,53.0,Private,A,0
39,15,60.8,Private,A,1
41,17,28.9,Govt,A,1
63,13,46.4,Self-emp,A,1
52,8,26.9,Private,B,0
26,7,56.4,Private,A,0
63,18,44.7,Govt,A,1
31,16,43.0,Private,B,1
52,7,35.1,Private,A,0
59,11,45.0,Private,A,0
40,14,30.3,Govt,A,1
60,13,28.8,Govt,B,0
56,18,40.4,Private,A,1
69,16,42.3,Private,A,1
18,10,48.7,Self-emp,B,1
47,19,42.9,Self-emp,A,1
31,6,44.2,Private,B,0
22,10,42.9,Private,A,0
27,17,26.8,Private,B,1
29,9,40.7,Private,B,0
62,6,33.3,Govt,A,0
65,12,32.5,Private,A,1
57,9,38.9,Self-emp,A,1
29,11,31.4,Private,A,0
34,13,39.8,Private,A,1
55,14,29.0,Private,B,0
26,19,16.2,Govt,B,1
52,9,29.0,Govt,A,0
36,12,50.6,Govt,A,1
63,12,49.1,Private,A,0
30,9,37.2,Private,A,0
51,9,46.4,Private,A,0
34,15,38.0,Private,A,1
42,18,39.4,Private,B,1
58,18,36.4,Private,B,1
50,6,38.0,Private,A,0
61,9,47.4,Self-emp,A,0
50,17,39.9,Private,A,1
40,18,31.1,Private,A,1
34,7,44.1,Private,B,0
58,15,44.4,Private,A,1
38,12,23.4,Private,B,0
19,13,41.6,Govt,A,0
67,11,27.8,Private,B,0
27,12,44.7,Private,A,0
40,19,36.0,Govt,A,1
48,19,45.6,Private,A,1
37,13,56.3,Private,A,0
56,18,31.2,Private,A,1
19,8,32.2,Private,A,0
18,6,24.6,Private,B,0
18,9,50.8,Govt,B,0
49,19,44.4,Private,B,1
48,7,25.8,Private,A,0
31,17,27.6,Private,B,1
39,14,51.8,Self-emp,A,1
36,9,46.2,Self-emp,B,0
25,13,37.9,Private,A,0
31,19,40.8,Private,A,1
34,18,44.7,Private,A,1
65,9,47.0,Govt,A,0
22,12,40.9,Private,A,1
33,13,30.9,Private,B,0
28,11,46.3,Private,A,0
53,7,49.9,Private,A,0
69,10,42.4,Private,B,0
37,6,29.9,Govt,A,0
62,9,33.5,Private,A,0
60,14,24.2,Private,A,0
29,8,49.1,Private,A,0
19,7,30.5,Private,A,0
35,18,28.9,Private,A,1
54,8,42.7,Private,A,0
59,8,47.6,Private,A,0
58,16,26.7,Private,B,1
58,16,41.4,Private,A,1
19,10,42.3,Private,A,1
31,9,36.6,Private,A,1
25,8,38.5,Govt,A,0
60,15,36.1,Govt,A,1
18,12,51.0,Private,B,0
58,7,42.2,Private,A,0
40,16,36.1,Govt,A,1
42,9,33.8,Self-emp,A,0
44,19,45.6,Private,A,1
53,10,34.0,Private,A,0
37,11,44.5,Govt,B,0
36,17,42.1,Private,A,1
38,11,44.5,Private,A,0
65,7,53.9,Private,B,0
37,13,41.3,Private,B,0
21,19,38.6,Self-emp,A,1
40,18,37.3,Govt,A,1
52,18,42.8,Private,A,1
21,8,42.8,Private,A,0
60,7,30.6,Private,A,0
22,12,27.5,Private,B,0
25,15,46.3,Private,A,1
66,13,38.6,Private,B,0
18,9,34.0,Private,A,0
48,8,28.1,Private,A,0
56,10,49.5,Private,B,0
29,15,39.5,Private,A,1
35,12,43.7,Govt,A,0
64,6,47.6,Self-emp,B,0
64,11,30.6,Private,A,0
42,17,34.2,Private,A,1
21,6,46.3,Private,A,0
32,10,18.9,Govt,A,0
46,14,42.5,Private,B,1
56,12,26.0,Govt,A,0
44,6,46.1,Govt,A,0
36,13,22.0,Self-emp,B,0
22,12,48.5,Private,B,0
61,7,45.9,Private,A,0
21,6,49.5,Private,A,0
22,8,37.9,Private,B,0
54,8,56.9,Self-emp,B,0
45,8,40.5,Private,B,0
62,18,38.8,Private,A,1
40,7,31.3,Govt,A,0
53,10,41.2,Private,A,0
50,17,50.4,Govt,A,1
21,7,45.9,Govt,B,0
23,10,36.3,Govt,A,0
42,17,39.6,Private,B,1
50,9,36.3,Private,A,0
41,19,36.2,Self-emp,A,1
24,8,29.6,Private,A,0
26,15,44.0,Private,B,1
30,14,33.4,Private,A,1
46,13,36.0,Private,A,1
47,16,49.1,Govt,B,1
43,9,42.5,Private,B,0
52,7,39.8,Private,B,0
36,15,35.6,Govt,A,1
69,14,37.7,Govt,A,1
43,11,31.7,Private,B,0
45,16,52.9,Private,B,1
19,12,27.7,Private,A,1
45,18,28.0,Private,B,1
55,15,44.4,Private,A,1
59,13,48.8,Self-emp,B,0
58,13,37.0,Private,B,1
55,17,29.4,Private,A,1
55,16,43.3,Govt,A,1
64,16,38.7,Self-emp,B,1
18,19,39.3,Private,B,1
59,9,59.5,Private,A,1
62,9,52.3,Govt,A,0
60,10,24.3,Govt,A,0
50,14,54.8,Private,B,1
65,6,41.4,Private,A,0
38,6,27.4,Private,B,0
40,19,40.7,Private,A,1
36,13,33.5,Private,B,1
32,17,25.6,Self-emp,A,1
38,14,41.7,Private,A,1
31,6,47.5,Private,B,0
63,9,28.1,Govt,B,0
63,7,40.0,Self-emp,A,0
20,9,53.5,Private,A,0
51,18,33.1,Private,B,1
42,19,47.8,Private,A,1
61,10,25.8,Private,B,0
32,17,46.0,Private,B,1
69,13,31.7,Private,A,1
30,7,43.6,Private,B,0
38,9,28.4,Govt,A,0
69,13,28.0,Private,B,0
40,16,42.4,Govt,A,1
61,18,35.2,Private,A,1
23,8,45.7,Private,B,0
41,19,48.9,Private,B,1
30,7,34.6,Private,A,0
57,11,44.7,Govt,A,0
60,8,33.7,Private,A,0
31,11,40.1,Govt,B,0
35,8,42.7,Private,A,0
48,12,44.4,Govt,B,0
21,9,22.1,Private,B,0
68,12,34.4,Private,A,1
61,6,28.3,Private,B,0
67,13,35.9,Private,A,1
19,16,36.9,Private,A,1
38,8,39.0,Private,A,0
56,6,34.8,Private,A,0
34,17,41.5,Private,B,1
34,13,62.7,Private,A,1
69,13,44.5,Private,A,1
22,11,35.3,Govt,A,1
42,13,45.2,Private,A,0
40,7,43.2,Private,A,0
41,9,29.3,Private,A,0
50,8,36.9,Private,A,0
35,10,32.9,Govt,B,0
50,11,39.8,Govt,B,0
18,10,21.3,Private,A,0
20,6,51.7,Govt,B,0
67,19,32.1,Private,B,1
22,8,33.4,Private,A,0
64,13,53.2,Private,B,0
67,9,37.6,Private,A,0
47,10,23.6,Private,A,0
62,17,48.6,Private,A,1
61,13,37.7,Private,A,1
41,7,55.4,Private,A,0
21,9,34.0,Private,B,0
28,14,41.3,Private,A,1
28,17,44.2,Private,A,1
46,18,39.2,Govt,A,1
31,19,44.5,Private,A,1
36,8,41.6,Private,B,0
55,15,40.5,Govt,A,1
18,18,46.6,Private,A,1
58,8,58.5,Private,A,0
20,15,44.3,Govt,A,1
35,12,31.8,Private,A,0
45,9,42.0,Self-emp,A,1
54,18,30.2,Private,A,1
31,14,36.9,Private,A,1
69,15,50.0,Private,B,0
49,17,42.3,Private,A,1
56,19,39.9,Govt,A,1
31,17,35.9,Private,A,1
29,16,61.4,Private,A,1
46,10,43.0,Private,A,0
36,14,64.5,Private,B,1
28,14,40.4,Govt,A,1
26,14,36.4,Private,B,1
25,16,33.6,Self-emp,A,1
56,8,43.7,Private,A,0
59,15,42.2,Private,A,1
52,13,46.2,Private,A,0
67,15,30.1,Private,B,0
34,14,29.6,Private,B,1
30,6,50.0,Govt,A,0
54,13,34.3,Private,A,1
47,18,51.4,Self-emp,B,1
68,10,53.2,Private,A,0
42,17,45.9,Private,B,1
59,13,37.8,Private,A,1
57,9,44.2,Private,A,1
61,14,17.6,Private,A,0
27,11,48.2,Private,A,1
39,19,47.2,Private,A,1
26,16,39.1,Govt,B,1
34,16,43.1,Govt,A,1
23,6,31.3,Private,B,0
53,16,50.1,Private,A,1
65,19,41.1,Private,A,1
28,11,44.7,Self-emp,A,0
61,7,37.5,Private,A,0
49,18,36.5,Govt,A,1
55,14,44.6,Private,A,0
61,9,48.6,Private,A,1
56,15,63.8,Private,B,1
59,11,44.4,Self-emp,A,0
42,12,35.2,Self-emp,A,1
25,17,32.8,Govt,A,1
38,18,38.3,Govt,B,1
43,16,34.8,Private,A,0
40,15,45.5,Self-emp,A,1
54,16,44.0,Private,A,1
65,17,37.1,Private,A,1
18,16,35.9,Self-emp,A,1
48,15,46.4,Private,A,1
24,7,37.6,Private,A,0
52,11,18.4,Private,B,0
56,9,31.8,Private,A,0
40,19,42.6,Self-emp,A,1
55,19,23.4,Private,B,1
20,8,30.8,Private,B,0
60,16,39.2,Private,A,1
67,18,42.8,Private,A,1
64,14,47.0,Private,A,1
69,18,49.5,Private,A,1
51,7,38.5,Self-emp,B,0
26,13,34.5,Private,B,0
68,6,32.9,Private,B,0
58,9,40.2,Private,A,0
49,9,29.8,Private,A,0
52,8,45.2,Private,A,0
52,13,28.4,Private,A,1
56,6,50.9,Private,A,0
23,10,39.4,Private,A,0
56,18,29.6,Govt,A,1
36,19,41.2,Private,B,1
43,11,55.4,Self-emp,B,0
22,16,32.7,Private,A,1
56,10,31.2,Private,B,0
56,7,34.0,Private,A,0
58,18,36.1,Private,B,1
50,17,43.9,Govt,A,1
53,17,40.0,Govt,A,1
32,14,36.6,Govt,B,0
48,9,31.5,Private,B,0
65,10,41.7,Private,A,1
47,12,34.6,Private,A,1
58,10,43.4,Private,B,0
38,12,47.4,Govt,B,1
56,10,35.0,Private,B,0
36,16,56.8,Private,A,1
61,14,51.2,Govt,B,1
37,9,46.4,Private,B,0
31,18,33.3,Private,A,1
69,14,26.5,Private,A,0
67,10,41.2,Private,A,0
62,12,44.3,Govt,B,0
37,17,40.9,Govt,A,1
47,19,56.9,Private,B,1
46,13,48.5,Private,B,1
47,14,60.7,Private,A,1
68,6,50.7,Govt,B,0
23,7,25.1,Private,B,0
34,7,47.5,Self-emp,A,0
54,16,42.5,Private,A,1
29,14,21.8,Govt,B,0
37,12,36.4,Govt,A,1
32,11,47.3,Private,A,1
67,13,47.1,Private,B,0
55,19,49.5,Private,A,1
52,10,40.1,Private,A,0
50,6,37.4,Private,A,0
41,8,40.4,Private,A,0
33,17,40.1,Private,A,1
45,13,42.1,Private,A,1
36,18,39.0,Private,A,1
66,10,40.0,Private,A,0
31,10,50.7,Govt,A,1
50,12,43.5,Private,A,1
66,15,54.2,Govt,B,1
35,7,48.3,Self-emp,A,0
25,6,35.5,Self-emp,A,0
46,13,31.6,Private,B,1
21,13,38.5,Private,A,1
58,15,30.8,Private,A,1
55,14,32.1,Govt,A,0
37,15,42.0,Private,B,1
28,12,52.4,Govt,A,0
52,14,53.1,Private,B,1
64,7,45.2,Private,B,0
36,9,25.5,Govt,B,0
22,16,37.5,Private,B,1
63,19,37.0,Private,A,1
37,14,25.0,Govt,A,0
37,10,36.1,Private,A,0
40,8,50.7,Private,A,0
46,10,48.0,Private,A,1
20,9,42.3,Private,A,0
61,15,40.6,Private,A,1
60,7,45.1,Govt,A,0
63,12,47.4,Self-emp,B,0
26,12,42.2,Private,A,1
64,16,33.3,Private,A,1
66,7,37.1,Private,A,0
56,11,30.7,Govt,B,0
26,10,40.3,Private,B,0
27,17,28.9,Govt,A,1
39,9,37.7,Private,A,0
23,18,43.0,Private,A,1
57,14,24.8,Private,A,0
68,16,37.2,Private,A,1
35,13,32.4,Private,A,0
31,16,49.3,Private,B,1
66,15,30.0,Private,A,1
19,15,50.8,Govt,B,1
69,14,43.7,Private,A,1
55,13,39.2,Private,B,0
69,19,34.4,Private,A,1
43,7,33.5,Private,A,0
54,6,43.6,Private,A,0
62,15,50.3,Private,B,0
51,17,39.9,Private,A,1
33,14,48.4,Private,A,1
41,14,41.2,Private,A,1
32,18,37.6,Private,B,1
39,16,30.5,Private,B,1
62,17,45.7,Private,A,1
45,16,40.4,Private,A,1
29,18,60.0,Private,B,1
50,15,33.0,Private,A,1
45,19,45.5,Private,A,1
39,10,37.0,Govt,A,0
48,8,42.7,Self-emp,A,0
60,7,41.8,Private,B,0
58,14,55.5,Private,A,1
30,7,47.6,Private,A,0
39,18,29.0,Private,B,1
30,15,38.0,Private,A,1
29,11,33.5,Private,A,0
54,12,35.5,Private,B,0
28,17,32.8,Self-emp,B,1
62,6,41.4,Govt,B,0
63,14,44.5,Private,B,0
51,18,31.2,Govt,B,1
32,19,30.3,Private,A,1
55,6,38.4,Govt,B,0
45,12,47.2,Private,A,0
37,10,37.0,Private,A,0
33,16,33.7,Private,A,1
46,17,31.4,Govt,A,1
27,12,43.9,Private,A,1
43,17,45.9,Private,B,1
18,17,31.3,Govt,A,1
65,6,42.7,Private,A,0
23,12,44.2,Private,B,0
37,7,44.3,Private,B,0
37,6,45.4,Govt,A,0
58,13,47.7,Private,A,1
59,6,34.0,Self-emp,A,0
51,18,42.7,Private,A,1
56,6,41.1,Private,B,0
69,18,33.2,Self-emp,A,1
44,15,43.7,Private,B,1
60,9,34.4,Self-emp,B,0
55,7,41.0,Self-emp,A,0
30,7,59.1,Govt,B,0
54,15,16.9,Govt,A,1
28,13,38.9,Private,A,1
49,18,28.0,Private,A,1
44,17,43.3,Self-emp,A,1
33,6,38.4,Private,B,0
22,19,34.1,Private,B,1
25,19,34.3,Private,B,1
45,19,32.7,Self-emp,B,1
44,7,54.4,Private,A,0
36,9,38.7,Private,B,0
63,12,39.2,Private,A,1
36,15,36.5,Self-emp,A,1
67,9,52.4,Private,A,0
23,7,38.0,Private,A,1
23,13,47.9,Self-emp,A,1
25,18,30.9,Private,A,1
34,9,64.1,Govt,B,0
50,15,32.5,Self-emp,A,0
69,8,32.4,Private,A,0
27,19,45.4,Private,A,1
34,11,42.9,Private,A,0
22,13,32.6,Self-emp,B,0
64,15,40.7,Govt,A,0
48,6,34.6,Private,B,0
61,7,43.5,Private,A,0
60,19,32.7,Private,B,1
59,9,44.0,Private,B,1
35,7,36.6,Private,A,0
68,17,35.0,Private,B,1
44,10,39.3,Private,A,0
59,9,38.0,Private,A,0
62,14,43.3,Self-emp,A,1
40,11,35.2,Private,B,1
35,19,28.3,Self-emp,B,1
25,16,45.0,Self-emp,B,1
65,18,36.0,Private,A,1
67,9,38.2,Private,A,0
61,17,39.4,Govt,A,1
61,12,31.5,Private,A,0
31,12,44.2,Self-emp,A,0
49,14,31.6,Private,B,1
35,9,29.9,Private,A,0
61,16,41.1,Private,A,1
61,8,46.8,Private,B,0
56,16,39.7,Self-emp,A,1
27,15,46.6,Govt,A,1
35,14,41.1,Private,B,0
31,18,41.7,Private,A,1
26,11,20.0,Private,B,0
18,11,47.5,Private,A,0
19,14,43.4,Private,A,1
26,10,39.3,Private,A,0
59,10,42.8,Private,A,1
60,15,25.2,Govt,A,0
44,13,27.6,Private,A,0
35,7,37.1,Govt,A,0
40,16,36.1,Private,B,1
46,19,27.4,Private,A,1
57,8,22.2,Private,A,0
49,16,29.6,Private,A,1
62,16,51.7,Govt,A,1
42,7,41.6,Govt,A,0
68,7,42.3,Private,A,0
30,12,51.2,Private,A,1
32,15,50.1,Private,A,1
18,19,45.7,Private,B,1
19,10,27.2,Private,A,0
50,19,34.4,Private,B,1
23,7,45.0,Govt,A,0
21,17,44.2,Private,A,1
67,17,25.2,Private,A,1
21,18,33.9,Govt,A,1
32,18,18.9,Private,B,1
27,13,20.1,Govt,A,1
46,12,33.8,Private,A,0
48,10,33.1,Govt,A,0
60,10,49.5,Private,B,0
54,10,41.0,Private,A,1
66,11,33.4,Govt,B,0
54,12,43.1,Private,B,0
21,14,49.7,Private,A,1
40,14,32.6,Private,B,0
64,15,35.5,Private,A,1
20,17,35.5,Govt,A,1
60,13,49.6,Private,A,1
34,7,39.8,Govt,A,0
54,10,42.2,Private,A,0
39,16,55.0,Private,B,1
42,6,53.0,Govt,B,0
25,13,24.1,Govt,A,0
25,9,28.8,Private,A,0
55,6,45.0,Private,A,0
36,9,33.9,Govt,B,0
23,12,35.6,Private,B,0
68,7,38.7,Private,A,0
45,13,56.8,Private,B,1
23,10,31.3,Govt,A,0
58,13,59.7,Private,B,0
41,17,44.2,Private,A,1
57,12,44.6,Private,A,0
50,6,53.6,Private,A,0
20,17,38.1,Private,B,1
50,15,43.6,Govt,A,1
22,9,48.1,Govt,A,0
54,19,48.2,Private,A,1
67,8,35.1,Private,A,0
23,8,39.8,Self-emp,A,0
33,7,42.0,Private,A,0
38,16,47.2,Govt,A,1
31,16,39.5,Private,A,1
34,13,40.4,Private,A,1
18,16,45.3,Govt,A,0
47,18,32.5,Govt,A,1
36,7,41.2,Govt,A,0
27,9,52.9,Private,A,0
56,12,54.2,Govt,A,1
45,19,42.2,Private,A,1
65,14,26.8,Private,A,1
20,13,34.6,Govt,B,1
25,8,27.7,Private,A,0
33,10,41.6,Private,A,1
52,18,48.1,Private,B,1
45,14,23.0,Govt,B,0
57,9,37.9,Private,A,0
34,9,49.7,Private,A,0
60,19,30.2,Private,B,1
26,16,45.5,Private,B,1
62,14,41.7,Self-emp,A,1
57,10,27.7,Govt,A,0
25,18,51.3,Private,A,1
63,12,48.7,Govt,B,0
42,10,38.7,Private,A,0
57,8,57.5,Private,B,0
41,13,33.0,Private,A,1
69,18,40.6,Private,A,1
26,11,36.2,Private,A,0
56,15,53.4,Private,B,0
29,19,46.9,Govt,B,1
20,8,42.6,Private,A,0
60,13,34.6,Private,A,0
21,16,38.7,Private,A,1
68,6,37.0,Private,B,0
49,16,46.3,Govt,A,1
42,17,28.7,Private,A,1
52,19,36.3,Private,B,1
62,8,51.5,Govt,A,0
59,17,30.8,Private,A,1
44,7,47.8,Private,A,0
19,17,42.5,Private,B,1
61,9,40.3,Private,B,0
23,7,39.2,Private,A,0
26,7,34.3,Private,A,0
41,13,45.0,Govt,A,0
49,16,48.5,Private,A,1
33,13,49.4,Private,B,0
52,19,29.0,Private,B,1
20,13,50.2,Private,A,1
55,9,42.2,Self-emp,B,0
56,8,41.0,Private,B,0
24,8,60.6,Private,A,1
69,16,45.1,Self-emp,A,1
60,18,38.8,Private,B,1
53,9,42.0,Private,B,0
66,8,39.9,Private,A,0
65,12,39.8,Private,A,0
58,7,30.1,Private,A,0
62,8,47.3,Private,A,0
32,13,41.2,Self-emp,A,1
26,7,31.3,Govt,A,0
46,12,44.9,Private,A,0
29,7,33.5,Private,B,0
55,15,36.9,Private,A,1
69,14,47.8,Private,A,1
39,11,45.7,Private,B,0
68,13,43.9,Self-emp,B,0
26,13,35.7,Private,A,1
66,19,36.1,Govt,A,1
35,10,39.5,Private,A,0
44,19,48.5,Self-emp,A,1
32,9,43.8,Private,A,0
57,12,46.4,Self-emp,A,1
69,18,37.9,Private,B,1
18,15,51.9,Private,A,1
50,13,43.4,Private,A,1
26,17,33.7,Govt,A,1
59,15,44.9,Private,A,1
28,11,40.7,Private,A,1
57,13,38.6,Private,A,0
33,17,33.6,Private,B,1
39,11,30.4,Private,A,0
59,11,29.6,Private,A,0
54,7,47.7,Private,A,0
65,6,27.3,Private,A,0
66,19,45.9,Private,B,1
35,8,39.1,Govt,B,0
34,8,46.4,Private,A,0
43,15,39.4,Private,A,1
69,11,36.2,Private,A,1
50,14,51.5,Private,A,1
25,8,31.7,Self-emp,A,0
37,7,30.6,Govt,A,0
68,9,40.2,Private,B,0
30,14,55.5,Private,A,1
65,6,41.9,Private,B,0
53,6,27.2,Govt,A,0
30,10,39.4,Govt,B,0
42,11,44.8,Govt,A,0
25,16,40.8,Govt,A,1
60,15,28.1,Private,B,0
27,15,40.7,Self-emp,A,1
55,13,31.6,Private,A,1
58,10,39.6,Private,A,0
66,8,42.5,Private,A,0
33,19,43.3,Govt,A,1
27,15,26.3,Govt,B,0
21,17,36.5,Private,B,1
61,16,57.7,Private,B,1
56,17,40.3,Private,A,1
60,7,45.8,Private,A,0
67,6,39.5,Private,A,0
67,8,18.7,Private,A,0
35,16,49.7,Govt,A,1
64,18,40.0,Govt,A,1
31,13,52.8,Private,B,0
63,18,53.8,Private,A,1
67,7,20.0,Self-emp,B,0
22,11,44.8,Private,A,1
33,6,22.7,Private,B,0
33,19,51.4,Private,B,1
40,7,47.6,Private,A,0
45,17,26.4,Private,A,1
36,6,41.0,Private,A,0
66,13,41.2,Govt,A,1
19,17,47.0,Govt,A,1
31,14,35.4,Private,B,0
36,8,42.1,Self-emp,B,0
51,7,41.3,Private,A,0
62,11,41.4,Govt,A,0
60,11,33.8,Private,B,0
35,10,35.9,Govt,B,0
40,15,47.9,Govt,A,1
41,7,45.3,Govt,B,0
18,19,39.4,Govt,A,1
54,10,31.4,Govt,A,0
65,6,31.1,Private,A,0
53,7,27.4,Govt,B,0
21,17,39.7,Private,A,1
51,16,27.2,Private,B,1
60,14,27.6,Private,B,0
60,19,47.1,Private,A,1
20,8,46.2,Private,B,0
50,6,43.6,Private,A,0
38,17,29.0,Self-emp,A,1
57,10,45.4,Private,A,0
62,6,39.5,Private,A,0
21,7,40.2,Private,B,0
50,16,25.6,Private,A,1
66,7,43.7,Private,A,0
36,17,46.5,Govt,A,1
29,9,53.2,Private,A,0
66,14,38.1,Private,A,1
52,18,39.9,Private,B,1
36,19,46.5,Govt,A,1
68,7,43.3,Private,A,0
31,9,38.7,Private,A,0
56,19,39.4,Govt,B,1
58,18,44.6,Private,A,1
63,18,33.1,Private,B,1
25,16,45.7,Private,A,1
57,10,49.4,Private,A,0
36,17,34.4,Private,A,1
24,9,33.7,Self-emp,A,0
47,14,41.2,Private,B,0
32,13,29.6,Private,A,1
52,14,55.8,Private,A,1
20,18,38.2,Govt,A,1
52,12,33.6,Private,A,1
19,8,46.2,Private,A,0
62,18,41.5,Self-emp,A,1
46,16,39.4,Private,B,1
68,13,44.0,Private,A,0
20,10,44.1,Govt,B,0
47,12,39.8,Private,A,0
40,7,32.4,Self-emp,A,0
26,16,39.0,Private,B,1
26,13,30.3,Govt,A,1
38,15,33.9,Private,B,0
26,13,48.4,Private,B,0
58,11,29.9,Private,A,0
35,17,49.6,Private,A,1
38,9,35.6,Govt,A,0
66,7,31.1,Private,A,0
37,17,46.5,Private,B,1
62,10,37.4,Private,A,1
39,10,43.6,Private,B,0
21,6,55.8,Private,B,0
45,7,34.4,Govt,A,0
55,12,35.5,Private,A,1
19,7,29.7,Private,A,0
33,18,31.7,Private,A,1
38,16,22.4,Govt,B,0
65,16,43.8,Private,B,1
61,19,33.0,Private,A,1
46,12,44.6,Private,A,1
28,9,46.8,Private,A,0
52,17,32.9,Self-emp,A,1
43,18,35.6,Private,B,1
63,6,45.6,Private,B,0
41,16,53.1,Private,A,1
18,11,38.4,Private,A,1
67,16,40.8,Private,B,1
51,17,44.6,Govt,B,1
35,10,36.6,Private,A,1
40,11,37.2,Private,B,0
61,16,29.7,Private,B,1
66,18,21.2,Self-emp,A,1
55,16,41.0,Private,B,1
29,10,32.9,Self-emp,A,0
67,7,42.8,Private,A,0
69,19,40.2,Govt,A,1
27,9,25.8,Private,A,0
52,13,47.1,Self-emp,A,1
58,9,37.1,Self-emp,B,0
40,13,47.7,Self-emp,B,0
59,17,29.0,Private,A,1
26,8,45.6,Private,A,0
48,16,35.9,Govt,B,1
57,15,46.1,Govt,B,1
27,7,41.2,Private,B,0
58,12,34.5,Private,A,1
60,8,37.9,Self-emp,A,0
49,10,28.7,Private,A,0
19,7,44.0,Self-emp,A,0
19,14,41.7,Private,A,1
67,10,42.1,Private,A,1
45,17,40.3,Private,A,1
55,14,41.0,Govt,A,0
65,19,42.5,Private,B,1
23,15,40.0,Private,A,1
48,14,41.5,Govt,A,1
36,10,31.9,Private,B,1
49,13,25.6,Govt,A,1
28,17,36.3,Private,A,1
55,8,36.6,Private,A,0
18,19,46.8,Private,A,1
29,10,50.3,Private,A,1
44,10,24.2,Self-emp,A,0
38,13,38.3,Private,B,0
57,15,35.9,Private,A,1
25,10,38.4,Govt,A,0
31,14,52.7,Private,A,1
44,17,45.6,Private,B,1
38,7,35.5,Private,A,0
48,15,35.5,Private,A,1
42,6,33.6,Private,A,0
24,11,45.6,Self-emp,A,0
69,17,29.2,Private,A,1
31,12,40.3,Govt,A,1
30,15,50.0,Private,B,1
50,17,32.7,Private,B,1
42,6,45.9,Private,A,0
54,9,27.7,Govt,B,0
21,19,44.8,Private,A,1
47,7,43.2,Self-emp,A,0
24,11,34.5,Private,A,0
19,9,54.7,Govt,A,1
42,19,37.5,Private,A,1
56,18,54.9,Govt,A,1
58,16,58.2,Private,A,1
39,17,52.9,Self-emp,A,1
69,7,43.2,Govt,A,0
38,19,34.4,Private,A,1
35,16,26.3,Private,A,1
68,8,36.8,Private,B,0
37,8,43.0,Govt,A,0
46,6,42.6,Private,A,0
67,18,37.5,Govt,A,1
55,7,43.3,Govt,A,0
65,14,44.9,Private,B,1
34,18,40.1,Private,B,1
52,7,30.8,Private,A,0
58,10,40.3,Self-emp,A,1
21,18,40.9,Private,A,1
41,6,56.5,Private,A,0
35,9,36.7,Govt,A,0
41,8,40.7,Private,A,1
41,18,50.2,Govt,B,1
30,14,47.5,Private,A,1
22,10,37.9,Private,A,1
40,7,45.8,Govt,A,0
69,16,33.6,Private,A,1
23,11,35.2,Self-emp,A,0
22,9,46.0,Private,A,0
37,11,46.0,Private,A,0
37,15,30.6,Private,A,1
57,14,28.8,Govt,A,1
18,11,46.1,Self-emp,A,0
60,11,40.7,Private,A,1
60,6,48.1,Private,B,0
62,7,34.2,Private,B,0
27,13,27.3,Private,A,1
26,13,49.2,Private,A,1
38,12,38.4,Private,A,0
37,17,43.8,Self-emp,A,1
32,12,44.0,Private,B,0
31,11,38.9,Private,B,0
40,16,45.4,Private,A,1
50,10,49.0,Private,A,0
53,10,37.0,Private,A,1
26,9,43.8,Govt,B,0
40,15,28.1,Private,A,1
47,13,43.8,Private,A,1
39,8,51.7,Govt,B,0
19,8,44.7,Private,A,0
54,11,43.5,Private,A,0
53,17,38.8,Private,A,1
49,6,47.0,Govt,A,0
46,10,57.5,Private,B,0
60,7,27.2,Govt,A,0
42,14,46.2,Self-emp,A,1
52,6,22.1,Govt,A,0
51,14,36.7,Private,A,1
50,18,19.6,Private,B,1
48,13,47.1,Govt,A,0
35,6,43.7,Private,A,0
33,17,28.3,Private,B,1
29,10,49.2,Self-emp,B,1
43,18,24.3,Private,B,1
45,14,50.0,Govt,A,1
34,8,42.4,Govt,A,0
47,19,40.9,Private,B,1
55,17,41.2,Private,A,1
47,11,49.3,Self-emp,A,1
49,6,38.8,Private,B,0
56,12,45.3,Private,A,1
61,9,33.0,Private,B,0
40,6,44.3,Govt,A,0
18,8,14.2,Private,A,0
19,13,45.3,Private,A,0
66,12,26.6,Private,A,0
38,17,51.9,Govt,A,1
21,9,31.2,Govt,B,0
46,19,47.6,Self-emp,A,1
31,16,46.6,Private,A,1
68,17,29.5,Private,A,1
19,19,29.2,Private,A,1
18,15,42.3,Private,A,1
19,6,39.8,Private,A,0
55,15,41.8,Self-emp,B,1
25,12,33.7,Private,A,1
56,8,49.6,Self-emp,B,0
26,13,50.2,Private,B,0
49,7,50.1,Private,A,0
69,16,37.4,Private,B,1
43,19,54.5,Private,A,1
58,10,31.0,Self-emp,B,0
34,12,36.4,Govt,A,0
46,8,40.8,Govt,A,0
24,11,43.5,Govt,B,0
39,15,32.0,Private,A,1
68,19,33.4,Private,A,1
30,15,52.4,Private,A,1
31,9,40.4,Govt,B,0
56,18,28.4,Govt,A,1
25,16,32.2,Private,B,0
59,14,36.4,Private,A,1
56,8,48.1,Private,B,0
64,7,35.9,Private,A,0
38,17,30.5,Self-emp,A,1
47,17,49.1,Private,A,1
22,12,45.0,Private,A,0
31,17,36.3,Private,A,1
38,7,36.6,Private,B,0
21,17,44.4,Govt,A,1
29,6,46.2,Private,B,0
35,13,36.4,Private,A,0
58,8,41.6,Self-emp,B,0
51,18,34.7,Private,A,1
30,6,26.4,Private,B,0
45,10,34.6,Self-emp,B,0
62,8,37.6,Private,A,0
27,10,51.6,Govt,B,0
61,11,40.9,Govt,A,0
39,16,44.0,Private,A,1
65,18,38.1,Private,B,1
58,11,52.4,Private,A,1
19,7,38.2,Private,A,0
67,11,37.8,Govt,A,0
36,16,39.2,Private,B,1
62,7,54.1,Govt,B,0
49,9,41.6,Self-emp,A,1
51,6,32.4,Self-emp,B,0
49,9,61.3,Govt,A,0
66,9,25.6,Govt,A,0
20,15,37.8,Private,A,1
21,8,34.2,Self-emp,B,0
42,14,38.0,Private,A,1
18,7,41.0,Private,A,0
24,6,49.1,Private,B,0
67,15,54.3,Govt,B,1
18,10,23.4,Private,A,0
64,12,42.0,Private,A,0
38,11,44.7,Self-emp,A,1
47,8,29.0,Private,A,0
19,16,21.3,Private,A,1
33,18,45.9,Private,A,1
21,17,42.8,Govt,A,1
22,6,35.3,Govt,A,0
69,10,41.8,Private,A,0
26,18,14.1,Private,A,1
34,6,44.6,Private,A,0
49,13,33.5,Private,B,0
57,8,24.0,Private,B,0
61,11,27.5,Govt,A,1
39,8,33.1,Private,A,0
18,16,55.3,Self-emp,A,1
51,6,33.5,Private,A,0
52,9,35.6,Self-emp,A,0
27,13,29.3,Private,B,1
54,9,50.4,Private,B,0
28,18,39.1,Private,B,1
69,18,48.7,Private,A,1
42,19,51.8,Private,B,1
27,6,38.9,Private,A,0
44,6,40.1,Private,A,0
43,14,29.8,Private,A,0
53,18,50.1,Govt,B,1
56,6,32.8,Self-emp,B,0
60,9,45.2,Private,A,0
24,7,48.1,Govt,A,0
43,18,35.7,Private,B,1
24,12,49.2,Private,A,1
59,14,48.3,Private,A,1
35,16,23.9,Self-emp,B,1
55,12,31.9,Private,A,1
50,19,49.7,Private,A,1
37,15,25.0,Govt,A,0
64,6,38.8,Self-emp,A,0
49,7,46.2,Private,A,0
60,12,46.5,Private,A,1
23,6,39.9,Private,B,0
43,13,41.5,Private,A,0
52,13,32.9,Govt,B,1
22,18,44.0,Private,A,1
57,18,39.9,Private,A,1
45,13,36.3,Private,B,1
37,18,26.5,Govt,A,1
32,15,46.2,Govt,B,1
37,7,38.0,Private,A,0
24,11,33.6,Private,A,0
31,19,43.3,Private,B,1
50,17,45.8,Private,B,1
59,9,37.4,Private,A,0
66,18,39.0,Private,A,1
29,15,57.7,Private,A,1
30,7,27.0,Private,B,0
57,6,38.0,Private,B,0
60,16,32.1,Private,B,1
54,12,29.0,Govt,A,0
54,16,39.2,Private,A,1
62,15,32.9,Private,A,1
31,13,44.7,Self-emp,B,0
36,6,43.8,Private,B,0
20,15,35.5,Private,A,1
62,6,35.3,Govt,A,0
24,13,31.3,Private,A,1
48,12,54.4,Private,A,1
51,13,45.4,Private,A,1
55,18,45.6,Govt,A,1
47,9,40.9,Private,B,0
38,7,45.2,Private,B,0
24,19,56.5,Private,A,1
67,12,43.0,Private,B,0
31,19,33.6,Private,A,1
45,17,36.5,Private,A,1
53,10,46.1,Private,B,0
69,17,40.4,Private,A,1
19,13,36.0,Private,A,0
63,15,35.7,Govt,A,1
52,9,32.1,Private,B,0
44,12,43.3,Private,A,1
26,10,30.9,Private,A,0
59,17,24.7,Govt,B,1
49,13,48.9,Private,B,1
58,6,38.5,Govt,A,0
21,17,49.9,Private,A,1
30,19,22.0,Private,A,1
48,10,40.7,Private,A,0
30,12,39.0,Private,A,1
62,14,35.8,Private,A,1
41,17,42.7,Govt,B,1
46,7,44.9,Govt,A,0
28,8,35.9,Govt,A,0
60,18,40.2,Self-emp,B,1
55,15,39.9,Private,B,1
25,8,20.5,Private,B,0
44,18,44.4,Private,A,1
27,7,35.0,Private,A,0
61,6,38.6,Private,B,0
39,8,46.3,Private,A,1
54,17,43.3,Govt,A,1
36,8,45.2,Private,B,0
64,11,34.4,Private,A,1
54,9,37.3,Private,A,1
27,9,50.6,Private,A,1
41,11,19.2,Private,B,0
21,14,41.4,Govt,A,1
62,13,45.2,Govt,A,1
67,12,44.8,Private,A,0
20,12,28.1,Govt,A,0
62,10,34.7,Govt,A,0
39,13,32.9,Private,A,1
53,18,56.9,Self-emp,B,1
56,16,40.8,Self-emp,A,1
55,10,61.5,Private,B,0
59,18,41.5,Private,A,1
67,15,41.4,Private,A,1
68,16,28.2,Private,A,1
62,16,39.9,Private,A,1
38,19,39.9,Private,B,1
49,10,32.6,Govt,A,0
44,19,24.3,Private,A,1
27,11,19.1,Self-emp,A,0
35,18,14.8,Private,A,1
27,6,47.1,Govt,B,0
66,11,38.2,Govt,A,0
52,17,49.4,Self-emp,A,1
49,15,43.6,Private,A,1
21,19,39.6,Private,A,1
36,9,22.5,Govt,B,0
35,6,44.3,Self-emp,A,0
42,8,47.2,Private,A,0
34,17,29.5,Govt,B,1
59,6,34.0,Private,B,0
47,14,35.4,Govt,A,1
64,12,30.5,Self-emp,A,1
19,12,35.7,Private,B,0
64,14,46.4,Self-emp,A,1
62,16,31.9,Self-emp,B,1
36,19,48.5,Private,A,1
37,11,51.3,Private,B,0
22,6,39.4,Govt,A,0
37,11,38.2,Private,A,0
40,18,37.5,Private,A,1
41,8,52.0,Govt,A,0
45,7,22.4,Private,A,0
32,10,34.7,Private,B,0
48,19,54.6,Private,A,1
55,8,40.3,Private,A,0
27,10,32.1,Private,A,0
43,12,53.8,Private,A,1
62,16,27.7,Private,A,1
63,6,41.5,Private,A,0
53,18,27.1,Self-emp,A,1
21,9,48.8,Private,A,0
35,15,48.7,Govt,B,0
48,11,44.8,Private,A,1
23,7,44.9,Private,A,0
29,9,36.7,Private,B,0
62,12,36.6,Private,B,0
50,11,30.5,Govt,B,0
60,14,52.7,Private,A,1
43,7,49.1,Private,A,0
40,14,41.7,Private,B,1
31,12,47.6,Private,A,1
33,13,39.2,Private,A,1
31,19,46.9,Private,B,1
20,9,44.0,Private,A,0
46,8,37.2,Private,B,0
27,7,15.7,Private,B,0
33,10,36.3,Private,B,0
47,19,45.7,Private,A,1
28,12,43.5,Private,B,0
59,16,48.0,Govt,B,1
38,15,38.9,Govt,A,1
56,9,36.1,Private,A,0
65,16,42.7,Private,A,1
27,11,31.5,Govt,A,0
41,19,58.9,Private,B,1
34,15,26.5,Govt,A,1
64,15,36.9,Govt,A,1
45,12,36.4,Private,A,1
54,11,32.1,Govt,A,0
21,8,35.2,Private,A,0
21,16,41.0,Private,A,1
43,18,45.1,Private,A,1
69,7,30.8,Private,A,0
43,10,39.6,Private,A,0
55,10,39.4,Private,A,1
55,7,25.5,Private,A,0
49,8,40.8,Private,A,0
63,6,37.9,Govt,B,0
32,18,50.3,Private,B,1
21,10,48.6,Private,A,0
47,9,40.5,Govt,B,0
55,9,44.8,Private,B,0
29,6,48.7,Private,B,0
19,13,54.5,Govt,A,0
49,7,52.7,Self-emp,B,0
44,7,56.2,Govt,B,0
65,16,29.3,Private,A,1
65,17,45.5,Private,A,1
32,7,42.0,Private,A,0
50,7,35.1,Private,A,0
69,19,42.1,Private,A,1
49,15,27.2,Govt,B,0
68,8,31.9,Govt,B,0
57,11,35.5,Private,B,0
31,12,34.1,Private,A,1
22,10,34.0,Govt,B,0
61,19,43.3,Private,A,1
40,15,53.3,Private,A,1
40,15,32.8,Private,A,1
21,14,40.4,Govt,A,1
30,17,44.7,Govt,A,1
54,14,41.1,Self-emp,A,1
59,10,42.0,Govt,B,0
18,18,43.8,Self-emp,A,1
60,10,36.6,Private,A,0
48,19,33.7,Private,A,1
68,9,30.7,Private,B,0
51,10,35.6,Private,A,0
40,11,34.4,Private,A,1
68,6,38.8,Private,B,0
64,19,27.4,Private,A,1
31,18,51.4,Self-emp,B,1
46,9,47.1,Private,A,0
30,16,26.8,Govt,A,1
24,10,31.5,Private,B,0
26,17,42.7,Self-emp,B,1
42,19,35.5,Govt,A,1
69,18,32.4,Private,A,1
38,11,38.6,Govt,B,0
42,12,43.8,Private,A,0
69,13,47.5,Self-emp,A,0
46,16,27.2,Self-emp,A,1
33,8,49.1,Private,A,0
46,10,36.9,Private,B,0
55,11,34.7,Private,A,1
38,13,35.4,Govt,B,1
66,6,31.5,Private,B,0
51,18,55.3,Private,A,1
20,16,40.3,Govt,A,1
38,12,35.1,Self-emp,A,0
35,6,55.9,Private,A,0
69,7,50.0,Private,B,0
19,16,50.4,Private,A,1
63,15,58.8,Govt,B,0
39,8,41.2,Private,A,0
62,14,28.4,Self-emp,A,0
47,8,44.1,Private,A,1
66,14,51.5,Private,B,1
54,19,46.5,Govt,A,1
32,10,42.2,Private,B,0
49,6,21.6,Private,B,0
57,8,30.5,Private,A,0
53,19,37.4,Govt,A,1
18,7,43.9,Private,B,0
55,6,45.9,Self-emp,A,0
68,18,35.8,Private,B,1
41,14,26.7,Private,A,0
54,12,45.1,Private,A,0
31,18,45.2,Private,A,1
27,10,47.6,Govt,B,0
55,10,47.9,Self-emp,A,0
45,18,37.2,Private,B,1
52,14,25.9,Govt,B,0
60,19,34.0,Private,A,1
68,18,36.5,Private,A,1
48,12,32.9,Private,A,1
67,7,33.4,Private,A,0
27,13,42.4,Private,A,1
45,8,43.2,Private,A,0
34,10,52.4,Govt,B,0
52,15,37.7,Govt,B,1
41,15,62.7,Govt,A,1
59,9,46.0,Private,A,0
51,14,24.6,Private,A,1
37,9,36.2,Govt,B,0
39,17,37.8,Govt,A,1
26,14,30.6,Private,B,1
39,15,30.5,Private,A,1
25,7,37.6,Govt,A,0
59,15,43.4,Private,B,1
21,6,46.3,Govt,A,0
32,18,36.8,Private,A,1
54,10,42.2,Self-emp,A,0
24,14,47.5,Private,B,1
64,17,37.4,Private,A,1
30,15,43.1,Self-emp,A,1
21,19,30.8,Private,A,1
30,9,47.7,Private,A,0
64,14,39.4,Private,A,1
54,18,29.1,Govt,A,1
63,18,41.3,Private,A,1
20,7,38.2,Private,A,0
64,18,41.8,Self-emp,A,1
36,14,45.6,Private,A,1
47,15,34.6,Private,A,1
63,7,44.6,Private,A,0
60,10,36.7,Self-emp,B,0
34,13,24.4,Self-emp,A,0
27,12,30.8,Private,A,1
21,17,27.5,Private,A,1
49,17,39.5,Private,A,1
38,18,58.3,Govt,B,1
38,18,31.0,Private,A,1
53,7,52.3,Private,A,0
18,11,40.6,Private,A,0
40,10,46.6,Private,A,0
27,17,35.4,Private,A,1
30,12,29.0,Govt,A,0
57,10,39.2,Private,A,0
31,12,34.4,Private,A,0
53,10,36.1,Govt,A,0
44,8,27.0,Private,B,0
43,17,36.6,Private,A,1
22,12,41.5,Govt,A,0
19,13,43.7,Private,A,1
58,11,50.5,Private,A,0
60,8,42.0,Private,A,0
67,17,45.6,Self-emp,A,1
38,19,49.8,Private,A,1
42,10,42.0,Govt,B,0
66,12,35.8,Private,B,0
28,19,25.3,Private,A,1
24,10,37.5,Private,B,0
58,10,48.8,Private,B,0
26,11,39.9,Self-emp,B,0
49,17,45.2,Private,A,1
18,11,41.4,Private,A,1
49,12,48.5,Private,A,1
27,9,28.9,Private,B,0
46,18,47.8,Private,B,1
67,18,55.5,Self-emp,B,1
23,18,48.0,Govt,B,1
38,9,34.5,Self-emp,B,0
18,19,52.7,Self-emp,A,1
28,16,33.7,Govt,A,1
20,12,53.9,Private,A,0
52,17,40.9,Private,A,1
47,9,39.0,Private,A,0
21,14,39.7,Private,A,1
39,18,48.9,Private,A,1
67,6,34.4,Private,A,0
68,17,51.1,Private,A,1
55,6,41.6,Govt,A,0
32,7,42.6,Govt,A,0
67,15,32.8,Private,B,0
53,6,52.3,Private,A,0
54,17,51.8,Govt,A,1
25,18,43.2,Private,A,1
68,8,32.9,Private,A,0
29,7,44.7,Private,B,0
24,14,36.7,Private,A,1
20,8,33.4,Private,B,0
25,10,41.2,Private,A,1
51,18,36.8,Self-emp,B,1
32,18,39.9,Govt,B,1
64,14,48.6,Self-emp,B,1
19,7,46.8,Private,B,0
56,9,53.2,Private,B,0
63,8,36.5,Govt,A,0
26,10,59.2,Private,B,1
37,12,39.2,Private,A,0
68,19,39.0,Private,B,1
51,15,52.6,Private,A,1
63,17,36.1,Private,A,1
57,11,33.5,Private,A,0
69,17,45.5,Self-emp,A,1
62,6,55.3,Govt,B,0
31,15,42.3,Private,A,1
35,9,43.4,Private,A,0
18,16,52.3,Private,A,1
29,17,52.3,Self-emp,A,1
32,11,37.7,Private,A,0
57,16,31.6,Self-emp,B,1
54,7,30.9,Private,B,0
49,14,40.0,Self-emp,A,1
57,19,27.3,Private,A,1
67,19,52.3,Private,A,1
41,17,50.0,Private,A,1
31,9,51.6,Private,B,0
32,11,35.1,Private,A,0
32,17,44.6,Private,A,1
67,17,47.3,Private,A,1
25,8,20.8,Private,A,0
27,6,29.8,Govt,A,0
46,12,37.1,Private,B,0
49,13,29.1,Private,A,0
39,16,41.7,Private,A,1
60,18,56.0,Private,A,1
68,17,38.8,Private,A,1
57,9,47.2,Self-emp,B,0
19,6,42.1,Private,A,0
38,14,41.6,Private,B,1
25,13,54.7,Private,B,0
26,7,38.2,Private,B,0
40,6,29.3,Private,B,0
21,15,43.7,Private,A,1
32,13,47.1,Self-emp,B,1
43,10,40.9,Private,A,1
60,13,55.1,Private,A,1
58,10,46.3,Private,A,0
28,11,38.8,Govt,A,0
22,14,40.2,Self-emp,A,1
33,17,41.4,Govt,A,1
66,10,34.6,Private,A,0
36,19,45.6,Private,A,1
38,6,39.4,Private,A,0
42,9,44.7,Govt,A,0
64,14,57.7,Private,B,1
21,10,37.6,Private,A,0
69,14,30.3,Private,B,0
40,17,42.2,Govt,A,1
61,16,44.2,Private,A,1
44,8,26.6,Govt,A,0
69,19,43.6,Private,A,1
45,8,44.9,Govt,A,0
30,16,41.5,Private,B,1
25,11,54.9,Private,A,0
45,19,38.1,Govt,B,1
48,11,24.7,Govt,A,0
22,9,29.6,Private,B,0
58,10,41.9,Private,A,0
59,16,24.0,Private,A,1
27,6,51.3,Private,B,0
26,19,29.6,Private,A,1
26,10,29.1,Govt,A,0
41,6,29.3,Private,A,0
30,10,51.9,Private,B,0
18,18,42.9,Private,B,1
69,19,44.3,Govt,A,1
37,8,34.5,Private,A,0
41,8,42.1,Private,A,0
53,6,32.2,Private,A,0
22,18,34.8,Private,A,1
30,10,44.2,Private,A,0
18,8,33.4,Private,A,0
30,11,27.5,Private,B,0
47,16,35.7,Private,A,1
18,18,33.7,Self-emp,A,1
27,14,25.3,Govt,B,1
37,10,44.9,Private,A,0
34,12,52.8,Private,B,0
50,13,37.6,Self-emp,B,0
32,18,43.5,Govt,A,1
67,12,43.6,Private,A,0
64,18,44.2,Private,A,1
45,7,52.6,Private,A,0
24,9,47.9,Private,B,0
47,12,58.9,Private,A,1
41,18,30.8,Private,A,1
45,19,44.0,Private,A,1
45,10,21.9,Private,B,0
65,16,34.8,Private,A,1
66,13,28.2,Private,A,1
34,15,40.0,Private,A,1
26,11,37.4,Private,A,0
19,16,41.4,Private,A,1
33,8,36.0,Private,A,0
18,15,46.1,Self-emp,A,1
21,12,40.1,Private,B,0
21,13,47.7,Private,A,1
35,14,39.9,Govt,A,1
30,8,42.5,Govt,B,0
48,10,37.3,Govt,A,0
22,6,48.5,Private,A,0
33,10,43.7,Private,A,0
43,6,42.0,Private,A,0
62,15,46.4,Self-emp,A,1
61,17,37.0,Private,A,1
57,10,36.7,Govt,B,0
59,10,25.9,Private,B,1
18,16,49.2,Govt,A,1
55,10,41.5,Private,A,0
25,10,47.2,Private,A,0
30,15,24.6,Private,B,1
22,16,32.1,Private,B,1
23,19,35.9,Govt,A,1
43,6,30.8,Govt,A,0
62,10,56.1,Govt,B,0
42,18,24.2,Self-emp,B,1
27,11,42.0,Govt,B,0
57,10,38.4,Private,A,0
52,10,32.9,Private,B,0
25,6,28.5,Govt,A,0
25,6,54.9,Private,B,0
39,16,36.8,Private,B,1
62,15,37.2,Govt,A,1
35,8,47.6,Self-emp,A,0
66,8,40.6,Private,B,0
19,12,46.8,Private,B,0
51,6,33.2,Private,B,0
62,6,37.5,Self-emp,A,0
65,9,42.9,Self-emp,A,0
65,8,37.9,Private,A,0
35,17,30.7,Private,A,1
22,16,45.8,Private,A,1
42,17,34.9,Self-emp,A,1
40,6,57.4,Private,A,0
18,19,32.2,Private,B,1
28,13,38.9,Private,B,1
18,7,44.0,Govt,A,0
22,18,23.9,Private,A,1
62,16,47.7,Govt,A,1
46,14,29.5,Private,A,1
50,17,39.5,Private,A,1
52,10,35.2,Private,A,0
20,18,39.9,Self-emp,A,1
48,7,53.6,Private,B,0
58,17,32.0,Private,B,1
35,14,40.1,Govt,A,1
26,16,23.7,Private,A,0
69,9,53.5,Private,B,1
60,8,31.7,Private,B,0
40,8,41.1,Private,A,0
56,13,48.2,Private,A,1
58,17,35.8,Private,A,1
47,6,32.3,Private,A,0
46,9,44.7,Govt,A,0
18,9,48.2,Private,A,0
38,18,42.1,Private,A,1
60,19,55.1,Private,A,1
44,12,36.4,Private,A,0
40,19,42.4,Private,A,1
34,15,45.5,Private,B,1
45,10,39.2,Private,A,0
54,9,30.9,Govt,B,0
27,16,42.0,Private,B,1
47,15,41.9,Govt,A,1
35,9,45.5,Private,B,0
34,9,36.0,Private,B,0
40,15,41.6,Private,A,1
63,17,40.8,Private,A,1
58,6,44.0,Private,A,0
40,17,43.7,Self-emp,A,1
22,9,52.2,Govt,A,0
58,17,42.0,Private,A,1
22,14,48.9,Private,B,1
28,9,51.5,Private,A,0
35,11,45.6,Private,A,0
55,18,29.0,Private,A,1
39,12,43.3,Self-emp,A,1
58,14,35.2,Private,A,0
61,15,23.0,Govt,B,1
29,13,42.5,Private,A,0
33,8,37.2,Govt,B,0
42,12,30.9,Private,B,0
30,9,51.9,Govt,B,0
23,7,32.4,Govt,A,0
61,7,53.6,Private,B,0
44,16,44.8,Private,A,1
60,10,28.2,Private,B,0
28,6,40.8,Private,B,0
59,13,49.7,Private,A,0
19,11,56.5,Govt,B,0
35,12,32.5,Private,A,1
21,10,40.7,Self-emp,A,0
39,10,41.9,Private,A,0
29,6,43.2,Private,A,0
56,16,54.0,Private,A,1
21,18,44.8,Private,A,1
56,11,39.6,Govt,A,0
46,17,53.0,Private,B,1
26,8,56.2,Govt,B,0
25,7,42.9,Govt,A,0
47,17,37.1,Govt,A,1
39,6,50.1,Private,B,0
59,6,59.4,Private,B,0
35,15,41.0,Private,B,1
47,12,53.3,Private,A,1
48,11,40.3,Self-emp,A,1
43,10,40.6,Private,A,0
57,17,33.5,Private,A,1
62,9,41.2,Private,A,0
45,19,35.2,Private,A,1
54,10,29.6,Private,A,0
68,6,40.8,Govt,A,0
54,11,47.5,Private,A,1
31,14,32.1,Private,B,0
63,19,47.3,Private,A,1
26,6,55.3,Govt,A,0
42,10,33.2,Private,A,0
59,12,33.5,Govt,B,0
25,13,39.4,Private,A,1
53,18,36.7,Private,A,1
54,17,38.3,Private,A,1
41,11,43.3,Private,A,0
26,12,37.3,Private,A,0
60,14,48.6,Private,A,1
27,16,36.4,Govt,B,1
35,19,44.6,Private,B,1
23,19,47.6,Govt,A,1
58,11,44.9,Self-emp,A,1
57,10,38.3,Private,A,0
26,12,45.7,Private,A,0
68,7,44.3,Private,B,0
34,9,50.6,Private,A,0
56,11,30.6,Private,A,0
19,15,39.5,Private,A,1
61,14,40.8,Govt,A,1
66,14,30.8,Govt,B,1
19,6,40.1,Govt,B,0
44,18,31.6,Private,A,1
45,19,43.2,Private,B,1
33,16,19.2,Self-emp,A,1
39,6,46.6,Private,A,0
28,11,45.0,Govt,A,0
53,9,43.4,Private,B,0
36,12,38.3,Private,A,1
53,18,44.6,Private,A,1
47,12,51.3,Private,A,0
24,9,44.1,Govt,B,0
52,6,39.2,Govt,A,0
32,10,34.7,Private,B,0
47,11,40.9,Private,A,0
62,18,35.7,Private,A,1
49,19,48.7,Private,A,1
23,9,25.7,Private,A,0
26,8,50.0,Private,B,0
65,16,44.0,Private,A,1
31,6,35.7,Private,A,0
37,19,44.8,Private,B,1
66,7,56.4,Private,A,0
44,8,39.3,Private,A,0
49,16,31.1,Private,A,1
64,8,47.1,Private,B,0
62,16,32.2,Private,B,1
32,19,20.1,Self-emp,A,1
56,12,40.7,Private,B,1
19,18,48.3,Private,B,1
42,19,43.4,Private,A,1
52,18,30.3,Private,A,1
57,7,35.6,Govt,A,0
37,18,40.9,Private,B,1
39,13,35.0,Govt,B,0
29,11,43.4,Private,A,0
58,10,33.0,Govt,A,0
69,7,44.2,Govt,A,0
63,14,24.6,Private,A,1
53,16,29.6,Private,A,1
31,10,38.9,Govt,A,0
67,10,39.2,Private,A,1
31,10,36.0,Private,A,0
23,7,39.4,Private,A,0
51,8,41.7,Govt,A,0
36,11,35.9,Govt,A,1
59,6,41.7,Private,A,0
29,8,43.0,Govt,A,0
46,16,35.5,Private,B,1
38,16,42.0,Private,B,1
37,11,31.6,Private,A,0
35,11,37.7,Private,A,0
66,9,50.6,Govt,A,1
18,12,44.8,Self-emp,B,0
49,19,42.5,Private,A,1
64,14,33.2,Private,B,1
38,10,40.6,Govt,A,0
41,17,42.5,Private,A,1
27,17,29.3,Self-emp,B,1
26,7,32.6,Private,A,0
58,16,52.0,Private,B,1
58,10,51.1,Private,B,0
45,11,27.4,Self-emp,A,0
50,11,32.7,Private,A,0
26,6,51.5,Private,A,0
22,9,35.3,Private,A,0
60,10,38.7,Govt,A,0
32,16,39.5,Govt,A,1
42,17,48.8,Private,B,1
49,18,35.2,Private,A,1
21,9,47.4,Govt,A,0
32,19,38.3,Govt,B,1
40,18,23.2,Private,A,1
21,13,28.9,Private,A,0
39,8,33.3,Govt,A,0
55,17,31.9,Private,A,1
67,8,52.7,Private,B,0
31,13,58.6,Private,A,1
34,6,38.7,Private,A,0
50,6,45.2,Private,A,0
69,11,34.3,Private,A,1
52,7,52.7,Private,B,0
32,10,43.0,Private,A,0
49,11,61.6,Private,A,1
52,15,32.8,Govt,A,1
40,10,44.6,Private,A,1
30,17,47.2,Private,A,1
41,10,52.2,Private,B,1
44,13,34.1,Self-emp,A,1
39,18,44.1,Private,A,1
60,9,47.9,Private,A,0
24,19,28.2,Private,A,1
64,14,50.9,Private,A,1
32,15,35.0,Private,A,0
68,15,40.6,Govt,A,1
62,16,41.5,Private,B,1
31,17,35.7,Govt,A,0
34,19,35.0,Govt,B,1
63,7,50.8,Private,A,0
38,10,43.2,Govt,A,0
48,15,57.4,Self-emp,B,1
55,10,41.6,Govt,B,0
29,18,32.8,Private,A,1
28,7,42.4,Private,A,0
66,11,30.1,Private,A,0
54,17,44.8,Govt,B,1
19,13,35.8,Private,A,1
36,14,28.2,Private,A,0
28,13,33.2,Private,A,1
54,16,36.2,Govt,B,1
59,10,44.4,Private,B,0
27,15,48.8,Self-emp,B,1
37,13,46.8,Govt,B,1
25,19,39.0,Private,A,1
62,17,31.9,Govt,A,1
69,10,43.4,Private,A,0
45,14,48.2,Private,A,1
32,13,43.1,Private,A,1
43,9,53.7,Private,A,0
60,9,43.1,Private,A,1
22,14,35.7,Private,A,1
56,17,44.8,Private,A,1
44,15,30.3,Private,B,1
25,7,36.3,Self-emp,A,0
22,19,35.4,Private,A,1
60,10,42.1,Private,A,0
50,6,28.2,Private,B,0
64,11,42.4,Govt,A,0
60,14,24.5,Private,A,1
63,8,45.8,Self-emp,A,0
67,15,40.8,Private,A,1
69,10,26.6,Private,B,0
36,15,41.3,Private,B,1
30,13,37.4,Self-emp,A,1
69,18,45.2,Private,A,1
28,7,30.2,Private,A,0
20,15,36.0,Private,A,1
49,19,54.8,Govt,B,1
69,19,24.8,Private,B,1
40,7,37.1,Self-emp,A,0
66,9,51.5,Private,A,0
29,7,43.8,Private,A,0
38,6,40.7,Private,A,0
36,11,52.1,Self-emp,B,1
58,18,56.7,Private,A,1
65,9,30.4,Private,A,0
54,15,42.6,Private,A,1
49,18,30.9,Govt,A,1
57,7,55.6,Private,A,1
62,18,31.6,Private,A,1
56,13,34.6,Private,A,0
26,6,30.2,Private,A,0
48,16,27.0,Private,B,1
57,9,36.9,Private,A,0
50,15,41.3,Private,A,1
35,15,33.4,Private,A,1
67,7,34.8,Govt,A,0
37,7,24.5,Govt,B,0
69,14,31.4,Private,B,1
47,8,59.3,Private,A,0
23,17,34.4,Private,B,1
62,11,31.3,Self-emp,B,0
20,19,38.7,Govt,A,1
66,14,34.0,Private,A,1
37,19,46.1,Private,A,1
66,19,41.2,Govt,B,1
64,14,47.3,Private,A,1
55,18,39.4,Private,A,1
66,15,37.1,Private,A,1
26,19,39.8,Private,A,1
24,11,42.5,Self-emp,A,1
60,11,43.8,Private,A,1
65,19,39.2,Private,A,1
41,17,51.9,Private,A,1
39,14,48.3,Private,A,1
68,16,33.5,Govt,A,1
19,8,54.2,Govt,A,0
69,10,39.4,Private,A,0
54,16,30.3,Private,A,1
22,6,50.6,Private,A,0
29,7,39.4,Private,A,0
37,16,42.1,Govt,A,1
35,8,39.1,Private,A,0
38,12,42.4,Govt,B,1
57,15,41.2,Private,A,1
56,14,41.9,Self-emp,A,1
43,15,45.7,Private,A,1
37,12,31.5,Private,A,0
48,6,36.7,Self-emp,B,0
40,10,52.4,Private,A,0
45,18,27.9,Self-emp,B,1
68,17,37.7,Govt,A,1
27,14,48.6,Private,A,1
69,17,53.6,Private,B,1
33,19,44.5,Private,A,1
51,17,30.6,Private,B,1
32,19,41.2,Govt,A,1
46,19,48.1,Private,A,1
44,13,35.7,Govt,A,1
33,15,50.7,Private,B,1
26,14,22.7,Private,B,0
31,19,47.0,Private,A,1
23,16,31.7,Private,A,1
35,13,44.3,Private,A,0
55,17,33.0,Private,B,1
63,19,44.5,Govt,A,1
26,12,38.1,Private,A,0
46,18,37.2,Private,A,1
26,18,31.0,Private,A,1
58,18,51.4,Private,A,1
19,18,41.4,Govt,B,1
22,14,36.1,Private,A,1
27,11,39.0,Private,B,1
26,7,38.9,Private,A,0
20,10,33.7,Self-emp,A,0
18,19,24.9,Govt,A,1
42,18,44.3,Self-emp,A,1
26,12,44.9,Self-emp,A,1
56,15,36.1,Private,B,0
32,13,28.2,Private,A,0
53,17,40.3,Private,A,1
56,11,41.3,Private,A,0
22,16,39.8,Private,A,1
22,11,31.5,Private,B,0
36,15,50.8,Private,A,1
50,7,53.5,Private,A,0
67,16,54.9,Private,A,1
63,7,41.9,Govt,B,0
53,18,51.2,Private,B,1
41,7,38.0,Private,B,0
61,10,55.5,Self-emp,A,1
21,6,26.4,Private,B,0
18,13,43.1,Private,B,0
29,19,36.9,Private,A,1
55,7,44.0,Self-emp,B,0
53,12,59.5,Private,B,0
54,16,45.2,Private,A,1
39,17,45.8,Govt,B,1
40,18,46.9,Private,A,1
21,11,36.2,Private,B,0
30,15,58.4,Govt,B,1
20,16,41.9,Self-emp,A,1
48,17,48.6,Private,B,1
33,6,39.1,Private,A,0
53,15,35.0,Private,B,1
50,10,36.2,Private,A,0
24,19,43.7,Govt,A,1
44,15,29.3,Private,B,1
57,11,33.6,Self-emp,A,0
45,15,42.7,Private,A,1
57,19,26.9,Private,B,1
27,19,29.8,Self-emp,B,1
20,8,57.3,Private,A,0
24,6,29.3,Private,B,0
67,13,37.7,Private,A,1
56,16,31.6,Private,A,1
40,19,42.7,Private,A,1
25,16,53.6,Private,A,1
55,17,49.9,Private,B,0
67,6,35.1,Private,A,0
61,19,53.8,Private,B,1
53,15,46.0,Private,B,1
60,7,41.2,Private,B,0
35,10,32.8,Private,A,0
18,13,36.4,Private,A,1
59,9,56.7,Private,B,0
28,17,54.5,Govt,A,1
27,17,43.1,Private,B,1
39,10,35.6,Govt,B,0
51,16,42.8,Self-emp,A,1
60,18,32.8,Private,A,1
63,15,40.7,Private,A,1
41,8,40.8,Govt,A,0
38,9,38.8,Private,A,0
47,10,32.4,Private,A,1
29,13,41.7,Private,A,0
63,17,33.8,Private,B,1
20,9,47.9,Private,A,0
56,8,31.0,Private,A,0
52,11,41.6,Govt,A,0
64,8,35.2,Private,A,0
47,16,55.6,Private,A,1
57,11,40.7,Private,A,0
27,12,38.7,Private,B,0
29,18,51.2,Private,A,1
67,13,24.0,Private,B,0
69,18,32.8,Private,B,1
37,16,43.6,Private,A,1
39,15,49.2,Private,A,1
45,17,34.5,Private,A,1
24,6,26.6,Private,A,0
59,14,52.2,Govt,B,1
34,19,41.2,Private,A,1
23,15,47.9,Private,A,1
35,7,52.2,Govt,A,0
28,6,50.0,Private,A,0
28,11,37.0,Private,A,1
32,14,45.2,Private,A,1
42,19,45.1,Private,A,1
52,10,41.2,Private,A,0
23,8,34.3,Private,A,0
48,14,43.5,Private,B,1
49,7,41.3,Govt,A,0
36,14,43.1,Private,A,1
57,14,44.6,Private,A,1
64,9,52.6,Private,A,0
25,9,24.6,Private,A,0
68,11,34.2,Private,A,0
44,18,46.7,Private,A,1
50,6,31.0,Private,A,0
67,6,34.8,Private,B,0
43,16,39.9,Govt,B,1
41,7,35.2,Private,A,0
63,7,45.6,Private,B,0
31,18,45.9,Private,A,1
50,18,49.5,Private,B,1
61,11,43.7,Private,A,0
44,6,53.6,Private,A,0
40,6,29.8,Govt,A,0
18,17,32.5,Private,A,1
56,8,43.3,Private,A,0
30,13,33.0,Private,A,0
21,15,48.7,Self-emp,A,1
37,11,32.2,Private,B,0
20,14,41.1,Private,A,1
20,18,51.6,Govt,A,1
31,6,49.2,Private,B,0
53,9,45.8,Private,B,0
24,8,19.8,Private,B,0
31,17,41.7,Private,A,1
50,14,38.6,Private,A,1
65,11,40.7,Private,A,1
50,11,47.4,Private,B,0
50,19,14.8,Private,B,1
47,7,34.1,Private,B,0
62,11,38.3,Private,A,1
36,11,33.6,Private,B,0
51,10,52.5,Private,A,0
30,16,40.6,Self-emp,B,1
19,18,31.5,Private,B,1
60,14,45.6,Private,B,1
63,15,53.5,Private,B,1
47,11,39.0,Govt,A,1
21,15,39.3,Govt,B,0
25,15,46.8,Private,B,0
34,8,42.3,Private,A,0
33,8,37.9,Govt,A,0
50,10,35.8,Private,B,0
29,10,39.6,Private,A,0
27,19,32.7,Private,A,1
37,12,38.5,Private,A,0
38,14,46.1,Private,A,1
47,16,40.4,Private,A,1
39,13,48.3,Private,A,1
36,12,28.3,Private,A,0
59,10,36.2,Private,B,0
31,19,41.8,Self-emp,A,1
46,6,48.5,Private,A,0
44,19,40.2,Govt,B,1
31,13,39.7,Private,A,1
20,16,31.5,Self-emp,A,1
37,17,44.8,Private,B,1
20,8,39.3,Govt,A,0
53,12,42.4,Private,A,0
26,13,27.2,Private,A,0
28,11,51.6,Private,A,1
41,19,32.3,Private,A,1
68,12,38.5,Self-emp,A,1
60,18,39.8,Private,A,1
44,16,52.6,Private,B,0
60,14,35.1,Private,A,0
48,14,32.8,Private,A,0
19,13,48.3,Private,A,0
42,13,43.3,Private,A,1
43,9,55.7,Govt,B,0
59,11,39.2,Private,A,0
45,16,41.2,Self-emp,B,1
44,11,55.3,Private,A,1
26,18,52.6,Self-emp,B,1
18,18,41.7,Govt,A,1
25,16,37.7,Private,A,1
52,18,22.1,Private,A,1
19,16,39.8,Self-emp,A,1
47,18,29.5,Private,A,1
69,9,32.5,Private,A,0
56,14,52.3,Private,B,0
37,18,56.2,Private,A,1
64,6,46.8,Govt,A,0
39,14,26.1,Private,B,0
29,9,31.7,Private,B,0
53,17,40.3,Private,A,1
30,13,53.5,Govt,A,1
43,7,55.4,Private,A,0
34,18,36.6,Self-emp,B,1
58,6,46.5,Private,A,0
25,19,25.0,Private,A,1
28,15,43.4,Private,B,0
51,7,35.3,Private,A,0
64,13,30.8,Private,A,1
55,19,33.2,Self-emp,A,1
48,19,57.4,Private,B,1
62,9,32.0,Private,B,0
27,9,47.8,Private,B,0
23,19,39.5,Govt,A,1
35,17,57.4,Self-emp,A,1
45,16,37.1,Private,A,1
37,9,43.3,Private,A,0
18,11,34.8,Private,A,0
36,16,42.1,Self-emp,B,1
37,16,36.1,Govt,A,1
59,16,35.7,Self-emp,A,1
36,8,42.6,Private,A,0
51,11,35.4,Private,A,0
68,14,36.5,Private,B,0
22,7,44.3,Private,A,0
36,6,45.5,Private,A,0
32,16,34.8,Private,A,1
22,14,43.0,Govt,A,1
51,17,45.4,Govt,A,1
64,9,23.4,Govt,A,0
53,7,36.5,Govt,B,0
47,16,49.4,Private,A,1
52,15,46.6,Private,A,1
26,6,39.9,Govt,A,0
69,8,30.6,Private,B,0
63,19,33.2,Private,B,1
40,13,43.7,Private,A,1
64,9,45.5,Private,B,0
30,19,38.9,Private,A,1
26,10,47.7,Private,A,1
64,15,26.6,Private,A,0
53,19,51.8,Private,A,1
31,7,34.8,Private,B,0
51,10,46.3,Private,B,0
34,18,44.7,Private,B,1
47,12,55.5,Private,A,1
66,10,53.0,Private,A,1
65,13,31.5,Govt,B,1
40,10,29.9,Private,A,0
54,18,29.4,Govt,A,1
40,9,54.6,Govt,B,0
64,19,40.1,Private,A,1
53,9,36.3,Private,A,0
19,7,33.3,Self-emp,B,0
18,12,41.9,Private,A,0
32,15,28.3,Self-emp,A,0
26,17,36.8,Govt,A,1
43,10,16.5,Private,B,0
33,17,38.6,Private,A,1
36,12,35.8,Private,A,1
54,9,31.4,Private,A,0
49,13,38.9,Private,A,1
69,14,46.2,Private,A,1
21,11,53.8,Private,A,0
58,7,46.4,Self-emp,A,0
31,16,40.9,Self-emp,A,1
63,17,35.1,Private,A,1
44,8,53.1,Private,B,0
36,19,36.5,Govt,A,1
37,7,30.4,Private,A,0
40,10,45.7,Self-emp,A,0
31,19,29.7,Private,B,1
64,8,42.0,Self-emp,A,0
19,11,29.3,Self-emp,A,0
45,16,47.6,Govt,A,1
46,19,39.3,Self-emp,B,1
62,12,58.0,Private,B,0
25,15,34.7,Self-emp,A,1
40,17,43.4,Private,A,1
49,17,36.6,Private,B,1
56,12,32.6,Private,A,1
32,9,56.7,Govt,B,0
60,7,54.3,Self-emp,B,0
34,7,41.8,Private,A,0
59,11,48.0,Private,A,1
35,14,31.9,Private,B,1
56,12,49.2,Private,B,0
43,8,52.8,Self-emp,B,0
58,8,45.3,Self-emp,A,1
43,6,48.4,Private,B,0
27,6,41.6,Private,A,0
31,12,41.2,Govt,B,0
24,19,42.9,Private,A,1
65,17,39.3,Private,A,1
68,8,47.7,Private,A,0
47,13,43.2,Private,A,1
53,10,30.6,Govt,B,0
48,18,29.0,Private,A,1
19,7,35.3,Private,A,0
45,9,37.3,Private,B,0
23,14,46.9,Private,A,1
42,17,47.6,Private,A,1
41,8,35.1,Self-emp,A,0
33,17,45.5,Govt,A,1
66,10,42.6,Private,A,0
20,12,32.8,Private,A,0
59,8,36.2,Private,A,0
43,19,35.5,Private,A,1
38,19,45.6,Govt,A,1
48,17,38.0,Private,A,1
65,10,40.4,Private,A,0
52,8,35.2,Private,A,0
30,8,41.1,Private,A,0
58,18,44.3,Private,A,1
49,6,44.6,Private,A,0
63,12,21.3,Private,B,0
24,11,42.1,Govt,A,0
59,8,29.7,Private,A,0
64,10,34.7,Private,A,1
60,19,31.4,Private,B,1
23,10,47.9,Private,B,0
21,7,41.7,Private,A,0
46,17,32.8,Govt,A,1
67,7,33.4,Govt,B,0
45,15,27.7,Private,A,1
53,7,28.9,Private,A,0
69,14,24.4,Govt,B,0
51,18,39.2,Private,A,1
27,18,37.8,Private,A,1
38,6,33.1,Private,A,0
26,19,47.8,Private,A,1
44,12,45.5,Govt,A,0
48,17,46.8,Private,A,1
28,8,24.2,Private,A,0
39,10,46.0,Private,A,1
40,12,57.7,Govt,A,1
45,12,32.7,Govt,A,0
41,15,42.9,Govt,B,1
18,12,40.3,Private,B,0
28,13,34.9,Private,A,0
36,7,45.0,Self-emp,A,0
20,13,53.2,Self-emp,B,1
51,13,36.5,Private,A,1
64,15,33.3,Private,A,1
21,19,36.1,Private,A,1
36,15,57.1,Self-emp,A,1
66,17,46.7,Private,A,1
58,11,27.4,Private,B,0
23,10,42.9,Private,A,0
59,11,46.7,Private,B,0
68,8,55.1,Private,A,0
53,8,37.5,Private,B,0
46,15,41.9,Private,A,1
33,14,42.8,Self-emp,A,0
31,13,38.8,Private,A,1
23,12,50.3,Private,A,0
38,15,31.2,Govt,A,1
53,7,38.4,Private,A,0
51,14,39.0,Private,B,1
63,10,39.6,Private,A,0
49,7,56.3,Private,A,0
50,12,51.0,Private,A,1
20,12,43.4,Private,B,0
62,11,20.3,Govt,A,0
43,14,32.2,Private,A,1
66,13,43.4,Private,A,1
21,11,45.9,Private,B,0
66,7,41.5,Private,A,0
27,11,44.4,Self-emp,B,0
68,13,48.2,Govt,A,1
44,11,39.8,Private,A,1
57,15,34.7,Govt,A,1
18,14,43.8,Self-emp,B,0
38,6,46.6,Private,A,0
39,18,48.0,Private,A,1
44,7,23.3,Self-emp,B,0
57,18,48.6,Private,A,1
43,18,52.9,Private,A,1
23,15,43.9,Govt,A,1
19,19,43.2,Govt,A,1
19,17,27.0,Govt,A,1
58,18,46.5,Govt,B,1
37,12,37.2,Private,A,1
26,15,49.9,Govt,B,1
55,18,34.8,Private,A,1
26,7,53.0,Private,A,0
45,6,47.7,Govt,A,0
45,14,49.3,Private,A,1
46,19,64.7,Govt,B,1
24,7,24.6,Private,A,0
43,14,42.4,Private,A,1
31,16,41.4,Govt,A,1
46,15,43.4,Private,A,1
46,11,28.5,Private,A,1
48,12,36.0,Private,A,0
50,12,36.0,Private,A,1
65,17,23.8,Private,B,1
56,14,40.1,Private,A,1
24,13,24.7,Govt,A,1
67,18,44.7,Govt,A,1
64,19,24.1,Govt,A,1
53,14,22.0,Private,B,1
43,16,40.6,Govt,A,1
28,19,40.7,Govt,A,1
66,12,48.0,Private,A,0
62,12,34.4,Private,B,0
68,9,27.5,Private,A,0
18,8,54.8,Private,B,0
65,11,37.9,Govt,B,0
68,9,46.4,Govt,A,0
51,7,32.8,Govt,A,0
37,12,44.7,Private,B,0
24,18,31.9,Govt,A,1
30,18,43.3,Govt,A,1
51,16,40.0,Private,A,1
54,14,61.4,Private,A,1
44,7,37.1,Private,B,0
67,8,37.0,Private,A,0
56,17,28.8,Private,A,1
26,9,41.1,Private,B,0
28,16,44.8,Private,A,1
21,12,36.1,Self-emp,B,0
47,12,49.3,Govt,A,1
18,12,48.4,Private,B,0
25,15,42.5,Govt,A,1
43,7,42.9,Private,B,0
39,11,42.4,Private,A,0
39,10,49.1,Private,A,0
52,15,42.2,Govt,B,1
57,6,48.5,Govt,A,0
68,7,33.6,Private,A,0
63,18,43.4,Govt,A,1
51,12,37.9,Private,A,0
28,16,39.7,Govt,B,1
26,6,45.9,Govt,A,0
49,17,26.9,Private,A,1
20,12,27.4,Govt,A,0
26,19,42.3,Govt,A,1
59,11,52.3,Private,A,0
55,17,40.0,Private,A,1
36,11,33.2,Private,B,1
34,17,56.2,Private,A,1
51,8,52.9,Private,A,0
42,13,55.0,Self-emp,B,1
68,6,30.7,Govt,A,0
51,15,44.0,Private,B,1
35,16,31.2,Private,A,1
34,12,33.1,Private,A,0
20,6,30.3,Govt,B,0
32,14,43.7,Private,A,1
64,12,29.4,Private,A,1
65,16,51.4,Private,A,1
21,8,55.9,Self-emp,A,0
31,14,33.0,Self-emp,A,1
25,12,37.6,Private,A,1
66,8,31.8,Private,A,0
58,9,37.9,Private,A,0
48,19,42.1,Self-emp,B,1
55,12,49.1,Self-emp,A,0
32,10,42.4,Govt,A,0
19,14,43.8,Private,A,1
22,7,22.0,Private,A,0
41,12,47.3,Govt,A,1
64,16,38.9,Private,B,1
66,12,33.4,Private,A,0
58,18,48.4,Private,B,1
57,9,48.8,Private,A,1
30,6,38.6,Private,A,0
48,14,40.3,Private,A,1
27,12,23.2,Private,B,0
34,9,43.1,Private,A,0
50,9,36.5,Private,A,0
59,10,30.9,Private,A,0
22,7,32.1,Private,A,0
28,19,41.9,Private,A,1
31,8,31.6,Private,B,0
59,10,35.2,Govt,A,0
43,19,22.3,Govt,A,1
42,12,35.3,Private,A,0
33,11,38.2,Private,A,1
59,15,35.8,Private,A,1
33,6,40.1,Private,B,0
19,19,68.0,Private,A,1
39,13,30.7,Private,A,1
20,7,34.7,Private,B,0
22,16,29.4,Private,A,1
69,18,47.1,Private,A,1
60,7,35.6,Self-emp,A,0
34,10,30.2,Govt,A,0
23,11,50.5,Private,B,0
28,16,36.2,Private,B,1
28,7,37.2,Private,B,0
37,19,51.4,Private,A,1
63,16,39.4,Private,A,1
58,17,28.2,Govt,A,1
35,17,44.9,Govt,A,1
59,8,36.4,Govt,B,0
64,16,47.6,Govt,A,1
39,18,36.2,Private,B,1
47,18,46.1,Govt,A,1
37,9,46.3,Self-emp,A,1
34,14,48.5,Private,A,1
36,11,51.8,Private,B,0
43,15,25.3,Private,B,0
59,18,47.8,Private,A,1
28,8,31.8,Private,A,0
22,8,52.0,Private,A,0
43,15,33.9,Govt,A,1
65,11,31.8,Private,A,0
32,9,34.7,Govt,A,0
40,18,42.7,Govt,A,1
33,17,42.5,Govt,B,1
52,11,55.1,Private,A,0
54,8,28.0,Private,A,0
33,12,27.1,Private,A,1
51,19,44.8,Private,B,1
20,7,47.3,Private,A,0
55,12,50.7,Self-emp,A,0
62,11,45.5,Private,A,1
46,10,31.2,Govt,A,0
25,12,30.2,Private,A,1
47,8,39.9,Private,A,0
56,16,37.2,Private,A,1
47,16,36.8,Private,A,1
42,16,31.9,Private,B,0
27,14,25.6,Private,A,1
29,12,36.8,Private,B,0
43,14,20.9,Private,A,0
19,19,47.0,Private,A,1
32,12,39.5,Private,B,0
55,17,45.3,Private,A,1
36,15,37.6,Private,A,1
64,7,22.0,Private,B,0
53,8,35.8,Private,A,0
23,18,40.9,Private,A,1
52,16,40.0,Govt,B,1
50,9,40.8,Private,B,0
40,17,60.5,Private,B,1
52,16,31.9,Self-emp,A,1
26,12,45.5,Private,A,1
36,10,33.9,Private,A,0
63,19,51.0,Self-emp,A,1
55,6,48.5,Govt,A,0
22,19,42.9,Private,A,1
32,12,50.8,Private,B,0
43,14,59.7,Private,A,0
33,18,37.2,Private,A,1
39,14,31.8,Private,A,0
53,13,38.3,Private,B,0
69,15,31.8,Private,B,1
55,16,44.6,Private,B,0
46,14,40.6,Private,B,1
34,15,39.0,Govt,A,1
43,8,51.5,Govt,B,0
42,13,38.6,Private,B,0
21,15,44.1,Private,A,1
29,15,28.4,Private,A,1
39,17,32.0,Self-emp,B,1
39,16,28.5,Private,A,1
60,18,32.9,Private,B,1
33,8,54.3,Private,A,0
34,12,33.6,Private,A,0
69,12,54.4,Govt,A,1
19,11,47.6,Govt,A,1
29,15,47.8,Private,A,1
69,14,56.6,Private,A,1
43,6,36.8,Private,B,0
49,17,31.2,Private,A,1
51,17,35.7,Govt,A,1
68,12,37.9,Private,A,0
55,17,40.1,Govt,A,1
59,6,31.0,Govt,A,0
26,13,34.7,Private,B,0
56,7,34.7,Private,A,0
32,15,42.5,Self-emp,A,1
35,10,36.4,Private,B,0
22,14,33.7,Private,A,1
34,8,50.3,Private,B,0
22,10,44.4,Private,A,0
25,8,43.9,Private,A,0
57,11,29.7,Private,A,1
66,6,39.1,Private,A,0
59,14,36.5,Private,A,1
34,17,30.9,Govt,A,1
53,18,31.2,Private,A,1
39,14,32.7,Private,A,0
49,14,31.6,Private,A,0
60,17,44.7,Private,A,1
54,15,28.9,Private,A,1
68,14,55.4,Private,A,1
31,10,38.0,Private,A,0
32,7,47.7,Govt,A,0
30,16,36.0,Private,A,1
38,13,54.9,Private,B,1
32,9,43.5,Private,A,0
56,13,26.1,Private,A,0
66,14,42.2,Govt,A,1
66,11,54.5,Private,A,0
24,12,32.3,Private,A,1
61,17,36.1,Private,A,1
51,6,48.4,Private,A,0
38,8,46.1,Private,A,0
30,13,31.2,Govt,B,0
35,19,43.9,Private,A,1
39,19,31.9,Govt,A,1
34,13,38.8,Self-emp,A,1
41,17,32.2,Private,B,1
23,11,44.5,Private,A,1
42,19,41.6,Private,A,1
66,13,43.9,Private,A,0
65,12,43.1,Private,B,0
46,18,41.4,Private,A,1
41,14,47.5,Private,A,1
26,15,41.8,Private,A,1
64,15,34.2,Private,A,1
60,13,36.8,Private,B,0
53,10,29.4,Private,A,0
27,7,27.6,Private,B,0
66,19,41.1,Self-emp,A,1
41,14,39.1,Govt,A,0
60,17,41.7,Govt,B,1
67,9,33.8,Private,B,0
23,6,31.7,Self-emp,A,0
60,18,49.8,Govt,B,1
42,6,31.3,Private,A,0
63,6,57.9,Private,B,0
36,7,40.3,Govt,B,0
46,15,36.7,Private,A,1
26,19,39.0,Govt,A,1
22,19,54.4,Self-emp,A,1
24,14,35.8,Self-emp,B,1
58,6,37.5,Private,A,0
42,13,56.5,Private,B,1
31,12,35.6,Govt,A,1
55,18,38.5,Govt,B,1
59,16,32.0,Private,A,0
39,6,44.3,Govt,B,0
24,16,38.5,Private,A,1
41,7,41.1,Private,A,0
40,9,33.6,Self-emp,A,0
35,7,40.0,Govt,A,0
29,18,44.8,Govt,A,1
48,16,43.6,Private,B,1
34,9,52.6,Private,B,0
59,10,36.3,Private,A,1
57,16,41.3,Private,A,1
69,17,37.4,Self-emp,A,1
60,12,44.2,Private,A,0
56,13,33.0,Private,B,0
35,7,40.4,Private,B,0
32,10,55.2,Private,B,0
64,7,37.9,Self-emp,A,0
22,6,36.8,Private,B,0
38,11,38.4,Private,A,0
29,14,45.1,Private,A,1
23,17,47.1,Private,A,1
58,12,27.2,Self-emp,A,0
35,10,30.5,Private,A,0
56,13,59.3,Private,A,1
67,10,34.5,Private,B,0
31,16,50.6,Private,A,1
41,13,52.5,Private,A,1
41,18,38.7,Private,A,1
40,13,34.2,Private,A,0
61,15,48.9,Private,A,1
52,18,30.2,Self-emp,B,1
19,10,38.0,Govt,B,0
45,19,41.3,Self-emp,B,1
69,12,32.3,Private,A,0
46,19,41.7,Govt,B,1
37,8,52.8,Private,A,0
58,19,40.1,Govt,B,1
31,9,35.5,Private,B,0
69,16,56.8,Private,A,1
52,11,55.5,Private,A,0
54,13,43.8,Govt,A,1
29,8,42.4,Private,A,0
68,10,40.8,Govt,B,0
53,16,50.0,Private,B,1
58,16,32.6,Govt,A,1
28,10,46.2,Private,A,0
55,10,21.2,Private,B,0
27,14,33.6,Govt,B,1
65,6,47.1,Private,B,0
32,7,30.3,Self-emp,A,0
34,10,46.0,Private,A,1
22,12,31.8,Self-emp,B,0
25,14,42.9,Private,A,1
61,6,43.9,Private,A,0
48,14,26.4,Private,A,1
42,18,51.4,Govt,A,1
38,14,47.9,Govt,A,1
68,9,41.8,Self-emp,A,0
60,14,29.8,Private,A,1
57,14,30.4,Private,A,1
41,7,33.3,Self-emp,B,0
22,10,32.9,Private,A,0
51,8,54.9,Private,A,0
61,7,47.2,Private,B,0
50,14,41.5,Private,A,1
29,13,36.1,Govt,A,1
57,13,47.2,Govt,B,0
40,7,35.5,Govt,A,0
28,14,56.9,Govt,B,1
32,16,22.5,Private,A,1
55,17,44.4,Private,A,1
44,11,28.4,Private,A,0
26,11,45.4,Govt,A,1
48,19,33.7,Private,A,1
44,6,41.5,Self-emp,B,0
40,11,44.2,Private,A,1
25,9,31.7,Private,B,0
58,19,32.7,Govt,A,1
37,15,51.1,Private,A,1
45,11,48.6,Private,B,0
41,13,37.3,Private,A,1
36,15,20.6,Private,A,1
62,16,42.8,Govt,A,1
25,6,34.9,Private,A,0
50,13,34.6,Private,A,0
54,19,60.0,Private,B,1
39,8,40.4,Private,A,0
65,10,43.8,Private,A,0
45,14,33.8,Private,A,1
20,15,34.3,Private,A,1
28,15,50.2,Govt,B,0
32,6,57.4,Private,A,0
64,8,39.4,Private,B,0
29,18,39.5,Private,A,1
38,19,47.2,Private,A,1
34,9,31.2,Private,B,0
45,13,41.4,Private,A,1
30,10,33.9,Private,A,0
65,6,47.3,Private,A,0
65,17,40.2,Private,A,1
47,15,38.5,Private,A,1
33,14,43.8,Govt,A,1
52,17,46.7,Private,A,1
34,16,14.3,Private,B,1
20,12,42.4,Private,A,1
64,8,49.5,Private,A,0
19,7,35.2,Self-emp,A,0
41,8,50.3,Govt,A,0
20,6,31.1,Private,A,0
56,17,38.8,Self-emp,A,1
26,9,40.3,Private,A,0
69,16,34.2,Private,A,1
67,16,43.8,Private,B,1
64,15,32.4,Private,A,0
39,17,36.0,Private,A,1
34,8,44.1,Private,A,0
29,6,40.3,Self-emp,A,0
63,7,41.9,Private,A,0
65,8,37.1,Private,B,0
37,9,36.7,Private,A,1
52,12,63.8,Private,A,1
25,10,30.2,Govt,A,0
69,10,43.0,Self-emp,A,0
42,13,44.2,Private,A,1
43,10,33.7,Private,B,0
61,11,50.6,Private,A,0
30,8,45.3,Govt,B,0
50,10,41.4,Private,A,0
48,8,34.3,Private,A,0
53,6,39.9,Private,A,0
22,17,43.5,Private,A,1
44,17,44.3,Private,A,1
32,10,35.2,Govt,A,0
43,12,52.6,Private,B,0
26,11,42.7,Private,A,1
42,8,43.0,Private,A,0
22,14,40.9,Govt,A,0
62,15,41.8,Govt,A,1
45,14,46.4,Private,A,0
30,8,40.5,Private,A,0
23,17,33.0,Private,A,1
27,7,21.9,Self-emp,A,0
55,18,42.5,Self-emp,A,1
57,19,48.1,Private,A,1
30,8,40.3,Private,A,0
31,11,35.7,Govt,A,0
50,14,46.1,Private,A,0
52,8,41.2,Private,A,0
38,16,42.3,Govt,B,1
53,19,49.7,Private,A,1
53,19,30.4,Private,A,1
63,19,31.8,Private,A,1
20,16,31.9,Private,A,1
23,10,33.8,Self-emp,A,0
69,6,41.9,Self-emp,A,0
60,7,27.1,Private,A,0
64,16,51.2,Self-emp,A,1
60,13,49.4,Govt,A,1
26,18,67.7,Private,B,1
49,9,31.9,Private,B,0
37,12,34.5,Private,A,1
30,13,48.8,Self-emp,A,1
25,17,41.7,Private,A,1
50,11,29.1,Private,B,0
43,12,37.6,Self-emp,B,0
56,7,25.1,Private,B,0
41,9,25.6,Private,B,0
35,13,35.5,Govt,A,1
69,11,37.3,Self-emp,A,1
66,7,11.3,Private,B,0
68,14,42.3,Private,A,1
30,17,29.0,Private,A,1
20,10,39.5,Private,B,0
43,15,44.3,Private,A,1
34,9,33.6,Private,A,0
49,14,35.4,Private,A,1
31,12,48.1,Govt,A,1
50,7,44.8,Private,B,0
53,9,40.6,Govt,A,0
52,6,28.5,Private,A,0
63,8,44.0,Private,A,0
52,7,53.9,Private,A,0
19,14,27.3,Private,B,1
65,8,39.7,Govt,B,0
22,7,33.6,Govt,A,0
24,9,46.3,Self-emp,A,0
64,11,47.6,Private,A,0
55,12,31.8,Govt,A,0
53,7,38.6,Private,A,0
52,11,36.6,Private,A,0
55,14,39.2,Private,A,1
48,19,38.1,Govt,A,1
24,8,40.4,Govt,A,0
34,19,36.8,Private,A,1
26,6,29.0,Govt,B,0
43,10,36.0,Private,A,0
66,12,16.5,Private,A,0
60,10,25.9,Private,B,0
23,15,38.4,Private,B,1
27,14,55.7,Private,A,1
63,15,29.3,Govt,A,0
38,10,48.9,Private,A,0
30,17,43.3,Private,A,1
49,19,40.4,Private,A,1
39,11,39.4,Govt,B,0
66,18,38.6,Private,A,1
40,18,42.5,Private,B,1
52,9,43.1,Private,B,0
35,16,38.6,Private,A,1
57,12,48.4,Govt,A,0
30,9,46.8,Private,B,0
54,19,38.5,Private,A,1
45,15,38.4,Private,A,1
51,8,49.5,Private,A,0
68,8,38.0,Govt,A,0
41,15,39.0,Private,B,1
37,16,43.2,Private,A,1
67,6,44.8,Private,A,0
49,18,30.9,Private,A,1
49,16,40.0,Private,A,1
35,10,50.7,Self-emp,A,0
63,7,47.7,Private,A,0
21,10,34.3,Private,A,0
59,18,37.9,Private,A,1
24,13,38.7,Private,A,1
33,13,47.7,Private,A,1
20,16,50.1,Private,A,1
69,11,45.0,Govt,A,0
23,9,44.6,Private,A,0
32,12,34.8,Private,A,1
25,18,38.4,Private,A,1
52,10,36.3,Private,A,0
31,8,53.5,Private,B,0
38,18,37.5,Private,A,1
37,13,52.1,Private,A,1
22,11,42.4,Private,B,0
47,7,20.3,Govt,A,0
44,10,40.7,Govt,B,0
59,12,30.5,Self-emp,A,0
37,16,62.3,Govt,B,1
37,9,36.8,Self-emp,A,0
53,8,55.7,Govt,B,0
51,15,41.9,Govt,A,0
50,18,36.4,Private,B,1
28,12,34.9,Private,A,0
55,7,19.4,Private,B,0
31,13,32.6,Govt,A,1
38,18,41.1,Private,A,1
52,18,43.8,Govt,A,1
39,17,39.8,Private,A,1
35,15,47.4,Private,A,1
18,6,42.1,Private,A,0
50,13,34.7,Self-emp,A,1
34,12,41.3,Private,A,0
38,8,46.4,Private,A,0
34,10,30.3,Private,A,0
69,13,33.5,Private,A,1
32,18,33.6,Private,B,1
25,7,42.6,Govt,A,0
24,9,47.1,Private,B,1
34,13,41.3,Private,A,1
30,14,51.3,Private,B,1
22,8,30.2,Private,B,0
63,14,42.3,Self-emp,A,1
41,9,26.9,Self-emp,A,0
25,6,39.5,Private,A,0
63,14,30.3,Private,A,1
18,12,42.1,Private,B,0
42,15,39.0,Private,B,1
31,11,33.4,Private,B,0
68,12,40.0,Private,A,1
26,10,53.6,Private,A,0
20,10,42.2,Private,A,0
40,14,38.4,Private,A,1
52,8,42.4,Private,A,0
44,12,47.1,Self-emp,A,1
34,7,34.8,Private,A,1
48,10,35.5,Govt,B,0
56,8,43.0,Private,A,0
35,12,49.1,Private,B,0
54,8,34.3,Private,B,0
36,14,47.8,Private,A,1
51,15,50.6,Govt,A,1
45,19,51.6,Private,A,1
22,12,43.7,Private,B,0
59,19,56.2,Govt,B,1
54,13,60.1,Private,B,1
51,9,37.9,Govt,B,0
61,16,47.9,Private,B,1
40,9,36.1,Private,A,0
69,7,34.8,Private,A,0
55,6,16.3,Private,A,0
29,19,20.2,Private,B,1
38,11,51.4,Private,B,0
31,10,36.5,Private,A,1
26,7,50.7,Private,B,0
65,18,39.1,Private,A,1
45,7,26.3,Private,A,0
31,7,33.4,Private,A,0
53,10,41.4,Private,A,0
31,10,35.4,Private,B,0
64,16,41.5,Private,A,1
67,7,42.7,Private,A,0
61,6,38.8,Private,B,0
23,8,37.8,Govt,A,0
29,8,43.3,Private,A,0
58,10,36.3,Private,A,1
38,13,48.7,Private,B,1
55,7,41.6,Govt,A,0
49,19,37.6,Private,A,1
65,9,37.4,Private,A,0
69,18,16.2,Private,A,1
26,10,37.6,Private,A,0
64,9,44.2,Private,A,0
67,6,28.2,Private,A,0
64,12,35.5,Private,A,1
26,11,47.1,Govt,A,0
30,18,49.2,Govt,A,1
62,14,43.1,Private,A,1
38,7,45.7,Private,B,0
27,18,47.0,Private,B,1
53,13,48.4,Govt,A,1
56,8,29.5,Govt,A,0
57,12,38.1,Private,A,0
30,19,46.7,Private,B,1
69,7,43.1,Private,A,0
26,8,26.0,Private,A,0
39,18,30.5,Private,A,1
30,17,45.6,Private,A,1
23,18,20.0,Govt,B,1
35,16,33.5,Govt,A,1
38,16,39.4,Self-emp,B,0
23,8,35.8,Govt,A,0
34,14,34.5,Private,A,1
18,17,41.2,Private,B,1
49,7,44.0,Private,A,0
30,6,38.8,Self-emp,A,0
66,17,42.7,Govt,B,1
29,10,35.8,Govt,A,0
42,17,27.6,Private,A,1
46,19,49.4,Private,A,1
35,7,40.9,Private,A,0
23,14,30.6,Private,B,1
44,6,37.2,Self-emp,A,0
52,7,31.9,Private,A,0
43,13,35.0,Private,A,1
30,16,55.7,Private,A,1
57,7,44.6,Govt,A,0
29,16,46.5,Private,A,1
48,14,42.1,Private,A,1
25,14,39.9,Private,A,1
51,13,49.9,Govt,A,1
31,8,41.4,Private,A,0
63,17,20.8,Private,A,1
35,8,51.1,Private,A,0
52,15,43.1,Private,A,1
46,7,37.0,Private,A,0
60,6,39.2,Private,B,0
54,14,52.9,Private,B,1
64,12,63.8,Private,B,0
28,10,35.3,Govt,A,0
52,13,43.5,Govt,A,1
20,10,41.0,Private,B,0
65,7,29.3,Private,B,0
57,18,33.9,Private,B,1
55,13,53.2,Self-emp,A,1
45,12,49.9,Self-emp,A,1
65,18,52.0,Govt,A,1
54,12,48.6,Self-emp,A,0
43,19,33.9,Private,A,1
38,9,37.3,Govt,A,0
34,16,56.5,Govt,A,1
31,11,45.5,Private,A,1
48,6,39.5,Govt,A,0
59,15,26.8,Private,A,1
21,10,35.8,Self-emp,A,0
20,7,49.1,Private,A,0
56,14,25.8,Govt,A,1
63,6,53.6,Govt,B,0
32,16,33.4,Self-emp,A,1
21,18,33.3,Govt,A,1
44,7,34.3,Private,A,0
59,18,28.4,Private,B,1
25,14,26.2,Private,A,1
51,12,24.1,Govt,A,0
18,15,44.8,Private,A,1
50,19,43.7,Self-emp,A,1
56,11,38.8,Govt,A,0
55,9,52.7,Private,A,0
58,12,29.0,Private,B,0
58,14,44.6,Private,A,1
65,19,42.4,Govt,A,1
39,6,40.4,Private,B,0
46,18,29.6,Private,A,1
48,10,35.6,Private,B,0
49,11,32.4,Private,B,0
36,11,33.8,Private,A,0
35,7,31.4,Private,A,0
43,18,40.5,Private,A,1
31,12,33.5,Private,A,0
27,18,31.6,Private,B,1
46,15,41.5,Govt,A,1
51,17,39.1,Private,A,1
66,18,39.2,Private,A,1
66,17,52.5,Private,B,1
33,6,39.1,Private,B,0
46,19,34.0,Private,A,1
31,6,39.1,Private,A,0
68,6,41.5,Private,A,0
64,18,53.9,Govt,A,1
32,9,38.7,Private,A,0
49,9,25.0,Self-emp,A,0
45,14,34.3,Private,B,1
38,16,39.4,Private,B,1
47,16,49.2,Private,A,1
66,8,47.0,Private,A,0
24,6,42.5,Private,A,0
28,7,48.5,Govt,A,0
21,12,33.0,Govt,B,0
55,19,29.0,Private,A,1
43,6,38.2,Self-emp,A,0
64,14,48.4,Private,B,1
43,15,32.4,Private,A,1
33,13,57.4,Private,B,1
18,19,32.2,Private,A,1
38,18,37.3,Govt,B,1
55,17,44.0,Self-emp,A,1
44,14,47.6,Private,A,1
63,11,30.6,Private,B,0
43,6,40.8,Private,A,0
21,7,59.1,Private,A,0
46,18,41.8,Self-emp,B,1
29,18,52.3,Govt,B,1
60,16,44.9,Private,B,1
28,18,40.1,Private,A,1
20,14,31.0,Private,B,0
18,12,37.8,Govt,A,1
37,19,39.8,Private,A,1
50,19,47.3,Private,B,1
32,7,39.8,Govt,A,0
21,18,43.1,Govt,A,1
64,15,37.9,Private,A,1
19,6,31.6,Private,A,0
32,16,58.4,Govt,A,1
33,15,47.9,Private,B,0
57,15,36.0,Private,A,1
45,13,38.8,Self-emp,B,1
27,19,34.4,Private,B,1
42,17,34.1,Private,A,1
28,16,27.7,Private,B,0
42,14,45.1,Govt,A,1
62,19,25.9,Govt,A,1
41,16,43.5,Private,B,1
33,17,47.1,Private,A,1
51,8,53.5,Private,B,0
56,11,38.6,Private,B,0
52,9,51.6,Private,A,0
44,15,31.6,Private,B,0
44,6,30.5,Private,A,0
54,19,39.6,Private,A,1
30,17,50.0,Govt,A,1
43,19,45.3,Private,A,1
62,18,33.5,Private,A,1
36,13,31.8,Govt,A,0
36,18,44.0,Private,A,1
50,6,39.0,Govt,A,0
69,9,44.9,Private,A,0
42,10,36.3,Private,B,0
39,17,24.4,Private,A,1
32,7,36.9,Private,A,0
47,18,56.8,Self-emp,A,1
29,16,35.1,Self-emp,A,1
26,16,39.3,Private,A,1
46,17,38.6,Govt,A,1
54,19,56.6,Private,B,1
53,7,28.7,Private,B,0
21,18,49.9,Private,A,1
59,14,31.2,Govt,A,0
46,16,36.2,Private,B,0
33,12,54.3,Private,A,0
65,15,29.1,Govt,A,1
66,10,40.9,Private,A,0
36,19,42.9,Private,A,1
64,12,25.2,Private,B,0
45,17,37.9,Private,A,1
40,8,44.3,Self-emp,A,0
29,9,31.5,Private,A,0
37,18,44.3,Private,B,1
31,9,59.5,Private,B,0
58,10,41.4,Private,A,0
32,17,44.7,Private,A,1
66,12,32.9,Private,A,0
36,18,30.9,Self-emp,A,1
51,17,36.0,Private,A,1
32,14,38.6,Govt,A,1
65,16,47.7,Private,A,1
46,16,55.0,Private,B,1
42,9,44.1,Private,A,0
52,8,36.8,Private,B,0
24,12,41.9,Self-emp,A,0
32,16,48.7,Private,A,1
48,15,44.1,Private,A,1
60,19,54.9,Private,A,1
66,6,36.5,Private,B,0
18,16,39.6,Govt,A,1
24,11,38.5,Private,B,0
32,7,46.4,Private,A,0
45,14,53.6,Private,A,1
20,18,42.3,Govt,A,1
51,16,39.7,Private,A,1
31,8,40.7,Self-emp,A,0
33,13,43.1,Self-emp,A,1
59,18,32.9,Private,A,1
37,16,43.1,Govt,A,1
63,6,35.3,Private,A,0
31,18,42.1,Private,A,1
45,14,43.7,Govt,A,1
28,9,29.2,Govt,A,0
59,13,35.3,Self-emp,B,0
22,12,46.1,Govt,A,1
47,13,41.5,Private,A,1
68,16,54.2,Private,B,1
28,7,37.9,Private,A,0
65,16,38.4,Private,A,1
32,15,37.0,Private,A,1
62,12,54.9,Private,B,0
19,19,36.5,Private,A,1
56,7,43.4,Self-emp,A,1
19,17,45.4,Private,A,1
55,19,41.4,Private,A,1
69,17,41.2,Private,B,1
21,8,37.1,Govt,A,0
37,17,47.4,Private,A,1
52,15,26.9,Private,A,1
44,18,22.2,Govt,B,1
46,19,47.2,Govt,A,1
46,15,31.0,Govt,A,0
65,8,38.0,Govt,A,0
43,16,29.8,Private,A,1
33,9,40.9,Self-emp,A,1
69,8,23.6,Private,B,0
41,6,49.4,Self-emp,A,0
33,12,31.8,Private,A,0
60,12,42.1,Private,A,1
41,11,46.9,Private,B,0
65,7,28.8,Self-emp,A,0
18,18,32.2,Private,A,1
23,16,40.3,Govt,A,1
18,8,44.4,Private,A,0
41,18,31.0,Private,A,1
53,14,38.5,Private,A,1
23,17,39.6,Govt,A,1
64,19,32.0,Private,B,1
31,12,48.9,Private,A,0
68,18,40.3,Self-emp,A,1
68,9,29.1,Private,B,0
45,11,46.6,Private,A,1
35,9,41.2,Private,A,0
49,14,41.3,Private,A,1
32,13,45.2,Private,B,0
50,15,27.6,Private,B,1
61,17,52.0,Private,B,0
31,16,48.7,Private,A,1
47,10,44.8,Private,A,0
42,7,37.6,Private,A,0
37,12,25.2,Private,B,0
39,19,51.3,Private,B,1
36,6,35.4,Private,A,0
60,9,40.0,Private,B,0
42,10,61.0,Private,A,1
26,14,47.8,Private,A,1
28,11,47.7,Self-emp,B,0
46,13,56.8,Govt,A,1
65,15,36.0,Private,A,1
68,14,43.6,Private,A,1
36,15,46.8,Private,A,0
27,14,49.1,Govt,A,1
38,9,38.6,Govt,B,0
28,11,31.5,Private,A,0
46,8,35.2,Private,A,0
62,11,34.4,Govt,A,0
51,12,34.1,Govt,A,0
50,6,58.0,Private,A,0
23,12,43.6,Govt,B,1
43,12,45.5,Private,B,0
39,17,60.5,Private,B,1
29,9,47.1,Private,B,0
23,8,37.5,Govt,B,0
66,15,37.1,Self-emp,B,1
62,7,44.0,Private,B,0
61,15,48.0,Private,A,1
22,17,36.2,Private,A,0
54,9,51.7,Private,A,0
56,14,45.1,Govt,A,1
42,14,41.0,Govt,A,1
68,11,24.9,Private,A,0
44,6,40.7,Govt,A,0
18,14,49.3,Private,A,1
40,15,24.7,Private,A,1
25,12,40.2,Private,A,0
58,7,49.8,Private,A,0
48,17,45.7,Private,A,1
32,19,33.8,Private,B,1
20,19,37.9,Self-emp,A,1
34,9,38.9,Self-emp,B,0
69,15,45.4,Self-emp,A,0
30,16,58.9,Private,A,1
37,6,40.1,Private,B,0
20,19,32.1,Private,A,1
64,17,42.9,Private,A,1
56,17,43.6,Private,B,1
47,13,23.4,Govt,A,0
29,12,29.2,Govt,B,0
41,19,22.7,Private,A,1
46,16,21.9,Private,B,1
66,17,28.5,Self-emp,A,1
47,9,37.9,Private,A,1
61,19,33.4,Private,A,1
47,7,42.6,Private,A,0
36,10,30.1,Self-emp,A,0
62,13,36.2,Private,A,0
24,13,34.5,Private,A,1
58,19,24.9,Govt,A,1
46,13,25.3,Private,A,0
51,10,31.6,Private,A,0
18,14,39.9,Govt,A,1
54,19,40.4,Self-emp,A,1
32,13,37.9,Govt,A,0
29,7,47.0,Private,A,1
51,19,9.2,Private,B,1
67,16,32.8,Private,B,1
23,7,59.9,Self-emp,A,0
68,10,34.9,Private,A,0
65,6,47.2,Private,A,0
36,7,48.1,Self-emp,A,0
43,18,34.7,Private,A,1
32,8,30.4,Self-emp,A,0
20,8,28.2,Private,A,0
30,7,34.5,Private,A,0
46,11,21.6,Private,A,0
51,17,27.6,Govt,A,1
35,12,41.0,Self-emp,A,0
45,9,46.5,Govt,A,0
26,11,36.9,Govt,A,0
33,8,49.9,Private,A,0
22,19,42.3,Private,A,1
38,12,34.1,Self-emp,A,0
22,15,40.4,Private,A,1
29,19,41.6,Private,A,1
57,14,34.1,Private,A,1
53,17,33.9,Private,A,1
44,6,37.5,Govt,A,0
65,8,48.3,Govt,A,0
34,11,24.1,Private,A,0
34,9,44.3,Private,B,0
65,13,41.4,Govt,B,0
54,19,50.4,Private,A,1
45,13,41.0,Private,A,1
39,18,42.1,Private,A,1
39,11,38.9,Private,A,1
39,17,46.4,Private,A,1
42,17,43.5,Private,A,1
32,12,47.3,Private,A,1
22,16,47.7,Govt,B,1
63,11,51.2,Govt,A,0
54,13,45.1,Private,A,1
54,12,45.1,Private,A,0
25,13,57.3,Govt,A,1
28,6,25.0,Private,B,0
34,11,45.4,Private,A,0
28,15,35.4,Private,B,0
49,12,49.3,Private,B,0
34,9,37.9,Private,A,0
54,19,38.2,Private,A,1
37,17,43.0,Govt,A,1
43,15,31.5,Govt,A,1
55,9,63.5,Self-emp,B,0
54,7,55.6,Private,B,0
66,15,25.2,Private,B,0
41,18,28.8,Private,A,1
42,8,32.2,Private,B,0
20,11,36.7,Private,B,0
63,11,45.7,Private,B,0
44,12,21.0,Self-emp,B,0
38,19,58.4,Govt,B,1
44,11,37.1,Private,B,0
27,13,53.6,Private,B,1
63,15,51.4,Self-emp,A,1
31,10,44.5,Private,A,0
31,8,36.3,Private,B,0
36,15,54.6,Private,A,1
30,10,40.0,Govt,A,0
20,12,46.9,Private,A,1
57,6,33.2,Private,A,0
33,12,45.7,Govt,A,0
20,13,22.7,Private,A,1
24,7,44.5,Private,B,0
33,17,39.9,Private,A,1
26,13,44.0,Private,B,1
68,6,30.5,Private,A,0
57,8,37.0,Private,A,0
64,6,30.2,Private,A,0
68,13,36.2,Private,B,0
58,9,40.0,Private,A,1
49,13,44.1,Private,B,0
54,16,43.9,Private,A,1
28,6,32.6,Private,A,0
32,16,30.5,Govt,B,1
57,16,44.0,Private,A,1
44,18,42.2,Private,A,1
40,19,49.2,Self-emp,A,1
39,12,39.5,Govt,A,0
66,15,44.6,Private,A,1
40,10,47.6,Private,A,0
36,11,47.1,Govt,A,1
26,17,30.0,Private,B,1
50,17,33.8,Private,A,1
18,11,39.8,Private,B,0
48,11,38.0,Govt,A,0
58,6,32.0,Private,A,0
18,8,34.8,Self-emp,B,0
41,16,39.7,Self-emp,B,1
21,12,43.4,Private,A,0
30,16,32.0,Private,B,1
62,7,47.3,Private,A,0
36,6,55.1,Private,B,0
46,18,40.5,Self-emp,A,1
23,11,17.2,Private,B,0
43,9,35.3,Private,A,0
66,16,42.0,Private,B,0
48,19,41.3,Private,A,1
22,11,38.3,Govt,A,0
31,19,47.0,Private,B,1
23,9,41.3,Govt,A,0
34,19,39.9,Self-emp,A,1
43,10,12.7,Private,A,0
59,17,41.2,Govt,A,1
18,16,43.4,Private,A,1
61,9,36.7,Self-emp,A,0
55,19,30.8,Private,A,1
54,16,46.0,Private,A,0
60,17,39.4,Private,A,1
39,6,34.0,Private,A,0
44,14,34.1,Private,A,1
59,8,45.1,Private,A,0
31,9,52.7,Private,A,0
24,17,42.3,Govt,A,1
35,16,45.5,Self-emp,B,1
60,19,55.7,Private,A,1
34,8,50.4,Govt,A,0
21,17,49.2,Govt,B,1
58,14,46.4,Private,A,1
35,13,41.2,Private,A,1
35,18,32.3,Govt,A,1
58,16,36.1,Private,A,1
45,11,43.4,Private,A,0
27,9,62.9,Govt,A,1
35,15,27.5,Self-emp,B,0
21,9,30.6,Private,A,0
66,12,24.8,Private,A,1
22,12,39.9,Self-emp,A,1
30,16,44.6,Private,A,1
22,7,35.7,Self-emp,B,0
56,10,44.4,Self-emp,A,0
62,18,48.9,Private,A,1
42,10,47.9,Private,A,0
32,19,47.7,Private,B,1
49,14,37.8,Private,A,1
38,13,30.0,Govt,A,1
67,11,36.9,Private,A,0
48,19,47.4,Self-emp,A,1
64,13,48.7,Private,A,0
47,15,35.8,Private,A,1
20,7,27.2,Private,A,0
46,6,49.3,Self-emp,B,0
67,18,43.0,Private,A,1
50,13,42.0,Self-emp,A,0
56,13,39.7,Private,B,0
37,12,51.0,Self-emp,B,0
24,7,49.0,Private,B,0
22,12,46.1,Govt,A,1
67,9,35.0,Private,B,0
62,13,63.1,Govt,A,1
37,19,44.8,Private,A,1
32,18,37.6,Private,A,1
25,7,44.8,Private,A,0
37,19,48.9,Private,A,1
69,19,47.7,Private,A,1
40,8,42.9,Private,B,0
34,12,42.9,Private,A,0
38,17,39.1,Self-emp,A,1
51,11,47.1,Private,A,0
33,19,48.3,Private,A,1
23,18,36.8,Private,A,1
44,6,42.4,Private,A,0
21,15,58.4,Private,A,1
44,8,40.2,Private,A,0
25,18,33.7,Private,A,1
36,9,36.1,Govt,A,0
51,11,42.9,Private,A,0
32,17,49.6,Private,B,1
26,7,46.8,Govt,A,0
67,13,36.0,Private,A,0
35,9,31.3,Govt,A,0
65,16,34.9,Private,B,0
63,11,53.8,Private,A,0
25,8,23.2,Private,B,0
63,16,36.1,Private,A,1
32,15,40.7,Private,A,1
26,6,41.5,Private,A,0
49,11,44.2,Private,A,1
40,8,41.7,Govt,A,0
59,7,37.8,Private,B,0
66,15,37.6,Self-emp,A,1
22,11,51.3,Private,B,0
35,7,42.6,Private,A,0
25,18,57.8,Private,B,1
57,18,8.8,Govt,B,1
63,9,45.8,Private,A,0
53,10,40.9,Private,A,0
23,9,43.9,Private,A,0
20,8,45.5,Private,B,0
33,10,26.8,Govt,A,0
55,7,27.4,Private,A,0
60,16,42.3,Govt,A,1
41,11,46.5,Self-emp,B,0
47,15,48.1,Self-emp,A,1
26,7,25.2,Govt,A,0
53,13,48.7,Self-emp,A,1
37,18,56.6,Govt,A,1
68,15,46.7,Private,A,1
62,18,48.3,Private,A,1
49,7,35.2,Private,A,0
53,15,42.3,Private,A,1
62,13,47.6,Govt,A,1
63,9,42.1,Private,A,1
25,17,40.6,Private,A,1
60,13,46.8,Private,B,0
32,11,41.8,Private,B,0
48,19,40.6,Private,A,1
32,8,36.0,Private,A,0
53,13,40.2,Govt,A,1
38,6,34.2,Private,A,0
47,12,57.2,Private,B,0
21,17,41.5,Private,A,1
30,16,56.7,Govt,B,1
53,18,42.9,Private,A,1
42,13,49.9,Self-emp,B,1
22,18,50.2,Govt,B,1
65,19,44.7,Private,A,1
32,19,47.4,Self-emp,B,1
28,9,43.8,Private,A,0
24,18,24.7,Private,B,0
49,9,56.2,Private,A,0
45,18,51.7,Private,A,1
19,14,24.3,Private,A,0
51,6,39.7,Private,A,0
25,7,30.5,Govt,A,0
58,10,43.4,Private,A,0
26,19,40.3,Private,A,1
26,18,37.0,Private,A,1
44,7,36.6,Govt,A,1
26,7,34.6,Private,A,0
51,10,41.0,Private,B,0
23,14,41.2,Private,A,1
39,11,39.9,Private,A,0
38,12,42.6,Private,B,0
54,16,31.7,Private,A,1
60,16,42.7,Private,B,1
21,11,36.0,Private,A,0
18,16,31.3,Private,A,0
66,11,41.1,Private,B,0
25,17,38.9,Private,B,1
25,11,24.2,Private,A,0
48,17,36.1,Private,A,1
64,10,35.3,Private,B,0
22,12,38.4,Self-emp,B,0
46,9,30.5,Private,A,0
65,14,56.7,Govt,B,0
45,18,42.0,Self-emp,B,1
50,19,44.8,Self-emp,A,1
61,6,35.3,Govt,A,0
40,11,38.0,Private,A,0
28,14,45.2,Self-emp,B,1
47,10,42.4,Govt,B,0
55,13,53.7,Private,A,1
44,9,48.2,Private,A,0
32,10,19.6,Self-emp,A,0
50,16,47.9,Private,B,1
29,11,37.6,Private,A,0
28,14,36.3,Private,A,0
52,11,32.5,Private,A,0
40,17,36.8,Govt,A,1
40,6,31.6,Private,B,0
25,8,45.0,Private,A,0
41,15,26.5,Govt,A,1
26,17,35.5,Private,A,1
18,11,54.1,Private,A,0
49,6,28.3,Private,A,0
18,8,58.5,Private,A,0
35,19,46.9,Private,A,1
23,9,41.0,Private,A,1
44,7,43.0,Private,A,0
61,9,46.5,Private,A,0
18,17,25.5,Private,A,1
19,9,48.1,Private,A,0
49,19,42.6,Private,A,1
24,10,31.4,Govt,A,1
48,8,46.1,Private,A,0
38,15,41.2,Private,A,1
62,7,39.6,Private,A,0
46,8,28.8,Private,B,0
39,9,29.0,Private,A,0
60,15,38.8,Private,A,1
45,14,44.9,Private,A,0
32,15,43.7,Private,A,1
49,7,64.0,Private,B,0
48,17,47.2,Private,B,1
30,13,60.9,Private,B,1
44,17,35.3,Private,B,1
61,18,35.3,Private,A,1
23,16,46.5,Private,B,1
41,11,43.7,Private,A,1
47,10,56.8,Private,A,1
55,11,38.7,Private,A,1
66,13,37.5,Private,A,1
58,10,29.2,Private,A,0
41,18,33.9,Govt,A,1
53,16,37.1,Private,B,0
66,18,30.9,Self-emp,A,1
41,15,28.7,Self-emp,A,0
57,10,40.6,Self-emp,B,0
56,12,34.5,Govt,A,0
68,7,58.0,Private,B,0
26,11,23.8,Private,A,0
69,13,49.4,Private,B,0
54,13,44.2,Private,A,1
49,16,42.4,Govt,A,1
27,14,48.8,Private,A,1
44,16,57.0,Self-emp,A,1
54,11,35.2,Private,B,0
69,17,48.4,Govt,A,1
26,6,24.7,Private,B,0
24,12,30.4,Private,A,0
32,8,45.3,Govt,A,0
59,19,37.2,Private,B,1
40,10,53.1,Govt,B,0
40,17,36.8,Self-emp,A,1
34,15,43.7,Govt,B,1
32,10,30.8,Private,A,0
24,13,34.5,Private,B,0
43,13,34.0,Private,B,0
66,13,52.4,Govt,B,1
56,10,44.4,Private,A,1
64,19,36.9,Private,B,1
61,18,40.9,Govt,B,1
34,6,46.0,Private,A,0
67,12,29.1,Private,A,0
69,19,24.3,Private,A,1
33,13,42.9,Private,B,0
41,8,46.2,Private,A,0
42,15,36.6,Private,A,1
46,15,45.6,Private,B,1
63,8,46.7,Self-emp,B,0
30,11,42.9,Private,A,0
63,7,43.4,Private,B,0
59,9,43.2,Private,A,0
50,9,42.8,Private,B,0
20,19,44.7,Private,A,1
52,16,52.5,Private,A,1
69,17,35.8,Self-emp,A,1
44,15,45.1,Private,B,1
34,10,52.5,Private,A,0
28,6,47.7,Private,A,0
31,8,43.8,Govt,A,0
47,14,49.1,Govt,A,1
69,18,37.2,Govt,A,1
38,18,26.6,Private,A,1
67,14,48.4,Private,A,1
69,12,47.1,Private,A,1
69,10,54.2,Govt,B,0
26,18,43.5,Private,A,1
69,16,41.7,Private,B,1
41,16,37.4,Private,A,1
54,18,49.8,Self-emp,A,1
59,11,36.2,Private,A,0
22,8,48.0,Private,B,0
44,17,33.6,Private,A,1
25,19,39.5,Private,A,1
44,14,48.8,Self-emp,A,1
49,7,23.7,Private,B,0
34,7,29.4,Govt,B,0
31,14,43.1,Private,A,1
66,11,37.2,Private,A,1
41,9,47.6,Private,A,1
41,16,39.6,Self-emp,B,1
58,19,49.0,Self-emp,A,1
20,13,35.0,Govt,A,0
46,8,40.2,Private,A,0
59,13,50.3,Private,A,1
51,8,32.7,Private,A,0
54,16,37.9,Govt,A,1
22,7,38.9,Private,A,0
55,8,36.4,Private,B,0
56,10,50.6,Private,B,0
56,19,32.4,Govt,A,1
64,17,48.7,Private,B,1
60,17,45.6,Govt,A,1
33,7,47.3,Private,A,0
44,6,53.6,Govt,A,0
54,15,41.0,Govt,B,0
46,18,31.9,Private,A,1
26,6,52.0,Private,A,0
62,7,44.6,Private,A,0
40,8,36.6,Private,B,0
45,11,53.4,Govt,A,0
60,7,32.3,Private,B,0
32,13,42.1,Private,B,0
24,19,43.9,Private,A,1
51,7,53.2,Private,A,0
20,18,48.5,Private,B,1
67,12,44.4,Private,B,0
19,12,43.2,Private,A,1
46,6,42.5,Private,A,0
27,17,39.6,Govt,B,1
37,6,30.1,Self-emp,A,0
42,7,41.2,Private,A,0
59,13,34.7,Private,B,1
47,10,40.7,Self-emp,B,0
62,11,36.5,Private,A,0
58,15,26.9,Private,B,0
53,11,45.1,Private,A,1
56,12,37.1,Self-emp,A,0
36,13,54.5,Private,A,1
26,12,31.8,Govt,A,0
38,6,39.2,Self-emp,A,0
61,8,41.2,Private,B,0
41,10,38.1,Self-emp,A,0
18,17,57.7,Private,A,1
31,19,40.9,Govt,B,1
21,17,27.3,Private,A,1
18,7,40.4,Private,A,0
64,15,51.0,Private,A,1
33,7,21.2,Private,A,0
42,15,57.0,Govt,A,1
56,17,45.4,Private,A,1
64,12,44.7,Private,A,1
45,19,47.4,Self-emp,A,1
48,11,43.9,Private,A,0
66,14,49.2,Private,B,0
39,10,30.7,Private,A,0
27,13,35.7,Govt,A,1
18,8,40.2,Private,A,0
34,6,50.3,Private,B,0
42,10,54.1,Govt,A,1
68,12,50.7,Govt,A,1
49,10,24.0,Private,A,0
19,11,50.8,Private,B,0
57,9,34.6,Govt,A,0
34,9,39.2,Govt,A,0
38,13,33.0,Self-emp,B,1
56,16,40.6,Self-emp,A,1
61,15,38.3,Private,B,0
36,15,43.7,Govt,B,0
37,6,41.9,Self-emp,A,0
20,16,31.0,Private,B,1
20,8,51.4,Private,A,0
42,19,44.6,Govt,B,1
66,14,27.8,Private,A,1
31,13,50.8,Private,A,1
40,17,13.1,Private,B,0
25,8,53.8,Private,A,0
32,17,38.4,Private,B,1
50,12,54.1,Private,A,1
26,10,38.6,Govt,A,0
65,18,48.2,Private,A,1
38,8,33.3,Private,B,0
26,18,38.3,Private,A,1
59,14,34.9,Private,A,1
45,7,47.2,Self-emp,A,0
27,14,30.8,Private,A,1
52,8,38.7,Self-emp,A,0
40,6,42.7,Govt,A,0
57,19,40.7,Private,B,1
21,14,52.2,Private,B,1
41,9,43.8,Private,A,0
33,19,45.6,Govt,A,1
53,7,23.1,Private,A,0
32,19,43.3,Private,A,1
24,7,32.9,Private,B,0
50,15,45.8,Private,B,1
67,11,28.5,Govt,B,0
57,10,50.4,Govt,A,1
66,10,48.5,Private,A,0
68,17,48.1,Govt,A,1
30,13,28.6,Govt,A,1
54,8,46.2,Govt,A,0
25,13,35.2,Govt,A,1
48,12,27.6,Govt,A,0
29,16,53.6,Private,A,1
55,17,33.5,Private,A,1
41,18,24.9,Private,A,1
25,15,32.7,Govt,A,1
41,16,56.2,Private,A,1
49,15,37.5,Private,B,1
50,18,53.8,Private,A,1
38,9,45.2,Private,A,1
50,9,37.7,Govt,A,0
18,18,40.2,Private,B,1
19,9,40.6,Private,B,0
36,13,25.9,Private,A,0
19,15,24.9,Govt,A,1
47,13,44.9,Private,A,1
37,6,20.8,Private,B,0
67,9,47.7,Govt,B,0
56,13,34.4,Private,B,1
29,11,38.7,Self-emp,A,0
26,9,27.1,Private,B,0
60,8,44.1,Private,B,0
28,8,47.9,Private,A,0
41,10,39.4,Private,B,0
36,12,40.8,Private,A,1
37,18,47.8,Self-emp,B,1
66,8,40.3,Private,A,0
65,6,42.8,Private,A,0
49,17,41.5,Self-emp,A,1
41,18,37.7,Private,B,1
43,14,54.6,Private,A,1
23,15,32.9,Private,A,1
27,9,34.1,Private,A,0
34,13,59.5,Private,A,1
41,7,42.8,Private,B,0
38,10,27.7,Private,B,0
43,8,45.4,Govt,A,0
60,19,45.2,Private,A,1
54,14,54.5,Self-emp,B,1
30,16,33.1,Self-emp,A,1
69,17,48.3,Private,B,1
65,6,41.9,Private,B,0
36,15,46.6,Private,A,1
53,10,38.0,Private,A,0
60,10,33.4,Private,B,0
58,8,25.5,Govt,A,0
32,19,44.0,Govt,A,1
20,8,33.4,Private,B,0
18,7,48.1,Private,A,0
52,8,32.4,Private,A,0
25,7,38.6,Private,A,0
35,15,41.1,Private,A,1
67,11,41.3,Govt,A,0
60,10,29.4,Private,A,0
56,19,46.3,Private,B,1
38,6,43.9,Private,B,0
39,17,53.2,Private,A,1
42,16,22.3,Private,B,0
45,9,43.9,Govt,B,0
26,17,49.1,Private,A,1
67,6,51.5,Govt,B,0
61,16,24.5,Private,A,1
34,14,43.4,Govt,B,1
26,12,40.6,Private,A,1
36,14,15.9,Private,B,0
21,16,39.4,Private,A,1
29,7,27.0,Private,A,0
68,14,40.6,Govt,B,1
41,8,46.0,Private,B,0
56,10,45.6,Private,A,0
27,12,28.2,Govt,A,0
48,14,35.2,Govt,A,1
31,10,32.2,Govt,B,0
23,10,30.7,Govt,B,0
51,11,42.7,Private,A,0
65,16,42.2,Private,A,1
38,9,37.0,Private,B,0
34,16,37.9,Private,A,1
26,6,41.5,Private,A,0
60,13,43.7,Private,A,1
42,14,44.5,Private,A,1
62,8,39.7,Private,A,0
65,10,39.4,Private,A,0
18,13,40.6,Govt,A,1
34,7,34.4,Private,A,0
64,17,46.4,Govt,A,1
49,15,37.1,Private,A,1
27,10,22.2,Private,B,0
52,13,32.6,Private,A,0
27,18,37.8,Govt,A,1
64,18,44.1,Private,A,1
19,8,36.4,Private,B,0
68,18,40.8,Private,A,1
61,11,28.0,Private,B,0
47,19,35.9,Private,A,1
40,11,46.9,Private,A,1
59,14,34.7,Private,A,1
25,17,51.5,Govt,B,1
57,12,23.6,Private,A,0
23,7,40.5,Private,B,0
29,17,35.7,Govt,A,1
65,18,68.6,Self-emp,B,1
50,14,33.4,Self-emp,A,1
58,15,23.3,Govt,A,1
68,17,51.5,Private,B,1
30,11,36.5,Govt,A,0
55,16,43.8,Self-emp,A,1
53,9,40.6,Private,A,0
67,8,32.4,Private,A,0
36,14,38.5,Private,B,0
52,8,45.8,Private,B,0
61,7,41.9,Private,A,0
28,10,48.6,Govt,A,0
67,7,36.9,Private,A,0
59,16,27.1,Private,A,1
35,10,54.7,Private,B,0
54,7,41.9,Private,A,0
24,16,44.9,Private,B,1
63,19,48.7,Private,B,1
52,8,41.0,Private,A,0
59,14,31.9,Private,B,1
66,7,28.9,Private,A,0
52,10,39.2,Private,A,0
64,8,37.1,Private,A,0
22,15,33.8,Govt,B,0
54,14,29.9,Private,B,1
39,16,46.7,Private,A,1
56,10,48.4,Self-emp,A,1
59,16,32.6,Private,B,0
52,9,39.5,Private,A,0
36,7,43.0,Private,A,0
49,6,29.3,Govt,A,0
20,19,51.6,Private,A,1
68,7,44.2,Private,A,0
62,14,38.6,Self-emp,A,1
43,19,44.7,Private,B,1
58,6,39.4,Private,A,0
44,14,32.5,Private,A,1
55,15,36.3,Private,A,1
34,13,23.6,Private,A,1
57,10,38.4,Private,A,0
54,9,43.5,Private,A,0
55,7,57.6,Private,B,0
50,17,26.7,Self-emp,A,1
38,17,25.9,Private,A,1
68,16,29.2,Private,A,1
59,7,23.6,Private,B,0
50,9,32.9,Govt,B,0
31,14,25.2,Private,B,1
23,13,49.6,Private,A,1
41,7,41.7,Private,B,0
67,6,14.9,Govt,B,0
41,10,39.5,Govt,B,0
39,9,44.1,Govt,A,0
50,18,49.9,Private,A,1
57,19,38.4,Private,A,1
64,14,50.8,Private,A,1
48,6,36.0,Private,A,0
48,14,39.1,Private,A,1
26,9,48.4,Private,A,0
53,18,42.4,Govt,A,1
35,17,45.9,Private,A,1
49,9,47.7,Private,A,0
44,11,46.5,Private,B,0
48,8,54.0,Private,A,0
32,8,26.8,Govt,A,0
46,6,45.2,Private,A,0
29,19,50.7,Govt,B,1
33,18,38.6,Private,A,1
26,8,49.3,Govt,A,0
64,18,49.8,Private,A,1
53,19,37.6,Private,A,1
32,14,34.1,Private,A,0
27,8,35.9,Private,A,0
48,6,58.7,Govt,B,0
65,8,37.7,Private,B,0
35,11,51.6,Self-emp,A,1
40,11,48.8,Govt,A,1
48,18,34.5,Private,B,1
30,9,35.7,Private,A,0
68,15,47.9,Private,A,1
35,18,51.3,Govt,A,1
62,7,31.2,Private,A,0
37,8,25.6,Self-emp,A,0
36,6,24.6,Private,B,0
36,14,30.8,Private,B,1
57,11,42.1,Private,A,1
42,11,35.1,Private,A,0
24,11,40.6,Private,A,0
53,13,30.9,Private,A,1
57,19,37.9,Govt,A,1
31,13,32.0,Private,A,1
63,18,41.8,Private,A,1
44,9,38.7,Private,A,1
59,15,34.3,Govt,A,1
67,16,33.5,Govt,A,1
60,7,27.3,Private,B,0
34,15,48.0,Govt,A,1
62,12,48.2,Private,B,0
42,17,44.2,Private,A,1
30,18,28.2,Private,B,1
20,10,29.9,Private,B,0
61,12,47.4,Private,A,1
26,7,37.9,Private,B,0
61,6,39.1,Private,A,0
18,11,40.8,Govt,A,0
30,8,47.1,Govt,B,0
24,11,32.5,Self-emp,A,0
29,7,39.1,Govt,B,0
66,14,30.5,Private,A,1
41,10,25.2,Self-emp,B,0
55,6,44.9,Private,A,0
47,15,46.1,Self-emp,A,0
66,18,28.3,Private,A,1
47,12,49.1,Private,A,1
26,17,24.3,Private,A,1
40,8,41.2,Private,A,0
25,6,18.7,Private,A,0
59,17,46.7,Private,A,1
55,11,31.6,Govt,B,0
61,14,49.3,Private,A,1
33,13,33.7,Private,B,1
35,13,49.6,Private,A,1
23,17,44.0,Self-emp,B,1
56,15,40.4,Private,A,1
39,19,28.6,Private,B,1
39,12,54.9,Private,B,0
26,10,43.9,Private,A,1
27,11,42.9,Govt,A,0
26,8,42.8,Govt,A,0
45,8,39.0,Private,A,0
55,13,53.1,Private,B,1
32,6,39.0,Private,A,0
47,9,41.3,Self-emp,B,0
50,13,42.1,Private,A,0
54,15,34.5,Private,A,1
30,10,41.5,Private,A,0
36,13,30.7,Private,A,1
26,8,50.9,Private,A,0
33,13,42.2,Private,A,1
50,12,39.2,Private,A,0
26,7,54.5,Private,B,0
63,8,36.3,Private,A,0
36,12,32.8,Govt,A,0
18,14,37.4,Private,A,1
63,8,39.1,Govt,A,0
26,18,50.4,Govt,A,1
40,12,34.5,Private,A,0
56,13,39.8,Self-emp,A,1
65,8,40.2,Private,B,0
37,7,26.0,Govt,B,0
28,16,41.2,Private,A,1
42,11,55.6,Private,A,1
68,18,31.5,Private,A,1
65,12,34.2,Private,A,0
30,8,38.8,Private,A,0
55,11,40.1,Govt,A,0
46,11,42.1,Private,B,0
46,12,43.2,Govt,A,1
69,17,25.7,Private,A,1
38,11,26.2,Self-emp,A,0
65,8,39.1,Private,A,0
21,7,29.1,Govt,A,0
58,19,32.0,Private,A,1
51,12,50.8,Govt,A,1
24,16,46.3,Govt,A,1
51,19,34.3,Self-emp,B,1
28,16,19.4,Govt,A,1
41,17,48.5,Private,A,1
48,16,48.4,Private,A,1
36,10,26.8,Private,A,0
32,13,43.8,Private,A,1
58,17,30.7,Private,A,1
66,12,34.8,Private,A,0
39,7,47.1,Private,B,0
69,15,40.8,Private,A,0
64,9,43.3,Private,A,0
68,18,43.7,Private,A,1
45,13,51.5,Private,A,1
40,10,47.3,Private,B,0
26,16,36.8,Private,A,1
28,10,34.4,Govt,A,1
36,6,35.5,Private,A,0
67,15,44.9,Private,A,1
21,6,25.4,Private,B,0
22,16,47.5,Private,A,1
38,12,39.0,Private,A,0
58,16,42.3,Private,B,1
20,9,38.4,Govt,A,0
44,18,35.2,Self-emp,B,1
57,8,49.7,Private,A,0
51,15,49.4,Private,B,1
54,19,44.8,Govt,A,1
50,6,20.3,Private,B,0
22,18,30.7,Private,B,1
65,16,38.1,Private,B,1
48,10,40.8,Private,A,0
58,15,35.2,Self-emp,A,0
25,13,38.7,Private,A,0
65,9,45.1,Govt,A,0
59,14,50.9,Private,B,1
24,12,37.4,Private,B,0
59,16,48.5,Private,B,1
61,15,37.0,Self-emp,A,1
24,10,47.1,Self-emp,A,0
48,12,23.5,Govt,A,0
42,17,45.9,Private,A,1
29,10,37.2,Govt,A,0
39,6,38.7,Govt,A,0
30,8,46.9,Private,B,0
33,9,27.8,Private,B,0
42,16,48.2,Private,A,1
18,13,42.2,Private,A,1
67,10,30.4,Private,B,0
57,14,40.5,Private,A,1
23,18,51.7,Govt,A,1
61,15,33.0,Private,B,0
42,6,41.0,Private,A,0
58,16,35.1,Govt,A,1
62,13,28.2,Self-emp,A,0
20,9,43.4,Self-emp,A,0
21,9,36.1,Private,B,0
41,14,44.2,Govt,A,1
61,9,29.5,Private,B,0
30,19,35.8,Private,A,1
32,14,31.9,Self-emp,A,1
54,11,49.3,Govt,B,0
36,8,46.6,Private,B,0
38,18,40.7,Private,A,1
48,19,40.3,Govt,A,1
50,12,42.3,Private,A,1
20,12,46.6,Self-emp,A,1
54,10,39.8,Govt,A,0
61,15,38.7,Self-emp,A,1
69,14,30.0,Private,B,0
61,7,48.3,Private,A,0
55,19,40.1,Private,A,1
63,9,33.4,Self-emp,A,0
20,18,31.4,Private,B,1
49,10,43.2,Private,A,0
52,10,39.1,Self-emp,A,0
19,12,44.7,Private,B,0
40,13,38.5,Govt,A,1
66,11,31.9,Private,B,0
50,13,31.1,Private,A,1
37,13,26.8,Self-emp,A,0
41,15,40.6,Self-emp,A,0
62,12,45.0,Self-emp,A,0
34,6,62.4,Private,B,0
21,6,42.0,Self-emp,A,0
53,11,38.9,Private,A,0
65,16,19.0,Private,B,0
48,16,52.3,Private,A,1
47,8,33.3,Self-emp,A,0
44,16,37.1,Govt,A,1
35,13,57.7,Private,B,1
34,19,37.0,Private,A,1
28,15,25.3,Private,B,0
69,8,28.8,Private,A,0
56,18,50.7,Private,A,1
56,11,43.2,Govt,A,1
69,10,34.8,Private,A,0
46,10,31.1,Self-emp,A,0
20,13,44.2,Private,A,1
31,16,34.0,Private,A,1
18,10,50.6,Private,A,1
54,14,48.2,Private,A,1
19,12,44.0,Private,A,1
20,18,28.2,Private,A,1
67,16,36.2,Private,B,1
22,13,42.8,Private,A,0
55,6,53.0,Private,B,0
64,7,37.4,Private,A,0
45,10,40.8,Private,A,0
31,17,36.3,Private,B,1
60,13,45.0,Self-emp,A,1
24,7,49.9,Private,A,0
18,10,36.5,Private,A,1
18,17,28.8,Private,B,1
55,12,23.1,Private,A,0
29,6,31.4,Govt,A,0
39,15,47.2,Private,A,1
41,14,41.4,Private,A,1
23,11,46.9,Private,A,0
23,18,42.0,Govt,A,1
22,14,40.3,Private,A,1
20,6,56.8,Self-emp,B,0
27,7,35.7,Govt,B,0
22,11,39.6,Private,A,0
58,18,47.8,Private,B,1
40,6,44.0,Private,A,0
22,16,40.2,Private,A,1
56,11,33.2,Self-emp,A,0
66,15,32.6,Private,B,1
40,18,43.2,Govt,B,0
20,12,26.5,Govt,A,0
47,16,51.4,Private,A,1
29,10,38.4,Self-emp,A,0
29,8,37.0,Private,A,0
56,10,40.1,Govt,B,0
28,8,52.6,Private,A,1
39,14,32.9,Self-emp,B,0
57,16,34.9,Private,A,0
36,18,39.1,Private,B,1
45,9,23.3,Govt,A,0
59,9,38.0,Private,A,0
66,8,44.7,Private,A,0
45,19,54.7,Govt,A,1
44,15,40.4,Private,A,1
63,12,44.0,Private,A,1
52,10,31.8,Self-emp,A,0
27,8,49.7,Govt,A,0
24,15,49.9,Private,B,1
38,17,33.8,Private,A,1
66,10,29.5,Private,B,0
42,16,27.6,Govt,B,1
53,17,41.7,Private,A,1
50,18,39.8,Private,A,1
43,18,45.2,Private,A,1
53,8,29.1,Govt,A,0
41,12,32.1,Private,B,0
22,17,38.5,Private,A,1
49,18,35.6,Private,A,1
37,6,34.5,Private,A,0
67,10,35.6,Self-emp,A,0
63,17,32.5,Private,A,1
60,13,47.6,Private,A,1
33,16,26.8,Private,A,1
58,7,38.3,Private,A,0
28,10,41.3,Govt,A,0
39,16,40.7,Private,A,1
53,16,19.5,Private,B,0
55,16,48.1,Self-emp,A,1
65,9,43.7,Private,B,0
28,16,50.5,Private,A,1
24,8,33.9,Govt,A,0
48,15,42.9,Private,A,1
28,8,31.9,Private,A,0
49,13,32.9,Private,A,0
53,8,34.2,Private,A,0
36,19,25.0,Self-emp,B,1
37,12,40.6,Private,A,0
52,19,41.5,Private,A,1
61,15,35.5,Private,A,1
64,19,41.6,Private,A,1
47,18,34.4,Govt,A,1
29,16,34.7,Govt,A,0
22,11,47.7,Private,B,0
50,11,51.2,Self-emp,A,0
51,12,48.3,Private,A,1
18,14,37.3,Private,A,1
60,16,40.5,Self-emp,B,0
43,6,24.0,Private,A,0
34,9,31.3,Private,A,0
60,12,49.5,Govt,A,0
35,16,38.1,Self-emp,A,1
31,17,23.8,Private,A,1
61,8,44.4,Private,A,0
64,13,43.6,Private,A,1
49,13,43.0,Private,A,1
26,16,25.6,Private,B,1
66,12,47.1,Govt,A,1
67,16,43.1,Private,A,1
19,17,42.3,Private,A,1
38,15,32.0,Govt,A,1
19,15,43.4,Private,A,1
22,14,15.6,Govt,B,0
67,6,35.5,Private,A,0
58,11,37.9,Private,A,0
40,7,15.6,Govt,A,0
20,12,30.2,Private,A,0
48,18,45.5,Private,B,1
54,6,34.6,Govt,A,0
63,9,41.6,Self-emp,A,0
69,8,48.3,Private,A,0
67,12,23.3,Private,B,0
61,15,40.3,Private,A,1
18,13,52.9,Govt,B,1
65,18,27.5,Govt,B,1
59,17,26.8,Private,A,1
18,7,30.5,Private,A,0
28,6,36.1,Private,A,0
41,10,24.9,Private,A,0
61,12,40.8,Private,A,1
44,19,50.8,Private,A,1
50,18,41.2,Private,A,1
68,12,33.8,Private,A,1
33,9,50.0,Private,B,0
60,12,52.4,Private,A,1
50,11,32.6,Self-emp,A,0
65,16,37.6,Private,A,1
28,12,25.3,Private,B,0
47,13,38.3,Private,A,1
26,9,38.8,Private,B,0
69,10,41.7,Private,A,1
19,12,30.2,Govt,A,1
41,11,35.5,Private,A,1
33,17,38.9,Govt,A,1
69,14,49.3,Private,A,1
31,6,53.2,Private,B,0
68,19,54.4,Private,A,1
61,17,35.6,Private,B,1
66,18,42.4,Private,B,1
66,19,41.0,Private,A,1
23,7,53.9,Private,A,0
36,17,46.6,Private,A,1
23,19,37.1,Private,A,1
29,19,22.3,Govt,A,1
33,14,42.2,Private,A,1
68,18,36.3,Private,A,1
35,17,42.4,Private,A,1
47,16,49.5,Private,A,1
57,16,28.1,Private,A,1
54,17,43.7,Private,A,1
49,8,48.6,Private,A,0
48,16,39.5,Private,A,1
27,16,32.5,Self-emp,B,1
47,18,38.7,Private,B,1
32,11,27.8,Govt,A,0
60,8,30.1,Private,A,0
67,19,42.7,Private,A,1
41,11,49.2,Private,B,1
39,15,48.9,Private,A,1
52,11,44.9,Private,A,0
20,11,41.3,Private,A,0
38,13,22.8,Private,B,0
43,7,39.6,Govt,A,0
68,11,14.4,Private,B,0
46,12,28.0,Private,B,0
40,17,47.3,Private,A,1
23,9,46.8,Self-emp,A,0
42,19,27.4,Private,B,1
39,11,58.1,Govt,B,0
39,11,28.1,Private,B,0
58,9,50.3,Govt,A,0
59,17,39.1,Private,A,1
66,19,31.2,Private,B,1
59,10,41.0,Private,A,1
69,18,45.4,Private,A,1
36,14,31.1,Govt,A,0
30,14,42.8,Self-emp,A,1
62,18,32.1,Private,A,1
33,9,41.2,Private,A,0
24,6,35.0,Private,B,0
39,10,39.0,Private,A,0
18,10,28.8,Self-emp,A,0
49,13,55.7,Private,A,1
58,16,51.9,Private,A,1
19,10,45.2,Private,A,1
24,17,35.0,Private,A,1
33,10,31.1,Private,B,0
51,8,33.8,Private,A,0
30,9,35.2,Private,A,0
66,9,43.1,Private,A,0
58,13,18.6,Self-emp,B,0
42,7,53.1,Private,A,0
31,11,24.2,Govt,A,0
46,17,36.7,Private,A,1
44,10,50.1,Private,A,0
26,9,42.7,Private,A,0
32,8,37.5,Private,A,0
56,8,40.7,Self-emp,A,0
60,11,39.9,Govt,B,0
46,10,31.4,Private,B,0
57,17,28.9,Private,A,1
31,17,52.9,Private,A,1
25,19,39.5,Private,B,1
41,9,34.9,Private,A,0
46,18,32.4,Private,B,1
34,7,27.4,Govt,B,0
27,7,32.9,Private,B,0
53,16,31.6,Self-emp,A,1
26,9,43.8,Private,A,0
64,13,43.3,Private,A,1
19,17,31.9,Private,B,0
68,12,30.6,Private,B,0
42,17,49.7,Private,B,1
30,14,40.3,Private,A,1
40,13,44.7,Private,A,1
27,19,52.6,Self-emp,A,1
46,18,41.5,Private,A,1
39,14,36.4,Private,B,0
29,15,34.7,Private,A,1
66,7,52.0,Private,A,0
24,6,38.2,Private,A,0
26,14,45.3,Private,A,1
42,8,30.1,Private,B,0
51,17,38.8,Private,B,1
21,9,52.6,Govt,B,0
30,12,56.4,Govt,A,0
52,13,39.8,Self-emp,A,1
31,17,42.6,Private,A,1
37,12,33.2,Govt,A,1
50,10,47.0,Govt,A,0
69,15,29.0,Govt,B,0
67,15,42.4,Private,B,1
45,6,49.4,Private,A,0
34,14,33.7,Govt,B,0
20,19,38.8,Self-emp,A,1
19,13,61.8,Govt,B,1
51,15,31.5,Private,A,0
30,11,31.5,Private,A,0
44,19,21.2,Govt,A,1
56,11,33.0,Private,B,0
18,6,49.7,Private,B,0
69,14,19.4,Private,B,0
49,11,46.8,Private,B,0
23,13,62.6,Private,B,0
32,19,50.5,Self-emp,B,1
20,18,39.4,Private,A,1
34,9,45.7,Private,B,0
30,17,36.3,Private,A,1
20,10,47.6,Govt,A,1
49,7,44.1,Private,A,0
53,17,31.4,Private,A,1
48,7,46.8,Private,A,0
46,8,49.4,Private,B,0
23,17,41.8,Private,B,1
63,19,33.3,Private,A,1
57,16,56.6,Private,A,1
47,19,56.0,Private,B,1
42,11,38.5,Govt,A,0
53,13,39.3,Govt,A,0
33,16,44.6,Govt,B,0
50,6,31.3,Private,B,0
60,12,47.2,Private,A,1
22,17,42.1,Private,B,1
57,18,31.8,Private,B,1
69,18,50.4,Govt,A,1
57,12,33.7,Private,A,1
65,16,33.7,Self-emp,A,1
29,11,32.0,Private,B,1
26,15,40.5,Private,A,1
25,15,35.5,Private,A,1
36,13,48.0,Private,A,0
63,7,32.0,Private,B,0
26,10,44.9,Private,A,1
33,17,31.9,Self-emp,A,1
20,10,36.7,Govt,B,0
23,19,41.8,Govt,B,1
69,6,47.5,Private,A,0
48,16,36.3,Private,A,1
40,18,37.5,Private,A,1
41,10,54.6,Private,A,1
22,19,46.3,Private,A,1
20,7,57.3,Private,B,0
22,9,40.3,Private,A,0
32,11,45.3,Private,B,0
19,9,36.2,Govt,A,0
67,7,45.2,Private,A,0
31,16,27.8,Private,B,1
21,15,39.8,Private,A,1
20,12,45.7,Govt,B,0
60,8,44.3,Private,B,0
41,18,48.0,Private,B,1
53,17,55.0,Govt,B,1
19,19,41.7,Govt,B,1
63,19,29.7,Private,B,1
59,12,47.0,Govt,A,1
55,13,47.4,Govt,A,1
25,10,40.4,Private,A,0
50,13,48.0,Private,A,1
67,7,39.8,Private,B,0
68,16,40.2,Private,A,1
65,15,40.1,Govt,A,1
23,19,36.1,Govt,A,1
34,17,33.5,Private,B,1
45,10,45.4,Private,A,0
58,13,41.1,Private,B,0
59,9,47.9,Private,A,0
60,18,49.9,Private,A,1
28,16,22.1,Private,B,0
21,19,43.2,Private,A,1
49,11,44.4,Private,B,0
20,9,38.9,Private,A,0
22,16,55.7,Govt,A,1
21,10,49.4,Private,B,0
56,7,46.4,Private,B,0
25,13,41.2,Private,A,1
44,17,45.4,Govt,A,1
44,18,48.0,Private,B,1
68,15,49.4,Private,A,1
22,10,39.2,Govt,A,0
45,8,45.9,Self-emp,B,0
49,16,37.6,Govt,B,1
66,12,39.1,Private,B,1
29,13,50.9,Private,B,0
55,9,39.8,Self-emp,A,0
42,12,31.6,Private,A,0
58,9,39.9,Private,A,0
21,14,39.3,Private,A,1
28,17,38.3,Private,A,1
45,6,36.3,Private,A,0
63,13,32.0,Private,A,1
23,6,28.8,Private,B,0
18,15,41.6,Private,A,1
49,19,32.3,Govt,A,1
46,11,32.0,Private,A,0
58,19,38.8,Private,B,1
42,16,32.8,Private,A,1
35,14,46.7,Self-emp,B,1
69,10,49.7,Private,A,0
68,9,47.4,Private,A,0
39,8,36.4,Govt,A,0
37,12,41.6,Private,A,0
57,11,27.1,Private,A,1
33,12,54.8,Private,A,1
45,15,29.5,Private,A,1
30,8,42.8,Private,B,0
32,10,28.7,Private,B,0
57,19,23.5,Govt,A,1
22,19,44.8,Private,A,1
34,12,37.7,Self-emp,A,0
37,7,41.5,Private,A,0
44,17,43.5,Private,A,1
55,7,46.3,Govt,A,0
65,11,44.1,Private,B,0
37,17,31.9,Govt,B,1
20,16,35.4,Private,A,1
56,18,36.4,Private,A,1
38,7,42.9,Govt,A,0
27,12,30.8,Private,A,0
33,15,51.0,Private,A,0
58,14,36.9,Govt,A,1
43,18,34.8,Govt,A,1
35,17,38.3,Private,B,1
44,14,37.1,Govt,A,1
35,9,36.5,Private,A,0
48,17,43.4,Private,A,1
42,8,43.6,Private,A,0
22,19,47.8,Private,A,1
56,15,60.0,Private,A,1
64,7,32.5,Private,A,0
53,8,35.3,Govt,A,0
69,8,46.9,Private,A,0
61,15,45.3,Private,A,1
55,19,42.9,Govt,A,1
38,14,36.6,Private,A,1
65,10,69.8,Govt,B,1
51,7,25.9,Govt,A,0
28,6,51.6,Self-emp,A,0
41,12,44.6,Private,B,1
33,16,43.4,Private,A,1
32,10,47.0,Private,A,1
44,10,42.9,Private,A,0
54,8,44.1,Private,A,0
35,19,42.2,Private,A,1
45,15,49.5,Private,A,1
63,19,32.3,Self-emp,A,1
32,14,28.2,Govt,B,1
67,17,32.0,Private,A,1
24,16,30.6,Private,A,1
30,18,45.1,Private,A,1
68,12,48.8,Self-emp,B,0
26,12,38.4,Private,A,0
62,9,43.4,Govt,A,0
25,16,57.0,Govt,A,1
58,13,8.6,Private,B,0
35,13,36.9,Private,A,0
66,15,40.0,Govt,A,1
33,17,36.0,Private,B,1
49,6,26.8,Private,A,0
63,8,32.0,Private,A,0
51,15,33.1,Private,A,0
41,10,31.3,Private,A,0
20,17,60.7,Private,A,1
43,10,52.5,Self-emp,A,0
47,6,44.9,Private,A,0
69,17,35.6,Govt,A,1
45,13,31.0,Govt,A,0
52,15,37.9,Private,A,1
38,13,36.5,Govt,B,0
37,11,38.1,Private,A,1
61,7,39.0,Private,A,0
19,15,32.4,Self-emp,B,1
42,13,35.8,Private,A,0
30,12,41.7,Govt,B,0
19,15,36.7,Private,A,1
46,10,50.4,Private,A,1
43,10,39.7,Private,A,0
44,6,39.6,Private,A,0
55,8,40.1,Private,A,0
44,13,38.5,Private,A,0
19,19,34.2,Private,A,1
30,17,35.8,Private,B,0
20,18,38.9,Self-emp,A,1
61,10,47.9,Govt,A,1
53,7,35.3,Private,A,0
27,10,22.4,Self-emp,B,0
65,10,39.9,Private,B,0
24,12,31.3,Govt,B,1
66,16,40.9,Private,A,1
54,19,37.3,Private,B,1
25,8,47.4,Private,A,0
43,10,46.2,Private,A,0
31,10,42.1,Self-emp,A,0
55,16,40.8,Private,B,1
59,10,26.5,Private,B,0
44,7,32.3,Private,A,0
56,6,29.4,Private,B,0
35,6,16.4,Private,B,0
49,6,24.8,Private,A,0
51,13,32.3,Private,A,0
39,16,59.9,Private,B,1
60,19,46.2,Private,B,1
45,9,33.9,Private,A,0
55,10,47.8,Private,A,0
64,8,47.4,Private,A,1
38,7,16.1,Self-emp,B,0
31,11,41.9,Private,A,0
24,15,32.7,Govt,B,0
59,9,26.6,Private,A,0
20,7,34.7,Private,A,0
29,16,53.4,Private,B,1
33,9,36.3,Private,A,0
46,17,48.6,Private,A,1
26,11,41.5,Private,A,1
44,10,36.6,Private,B,0
50,12,27.5,Private,B,0
40,15,36.3,Private,A,1
47,14,52.5,Govt,A,1
62,11,31.8,Private,B,0
21,9,39.9,Govt,A,0
61,7,30.7,Private,A,0
65,6,25.9,Private,B,0
38,10,37.6,Private,A,0
47,17,28.4,Private,A,1
22,11,40.7,Private,A,0
32,17,23.4,Self-emp,B,1
23,13,39.7,Private,A,1
59,11,48.9,Self-emp,A,1
49,17,27.0,Private,A,1
53,16,58.2,Govt,A,1
60,7,46.9,Private,A,0
53,6,45.7,Govt,A,0
23,12,33.5,Private,A,0
35,7,45.3,Private,A,0
62,12,37.1,Private,A,0
68,10,28.4,Govt,B,0
24,17,41.9,Govt,A,1
20,8,38.4,Private,A,0
34,8,44.1,Private,A,0
45,18,35.3,Govt,A,1
51,19,29.2,Private,A,1
61,13,56.5,Private,A,1
59,6,33.9,Private,A,0
48,19,41.8,Private,A,1
24,18,30.5,Private,A,1
31,6,29.7,Private,A,0
33,16,35.0,Private,A,1
44,19,48.6,Private,B,1
29,8,50.4,Self-emp,A,0
46,15,28.1,Private,A,1
55,11,30.2,Private,A,0
18,13,32.1,Private,B,0
61,11,32.1,Private,A,0
22,8,54.4,Private,A,0
52,13,29.6,Govt,A,0
67,14,44.9,Govt,A,1
44,8,43.6,Private,A,0
52,8,39.8,Private,A,0
63,8,33.1,Private,A,0
53,15,42.6,Govt,A,1
57,9,35.3,Govt,A,0
54,14,51.3,Private,A,1
39,14,33.4,Self-emp,B,1
26,19,35.7,Private,A,1
38,10,21.7,Govt,A,0
34,8,49.5,Govt,B,0
59,19,31.3,Private,B,1
20,8,23.4,Private,A,0
35,18,48.0,Private,A,1
31,8,43.7,Private,A,0
67,11,39.3,Govt,A,0
28,14,43.4,Private,A,1
58,15,34.0,Private,B,1
69,17,29.9,Govt,A,1
18,12,48.5,Private,A,1
26,6,42.6,Self-emp,A,0
62,9,33.5,Private,A,0
38,18,43.1,Govt,A,1
28,19,40.6,Private,A,1
36,13,46.4,Private,B,0
26,16,34.6,Private,A,1
23,15,37.9,Private,A,1
68,14,55.8,Private,A,1
55,12,33.6,Private,A,1
44,6,32.0,Private,A,0
41,9,50.4,Self-emp,A,0
38,13,57.7,Govt,A,1
36,17,45.3,Private,A,1
63,12,39.3,Self-emp,A,1
67,16,21.2,Private,A,1
29,8,37.0,Private,B,0
28,11,38.1,Self-emp,A,1
19,8,36.4,Private,A,0
41,12,28.5,Private,A,1
53,18,45.6,Self-emp,A,1
38,6,49.1,Private,B,0
24,10,43.8,Private,B,0
50,16,42.2,Private,A,1
37,18,36.1,Govt,A,1
54,8,33.8,Private,A,1
63,11,48.2,Private,A,1
30,15,36.3,Govt,B,1
61,19,28.4,Private,A,1
25,18,61.3,Private,A,1
18,18,40.1,Private,A,1
35,17,31.4,Private,A,1
32,9,32.8,Private,B,0
51,15,41.9,Govt,A,1
63,17,47.8,Private,A,1
25,10,27.8,Private,B,1
63,15,34.8,Private,A,1
41,18,39.1,Private,A,1
42,10,45.7,Private,A,0
63,11,44.2,Private,B,0
42,11,47.1,Self-emp,A,0
54,8,28.2,Private,A,0
42,7,32.7,Self-emp,A,0
48,16,55.7,Govt,B,1
18,7,43.2,Private,A,0
39,15,38.6,Private,A,0
22,9,27.4,Govt,A,0
42,17,25.7,Private,A,1
64,11,50.3,Self-emp,A,0
31,9,42.5,Private,A,0
21,12,47.7,Private,B,1
22,16,38.5,Private,A,1
38,11,38.2,Private,A,0
57,9,38.9,Private,B,0
47,9,44.5,Govt,B,0
20,19,38.0,Private,A,1
59,17,34.9,Private,B,1
51,10,45.2,Private,B,0
35,9,34.3,Govt,A,0
58,8,30.8,Private,B,0
33,12,57.5,Govt,A,1
30,6,38.9,Private,A,0
69,10,32.6,Govt,A,0
34,16,41.9,Private,A,1
21,10,42.3,Private,B,0
54,12,56.7,Private,B,0
42,17,35.6,Private,A,1
22,10,48.2,Private,A,0
22,13,33.5,Self-emp,A,1
28,9,16.9,Private,B,1
63,16,39.6,Private,A,1
38,6,42.6,Private,B,0
69,8,44.9,Private,A,0
35,17,51.4,Private,B,1
56,7,33.3,Private,A,0
67,12,58.7,Private,A,1
69,9,39.3,Private,A,0
67,14,38.8,Govt,B,1
23,7,46.2,Private,A,0
41,9,35.4,Govt,B,0
24,9,37.8,Govt,A,0
67,10,49.2,Private,A,0
21,7,25.3,Private,A,0
53,6,41.5,Private,A,0
18,17,30.7,Private,B,1
58,14,46.2,Govt,A,1
49,11,26.9,Govt,B,0
21,10,36.7,Private,A,1
31,15,27.9,Private,A,0
56,16,61.7,Govt,B,1
65,16,37.0,Private,A,1
26,18,37.5,Private,B,1
51,15,49.7,Self-emp,A,1
23,14,34.5,Private,B,0
40,15,33.7,Private,A,1
46,13,39.7,Govt,A,1
42,19,41.2,Self-emp,A,1
34,12,36.7,Private,A,0
40,7,33.7,Private,A,0
21,7,41.8,Private,A,0
45,16,28.3,Private,A,1
18,12,35.1,Private,A,0
32,19,44.4,Private,B,1
59,9,43.3,Private,B,0
63,9,37.2,Govt,B,0
25,6,55.0,Private,A,0
46,18,51.6,Private,A,1
39,14,40.3,Private,B,1
37,10,21.8,Private,A,0
66,16,46.9,Govt,A,1
65,15,53.2,Govt,B,1
68,6,35.8,Self-emp,A,0
35,7,38.4,Private,A,0
38,8,45.6,Private,B,1
57,16,33.3,Self-emp,A,1
50,9,43.9,Private,A,0
47,6,35.3,Private,B,0
25,13,22.6,Private,A,0
32,12,29.5,Govt,A,1
53,13,49.8,Private,A,1
42,19,38.3,Private,A,1
35,14,33.5,Private,A,1
49,15,35.9,Self-emp,A,1
40,16,41.0,Private,A,1
50,9,41.4,Govt,A,0
28,18,45.0,Private,A,1
39,14,44.3,Private,A,1
25,6,40.8,Govt,B,0
20,15,56.1,Govt,A,1
51,15,45.7,Private,B,0
60,12,48.6,Private,A,0
18,17,45.4,Private,A,1
28,14,47.0,Private,A,1
42,10,35.4,Private,A,1
46,16,37.2,Private,B,1
59,6,46.4,Private,A,0
41,7,31.3,Govt,A,0
64,16,27.5,Private,A,1
53,8,26.0,Govt,B,0
21,16,34.6,Self-emp,A,1
53,14,34.0,Private,A,1
53,13,40.7,Private,A,1
40,9,26.4,Govt,B,0
44,17,27.8,Govt,A,1
65,11,38.6,Private,A,0
68,16,36.3,Govt,B,1
64,8,36.9,Private,A,0
36,7,35.0,Private,A,0
56,18,40.8,Govt,A,1
25,19,30.8,Govt,A,1
46,6,39.4,Private,A,0
18,8,45.4,Govt,B,0
33,19,32.8,Govt,A,1
58,15,26.3,Private,A,0
21,17,42.1,Self-emp,A,1
32,14,36.9,Govt,A,1
43,7,47.4,Private,A,0
38,11,48.4,Private,B,0
44,8,55.5,Govt,B,1
54,11,49.2,Private,A,1
38,11,41.0,Govt,A,0
27,15,26.6,Private,A,1
57,8,39.2,Self-emp,B,0
62,14,48.5,Private,A,1
37,18,42.5,Self-emp,B,1
35,19,54.2,Private,B,1
47,13,38.6,Self-emp,A,1
37,17,29.8,Govt,A,1
45,6,45.9,Private,B,0
56,11,25.3,Govt,A,0
60,18,44.3,Govt,A,1
41,9,37.2,Private,A,0
30,8,37.6,Private,B,0
44,11,44.0,Govt,A,1
43,8,33.5,Govt,B,0
25,8,30.8,Private,B,0
48,8,32.7,Private,A,0
39,19,49.6,Private,A,1
66,10,38.9,Self-emp,A,0
28,15,39.6,Private,B,1
37,6,44.6,Private,B,0
37,15,27.4,Govt,A,1
45,16,38.3,Private,A,1
37,10,34.0,Private,B,0
69,7,26.8,Govt,A,0
52,14,28.3,Private,A,1
63,19,46.5,Private,A,1
31,16,27.9,Private,A,1
52,13,36.8,Private,B,0
53,15,33.1,Private,A,1
45,7,32.3,Private,A,0
25,11,26.5,Private,A,0
31,15,41.6,Private,B,1
28,15,38.6,Private,A,1
66,11,37.1,Self-emp,A,0
28,14,37.9,Private,A,1
61,6,29.7,Private,A,0
59,18,34.2,Govt,A,1
68,19,43.3,Private,A,1
24,11,47.6,Private,B,0
41,9,37.4,Self-emp,A,0
24,8,34.4,Private,B,0
38,16,43.8,Private,B,1
46,10,49.6,Govt,A,0
54,6,53.4,Govt,A,0
67,12,22.4,Private,A,0
59,7,46.4,Private,A,0
46,10,45.2,Private,A,0
43,11,35.7,Private,A,0
49,8,45.9,Private,B,0
32,12,40.1,Private,A,1
38,15,47.0,Govt,A,1
26,7,57.7,Self-emp,A,0
50,8,29.6,Private,A,0
61,18,38.6,Private,A,1
37,12,41.3,Private,A,0
68,18,39.5,Private,A,1
48,19,49.8,Govt,A,1
31,13,43.2,Govt,A,1
20,18,33.7,Private,A,1
58,16,45.5,Private,A,1
61,18,40.9,Govt,B,1
47,19,40.7,Private,A,1
34,12,37.7,Private,A,1
49,6,49.4,Govt,B,0
65,6,40.7,Private,A,0
62,13,55.0,Self-emp,A,1
29,10,57.1,Private,A,1
36,13,40.8,Govt,A,1
39,17,31.5,Self-emp,B,1
26,9,43.8,Private,A,0
27,14,18.1,Private,B,0
63,12,44.2,Private,A,1
26,14,51.3,Govt,A,1
30,15,30.7,Govt,B,0
54,17,20.0,Private,A,1
64,16,33.4,Private,A,1
18,16,35.7,Private,B,1
59,13,38.5,Govt,A,1
21,11,37.4,Govt,A,0
51,19,37.0,Self-emp,B,1
63,10,26.4,Govt,A,0
33,10,31.9,Private,A,0
41,8,24.3,Private,A,0
26,13,41.2,Self-emp,A,1
69,14,36.9,Private,B,0
64,9,35.2,Private,A,0
39,19,39.4,Private,B,1
59,9,22.9,Self-emp,A,0
24,15,33.4,Self-emp,A,1
26,18,31.2,Private,A,1
54,17,40.2,Private,A,1
44,17,32.9,Private,A,1
57,18,39.8,Self-emp,A,1
43,14,24.3,Private,A,1
56,6,42.3,Private,A,0
68,13,44.1,Self-emp,B,1
55,9,42.1,Private,A,0
22,17,39.3,Private,A,1
49,19,39.7,Private,B,1
62,19,35.3,Private,A,1
47,13,52.4,Private,A,1
47,16,54.7,Self-emp,A,1
46,12,37.1,Private,B,0
22,10,42.6,Self-emp,A,0
34,13,56.6,Private,A,1
61,9,33.2,Private,A,0
46,10,32.9,Private,B,0
61,14,43.0,Private,A,1
18,13,37.1,Self-emp,A,1
65,6,35.8,Private,A,0
37,9,61.3,Govt,A,0
68,8,36.3,Private,B,0
40,16,48.3,Self-emp,B,1
53,17,27.1,Private,A,1
43,15,33.0,Self-emp,A,1
23,19,38.7,Private,A,1
48,18,44.4,Private,A,1
42,13,34.2,Private,B,1
66,13,36.6,Self-emp,A,1
39,13,44.5,Self-emp,A,0
60,10,31.7,Private,A,0
57,9,60.9,Private,B,0
48,8,42.6,Private,A,0
28,7,29.3,Govt,A,0
47,13,24.9,Private,A,1
32,6,42.8,Private,A,0
64,12,40.4,Private,A,0
52,6,31.2,Govt,B,0
35,13,28.3,Private,A,1
47,17,36.6,Private,A,1
66,11,44.0,Private,B,0
50,9,21.9,Private,B,0
44,15,49.2,Self-emp,A,1
32,8,35.9,Private,A,0
37,9,38.9,Self-emp,A,0
34,6,35.0,Private,A,0
59,9,51.0,Govt,B,0
53,11,31.2,Govt,A,0
32,15,38.2,Private,A,1
45,8,46.5,Private,A,0
55,14,48.3,Govt,A,1
53,13,13.0,Self-emp,B,0
52,7,41.0,Private,A,0
46,7,22.3,Private,B,0
20,17,48.8,Private,A,1
28,18,40.9,Private,A,1
49,18,30.1,Private,A,1
59,14,37.8,Private,A,0
29,15,48.3,Govt,A,1
23,14,45.2,Private,B,1
37,11,38.0,Private,A,1
43,13,44.9,Private,A,1
35,11,40.3,Private,A,1
59,12,43.0,Private,B,0
28,14,39.2,Private,A,1
60,6,30.6,Private,A,0
21,14,37.5,Self-emp,A,1
67,8,60.2,Private,B,0
39,8,25.4,Private,A,0
43,10,32.1,Private,B,0
41,19,48.2,Govt,B,1
19,13,38.9,Private,B,0
28,13,43.3,Private,B,0
35,12,52.4,Self-emp,A,1
69,10,27.7,Private,A,0
34,7,30.4,Private,A,0
42,10,36.9,Private,A,1
38,19,44.5,Private,A,1
39,15,39.7,Govt,B,1
62,9,32.0,Private,A,0
66,12,24.6,Private,A,0
22,8,37.5,Govt,A,1
61,18,32.9,Private,A,0
43,18,42.2,Govt,A,1
25,16,28.8,Private,A,0
56,8,47.9,Private,A,0
63,8,32.5,Private,A,0
29,12,44.8,Private,A,0
53,9,45.2,Private,A,0
34,10,24.5,Private,A,0
68,6,34.5,Private,A,0
55,11,31.3,Private,A,0
43,19,63.1,Govt,B,1
34,15,27.2,Private,B,1
36,16,35.4,Govt,B,0
33,11,44.4,Private,B,0
53,12,54.9,Govt,A,0
58,12,40.3,Private,A,0
68,13,48.5,Self-emp,A,1
25,7,46.8,Private,B,0
36,8,34.7,Self-emp,A,0
38,6,46.2,Private,B,0
33,11,41.2,Govt,B,0
33,19,32.4,Private,A,1
37,16,51.3,Private,A,1
57,17,38.4,Private,B,1
23,8,35.7,Private,A,0
45,7,46.0,Govt,B,0
68,14,37.0,Private,B,1
18,19,44.6,Private,B,1
47,15,30.0,Self-emp,A,1
36,19,36.8,Govt,A,1
58,10,32.7,Private,A,0
32,7,24.6,Private,B,0
33,10,46.5,Self-emp,A,0
51,14,32.1,Private,A,1
34,9,37.4,Private,A,1
48,9,47.0,Private,A,0
50,15,51.8,Govt,A,1
47,14,43.8,Private,A,1
56,9,38.8,Private,A,0
63,11,35.9,Private,A,0
34,14,47.0,Private,A,1
52,7,49.8,Private,A,0
59,11,45.7,Private,B,1
63,18,26.0,Private,A,1
50,14,30.4,Govt,B,0
27,14,42.7,Private,A,1
31,12,26.8,Private,A,1
43,19,44.0,Govt,A,1
30,18,41.4,Private,A,1
36,17,43.5,Self-emp,A,1
68,9,58.7,Private,A,0
31,16,29.6,Self-emp,A,1
26,15,47.5,Private,B,1
48,6,42.7,Private,B,0
59,8,35.4,Private,A,0
24,6,42.3,Govt,A,0
24,15,51.9,Govt,A,1
64,18,50.9,Private,A,1
42,16,42.7,Private,B,1
67,6,43.9,Private,A,0
36,16,30.6,Govt,A,1
27,9,42.6,Private,B,0
31,10,38.3,Private,B,0
50,12,35.5,Private,A,0
66,10,51.0,Private,A,1
51,16,41.2,Self-emp,B,1
56,11,33.8,Govt,B,1
64,16,49.2,Private,B,0
52,7,62.4,Private,A,0
63,17,42.4,Private,A,1
57,8,47.0,Private,A,0
59,7,43.0,Private,A,0
39,6,46.0,Private,B,0
54,12,20.1,Private,A,0
55,13,40.9,Self-emp,A,1
31,16,37.8,Private,B,1
46,18,32.3,Private,A,1
30,10,25.7,Private,B,0
29,13,37.3,Private,A,1
54,17,34.6,Private,A,1
19,11,43.3,Private,B,0
29,17,50.7,Govt,B,1
46,18,63.8,Private,A,1
58,15,30.6,Govt,A,1
59,6,45.9,Self-emp,A,0
33,17,39.6,Private,A,1
69,15,37.3,Govt,A,0
22,19,40.4,Private,B,1
30,7,45.2,Private,A,0
45,19,50.0,Private,A,1
45,16,41.2,Private,A,1
53,11,36.8,Private,B,0
69,19,33.2,Private,A,1
40,19,38.9,Self-emp,A,1
59,15,32.3,Govt,B,0
58,8,32.3,Private,A,0
65,8,46.8,Private,B,0
56,7,44.5,Private,A,0
20,9,28.7,Private,A,0
65,14,35.3,Private,A,1
55,13,31.3,Govt,A,1
59,10,40.9,Private,A,0
42,12,41.1,Private,A,1
49,10,65.6,Private,B,0
67,17,41.2,Self-emp,A,1
32,19,45.0,Govt,A,1
67,13,43.5,Private,B,0
35,11,43.2,Private,A,0
49,6,38.6,Private,B,0
21,10,63.0,Private,B,0
56,12,21.7,Private,B,0
55,7,36.5,Private,A,0
49,15,38.9,Private,A,0
36,17,43.0,Private,B,1
50,7,52.2,Private,A,0
21,9,45.3,Private,A,0
67,11,43.1,Private,A,0
51,18,37.0,Private,A,1
60,12,52.1,Private,A,0
20,8,42.9,Private,A,0
52,15,27.7,Private,A,1
20,14,41.4,Self-emp,A,0
24,16,43.6,Private,A,1
59,15,47.1,Private,A,1
21,9,47.1,Private,A,0
58,15,33.1,Govt,A,1
27,9,45.9,Private,A,0
59,18,30.5,Self-emp,A,1
55,17,37.9,Private,A,1
26,14,53.8,Private,B,1
60,16,39.6,Private,A,1
33,6,43.2,Govt,A,0
66,17,20.5,Private,A,1
60,7,39.1,Private,B,0
32,14,25.4,Private,A,1
44,18,44.3,Private,B,1
30,11,24.7,Private,A,0
34,15,56.0,Private,B,1
23,16,32.6,Private,A,1
41,7,36.0,Govt,A,0
34,13,40.0,Private,A,1
52,9,25.9,Private,A,0
30,11,32.7,Private,A,0
69,15,38.4,Self-emp,A,1
68,6,43.4,Private,B,0
68,16,51.9,Private,A,1
50,11,39.2,Private,A,0
37,6,43.0,Private,B,0
56,18,34.6,Private,A,1
31,14,47.9,Private,A,1
49,7,35.3,Private,A,0
32,6,46.5,Private,A,0
24,16,40.5,Private,A,1
42,9,51.1,Private,B,0
20,16,60.1,Govt,B,1
26,19,37.7,Private,A,1
48,14,56.5,Private,B,0
55,15,45.4,Govt,B,0
35,17,33.3,Govt,B,0
42,17,48.7,Private,A,1
36,8,47.6,Private,A,0
55,12,44.4,Private,A,0
67,18,41.6,Govt,A,1
37,15,45.9,Private,A,1
58,10,51.3,Govt,B,0
56,19,37.5,Govt,B,1
21,10,40.1,Govt,B,0
22,9,52.7,Private,A,0
37,19,40.6,Private,A,1
20,17,41.3,Private,A,1
60,13,34.7,Private,A,1
20,13,40.2,Private,B,0
36,12,48.9,Govt,A,1
57,15,46.3,Private,A,1
45,9,25.2,Private,B,0
60,13,42.0,Govt,A,0
64,7,36.9,Private,B,0
26,13,43.5,Private,B,0
55,7,48.8,Private,A,0
42,9,27.1,Private,A,0
64,15,41.1,Govt,A,1
51,16,36.3,Private,A,1
34,8,34.5,Private,A,0
52,18,40.3,Private,A,1
45,18,27.9,Private,B,1
59,18,33.9,Private,B,1
21,17,36.2,Private,A,1
26,13,36.0,Private,A,1
35,16,36.5,Govt,B,1
54,16,33.8,Govt,A,1
45,18,35.4,Private,A,1
69,17,43.5,Private,A,1
48,10,42.2,Private,A,0
55,14,32.8,Self-emp,B,0
20,18,31.7,Private,A,1
69,10,38.5,Govt,A,0
41,9,42.1,Self-emp,B,0
49,19,38.2,Govt,A,1
44,11,54.3,Private,A,1
40,12,37.5,Govt,A,1
33,11,56.4,Govt,B,1
19,17,38.9,Govt,B,1
18,6,31.5,Private,B,0
23,12,27.6,Govt,B,0
64,17,31.6,Private,A,1
48,18,52.3,Private,A,1
55,7,44.6,Private,B,0
56,11,49.9,Private,B,0
25,11,26.9,Self-emp,A,0
44,14,62.6,Govt,B,0
24,6,47.6,Private,A,0
19,15,43.8,Self-emp,A,1
39,14,41.0,Govt,B,0
20,19,30.6,Private,A,1
37,17,43.9,Govt,B,1
58,12,31.4,Private,A,0
58,12,43.5,Private,A,1
66,18,48.1,Private,A,1
52,10,31.5,Govt,A,0
34,14,38.2,Private,A,0
49,11,22.5,Private,B,0
29,9,22.9,Govt,A,0
49,10,50.0,Private,A,0
62,10,42.2,Private,B,0
56,9,43.8,Private,A,0
24,9,36.9,Private,A,0
35,6,30.4,Govt,A,0
34,12,45.9,Govt,B,0
28,7,39.5,Private,A,0
49,12,30.0,Private,B,1
51,15,33.3,Private,A,1
63,15,26.5,Private,B,0
59,11,37.5,Private,A,0
32,11,34.3,Private,B,1
36,13,40.4,Private,B,0
68,14,27.4,Private,B,1
49,14,40.7,Private,A,1
61,9,35.1,Private,A,0
47,13,40.5,Private,A,1
57,12,39.6,Private,A,0
34,13,28.8,Private,B,0
23,10,47.7,Private,B,0
27,9,46.7,Private,A,0
32,16,35.6,Private,B,1
36,14,42.6,Private,A,1
51,13,35.6,Private,A,0
45,15,39.7,Private,A,1
20,14,48.6,Govt,A,1
69,6,37.1,Private,A,0
39,16,48.5,Private,A,1
39,16,42.0,Govt,A,1
69,17,35.5,Private,A,1
50,15,40.3,Private,A,1
64,17,37.6,Private,B,1
68,13,41.9,Private,A,0
66,8,39.8,Private,A,0
68,14,39.3,Private,A,1
45,6,25.5,Private,A,0
47,10,43.7,Govt,A,1
50,8,43.0,Private,A,0
33,9,30.4,Govt,A,0
52,17,49.7,Private,A,1
26,19,28.3,Govt,A,1
39,8,28.4,Private,A,0
57,15,53.6,Private,A,1
49,7,46.0,Private,B,0
36,8,44.0,Govt,B,0
51,17,41.3,Govt,A,1
37,16,40.7,Private,A,1
36,13,31.2,Private,A,0
37,10,41.7,Private,A,0
52,10,54.9,Private,B,0
26,19,33.4,Private,A,1
33,16,37.5,Private,A,1
49,17,41.0,Private,A,1
28,7,50.9,Private,A,0
24,13,45.4,Self-emp,A,1
67,9,43.2,Private,A,0
35,7,30.0,Private,A,0
42,12,26.6,Private,B,0
52,19,45.2,Private,A,1
52,19,28.1,Private,A,1
35,18,34.6,Private,A,1
19,14,39.2,Private,A,1
38,13,36.6,Private,A,1
49,10,41.1,Private,A,0
46,11,40.2,Govt,A,0
63,10,40.0,Private,A,0
58,19,61.2,Private,B,1
54,12,45.0,Self-emp,A,0
47,16,41.4,Private,B,1
61,11,52.6,Private,A,0
63,6,38.3,Private,B,0
46,10,32.5,Private,B,0
61,19,39.1,Private,A,1
42,10,52.6,Private,A,1
53,12,28.3,Private,A,1
18,18,58.0,Govt,B,1
57,8,50.9,Private,A,0
48,16,42.1,Private,A,1
53,15,38.5,Private,A,1
60,19,26.2,Private,B,1
29,16,26.5,Private,A,1
47,6,38.7,Govt,A,0
24,16,43.6,Private,A,1
25,8,49.0,Private,A,0
64,13,34.7,Private,B,1
32,12,36.1,Private,A,0
29,14,42.3,Govt,A,1
30,9,36.1,Private,A,0
29,14,46.3,Private,A,1
30,17,30.3,Govt,B,1
63,9,44.6,Private,A,0
18,12,32.7,Private,A,0
54,11,49.0,Private,A,1
52,8,51.6,Private,B,0
41,12,57.8,Private,A,1
26,15,47.6,Govt,A,1
54,14,50.3,Private,A,1
45,19,34.1,Private,A,1
61,11,41.1,Self-emp,A,0
45,13,39.8,Private,A,0
58,17,28.7,Private,B,1
35,14,52.8,Private,A,1
20,12,49.8,Private,B,0
54,9,34.3,Self-emp,A,0
30,7,27.5,Private,B,0
54,6,29.0,Govt,A,0
18,12,32.5,Private,A,0
44,6,42.4,Private,B,0
25,15,40.3,Private,A,1
47,9,37.6,Govt,B,0
62,13,49.2,Private,A,1
50,14,45.4,Private,A,1
48,17,24.5,Private,A,1
56,17,46.8,Private,A,1
67,11,44.1,Private,A,0
49,15,48.7,Govt,B,1
52,15,40.4,Govt,A,1
19,8,48.9,Private,A,0
36,15,38.8,Private,B,1
21,11,41.6,Private,A,0
44,13,43.5,Private,A,1
31,18,38.3,Private,A,1
19,7,32.8,Private,A,0
37,16,37.3,Private,A,1
47,17,29.4,Private,A,1
32,11,38.0,Private,B,0
31,8,32.0,Private,B,0
61,17,56.6,Private,A,1
44,13,45.1,Private,B,0
66,10,36.1,Govt,A,0
19,18,15.9,Private,B,0
42,17,48.1,Private,B,1
60,11,51.0,Private,A,0
23,19,46.5,Private,A,1
60,12,31.2,Self-emp,A,0
33,11,37.7,Private,B,0
69,13,48.9,Self-emp,A,1
56,15,41.3,Private,A,0
54,18,38.4,Private,A,1
33,15,40.3,Private,A,1
65,19,46.7,Private,A,1
48,10,27.7,Self-emp,B,0
37,16,43.0,Private,A,1
60,17,29.5,Private,A,1
25,6,31.0,Private,A,0
27,13,24.2,Private,B,0
33,17,54.2,Govt,A,1
43,10,33.8,Private,A,0
37,15,42.7,Govt,B,0
20,8,61.2,Private,A,0
27,19,30.8,Private,A,1
35,19,35.7,Private,A,1
19,9,39.0,Private,B,0
59,9,31.8,Private,B,0
65,8,32.1,Private,A,0
23,9,32.0,Govt,A,0
49,15,49.7,Private,A,1
49,19,40.2,Govt,A,1
23,7,48.7,Govt,A,0
60,11,39.4,Private,A,0
36,7,37.7,Private,B,0
20,19,53.6,Self-emp,A,1
60,10,29.0,Private,A,0
41,8,47.0,Private,B,0
37,10,39.7,Private,A,0
19,16,46.5,Private,A,1
44,8,35.7,Private,A,0
27,9,35.7,Private,A,0
69,15,56.8,Private,B,1
24,19,57.8,Govt,A,1
36,17,42.2,Private,A,1
66,9,44.7,Private,A,0
19,12,27.7,Govt,A,0
18,15,44.4,Govt,A,1
66,16,36.3,Private,A,1
64,13,39.9,Govt,B,1
36,11,31.6,Govt,A,0
26,15,28.0,Private,B,1
61,8,40.6,Private,B,0
53,11,42.1,Private,A,0
31,9,43.5,Private,B,0
54,15,44.7,Govt,A,1
23,12,31.3,Self-emp,A,0
20,19,55.1,Govt,B,1
52,8,37.3,Private,A,0
40,10,39.0,Private,B,0
59,15,28.4,Private,A,1
51,11,38.6,Private,A,0
51,10,44.9,Private,A,0
63,10,29.8,Private,B,0
45,7,29.4,Self-emp,A,0
68,11,24.1,Private,B,0
22,9,53.6,Self-emp,A,0
60,17,37.9,Govt,B,1
59,16,40.6,Private,A,1
24,12,30.0,Private,B,0
48,11,21.2,Govt,A,0
32,11,38.0,Private,A,0
42,6,37.8,Private,B,0
20,9,38.4,Private,A,0
65,11,50.1,Private,B,0
45,14,47.5,Private,B,1
61,12,44.3,Private,B,1
23,15,60.6,Govt,B,0
50,14,40.8,Govt,A,1
30,10,23.4,Self-emp,B,0
69,18,37.2,Govt,B,1
37,13,8.9,Private,B,0
67,10,28.2,Private,B,0
35,14,35.6,Private,B,0
20,9,35.0,Private,A,0
35,11,43.6,Private,A,0
22,13,29.4,Private,A,1
33,17,37.3,Private,A,1
47,12,35.9,Private,B,0
27,13,62.1,Govt,A,1
60,14,36.2,Govt,A,1
62,17,39.7,Self-emp,A,1
29,7,34.7,Private,A,0
19,12,40.6,Private,A,1
37,15,43.5,Private,A,1
25,15,38.9,Private,B,1
54,12,42.3,Private,A,1
30,16,50.3,Govt,A,1
62,16,56.3,Private,A,1
44,17,37.6,Self-emp,A,1
18,19,34.2,Private,A,1
36,16,35.2,Govt,A,1
22,6,38.5,Private,A,0
45,19,41.7,Private,A,1
45,18,44.9,Private,A,1
57,10,36.0,Private,A,1
44,13,62.0,Govt,A,1
48,17,37.8,Private,A,1
31,9,43.0,Private,A,0
62,9,36.6,Private,A,0
45,12,44.1,Private,A,1
27,15,39.3,Private,B,0
62,9,42.9,Govt,A,1
41,17,42.4,Govt,A,1
21,10,31.5,Private,A,0
37,19,37.9,Private,A,1
40,8,31.5,Private,A,0
27,11,40.9,Private,A,0
53,12,43.2,Private,A,1
21,14,41.5,Self-emp,A,1
64,10,26.5,Self-emp,A,0
31,7,44.5,Private,A,0
42,10,48.4,Private,B,0
35,11,39.3,Private,A,1
55,6,48.7,Govt,B,0
69,9,37.4,Private,B,0
66,16,46.2,Private,A,1
22,11,36.4,Self-emp,A,1
42,17,45.6,Private,A,1
35,13,49.8,Private,A,0
20,11,39.8,Private,B,0
29,9,37.8,Govt,A,0
50,11,48.2,Govt,B,0
36,12,47.6,Private,A,1
68,15,37.8,Private,B,0
28,6,49.0,Private,A,0
31,7,39.5,Govt,A,0
31,9,41.4,Govt,B,0
27,18,38.5,Private,A,1
52,16,55.1,Private,B,0
58,11,45.7,Private,B,0
48,12,40.8,Govt,A,0
21,12,34.3,Self-emp,A,0
35,16,37.2,Private,A,1
63,9,41.7,Self-emp,A,0
49,18,36.9,Private,A,1
19,16,51.9,Govt,A,1
46,16,40.5,Private,B,1
45,10,49.1,Govt,A,0
41,11,23.5,Private,A,0
40,13,37.6,Self-emp,A,1
69,19,38.0,Govt,B,1
49,19,41.3,Private,A,1
66,6,48.2,Private,B,0
51,13,39.6,Private,A,1
51,15,38.2,Private,A,0
65,17,37.7,Private,A,1
56,8,44.8,Private,B,0
33,12,35.8,Private,A,0
40,8,25.1,Private,A,0
18,15,37.9,Private,A,1
50,7,43.5,Private,A,0
26,15,49.0,Private,A,1
49,8,54.2,Private,B,0
40,14,47.5,Private,A,0
26,6,23.2,Private,B,0
52,16,27.3,Private,B,1
54,11,39.5,Govt,A,1
26,8,42.6,Private,A,0
22,10,38.5,Self-emp,B,0
43,17,32.4,Private,B,0
42,8,42.0,Private,B,0
38,13,37.9,Self-emp,A,1
49,14,30.3,Private,A,1
25,16,27.3,Govt,A,1
61,16,45.1,Private,B,1
52,19,40.8,Govt,B,1
26,11,24.4,Private,B,0
35,17,30.4,Private,A,1
24,10,44.0,Private,A,0
43,16,25.4,Private,A,1
58,17,35.3,Private,A,1
65,8,28.8,Private,B,0
62,17,32.3,Private,A,0
49,13,45.6,Govt,B,0
58,13,45.8,Private,A,1
26,7,41.6,Private,A,0
39,16,45.7,Private,B,0
62,16,22.5,Private,A,1
36,16,45.0,Govt,A,1
53,19,41.1,Self-emp,A,1
21,14,41.2,Private,A,1
63,14,35.9,Govt,A,0
45,12,53.7,Private,A,1
26,10,33.5,Self-emp,A,1
20,10,54.8,Self-emp,A,1
26,19,32.2,Private,A,1
41,18,57.4,Govt,A,1
59,15,45.5,Self-emp,A,1
42,17,34.0,Self-emp,A,1
34,12,47.1,Self-emp,A,0
60,15,56.8,Self-emp,A,1
30,17,40.9,Govt,A,1
34,10,35.1,Private,A,1
43,19,28.1,Private,A,1
68,14,46.2,Private,A,1
28,6,33.4,Private,A,0
49,10,38.8,Private,B,1
32,10,30.7,Private,A,0
52,18,26.0,Private,A,1
22,17,42.2,Govt,A,1
46,10,44.3,Govt,B,0
60,6,28.0,Govt,B,0
62,10,55.9,Private,B,0
48,17,41.3,Private,B,1
23,19,33.4,Private,A,1
67,15,56.9,Govt,A,1
68,12,43.2,Govt,A,0
24,15,41.6,Private,A,1
65,11,40.8,Private,A,1
46,9,43.0,Private,B,0
46,9,39.4,Govt,A,0
38,13,36.7,Private,A,0
35,11,46.2,Govt,B,0
32,7,24.9,Govt,B,0
63,18,35.8,Private,A,1
27,10,52.6,Private,B,0
51,9,41.3,Private,A,0
26,8,39.6,Private,A,0
45,19,23.4,Private,A,1
63,18,37.4,Private,B,1
34,18,44.4,Private,A,1
30,7,33.1,Private,B,0
23,9,42.5,Private,A,0
68,12,21.4,Govt,A,0
59,12,45.7,Private,A,0
25,11,37.5,Self-emp,B,0
28,17,29.7,Private,A,1
37,7,27.9,Private,A,0
38,8,45.2,Private,B,0
32,12,35.7,Govt,A,0
35,17,38.3,Govt,A,1
24,18,51.2,Govt,A,1
33,8,49.1,Govt,A,0
50,14,40.7,Private,A,1
36,15,35.6,Private,A,1
26,9,37.0,Private,A,0
39,19,30.1,Govt,B,1
56,17,46.6,Private,A,1
27,10,31.1,Govt,A,0
53,19,27.8,Self-emp,A,1
64,18,32.4,Govt,B,1
24,10,50.6,Private,A,1
45,18,33.1,Private,A,1
45,15,53.7,Private,A,1
42,7,42.6,Private,A,0
40,19,47.2,Self-emp,A,1
32,18,49.6,Private,A,1
26,11,36.6,Private,A,0
21,19,35.1,Private,A,1
57,15,44.5,Private,B,1
54,13,44.9,Private,B,0
42,10,36.2,Private,B,0
21,16,42.0,Private,A,1
59,17,49.8,Self-emp,A,1
34,16,50.7,Private,A,1
40,15,43.5,Private,A,1
62,9,39.3,Private,A,0
32,19,46.0,Private,A,1
22,6,34.5,Private,A,0
40,12,53.1,Private,A,1
26,10,53.0,Private,A,0
27,18,47.9,Private,A,1
48,7,46.9,Private,B,0
20,11,41.1,Self-emp,A,0
42,11,37.4,Private,A,1
32,9,49.6,Private,B,0
58,14,41.7,Private,A,1
24,11,41.4,Private,A,0
51,19,40.5,Self-emp,A,1
45,19,36.9,Private,A,1
68,12,16.3,Private,B,0
38,14,39.0,Private,A,1
34,10,49.1,Private,A,0
34,16,41.4,Govt,A,1
51,14,41.2,Private,B,1
28,11,37.4,Govt,A,1
51,6,33.5,Private,A,0
25,15,39.9,Private,B,1
49,7,30.1,Self-emp,A,0
63,15,39.3,Self-emp,A,0
38,9,31.9,Private,A,0
40,12,40.5,Self-emp,A,1
30,18,33.9,Private,A,1
56,15,40.9,Private,A,1
40,6,44.4,Private,A,0
33,13,41.9,Private,B,0
32,17,27.6,Private,A,1
18,11,42.2,Self-emp,B,0
46,9,38.7,Private,B,0
43,7,44.6,Private,A,0
21,10,45.7,Private,A,0
48,6,41.3,Govt,B,0
20,8,33.5,Govt,B,0
37,16,39.1,Private,A,1
63,8,46.3,Private,A,0
64,9,31.2,Govt,A,0
23,15,24.9,Private,B,1
41,7,52.4,Private,A,0
29,14,47.9,Private,A,1
42,6,37.0,Private,A,0
45,6,48.0,Private,B,0
68,7,47.3,Private,B,0
25,12,48.4,Private,A,0
18,17,54.7,Private,A,1
64,18,48.5,Private,A,1
22,6,37.2,Private,B,0
28,6,34.0,Govt,A,0
60,10,32.4,Private,A,0
56,11,37.8,Govt,A,0
61,9,41.7,Private,B,0
18,17,44.4,Govt,B,1
63,18,36.0,Govt,B,1
22,9,46.2,Govt,A,0
62,16,32.8,Private,B,1
46,11,34.4,Private,A,0
43,15,39.8,Private,A,1
61,6,35.4,Private,A,0
33,11,34.8,Private,A,0
60,9,27.0,Private,A,0
27,13,33.7,Private,B,1
42,17,46.0,Self-emp,A,1
64,11,46.4,Govt,A,1
36,7,42.4,Govt,B,0
30,15,41.6,Private,A,1
31,11,39.0,Private,A,0
50,12,19.9,Private,B,0
20,9,50.9,Private,A,0
20,14,21.7,Private,B,1
61,10,33.5,Private,A,0
27,16,39.6,Private,A,1
43,9,30.5,Private,B,0
38,18,30.0,Private,A,1
41,9,54.6,Private,B,0
61,14,11.0,Private,A,0
26,7,50.3,Self-emp,A,0
57,7,32.2,Private,A,0
42,17,45.4,Govt,A,1
40,8,24.8,Private,B,0
64,12,39.7,Private,B,0
37,10,25.8,Self-emp,B,0
60,18,26.1,Self-emp,A,1
35,9,41.6,Private,A,0
29,19,52.9,Private,A,1
57,12,38.2,Private,A,0
19,12,29.7,Private,A,1
30,17,47.3,Govt,A,1
36,19,47.0,Private,B,1
67,11,33.0,Govt,B,0
27,10,28.1,Private,A,0
66,14,49.5,Govt,A,1
52,12,47.3,Govt,B,1
35,13,47.5,Private,A,1
40,16,47.4,Govt,A,1
63,7,41.0,Self-emp,A,0
34,17,47.4,Govt,B,1
61,16,42.5,Self-emp,A,1
26,16,34.6,Private,B,1
35,7,36.9,Private,A,0
45,14,34.2,Govt,A,1
48,6,43.1,Govt,A,0
24,19,30.3,Private,B,1
26,14,33.5,Self-emp,A,1
57,8,29.8,Private,A,0
45,17,28.1,Private,B,1
40,17,26.0,Private,A,1
22,12,53.0,Self-emp,A,0
61,7,54.2,Private,A,0
52,17,37.8,Govt,B,1
64,13,49.0,Private,B,0
69,10,33.9,Private,B,0
20,12,50.7,Govt,A,1
19,14,58.3,Private,A,1
50,12,58.1,Private,A,1
47,15,37.9,Private,B,1
66,7,37.2,Private,A,0
40,9,40.6,Private,A,1
45,15,38.4,Private,B,1
53,6,45.5,Govt,B,0
68,8,48.4,Private,B,0
58,19,46.4,Govt,A,1
21,10,34.1,Private,A,0
56,7,43.3,Private,A,0
44,13,34.2,Private,A,1
54,16,39.2,Govt,B,1
66,19,46.6,Private,A,1
45,13,50.1,Private,A,1
22,12,32.6,Self-emp,A,1
37,9,34.9,Private,A,0
39,17,52.4,Private,A,1
31,18,42.1,Private,A,1
67,8,32.9,Govt,A,0
43,11,29.4,Private,A,0
56,9,40.7,Govt,A,0
56,11,12.1,Govt,B,0
36,16,32.3,Govt,A,1
60,12,41.7,Private,A,0
59,16,45.1,Govt,A,1
39,16,62.1,Self-emp,A,1
59,16,41.1,Private,A,1
32,8,43.3,Govt,A,0
26,9,33.0,Private,B,0
63,12,41.8,Private,B,0
45,16,56.3,Private,A,1
47,19,54.7,Govt,A,1
36,15,44.6,Private,A,1
27,13,50.1,Self-emp,B,0
36,15,33.2,Govt,B,0
65,8,50.7,Private,A,0
41,9,44.0,Govt,A,0
48,16,54.4,Govt,A,1
53,16,39.7,Private,B,1
57,19,42.7,Private,A,1
36,11,42.1,Govt,B,0
64,12,42.3,Private,A,1
38,9,35.0,Private,A,1
36,18,38.4,Private,A,1
40,18,62.1,Self-emp,B,0
28,10,31.0,Govt,A,0
26,11,46.6,Private,A,1
30,11,38.4,Private,A,1
69,10,40.2,Self-emp,B,1
48,9,37.2,Private,B,0
50,15,47.0,Govt,A,1
41,14,26.8,Govt,A,1
21,6,30.3,Private,A,0
64,18,45.4,Private,A,1
31,12,30.0,Self-emp,B,0
58,18,31.0,Govt,A,1
67,9,29.2,Govt,B,1
42,13,39.1,Private,B,1
51,10,38.1,Private,A,1
52,9,41.6,Private,A,0
46,6,44.9,Private,A,0
59,10,36.2,Private,A,0
63,9,55.8,Private,A,0
29,8,28.8,Govt,A,0
48,18,40.3,Private,A,1
64,18,34.7,Private,B,1
47,14,39.2,Govt,A,1
63,7,30.1,Govt,B,0
32,14,45.4,Govt,B,0
63,12,43.4,Private,A,0
54,8,39.9,Private,B,0
18,15,37.2,Private,A,1
66,8,46.7,Private,A,0
48,19,45.5,Private,A,1
33,7,48.9,Private,B,0
65,15,34.7,Private,A,1
43,15,17.6,Private,A,0
62,15,54.1,Govt,A,1
60,17,48.5,Private,B,1
27,10,47.4,Self-emp,A,0
27,12,47.5,Private,B,0
48,9,32.8,Private,A,0
25,16,35.9,Self-emp,A,1
40,14,46.7,Private,A,1
60,7,36.6,Private,B,0
18,15,34.4,Private,A,1
23,13,43.5,Private,A,1
24,17,40.0,Govt,A,1
23,7,36.0,Private,B,0
29,6,24.6,Self-emp,A,0
19,15,36.0,Private,A,1
28,18,46.1,Private,A,1
53,11,52.9,Private,A,1
29,19,45.4,Govt,A,1
25,19,43.5,Private,A,1
52,18,38.0,Private,A,1
56,6,43.8,Private,A,0
30,12,43.6,Govt,A,1
42,18,21.9,Private,A,1
55,18,40.9,Govt,A,1
18,18,35.3,Private,A,1
56,16,51.2,Self-emp,B,1
60,16,31.6,Private,B,0
52,17,26.8,Private,A,1
20,8,59.7,Private,B,0
30,17,42.1,Govt,A,1
24,17,53.4,Self-emp,A,1
47,19,36.6,Private,A,1
57,16,44.3,Self-emp,B,1
51,8,26.5,Private,B,0
30,13,39.9,Govt,B,0
58,9,21.9,Private,A,0
31,9,45.5,Self-emp,A,0
27,16,39.7,Govt,B,1
64,9,31.9,Private,A,0
47,18,30.0,Private,A,1
65,17,39.5,Private,B,1
57,10,46.6,Govt,B,0
67,14,46.4,Private,B,0
30,13,44.2,Private,A,1
66,9,38.2,Private,B,0
25,10,39.3,Private,B,0
49,18,28.1,Govt,B,1
50,11,45.3,Private,A,0
59,19,32.3,Govt,B,1
21,17,39.4,Private,B,0
37,15,44.4,Private,A,1
68,19,40.5,Private,A,1
38,11,33.2,Private,A,0
55,10,40.7,Private,A,0
34,15,44.2,Govt,B,1
32,7,46.5,Private,A,0
21,14,38.3,Private,A,0
54,15,67.6,Private,B,0
37,16,39.4,Private,B,1
30,16,38.1,Private,B,1
37,17,41.0,Private,B,1
37,10,33.1,Self-emp,A,0
67,11,33.5,Private,A,0
34,16,52.3,Govt,B,1
35,8,38.6,Private,A,0
34,6,51.8,Private,B,0
32,11,43.6,Self-emp,B,0
54,7,30.2,Private,A,0
62,10,45.6,Self-emp,A,0
64,19,49.0,Private,A,1
30,12,29.3,Private,B,0
23,17,48.5,Private,A,1
40,16,26.8,Private,A,1
18,19,37.8,Private,A,1
50,7,42.5,Private,A,0
50,18,45.3,Govt,A,1
55,12,35.2,Private,A,0
35,16,30.3,Private,A,1
60,15,26.8,Private,A,1
44,13,28.7,Govt,B,0
40,10,50.1,Govt,A,1
23,10,41.8,Private,A,0
20,10,34.4,Private,A,0
44,16,45.4,Private,A,1
67,13,56.3,Private,A,1
55,7,43.5,Private,A,0
24,8,32.2,Private,B,0
54,16,42.8,Private,A,1
42,10,39.4,Govt,A,0
64,18,35.2,Private,A,1
36,16,34.5,Self-emp,B,1
27,19,42.8,Private,A,1
67,8,43.8,Self-emp,A,0
41,13,58.2,Govt,A,0
49,12,45.2,Private,A,1
54,16,38.8,Private,A,1
20,18,34.3,Self-emp,A,1
45,15,41.9,Private,A,0
47,19,43.2,Govt,B,1
62,17,45.0,Private,A,1
48,8,45.7,Private,A,0
39,10,40.7,Private,B,0
68,7,56.1,Private,B,0
18,16,28.8,Private,A,1
53,9,37.2,Private,A,0
67,6,43.8,Private,A,0
19,17,53.0,Self-emp,B,1
36,17,35.5,Private,A,1
29,12,41.0,Private,A,1
45,16,35.4,Private,A,1
29,17,45.2,Private,B,1
53,18,41.8,Self-emp,A,1
53,10,41.1,Govt,A,0
58,10,45.3,Private,A,0
64,19,43.4,Govt,A,1
28,13,58.2,Private,B,0
47,12,49.3,Private,A,0
62,18,36.2,Private,B,1
50,8,21.2,Private,A,0
67,6,35.0,Private,A,0
60,10,45.1,Private,B,0
39,7,36.3,Private,A,0
66,8,40.6,Self-emp,B,0
46,12,41.5,Private,A,1
58,9,48.9,Private,A,0
62,11,25.6,Govt,A,0
69,6,48.4,Private,A,0
36,17,34.0,Private,B,1
55,18,32.2,Govt,A,1
40,16,49.8,Private,B,1
53,17,36.1,Self-emp,A,1
61,15,45.5,Private,A,1
42,6,50.0,Govt,B,0
34,18,27.1,Govt,A,1
59,10,20.7,Govt,B,0
59,6,44.1,Govt,A,0
62,17,29.1,Govt,A,1
48,7,39.4,Self-emp,A,0
66,16,50.9,Private,B,1
54,19,34.1,Private,A,1
19,15,30.9,Govt,A,1
67,6,45.0,Self-emp,A,0
47,12,53.2,Private,A,1
65,14,30.0,Govt,A,1
19,15,38.0,Private,A,0
49,8,40.8,Private,A,0
24,19,30.1,Private,A,1
61,14,32.1,Private,A,1
32,15,36.8,Private,A,1
68,13,39.6,Govt,A,0
40,8,46.9,Private,B,0
25,16,30.0,Private,A,1
68,15,36.8,Govt,A,0
36,10,24.1,Private,B,0
28,7,27.9,Govt,B,0
31,10,58.5,Private,B,1
51,8,44.2,Self-emp,A,0
47,15,52.0,Self-emp,A,1
21,15,50.9,Govt,B,0
24,18,23.1,Private,B,1
66,7,56.4,Private,B,0
29,17,33.1,Private,B,1
55,12,38.7,Private,A,0
21,10,51.0,Self-emp,B,0
24,6,31.6,Private,A,0
25,18,51.2,Private,A,1
68,12,45.0,Govt,B,0
67,11,37.9,Private,A,0
20,12,47.2,Private,B,0
44,9,37.1,Private,A,0
64,9,42.1,Self-emp,A,0
19,8,34.3,Private,A,0
21,14,28.7,Private,A,1
36,13,39.3,Private,A,1
49,14,50.5,Self-emp,A,1
39,11,39.9,Private,A,0
48,11,37.5,Govt,A,0
36,9,51.4,Govt,A,0
68,14,64.3,Govt,A,1
51,13,36.3,Private,A,1
54,7,48.0,Govt,B,0
63,9,40.8,Private,A,0
69,12,32.0,Private,B,0
39,16,50.0,Private,A,1
27,18,37.6,Govt,A,1
19,15,23.5,Govt,B,0
34,16,35.4,Private,A,1
23,13,40.0,Private,A,1
51,6,33.6,Private,A,0
69,6,22.0,Private,A,0
22,18,29.5,Self-emp,A,1
39,12,42.1,Govt,A,0
29,15,36.1,Private,B,1
38,6,28.3,Private,A,0
51,7,50.5,Private,B,0
48,8,25.1,Self-emp,A,0
47,17,52.9,Private,A,1
20,16,53.6,Self-emp,A,1
68,14,46.7,Private,A,1
62,6,34.7,Private,A,0
37,9,40.1,Govt,B,0
64,17,36.9,Govt,A,1
60,11,44.8,Private,A,0
34,6,47.3,Private,A,0
59,17,49.0,Self-emp,A,1
68,16,35.9,Private,A,1
35,12,47.2,Private,A,1
55,11,33.2,Govt,A,0
50,12,50.8,Private,B,1
33,11,44.8,Private,A,0
50,16,37.7,Govt,A,0
54,17,40.4,Self-emp,A,1
54,12,24.7,Private,B,0
31,17,42.2,Private,A,1
34,8,27.6,Private,A,0
61,18,36.5,Private,A,1
48,11,42.4,Private,A,1
53,11,35.1,Self-emp,B,0
65,15,44.4,Private,A,1
33,11,37.2,Private,A,1
53,8,36.0,Private,A,0
62,19,40.0,Govt,B,1
18,8,40.7,Private,A,0
23,11,41.1,Private,A,0
62,16,41.7,Private,A,1
22,6,43.1,Govt,A,0
46,10,39.8,Self-emp,A,0
62,11,51.5,Private,A,0
19,15,34.2,Private,B,0
56,18,27.7,Private,B,1
68,9,41.0,Private,A,0
27,13,44.2,Private,A,0
39,15,48.9,Private,A,1
42,19,32.6,Private,A,1
55,7,34.2,Private,A,0
19,19,42.2,Private,A,1
48,13,36.2,Private,A,0
21,18,42.1,Private,A,1
23,9,38.1,Private,A,1
64,15,47.2,Govt,A,1
23,15,50.3,Private,B,1
65,10,37.6,Self-emp,A,0
65,15,42.6,Private,B,0
35,6,44.7,Self-emp,B,0
36,11,52.9,Private,A,1
19,12,36.2,Private,A,1
62,7,38.7,Govt,A,0
50,15,33.2,Private,B,1
26,9,45.1,Private,A,0
40,12,46.9,Private,A,0
27,12,48.6,Private,A,0
56,12,35.2,Govt,A,0
25,9,42.9,Private,B,0
46,16,46.3,Govt,A,1
46,8,44.4,Self-emp,A,0
26,8,46.3,Private,B,0
30,14,51.9,Private,A,1
30,11,28.0,Private,A,0
22,6,50.8,Private,A,0
20,11,30.2,Self-emp,A,1
36,7,26.4,Self-emp,B,0
32,6,37.0,Private,B,0
45,11,47.7,Private,B,0
54,12,31.7,Private,A,0
63,7,41.0,Private,A,0
37,15,34.8,Private,A,1
40,11,25.7,Self-emp,A,0
39,12,54.0,Govt,B,0
50,9,42.3,Private,A,0
34,17,41.0,Private,A,1
62,18,51.6,Private,A,1
59,7,34.7,Private,A,0
47,10,36.6,Private,A,0
40,8,17.4,Self-emp,B,0
55,16,45.3,Private,A,1
53,6,38.1,Govt,A,0
26,14,47.4,Private,A,1
67,18,43.8,Self-emp,A,1
59,11,34.2,Private,B,0
43,12,52.0,Govt,A,1
66,19,35.8,Private,A,1
31,7,22.0,Private,B,0
35,12,41.7,Govt,B,0
47,11,33.1,Private,A,0
52,9,33.4,Govt,A,0
25,7,35.1,Private,B,0
60,12,41.2,Self-emp,A,0
26,9,27.6,Private,B,0
49,10,51.0,Private,A,0
51,19,32.5,Private,A,1
35,9,48.6,Private,A,0
44,11,33.1,Private,A,0
51,8,36.2,Private,B,0
62,16,40.5,Private,A,1
66,18,36.8,Govt,A,1
38,7,39.4,Govt,A,0
52,14,26.7,Govt,A,1
19,18,52.7,Private,A,1
65,7,28.2,Govt,B,0
46,19,33.6,Private,A,1
37,12,44.4,Private,A,0
29,17,25.4,Govt,A,1
51,15,30.9,Private,A,1
57,14,29.3,Private,A,1
54,9,24.7,Private,A,0
32,18,40.5,Private,A,1
42,15,35.6,Private,A,1
28,6,46.3,Private,A,0
65,18,39.8,Private,A,1
38,8,38.6,Self-emp,A,0
26,7,32.1,Private,B,0
24,15,28.4,Govt,A,1
49,11,37.0,Private,A,0
51,18,47.3,Private,A,1
64,6,22.3,Private,A,0
25,18,42.5,Private,A,1
27,7,43.7,Private,A,0
20,16,30.9,Private,A,1
33,9,33.4,Private,A,0
66,16,41.6,Private,A,1
32,17,49.3,Private,A,1
57,14,37.4,Govt,A,1
51,12,48.7,Govt,A,1
31,16,27.2,Private,A,1
65,9,31.7,Private,A,1
68,19,40.2,Private,A,1
35,13,30.9,Private,B,0
52,15,30.1,Govt,A,0
37,12,30.3,Private,B,0
26,16,32.9,Private,A,1
27,16,31.5,Govt,A,1
51,8,48.1,Private,A,0
55,9,38.4,Private,A,0
23,6,43.0,Govt,A,0
33,17,39.2,Private,A,1
58,18,42.1,Private,B,1
67,9,37.9,Private,A,1
31,7,31.6,Private,B,0
26,15,47.3,Govt,B,1
27,14,32.6,Self-emp,B,0
63,7,17.6,Govt,B,0
22,10,47.4,Private,B,0
62,15,37.6,Private,A,1
43,17,38.6,Govt,A,1
38,7,22.2,Self-emp,A,0
27,16,38.4,Govt,A,1
57,15,52.6,Govt,B,0
53,14,39.0,Self-emp,A,0
28,12,43.5,Private,A,0
42,7,51.9,Govt,A,0
69,13,41.2,Govt,A,1
66,10,38.9,Private,B,0
35,16,39.9,Private,B,1
68,10,37.4,Private,B,0
25,17,35.6,Private,B,1
69,14,46.9,Private,A,1
29,9,25.1,Private,B,0
20,14,37.5,Private,A,0
50,8,53.1,Private,A,0
32,6,51.5,Govt,B,0
66,14,61.4,Private,B,1
36,18,46.3,Private,B,1
40,16,36.1,Govt,A,1
27,16,26.0,Private,A,1
65,15,52.0,Private,A,1
63,10,38.1,Private,B,0
57,13,40.8,Private,A,1
65,6,56.7,Private,B,0
29,8,40.5,Self-emp,A,0
51,19,54.4,Private,A,1
60,8,35.8,Private,A,0
40,19,38.9,Private,A,1
18,19,56.0,Govt,A,1
63,8,34.9,Private,A,0
61,11,30.5,Private,A,1
35,9,45.4,Govt,A,0
23,10,42.1,Private,A,0
27,15,45.9,Private,A,1
33,16,38.0,Govt,A,0
20,10,34.3,Private,A,0
63,15,34.0,Private,B,1
55,12,58.8,Private,A,0
34,18,46.4,Private,A,1
34,11,36.7,Govt,A,0
68,15,41.8,Private,B,0
54,13,34.3,Self-emp,B,0
31,9,45.3,Private,A,0
60,14,37.4,Private,B,1
66,17,40.1,Govt,B,0
69,14,44.1,Private,A,1
61,16,43.8,Private,A,1
44,8,34.5,Private,A,0
61,10,27.4,Private,A,0
51,7,41.7,Govt,A,0
36,11,38.2,Govt,A,0
68,13,50.6,Private,A,1
34,19,33.6,Govt,A,1
42,16,31.4,Private,A,1
62,12,26.4,Self-emp,B,0
38,10,59.6,Private,A,0
47,8,41.6,Private,A,0
57,13,50.8,Govt,A,1
19,16,38.7,Private,A,1
66,19,44.7,Private,A,1
59,13,44.4,Private,B,0
65,8,46.8,Private,A,0
27,15,47.3,Govt,B,1
62,17,35.7,Private,B,1
23,19,53.7,Private,B,1
20,6,33.7,Private,B,0
66,16,41.1,Private,B,1
35,17,42.2,Private,B,1
20,12,37.1,Self-emp,A,0
33,12,44.3,Govt,B,0
41,7,30.9,Private,B,0
41,19,38.5,Private,A,1
65,14,37.2,Private,B,0
55,7,47.4,Govt,A,0
64,15,43.7,Govt,A,1
49,18,43.5,Govt,A,1
61,10,33.2,Self-emp,A,0
32,9,45.4,Private,A,0
61,6,43.8,Private,A,0
19,12,46.7,Private,A,0
24,8,35.4,Private,A,0
38,7,46.0,Self-emp,B,0
68,15,33.4,Govt,B,0
22,15,33.1,Private,A,1
50,15,47.7,Private,A,1
34,8,29.3,Private,B,0
22,13,33.6,Private,A,1
19,11,39.2,Self-emp,A,0
21,19,27.4,Govt,A,1
44,8,39.0,Govt,A,0
18,10,35.5,Govt,A,0
55,7,47.5,Self-emp,A,0
41,9,38.9,Self-emp,A,0
24,9,41.3,Private,A,0
44,10,29.1,Private,A,0
55,8,50.1,Govt,A,0
47,6,40.5,Private,A,0
49,12,37.5,Private,A,1
30,8,50.6,Private,A,0
45,8,31.9,Govt,B,0
63,11,42.9,Private,B,0
49,13,43.5,Private,A,1
39,8,36.7,Self-emp,A,0
47,13,47.5,Private,A,1
61,12,33.7,Govt,A,1
22,19,37.4,Private,A,1
55,7,35.2,Govt,A,0
59,19,41.7,Self-emp,A,1
49,12,44.1,Private,B,1
56,16,50.2,Private,A,1
20,9,36.8,Private,B,0
63,12,32.2,Private,B,0
20,15,50.2,Private,A,1
48,10,46.6,Private,A,0
27,7,54.7,Private,B,0
36,7,34.1,Govt,A,0
56,13,29.2,Private,A,0
63,17,40.2,Private,A,1
60,17,51.9,Private,B,1
60,19,36.0,Govt,A,1
24,12,41.3,Private,A,1
37,15,38.3,Private,B,1
24,15,29.0,Private,A,1
20,13,41.1,Private,A,1
23,14,35.3,Govt,A,0
20,6,40.9,Govt,A,0
20,18,35.9,Govt,B,1
24,8,33.7,Private,A,0
28,17,29.6,Private,A,1
67,6,34.0,Private,B,0
31,17,39.6,Govt,A,1
31,19,44.0,Govt,A,1
69,12,37.1,Private,B,0
61,16,38.2,Private,B,1
50,8,40.4,Private,A,0
46,19,41.9,Self-emp,B,1
48,16,45.2,Govt,A,1
23,19,45.2,Govt,B,1
69,9,34.9,Private,A,0
50,14,16.8,Private,A,1
56,11,45.2,Govt,A,1
23,13,32.4,Private,A,0
51,16,38.7,Private,B,1
39,8,34.2,Private,B,0
62,17,50.3,Private,A,1
62,18,45.8,Private,A,1
57,12,28.8,Govt,A,0
57,7,42.6,Private,A,0
60,6,54.6,Private,A,0
39,11,39.9,Private,B,0
60,9,52.9,Private,A,1
49,19,46.8,Private,A,1
68,7,19.5,Private,A,0
40,12,36.5,Govt,A,1
24,19,47.2,Private,B,1
25,9,24.8,Private,B,0
64,11,35.7,Private,B,0
69,14,12.3,Private,A,0
39,6,40.0,Private,A,0
27,15,42.2,Private,A,1
44,6,51.8,Govt,B,0
63,14,29.0,Private,B,1
39,12,51.0,Private,B,0
52,11,28.6,Self-emp,A,0
19,17,46.8,Self-emp,B,1
51,19,32.2,Private,A,1
66,16,32.6,Private,A,1
26,18,40.4,Private,B,1
28,10,39.3,Private,A,1
53,7,26.6,Private,B,0
62,6,30.2,Private,A,0
51,8,37.8,Govt,A,0
57,18,39.7,Private,A,1
59,6,45.9,Private,A,0
26,11,22.4,Private,A,0
37,15,37.4,Private,A,1
26,8,50.1,Self-emp,A,0
31,15,40.8,Self-emp,A,1
59,17,40.7,Self-emp,B,1
46,8,48.9,Private,A,0
58,12,31.1,Private,A,0
34,19,41.8,Govt,A,1
50,8,41.3,Private,B,0
25,7,51.4,Private,A,0
39,11,38.3,Private,A,0
19,10,26.3,Private,B,0
52,10,38.3,Self-emp,B,0
45,19,48.5,Govt,A,1
62,8,45.3,Self-emp,A,0
40,12,48.8,Private,A,0
58,7,41.0,Private,A,0
20,19,38.0,Private,A,1
39,16,39.2,Private,A,1
46,15,24.7,Private,A,1
26,17,22.0,Private,B,0
42,11,66.9,Private,B,0
65,6,56.6,Private,A,0
60,13,35.2,Private,A,1
57,6,35.5,Private,A,0
25,9,42.1,Private,A,0
57,16,29.1,Self-emp,B,1
61,8,44.4,Private,A,0
31,18,55.5,Private,A,1
47,15,49.5,Private,B,1
69,16,36.1,Private,A,1
19,8,39.6,Self-emp,A,0
61,19,33.9,Govt,A,1
48,16,42.0,Private,A,1
22,15,38.7,Govt,B,1
36,16,53.0,Private,A,1
41,17,46.9,Private,A,1
20,18,26.7,Private,A,1
25,12,53.1,Private,A,0
57,10,32.7,Private,B,0
61,6,47.2,Private,A,0
65,7,41.1,Govt,B,0
61,15,43.1,Self-emp,A,1
64,19,45.4,Private,A,1
22,13,44.5,Private,A,1
54,14,29.5,Govt,A,0
59,8,36.7,Self-emp,B,0
55,6,42.2,Private,A,0
59,7,43.8,Private,A,0
42,8,41.3,Private,A,0
45,9,42.6,Govt,A,0
51,13,30.5,Private,A,0
55,9,57.6,Private,B,0
22,7,36.5,Private,A,0
63,14,30.6,Private,A,0
64,6,46.2,Private,A,0
27,7,34.3,Private,B,0
62,15,53.3,Private,B,0
46,6,46.8,Private,A,0
34,14,46.5,Govt,A,1
32,10,39.9,Private,A,0
21,7,32.9,Private,A,0
24,17,35.9,Private,A,1
19,11,53.9,Govt,A,1
35,17,36.6,Govt,A,1
63,19,33.7,Private,A,1
61,6,38.8,Private,B,0
31,17,52.0,Private,A,1
21,7,32.9,Private,A,0
22,18,39.5,Private,A,1
58,15,39.9,Private,A,1
25,11,39.2,Private,A,0
41,12,35.9,Govt,B,0
54,18,42.6,Self-emp,A,1
55,14,48.3,Govt,A,1
56,10,33.9,Private,A,0
58,6,39.7,Self-emp,A,0
42,13,43.4,Govt,B,0
33,10,42.2,Govt,A,0
66,17,28.9,Self-emp,A,1
68,19,45.5,Govt,A,1
47,17,50.4,Private,A,1
25,15,44.0,Private,A,1
27,12,38.6,Private,A,1
47,16,39.0,Private,B,1
41,19,19.3,Private,B,1
67,19,32.4,Private,A,1
26,18,44.4,Private,A,1
69,6,52.5,Govt,B,0
37,7,43.7,Govt,A,0
29,9,32.3,Private,A,0
61,9,25.8,Govt,A,0
38,19,36.6,Private,A,1
56,10,33.6,Private,A,0
33,10,38.1,Private,B,0
22,8,33.7,Private,B,0
51,8,38.2,Self-emp,A,0
50,19,55.3,Private,A,1
62,9,48.5,Govt,A,0
44,14,25.5,Private,A,1
65,12,43.7,Private,A,1
23,9,39.0,Private,B,0
63,9,33.2,Govt,A,0
22,11,36.1,Private,A,1
58,18,46.0,Govt,A,1
29,17,57.8,Private,B,1
59,15,48.1,Private,A,1
18,13,51.9,Private,B,0
53,13,45.8,Private,A,0
67,15,43.8,Private,A,1
57,14,27.4,Private,A,1
38,19,33.1,Govt,A,1
68,9,31.0,Private,A,0
27,14,32.7,Private,A,1
57,12,29.7,Self-emp,A,0
42,19,49.1,Govt,A,1
62,7,39.8,Govt,A,0
67,12,32.4,Private,A,1
32,14,29.7,Private,B,0
48,13,34.0,Private,A,0
68,9,29.8,Self-emp,A,0
59,7,37.1,Private,A,0
65,9,46.8,Private,A,0
54,6,45.4,Private,A,0
42,17,32.7,Govt,B,1
36,8,28.5,Private,B,0
44,11,40.0,Private,A,1
25,10,30.7,Private,B,0
27,11,39.6,Govt,A,1
55,18,44.2,Self-emp,A,1
50,9,32.6,Private,B,0
32,17,42.9,Private,A,1
41,16,39.0,Govt,B,0
25,17,47.3,Private,B,1
31,15,34.1,Private,A,1
57,14,42.9,Govt,A,1
52,15,34.8,Private,A,1
46,6,49.0,Private,A,0
23,12,51.7,Private,A,0
24,6,50.7,Private,A,0
28,18,58.3,Private,A,1
68,10,37.4,Govt,A,0
31,15,42.3,Private,A,1
57,11,35.4,Self-emp,A,0
52,15,43.5,Private,A,1
62,12,41.7,Govt,A,1
43,9,40.2,Private,A,0
62,17,34.0,Private,A,1
57,19,48.4,Govt,B,1
24,10,39.8,Private,A,0
36,9,47.6,Private,A,0
52,9,55.0,Govt,B,0
39,7,33.9,Private,B,0
57,12,26.1,Private,B,0
55,13,52.2,Private,B,0
64,18,27.9,Govt,A,1
32,18,38.2,Private,B,1
65,8,29.1,Self-emp,A,0
62,16,51.3,Private,A,1
31,16,38.1,Self-emp,A,1
24,11,47.6,Private,A,1
34,10,31.0,Govt,A,0
65,18,48.5,Private,A,1
51,10,31.7,Private,A,0
51,14,34.4,Govt,A,1
26,11,15.2,Govt,B,0
47,9,42.6,Private,A,0
53,6,38.0,Private,A,0
54,18,40.8,Private,A,1
20,18,35.1,Govt,A,1
34,16,35.9,Self-emp,A,1
54,13,44.6,Private,B,0
41,8,17.2,Private,B,0
50,10,33.4,Private,A,0
64,10,46.9,Self-emp,A,1
32,7,46.8,Private,A,0
60,13,49.0,Private,A,1
59,18,29.2,Private,A,1
46,7,36.4,Private,B,0
54,11,30.8,Private,A,0
42,14,58.1,Private,B,1
40,18,35.0,Private,A,1
47,18,54.0,Private,A,1
20,17,48.4,Private,A,1
54,17,25.8,Private,A,1
27,12,42.8,Private,A,0
45,17,44.3,Govt,B,1
59,9,38.7,Private,B,0
38,8,37.0,Private,A,0
56,9,34.6,Govt,B,0
47,18,32.5,Private,A,1
45,14,49.3,Self-emp,A,1
35,11,38.0,Private,A,0
56,13,27.6,Private,B,0
40,13,42.3,Self-emp,B,0
22,17,37.8,Govt,B,1
21,8,35.6,Govt,A,0
63,19,45.4,Govt,B,1
32,13,38.3,Private,A,1
41,13,41.1,Private,A,0
40,8,22.0,Govt,A,0
47,11,49.6,Govt,A,1
63,16,45.9,Self-emp,B,0
23,17,34.8,Private,A,1
58,16,31.9,Private,B,1
57,18,25.0,Private,A,1
35,9,40.0,Govt,A,1
44,12,51.8,Private,B,0
57,11,34.9,Private,A,0
38,10,42.0,Private,A,0
37,15,32.8,Self-emp,A,1
58,6,32.0,Private,A,0
64,14,31.1,Govt,B,1
67,15,32.4,Private,A,1
60,12,26.1,Private,B,0
61,19,45.1,Private,A,1
67,15,49.3,Private,A,1
36,17,46.1,Private,A,1
24,18,37.9,Private,B,1
24,16,20.7,Private,A,0
56,11,39.7,Private,A,0
55,11,53.2,Govt,A,0
24,9,39.5,Private,A,0
31,10,37.3,Private,A,1
64,13,50.0,Private,A,1
52,8,41.7,Private,B,0
21,8,41.3,Private,A,0
26,19,44.6,Private,A,1
45,14,41.4,Private,B,0
46,9,39.5,Private,A,0
61,13,35.6,Govt,B,0
44,10,48.5,Private,A,1
27,7,28.1,Private,A,0
21,19,42.8,Private,A,1
22,6,52.8,Private,A,0
49,16,43.9,Private,B,1
34,7,23.1,Private,A,0
32,12,38.2,Private,A,0
31,9,38.2,Private,A,0
34,15,39.0,Private,A,1
53,19,33.6,Private,B,1
59,7,38.6,Private,A,0
39,6,44.3,Private,A,0
44,11,30.2,Private,A,0
33,14,47.3,Private,A,1
64,7,33.7,Private,A,0
40,16,40.0,Private,A,1
26,16,36.6,Private,A,1
42,15,44.0,Govt,A,1
36,17,37.3,Private,B,1
44,12,42.9,Private,A,1
44,15,39.7,Private,B,1
39,17,31.3,Self-emp,B,1
20,15,43.7,Private,A,1
50,6,46.5,Govt,A,0
69,14,28.2,Govt,A,1
19,14,43.8,Govt,B,0
43,14,30.3,Private,B,1
57,13,42.8,Private,B,1
65,17,21.3,Private,B,1
37,15,19.8,Private,A,1
37,12,36.4,Govt,B,0
43,17,27.6,Govt,A,1
50,16,42.9,Govt,A,0
25,17,42.5,Private,A,1
63,9,26.2,Govt,B,0
25,17,47.9,Private,A,1
26,12,40.9,Govt,B,0
19,9,53.3,Private,A,0
26,18,46.9,Private,B,1
45,18,48.3,Govt,A,1
44,18,45.1,Private,A,1
60,18,52.9,Private,A,1
36,10,39.6,Private,A,0
31,14,42.7,Govt,A,1
33,15,48.0,Self-emp,A,1
48,18,31.1,Self-emp,A,1
31,12,33.2,Private,A,0
65,13,52.0,Private,A,1
21,19,37.5,Private,A,1
22,9,45.0,Private,B,0
53,6,36.5,Private,A,0
22,15,63.0,Private,A,1
22,7,58.0,Private,B,0
44,14,36.4,Govt,A,1
39,17,44.6,Private,B,1
40,7,35.4,Private,A,0
53,16,26.3,Private,A,1
19,19,41.0,Private,A,1
24,9,45.2,Govt,A,0
61,18,51.2,Govt,A,1
50,6,44.8,Private,A,0
41,19,43.0,Private,B,1
26,10,41.8,Govt,A,0
23,7,40.4,Govt,A,0
65,17,28.2,Private,B,1
24,16,41.7,Govt,A,1
48,15,39.5,Private,A,1
49,9,42.7,Govt,A,0
31,13,56.4,Private,A,1
68,8,60.2,Private,B,0
62,13,50.9,Govt,A,1
20,17,35.4,Private,A,1
40,13,43.7,Private,A,1
44,17,41.8,Private,B,1
19,15,38.9,Private,B,0
25,15,47.0,Self-emp,A,1
18,17,30.9,Private,B,1
24,7,38.2,Private,B,0
69,19,41.7,Private,A,1
21,10,47.5,Self-emp,A,0
66,8,41.5,Govt,A,0
64,9,36.0,Private,B,0
34,14,35.9,Govt,B,1
29,11,33.5,Govt,B,0
49,13,36.9,Private,A,0
33,9,38.1,Private,A,0
57,6,42.7,Self-emp,B,0
40,15,38.1,Self-emp,A,1
50,9,43.3,Private,A,0
40,10,14.2,Private,B,0
60,18,38.0,Private,A,1
60,11,55.9,Private,B,0
68,8,62.5,Private,A,0
61,14,28.0,Private,B,0
47,7,52.7,Private,A,0
32,6,37.3,Govt,A,0
47,11,28.3,Private,A,0
23,17,38.5,Private,A,1
67,15,32.6,Private,A,0
26,8,26.3,Private,A,0
22,10,60.3,Private,B,0
50,12,45.0,Govt,B,0
61,6,23.9,Private,B,0
57,14,37.3,Private,A,1
46,16,56.3,Private,A,1
24,12,45.4,Self-emp,A,1
55,6,42.6,Private,A,0
35,6,40.1,Private,A,0
61,15,36.8,Private,A,1
47,10,27.8,Govt,B,0
38,14,50.0,Private,A,1
18,10,49.6,Govt,A,0
61,15,44.3,Private,A,1
20,8,33.2,Private,B,0
40,9,33.2,Self-emp,A,0
50,15,47.6,Govt,B,1
44,14,36.8,Private,A,1
65,10,37.6,Private,A,0
49,14,38.8,Private,A,1
60,19,28.3,Govt,A,1
23,6,44.1,Private,B,0
22,12,34.8,Private,A,1
41,12,39.3,Private,A,0
68,6,48.4,Private,B,0
55,15,41.5,Private,A,1
58,18,36.3,Private,A,1
22,13,40.1,Govt,A,0
24,10,36.6,Private,A,0
59,7,32.6,Private,A,0
24,9,52.8,Private,A,0
61,8,32.8,Private,A,0
19,19,45.5,Private,A,1
54,13,42.5,Govt,A,1
31,10,22.9,Govt,A,0
57,10,39.3,Govt,B,0
29,11,62.7,Private,B,0
36,16,38.8,Private,B,1
26,13,32.2,Private,A,1
24,8,42.2,Private,A,1
25,6,42.8,Private,A,0
55,8,29.3,Private,A,0
25,6,49.7,Private,B,0
27,9,47.4,Private,A,0
36,6,44.1,Self-emp,A,0
50,19,50.0,Private,A,1
18,18,35.2,Private,A,1
61,12,41.9,Private,B,0
20,6,57.5,Govt,A,0
35,14,45.8,Private,A,1
49,7,27.1,Private,A,0
38,11,35.0,Govt,A,0
42,8,41.1,Private,A,0
45,6,40.6,Private,A,0
22,19,30.7,Private,B,1
69,16,43.7,Private,A,1
61,7,34.7,Private,B,0
59,17,42.6,Private,A,1
36,8,53.2,Self-emp,A,0
34,11,40.7,Private,A,0
49,8,42.3,Private,A,0
53,19,26.6,Self-emp,B,1
47,16,49.7,Self-emp,B,1
60,9,58.3,Private,B,0
47,8,34.4,Private,A,0
34,7,46.7,Private,B,0
29,7,47.0,Private,A,0
57,14,39.1,Govt,A,1
68,14,41.3,Private,A,0
50,11,40.4,Private,A,1
28,6,42.2,Self-emp,A,0
30,9,36.4,Private,A,0
44,13,31.9,Govt,A,1
40,10,33.6,Private,B,0
48,18,38.7,Private,A,1
20,18,35.3,Private,A,1
33,19,30.3,Private,B,1
48,15,44.0,Private,A,1
25,17,27.9,Self-emp,B,1
39,8,42.9,Private,A,0
60,11,31.9,Private,A,1
66,11,34.0,Govt,A,0
22,15,37.8,Private,A,1
19,15,43.9,Private,A,1
33,18,37.4,Private,A,1
46,13,32.4,Private,A,0
51,19,37.8,Self-emp,A,1
47,17,31.2,Private,A,1
45,8,40.0,Private,A,0
23,9,37.3,Private,A,1
49,11,24.0,Private,A,0
28,6,33.8,Govt,A,0
55,17,40.1,Self-emp,A,1
26,9,37.1,Govt,A,0
31,11,23.4,Private,A,0
59,16,54.2,Private,A,1
65,10,48.9,Govt,A,0
61,13,32.2,Private,A,0
44,15,51.5,Private,A,1
43,17,23.3,Private,B,1
19,13,28.6,Govt,A,1
66,17,51.1,Private,B,1
55,18,39.9,Private,A,1
67,13,40.9,Private,A,1
