town,flat_type,floor_area_sqm,storey,lease_commence,resale_price,sale_date
ANG MO KIO,EXECUTIVE,86.8,27.0,1992,430000.0,2017-08-01
HOUGANG,5-ROOM,98.6,23.0,1991,467000.0,2017-09-02
TAMPINES,5-ROOM,72.4,1.0,2003,349000.0,2023-07-08
YISHUN,4-ROOM,108.9,15.0,1988,482000.0,2019-05-23
WOODLANDS,3-ROOM,100.2,19.0,1975,425000.0,2019-07-05
GEYLANG,4-ROOM,77.8,2.0,1990,266000.0,2023-02-23
YISHUN,4-ROOM,119.2,19.0,1977,456000.0,2023-04-18
BEDOK,3-ROOM,46.0,14.0,2001,189000.0,2019-08-27
HOUGANG,3-ROOM,79.1,3.0,1975,333000.0,2018-06-19
GEYLANG,5-ROOM,88.3,22.0,1975,391000.0,2019-09-04
BEDOK,3-ROOM,85.4,4.0,2011,325000.0,2020-05-13
GEYLANG,5-ROOM,118.7,8.0,1978,467000.0,2020-06-17
HOUGANG,3-ROOM,109.5,2.0,1991,421000.0,2018-05-15
WOODLANDS,3-ROOM,129.5,17.0,2006,613000.0,2017-10-16
WOODLANDS,5-ROOM,83.4,24.0,1997,405000.0,2022-09-02
BEDOK,3-ROOM,83.7,24.0,2001,422000.0,2019-11-19
CLEMENTI,4-ROOM,96.2,12.0,2003,414000.0,2018-08-20
WOODLANDS,5-ROOM,103.5,20.0,1989,466000.0,2022-04-06
PUNGGOL,4-ROOM,92.4,13.0,1976,384000.0,2018-07-24
BEDOK,3-ROOM,117.8,22.0,1988,507000.0,2019-10-03
WOODLANDS,3-ROOM,92.4,11.0,1977,372000.0,2019-09-28
WOODLANDS,4-ROOM,92.5,21.0,1976,441000.0,2017-02-18
PUNGGOL,4-ROOM,87.1,19.0,2006,466000.0,2022-01-05
CLEMENTI,4-ROOM,80.7,19.0,1980,329000.0,2019-12-23
GEYLANG,EXECUTIVE,110.9,26.0,1995,531000.0,2022-05-09
CLEMENTI,5-ROOM,85.6,14.0,1990,447000.0,2023-01-07
CLEMENTI,3-ROOM,66.7,8.0,2008,348000.0,2018-06-10
JURONG WEST,3-ROOM,112.5,28.0,1975,495000.0,2019-03-15
BEDOK,4-ROOM,97.2,15.0,2004,495000.0,2023-01-06
ANG MO KIO,4-ROOM,131.9,27.0,1988,636000.0,2018-06-24
YISHUN,3-ROOM,119.8,16.0,1992,574000.0,2021-10-26
TAMPINES,4-ROOM,91.1,10.0,2011,402000.0,2020-04-15
BEDOK,4-ROOM,81.8,8.0,1980,377000.0,2019-05-24
GEYLANG,5-ROOM,90.8,1.0,1981,307000.0,2017-08-01
ANG MO KIO,5-ROOM,105.3,6.0,1983,430000.0,2020-08-08
YISHUN,5-ROOM,92.3,4.0,1993,405000.0,2018-11-06
ANG MO KIO,EXECUTIVE,79.4,9.0,1999,379000.0,2021-12-16
JURONG WEST,4-ROOM,125.5,24.0,1978,531000.0,2020-05-13
HOUGANG,4-ROOM,81.5,27.0,1997,514000.0,2017-10-18
CLEMENTI,3-ROOM,97.1,21.0,2007,484000.0,2023-11-12
PUNGGOL,4-ROOM,63.8,12.0,1994,325000.0,2017-12-26
WOODLANDS,3-ROOM,100.1,24.0,1981,459000.0,2019-12-20
WOODLANDS,4-ROOM,81.2,5.0,1985,358000.0,2017-02-15
WOODLANDS,4-ROOM,40.0,1.0,2008,150000.0,2017-05-15
GEYLANG,5-ROOM,84.8,29.0,1987,394000.0,2019-09-29
GEYLANG,4-ROOM,62.2,23.0,1977,241000.0,2022-03-15
HOUGANG,4-ROOM,55.6,12.0,2001,237000.0,2019-06-05
HOUGANG,3-ROOM,137.4,23.0,1992,631000.0,2022-11-07
ANG MO KIO,3-ROOM,57.0,29.0,1994,301000.0,2020-08-04
YISHUN,3-ROOM,83.7,18.0,1986,288000.0,2019-11-28
GEYLANG,4-ROOM,68.0,3.0,1994,254000.0,2022-06-12
WOODLANDS,4-ROOM,56.0,5.0,2013,311000.0,2020-05-16
TAMPINES,4-ROOM,107.6,13.0,1995,392000.0,2021-09-09
JURONG WEST,4-ROOM,93.0,24.0,2013,460000.0,2017-03-14
BEDOK,5-ROOM,107.4,10.0,2006,485000.0,2019-11-24
WOODLANDS,5-ROOM,104.5,18.0,1990,415000.0,2018-05-27
TAMPINES,5-ROOM,94.2,27.0,1990,466000.0,2021-12-30
BEDOK,4-ROOM,96.4,7.0,1993,396000.0,2022-10-11
TAMPINES,3-ROOM,109.0,20.0,1983,517000.0,2023-04-04
PUNGGOL,5-ROOM,78.8,1.0,1994,381000.0,2020-11-18
HOUGANG,4-ROOM,44.1,3.0,1983,150000.0,2018-11-30
ANG MO KIO,4-ROOM,141.6,22.0,1979,631000.0,2021-06-03
JURONG WEST,5-ROOM,132.8,9.0,2007,652000.0,2021-04-16
BEDOK,3-ROOM,112.7,5.0,2006,471000.0,2022-05-27
GEYLANG,3-ROOM,126.4,29.0,1982,580000.0,2017-07-02
WOODLANDS,4-ROOM,83.2,27.0,2001,469000.0,2023-08-05
HOUGANG,5-ROOM,131.2,10.0,1990,547000.0,2022-11-13
GEYLANG,4-ROOM,93.4,5.0,1985,444000.0,2017-06-19
ANG MO KIO,EXECUTIVE,90.5,1.0,1988,342000.0,2021-11-04
JURONG WEST,4-ROOM,85.8,22.0,1975,385000.0,2017-03-26
YISHUN,4-ROOM,68.9,2.0,2004,273000.0,2017-08-17
YISHUN,EXECUTIVE,129.9,14.0,2006,587000.0,2019-03-30
ANG MO KIO,4-ROOM,118.2,11.0,2001,535000.0,2017-08-27
HOUGANG,3-ROOM,83.5,22.0,1983,340000.0,2021-09-01
BEDOK,EXECUTIVE,88.1,26.0,1988,421000.0,2019-08-26
WOODLANDS,4-ROOM,120.7,26.0,1984,578000.0,2017-11-23
YISHUN,3-ROOM,97.1,22.0,1989,433000.0,2017-05-02
GEYLANG,5-ROOM,67.3,7.0,1987,239000.0,2019-01-21
WOODLANDS,5-ROOM,96.6,1.0,1994,360000.0,2019-04-23
WOODLANDS,4-ROOM,94.9,5.0,2009,407000.0,2022-12-13
WOODLANDS,EXECUTIVE,110.0,19.0,2007,611000.0,2018-10-06
PUNGGOL,4-ROOM,125.8,23.0,1978,560000.0,2018-08-02
PUNGGOL,4-ROOM,82.6,10.0,1979,403000.0,2022-02-08
PUNGGOL,3-ROOM,104.7,22.0,2014,538000.0,2020-11-24
JURONG WEST,4-ROOM,80.5,20.0,1998,403000.0,2017-02-28
TAMPINES,3-ROOM,73.5,18.0,1981,340000.0,2022-11-26
HOUGANG,4-ROOM,114.1,12.0,1999,495000.0,2021-08-13
BEDOK,3-ROOM,141.9,11.0,1995,598000.0,2019-12-12
PUNGGOL,5-ROOM,110.3,29.0,1983,445000.0,2019-03-06
ANG MO KIO,5-ROOM,95.2,11.0,1980,469000.0,2017-09-06
ANG MO KIO,5-ROOM,78.3,2.0,1981,236000.0,2020-12-01
YISHUN,3-ROOM,113.5,17.0,1980,421000.0,2020-10-27
CLEMENTI,4-ROOM,93.5,7.0,2001,411000.0,2017-02-24
JURONG WEST,4-ROOM,85.2,4.0,2006,388000.0,2018-05-10
YISHUN,5-ROOM,50.5,29.0,1991,256000.0,2022-03-06
ANG MO KIO,3-ROOM,95.0,26.0,2013,573000.0,2018-01-18
CLEMENTI,5-ROOM,103.8,8.0,2011,484000.0,2023-03-01
WOODLANDS,4-ROOM,75.1,28.0,1993,397000.0,2022-06-02
CLEMENTI,4-ROOM,73.0,2.0,1978,282000.0,2019-11-06
GEYLANG,4-ROOM,106.7,6.0,2013,471000.0,2018-07-09
HOUGANG,5-ROOM,67.6,29.0,2009,357000.0,2022-08-20
ANG MO KIO,4-ROOM,100.3,19.0,2013,491000.0,2018-11-01
WOODLANDS,3-ROOM,123.8,6.0,1997,505000.0,2020-08-26
TAMPINES,3-ROOM,123.9,26.0,1999,538000.0,2017-08-09
YISHUN,EXECUTIVE,95.2,19.0,2003,469000.0,2020-06-22
JURONG WEST,4-ROOM,117.1,26.0,1975,470000.0,2019-06-08
WOODLANDS,3-ROOM,91.4,15.0,1997,446000.0,2018-02-22
WOODLANDS,5-ROOM,109.6,5.0,1993,435000.0,2019-07-12
WOODLANDS,3-ROOM,116.0,4.0,1989,484000.0,2019-01-22
HOUGANG,5-ROOM,126.5,28.0,1991,591000.0,2020-05-23
CLEMENTI,3-ROOM,140.4,21.0,2014,667000.0,2017-03-16
GEYLANG,3-ROOM,101.4,27.0,2014,474000.0,2017-03-01
BEDOK,4-ROOM,101.1,1.0,2014,404000.0,2017-08-11
ANG MO KIO,4-ROOM,96.4,9.0,1998,477000.0,2019-09-09
JURONG WEST,EXECUTIVE,129.6,11.0,1987,553000.0,2020-03-21
TAMPINES,3-ROOM,40.0,23.0,2008,276000.0,2017-05-06
GEYLANG,EXECUTIVE,79.1,4.0,2008,345000.0,2022-03-24
YISHUN,3-ROOM,128.9,22.0,1987,629000.0,2021-10-20
GEYLANG,5-ROOM,86.0,3.0,1997,369000.0,2021-12-23
JURONG WEST,3-ROOM,91.6,10.0,2014,349000.0,2019-09-02
BEDOK,4-ROOM,100.1,28.0,1994,483000.0,2020-02-18
GEYLANG,3-ROOM,87.9,29.0,1997,443000.0,2023-08-21
CLEMENTI,3-ROOM,69.9,18.0,1998,317000.0,2018-04-09
CLEMENTI,3-ROOM,88.7,27.0,2006,449000.0,2021-11-15
WOODLANDS,3-ROOM,74.5,29.0,2005,442000.0,2020-03-15
TAMPINES,5-ROOM,118.9,12.0,1979,488000.0,2022-06-24
CLEMENTI,3-ROOM,85.7,5.0,1985,397000.0,2018-09-16
HOUGANG,EXECUTIVE,76.0,15.0,1994,424000.0,2017-04-15
HOUGANG,5-ROOM,47.7,19.0,2014,294000.0,2022-09-05
CLEMENTI,3-ROOM,113.6,7.0,1983,408000.0,2021-06-27
PUNGGOL,4-ROOM,112.1,22.0,1987,559000.0,2017-09-07
GEYLANG,4-ROOM,113.7,15.0,1991,566000.0,2018-04-22
GEYLANG,5-ROOM,77.0,28.0,1989,382000.0,2018-06-28
CLEMENTI,4-ROOM,97.5,13.0,1984,465000.0,2023-05-18
HOUGANG,4-ROOM,101.0,15.0,1981,505000.0,2022-12-16
HOUGANG,3-ROOM,89.4,4.0,1979,424000.0,2017-12-10
PUNGGOL,5-ROOM,66.9,24.0,1982,327000.0,2019-12-23
PUNGGOL,5-ROOM,51.8,12.0,1975,264000.0,2019-12-09
CLEMENTI,3-ROOM,104.2,12.0,2004,479000.0,2017-02-23
BEDOK,3-ROOM,119.9,6.0,2004,484000.0,2023-07-12
BEDOK,5-ROOM,84.8,11.0,2001,317000.0,2021-07-19
YISHUN,4-ROOM,93.5,7.0,2011,433000.0,2019-02-06
BEDOK,5-ROOM,129.3,24.0,2004,635000.0,2021-04-28
CLEMENTI,4-ROOM,50.0,12.0,1976,241000.0,2018-04-02
PUNGGOL,4-ROOM,43.9,28.0,1990,229000.0,2023-11-12
CLEMENTI,5-ROOM,85.4,15.0,2011,399000.0,2021-06-23
BEDOK,EXECUTIVE,109.8,26.0,1997,632000.0,2021-03-30
JURONG WEST,4-ROOM,110.0,9.0,2000,466000.0,2018-09-01
YISHUN,4-ROOM,43.6,9.0,1976,159000.0,2019-01-16
TAMPINES,3-ROOM,100.3,20.0,2006,492000.0,2019-02-25
HOUGANG,3-ROOM,88.4,9.0,1998,423000.0,2017-05-25
HOUGANG,3-ROOM,78.6,11.0,2014,412000.0,2017-02-25
YISHUN,4-ROOM,113.4,11.0,2004,539000.0,2020-07-02
JURONG WEST,3-ROOM,104.7,20.0,1979,497000.0,2020-08-28
HOUGANG,5-ROOM,85.0,23.0,1998,366000.0,2020-05-18
JURONG WEST,5-ROOM,93.6,10.0,1976,444000.0,2020-03-29
TAMPINES,4-ROOM,63.7,7.0,1990,225000.0,2017-04-18
ANG MO KIO,5-ROOM,98.7,12.0,1990,381000.0,2023-03-15
GEYLANG,3-ROOM,126.8,25.0,1979,584000.0,2018-09-23
YISHUN,5-ROOM,94.3,15.0,1991,307000.0,2020-10-13
TAMPINES,4-ROOM,145.1,13.0,1982,576000.0,2021-11-25
WOODLANDS,3-ROOM,82.4,20.0,1999,457000.0,2018-06-24
BEDOK,4-ROOM,88.5,28.0,1993,437000.0,2021-12-26
WOODLANDS,EXECUTIVE,46.6,4.0,1985,170000.0,2020-07-21
HOUGANG,3-ROOM,80.2,28.0,1976,389000.0,2023-03-06
PUNGGOL,4-ROOM,115.3,25.0,1981,555000.0,2018-06-06
JURONG WEST,3-ROOM,59.0,26.0,1985,324000.0,2021-01-12
HOUGANG,5-ROOM,82.3,20.0,2000,374000.0,2020-07-12
TAMPINES,3-ROOM,92.8,10.0,2013,401000.0,2017-12-12
YISHUN,3-ROOM,82.6,27.0,2003,457000.0,2021-02-06
WOODLANDS,3-ROOM,86.9,15.0,2004,394000.0,2019-12-15
CLEMENTI,5-ROOM,94.7,8.0,1998,358000.0,2021-02-09
BEDOK,5-ROOM,100.6,26.0,1989,475000.0,2018-10-20
ANG MO KIO,4-ROOM,87.3,25.0,2005,503000.0,2019-12-10
WOODLANDS,3-ROOM,125.7,7.0,1994,547000.0,2021-03-17
BEDOK,4-ROOM,122.3,13.0,1979,508000.0,2022-11-11
WOODLANDS,3-ROOM,102.9,16.0,2001,474000.0,2017-06-12
TAMPINES,5-ROOM,87.8,5.0,2003,401000.0,2017-09-09
CLEMENTI,4-ROOM,43.2,10.0,1979,150000.0,2020-02-27
TAMPINES,EXECUTIVE,103.5,25.0,1977,412000.0,2018-08-21
ANG MO KIO,4-ROOM,94.1,18.0,1995,394000.0,2019-01-17
BEDOK,EXECUTIVE,141.3,8.0,1986,685000.0,2023-01-04
BEDOK,3-ROOM,92.3,24.0,1996,447000.0,2021-08-06
GEYLANG,5-ROOM,112.5,2.0,2009,432000.0,2023-02-17
HOUGANG,3-ROOM,79.7,4.0,2002,342000.0,2019-04-30
HOUGANG,4-ROOM,108.9,20.0,1981,396000.0,2020-11-07
CLEMENTI,4-ROOM,146.9,21.0,2007,645000.0,2020-07-22
GEYLANG,3-ROOM,97.2,29.0,2004,513000.0,2020-11-26
HOUGANG,4-ROOM,88.6,5.0,1995,408000.0,2022-09-07
BEDOK,4-ROOM,73.7,22.0,2000,414000.0,2018-04-21
HOUGANG,5-ROOM,107.3,17.0,2008,528000.0,2021-09-01
ANG MO KIO,5-ROOM,137.9,14.0,1991,621000.0,2022-03-19
PUNGGOL,4-ROOM,119.8,23.0,2005,558000.0,2023-05-03
GEYLANG,5-ROOM,95.4,18.0,2013,486000.0,2021-12-02
ANG MO KIO,4-ROOM,112.9,25.0,1983,541000.0,2021-04-04
JURONG WEST,4-ROOM,97.0,2.0,2001,468000.0,2017-05-10
TAMPINES,5-ROOM,92.1,22.0,2010,531000.0,2019-08-10
CLEMENTI,4-ROOM,89.7,17.0,1979,362000.0,2018-10-20
ANG MO KIO,3-ROOM,105.4,15.0,1984,503000.0,2021-02-21
CLEMENTI,EXECUTIVE,104.3,26.0,1999,538000.0,2021-07-27
CLEMENTI,3-ROOM,110.1,10.0,2007,548000.0,2018-06-19
YISHUN,EXECUTIVE,130.8,22.0,2006,701000.0,2018-11-01
ANG MO KIO,3-ROOM,123.2,22.0,2007,511000.0,2020-11-12
CLEMENTI,4-ROOM,70.0,8.0,2004,256000.0,2019-07-25
CLEMENTI,4-ROOM,66.1,28.0,2014,353000.0,2017-08-11
PUNGGOL,4-ROOM,102.7,28.0,2003,482000.0,2022-03-18
TAMPINES,4-ROOM,134.6,5.0,1975,479000.0,2017-01-26
BEDOK,3-ROOM,92.1,9.0,1987,383000.0,2020-05-03
WOODLANDS,4-ROOM,100.6,24.0,1975,429000.0,2018-05-29
BEDOK,3-ROOM,84.5,17.0,1980,304000.0,2022-12-12
JURONG WEST,4-ROOM,94.8,27.0,2012,457000.0,2018-06-15
PUNGGOL,5-ROOM,51.2,9.0,1984,205000.0,2019-11-08
PUNGGOL,EXECUTIVE,68.1,23.0,1994,317000.0,2023-11-05
JURONG WEST,EXECUTIVE,99.9,27.0,1984,517000.0,2022-01-11
HOUGANG,3-ROOM,73.4,15.0,1991,342000.0,2018-06-17
PUNGGOL,5-ROOM,82.9,11.0,1999,431000.0,2022-01-01
CLEMENTI,3-ROOM,74.7,12.0,1998,288000.0,2019-01-08
PUNGGOL,4-ROOM,87.6,22.0,2011,418000.0,2021-03-15
BEDOK,5-ROOM,108.5,12.0,2014,544000.0,2020-02-04
TAMPINES,5-ROOM,120.8,10.0,2003,546000.0,2023-03-09
CLEMENTI,5-ROOM,103.8,19.0,2005,502000.0,2023-06-24
WOODLANDS,4-ROOM,90.9,26.0,1978,487000.0,2021-05-01
BEDOK,5-ROOM,70.6,1.0,2000,220000.0,2017-12-02
YISHUN,4-ROOM,90.0,29.0,1981,415000.0,2022-09-21
GEYLANG,5-ROOM,104.8,29.0,2001,553000.0,2018-01-17
YISHUN,4-ROOM,102.2,24.0,1997,504000.0,2018-07-21
CLEMENTI,3-ROOM,57.1,3.0,2013,260000.0,2021-11-24
PUNGGOL,4-ROOM,128.5,28.0,1988,607000.0,2017-04-08
BEDOK,5-ROOM,103.7,11.0,1993,410000.0,2019-01-01
GEYLANG,5-ROOM,86.5,10.0,1998,474000.0,2022-02-08
WOODLANDS,4-ROOM,123.2,1.0,2014,525000.0,2017-06-12
WOODLANDS,3-ROOM,87.4,13.0,1981,343000.0,2022-01-28
PUNGGOL,5-ROOM,97.9,1.0,2002,401000.0,2022-07-21
JURONG WEST,5-ROOM,100.0,13.0,1997,483000.0,2022-12-04
BEDOK,4-ROOM,82.1,18.0,2009,387000.0,2017-06-15
WOODLANDS,4-ROOM,81.0,16.0,1975,354000.0,2019-06-25
HOUGANG,5-ROOM,86.5,9.0,1981,353000.0,2023-12-23
GEYLANG,4-ROOM,86.5,22.0,2002,383000.0,2023-03-17
JURONG WEST,4-ROOM,110.9,11.0,1994,490000.0,2022-09-06
PUNGGOL,5-ROOM,130.2,19.0,2014,619000.0,2022-11-29
WOODLANDS,5-ROOM,103.3,7.0,1991,392000.0,2019-12-03
GEYLANG,4-ROOM,115.5,9.0,1981,454000.0,2022-08-19
JURONG WEST,5-ROOM,127.2,15.0,2011,644000.0,2019-05-14
HOUGANG,3-ROOM,110.4,25.0,2011,511000.0,2019-04-22
PUNGGOL,4-ROOM,91.9,15.0,2001,433000.0,2017-07-06
ANG MO KIO,3-ROOM,61.1,5.0,1977,213000.0,2019-04-26
WOODLANDS,3-ROOM,112.5,29.0,1981,456000.0,2023-03-03
CLEMENTI,5-ROOM,85.9,12.0,2000,402000.0,2022-06-01
PUNGGOL,5-ROOM,84.7,27.0,1994,358000.0,2017-10-10
CLEMENTI,5-ROOM,141.9,3.0,1978,603000.0,2019-12-18
GEYLANG,3-ROOM,88.8,28.0,1996,409000.0,2017-05-21
BEDOK,4-ROOM,78.2,28.0,1995,432000.0,2019-12-07
YISHUN,4-ROOM,91.4,6.0,1992,332000.0,2023-03-09
WOODLANDS,3-ROOM,106.3,5.0,1988,412000.0,2019-10-25
GEYLANG,5-ROOM,101.7,16.0,1975,403000.0,2019-01-08
ANG MO KIO,5-ROOM,91.8,4.0,1987,361000.0,2023-10-11
GEYLANG,4-ROOM,105.3,28.0,1992,553000.0,2023-04-07
BEDOK,4-ROOM,118.0,29.0,1983,595000.0,2017-06-18
BEDOK,5-ROOM,82.2,23.0,2013,459000.0,2022-02-25
BEDOK,5-ROOM,116.0,7.0,2014,572000.0,2020-08-21
GEYLANG,3-ROOM,65.5,15.0,2008,347000.0,2017-04-21
PUNGGOL,5-ROOM,102.3,8.0,1993,437000.0,2020-12-04
BEDOK,4-ROOM,89.3,22.0,2002,477000.0,2017-12-29
YISHUN,4-ROOM,110.1,18.0,1984,467000.0,2017-04-16
GEYLANG,EXECUTIVE,70.9,5.0,2009,307000.0,2018-01-21
CLEMENTI,EXECUTIVE,111.7,14.0,1984,483000.0,2020-06-10
CLEMENTI,4-ROOM,76.9,11.0,2001,336000.0,2018-08-11
WOODLANDS,4-ROOM,98.9,1.0,2009,381000.0,2019-11-16
ANG MO KIO,3-ROOM,92.0,13.0,2008,448000.0,2023-02-16
PUNGGOL,5-ROOM,87.1,18.0,1991,462000.0,2020-09-26
CLEMENTI,5-ROOM,75.8,2.0,2013,333000.0,2023-08-01
HOUGANG,4-ROOM,50.0,20.0,1987,207000.0,2020-09-14
BEDOK,5-ROOM,74.2,6.0,1975,313000.0,2020-04-04
PUNGGOL,4-ROOM,59.3,16.0,1993,245000.0,2018-10-09
BEDOK,3-ROOM,110.8,20.0,1989,535000.0,2021-02-17
ANG MO KIO,3-ROOM,63.3,19.0,1995,310000.0,2022-09-15
ANG MO KIO,3-ROOM,83.6,7.0,1995,324000.0,2018-07-17
PUNGGOL,EXECUTIVE,116.0,15.0,1984,488000.0,2018-10-30
BEDOK,5-ROOM,100.4,28.0,2014,540000.0,2023-04-10
GEYLANG,4-ROOM,142.6,23.0,1985,711000.0,2017-11-08
GEYLANG,3-ROOM,104.4,8.0,1981,401000.0,2019-10-04
HOUGANG,5-ROOM,78.5,7.0,2013,326000.0,2020-09-28
HOUGANG,4-ROOM,99.0,7.0,1990,437000.0,2021-02-01
CLEMENTI,5-ROOM,97.4,24.0,1997,468000.0,2019-04-27
PUNGGOL,4-ROOM,68.3,15.0,1985,272000.0,2022-12-16
GEYLANG,4-ROOM,120.2,7.0,1985,585000.0,2023-02-10
GEYLANG,3-ROOM,118.8,6.0,2011,548000.0,2020-10-19
BEDOK,5-ROOM,115.1,5.0,1978,494000.0,2020-08-10
YISHUN,3-ROOM,120.2,1.0,1994,553000.0,2023-12-16
CLEMENTI,5-ROOM,71.4,24.0,2006,415000.0,2019-05-13
PUNGGOL,3-ROOM,111.5,3.0,2009,470000.0,2022-05-10
JURONG WEST,4-ROOM,123.4,7.0,1998,525000.0,2021-06-13
PUNGGOL,EXECUTIVE,82.3,18.0,2002,407000.0,2018-04-14
PUNGGOL,4-ROOM,76.4,24.0,1982,320000.0,2023-04-23
HOUGANG,4-ROOM,116.7,14.0,2008,587000.0,2021-03-23
WOODLANDS,4-ROOM,126.1,19.0,1993,507000.0,2017-01-03
HOUGANG,4-ROOM,94.3,5.0,2014,479000.0,2017-01-07
WOODLANDS,3-ROOM,40.0,1.0,1986,180000.0,2019-12-02
HOUGANG,3-ROOM,108.4,26.0,1996,489000.0,2023-07-19
BEDOK,4-ROOM,82.7,6.0,1991,344000.0,2022-11-15
GEYLANG,5-ROOM,79.4,25.0,2010,394000.0,2018-07-20
GEYLANG,3-ROOM,91.0,8.0,1983,311000.0,2020-10-03
GEYLANG,3-ROOM,118.4,15.0,1982,523000.0,2020-03-16
YISHUN,4-ROOM,80.1,12.0,1991,297000.0,2017-03-05
JURONG WEST,3-ROOM,91.1,27.0,2013,471000.0,2023-09-05
WOODLANDS,5-ROOM,66.5,17.0,1987,319000.0,2020-01-02
TAMPINES,3-ROOM,64.0,7.0,1977,261000.0,2022-01-06
WOODLANDS,3-ROOM,81.9,16.0,2006,320000.0,2018-10-24
CLEMENTI,4-ROOM,72.9,10.0,2011,361000.0,2023-09-21
JURONG WEST,4-ROOM,74.1,16.0,2008,342000.0,2020-09-05
PUNGGOL,4-ROOM,88.7,11.0,1986,302000.0,2020-03-21
PUNGGOL,4-ROOM,101.6,9.0,1992,408000.0,2020-09-01
CLEMENTI,4-ROOM,98.1,28.0,1976,473000.0,2017-04-28
TAMPINES,4-ROOM,126.2,8.0,1991,500000.0,2021-11-11
GEYLANG,4-ROOM,99.1,24.0,2005,491000.0,2022-05-17
JURONG WEST,4-ROOM,120.7,28.0,2008,566000.0,2018-07-17
ANG MO KIO,3-ROOM,114.7,14.0,2008,526000.0,2020-04-17
BEDOK,5-ROOM,123.7,9.0,2002,508000.0,2020-03-07
WOODLANDS,4-ROOM,102.3,10.0,1987,390000.0,2018-09-26
ANG MO KIO,4-ROOM,70.6,7.0,2004,260000.0,2019-06-28
CLEMENTI,4-ROOM,71.3,23.0,2011,311000.0,2022-11-25
BEDOK,3-ROOM,92.3,20.0,1986,394000.0,2022-01-01
WOODLANDS,3-ROOM,94.5,11.0,1985,366000.0,2023-06-13
BEDOK,4-ROOM,92.7,3.0,1986,319000.0,2017-12-26
GEYLANG,4-ROOM,78.9,26.0,1985,368000.0,2022-11-24
HOUGANG,4-ROOM,115.6,16.0,1975,468000.0,2020-03-17
BEDOK,3-ROOM,94.3,20.0,2002,373000.0,2018-08-21
BEDOK,3-ROOM,133.3,8.0,1992,601000.0,2017-11-30
HOUGANG,3-ROOM,68.0,16.0,2013,306000.0,2020-02-20
GEYLANG,EXECUTIVE,91.7,10.0,1978,317000.0,2017-11-04
ANG MO KIO,3-ROOM,69.8,14.0,2011,312000.0,2019-07-24
HOUGANG,3-ROOM,119.8,6.0,2001,564000.0,2019-09-02
PUNGGOL,5-ROOM,106.7,9.0,2013,385000.0,2023-04-08
WOODLANDS,3-ROOM,64.3,26.0,2014,351000.0,2019-07-13
YISHUN,3-ROOM,126.0,12.0,2002,613000.0,2018-03-31
HOUGANG,4-ROOM,113.2,1.0,2012,504000.0,2019-06-30
BEDOK,5-ROOM,73.5,9.0,1986,324000.0,2017-09-23
JURONG WEST,3-ROOM,91.0,3.0,2010,371000.0,2019-01-08
PUNGGOL,3-ROOM,71.9,19.0,1988,346000.0,2021-09-01
CLEMENTI,4-ROOM,79.6,13.0,1990,350000.0,2017-01-19
YISHUN,4-ROOM,99.4,26.0,2003,511000.0,2020-03-11
CLEMENTI,4-ROOM,107.7,26.0,1998,463000.0,2017-05-06
HOUGANG,EXECUTIVE,57.6,2.0,1977,236000.0,2018-01-26
ANG MO KIO,4-ROOM,89.5,6.0,2005,360000.0,2021-03-01
YISHUN,4-ROOM,89.6,19.0,1990,380000.0,2017-08-19
YISHUN,3-ROOM,76.1,21.0,1995,382000.0,2020-12-01
GEYLANG,5-ROOM,96.4,7.0,2014,424000.0,2017-09-22
TAMPINES,4-ROOM,101.1,25.0,2009,546000.0,2017-09-07
WOODLANDS,3-ROOM,90.3,5.0,2009,392000.0,2020-08-10
TAMPINES,4-ROOM,104.1,29.0,1983,474000.0,2020-05-02
JURONG WEST,3-ROOM,107.8,23.0,2012,510000.0,2020-02-06
TAMPINES,3-ROOM,91.0,14.0,1979,336000.0,2019-12-31
CLEMENTI,5-ROOM,65.0,4.0,2006,270000.0,2020-03-12
TAMPINES,3-ROOM,99.5,10.0,2009,402000.0,2022-11-19
WOODLANDS,5-ROOM,82.8,16.0,1999,472000.0,2020-01-09
YISHUN,3-ROOM,110.7,5.0,2013,571000.0,2017-02-28
YISHUN,4-ROOM,111.8,13.0,2011,502000.0,2017-02-15
JURONG WEST,4-ROOM,69.7,29.0,1986,387000.0,2019-12-01
BEDOK,3-ROOM,89.2,11.0,2005,420000.0,2022-04-15
BEDOK,5-ROOM,88.3,5.0,1982,315000.0,2018-02-03
HOUGANG,3-ROOM,99.0,25.0,1998,444000.0,2017-06-26
BEDOK,4-ROOM,77.6,7.0,1992,275000.0,2023-12-08
YISHUN,EXECUTIVE,135.4,20.0,1981,581000.0,2020-07-27
BEDOK,4-ROOM,100.4,10.0,1987,530000.0,2021-10-31
WOODLANDS,3-ROOM,140.3,12.0,1988,552000.0,2021-09-25
TAMPINES,EXECUTIVE,106.4,20.0,1978,451000.0,2022-05-19
BEDOK,3-ROOM,92.1,25.0,1990,461000.0,2021-09-03
TAMPINES,5-ROOM,88.2,20.0,1975,360000.0,2021-06-20
BEDOK,3-ROOM,124.5,27.0,1987,590000.0,2021-08-03
CLEMENTI,4-ROOM,84.7,9.0,1994,398000.0,2021-11-09
BEDOK,4-ROOM,77.5,11.0,1980,290000.0,2019-07-29
ANG MO KIO,5-ROOM,57.7,14.0,1991,262000.0,2018-09-17
ANG MO KIO,EXECUTIVE,55.5,26.0,1995,294000.0,2017-01-08
PUNGGOL,3-ROOM,74.0,1.0,1980,327000.0,2021-03-24
TAMPINES,4-ROOM,99.6,27.0,1979,407000.0,2017-12-20
TAMPINES,EXECUTIVE,75.6,22.0,2012,396000.0,2023-07-11
BEDOK,5-ROOM,131.9,16.0,2002,637000.0,2022-10-20
ANG MO KIO,5-ROOM,76.6,11.0,2002,363000.0,2020-01-29
JURONG WEST,4-ROOM,90.8,21.0,2000,454000.0,2017-10-15
JURONG WEST,5-ROOM,96.3,15.0,1987,434000.0,2021-02-06
WOODLANDS,4-ROOM,110.1,6.0,1995,518000.0,2018-09-10
JURONG WEST,4-ROOM,64.8,16.0,1999,323000.0,2021-07-10
PUNGGOL,3-ROOM,86.5,2.0,1985,386000.0,2020-06-23
TAMPINES,3-ROOM,75.3,11.0,1982,311000.0,2018-11-18
YISHUN,3-ROOM,86.6,22.0,2007,426000.0,2023-01-03
WOODLANDS,3-ROOM,121.8,25.0,1992,575000.0,2018-08-27
PUNGGOL,4-ROOM,90.6,10.0,1981,434000.0,2018-07-19
PUNGGOL,3-ROOM,119.9,4.0,1994,491000.0,2023-04-14
GEYLANG,3-ROOM,132.7,1.0,1987,561000.0,2021-10-09
PUNGGOL,5-ROOM,69.8,26.0,2011,393000.0,2022-12-18
JURONG WEST,5-ROOM,74.2,19.0,2014,295000.0,2021-09-21
PUNGGOL,5-ROOM,88.8,5.0,1983,347000.0,2018-02-17
JURONG WEST,4-ROOM,124.6,15.0,1989,516000.0,2017-10-14
WOODLANDS,3-ROOM,81.1,6.0,1989,282000.0,2019-05-29
BEDOK,5-ROOM,93.7,13.0,2004,400000.0,2023-03-04
HOUGANG,5-ROOM,113.3,20.0,1994,528000.0,2017-05-25
GEYLANG,EXECUTIVE,123.2,28.0,2001,621000.0,2023-02-24
JURONG WEST,4-ROOM,63.8,24.0,1997,284000.0,2018-09-06
GEYLANG,4-ROOM,112.7,8.0,2003,494000.0,2018-08-01
PUNGGOL,5-ROOM,105.7,21.0,1977,465000.0,2019-08-08
TAMPINES,4-ROOM,72.6,23.0,1993,380000.0,2021-01-27
WOODLANDS,3-ROOM,85.7,16.0,2001,450000.0,2020-10-11
WOODLANDS,3-ROOM,59.7,16.0,1992,300000.0,2021-04-26
PUNGGOL,4-ROOM,87.2,10.0,1979,355000.0,2020-04-08
PUNGGOL,5-ROOM,72.2,23.0,1980,307000.0,2020-10-23
GEYLANG,5-ROOM,46.4,12.0,1998,166000.0,2017-02-24
PUNGGOL,3-ROOM,99.5,26.0,2013,515000.0,2019-10-16
BEDOK,5-ROOM,83.1,3.0,1994,327000.0,2022-03-10
TAMPINES,EXECUTIVE,75.0,27.0,1990,397000.0,2017-02-28
GEYLANG,3-ROOM,97.5,16.0,2003,423000.0,2023-11-30
WOODLANDS,3-ROOM,76.0,19.0,2011,366000.0,2022-10-07
PUNGGOL,4-ROOM,84.7,15.0,2012,409000.0,2021-04-22
JURONG WEST,3-ROOM,90.6,24.0,2009,422000.0,2021-01-09
BEDOK,5-ROOM,101.9,2.0,2011,377000.0,2017-01-09
HOUGANG,5-ROOM,86.4,24.0,1990,457000.0,2023-02-17
CLEMENTI,3-ROOM,107.6,19.0,1977,578000.0,2022-05-05
HOUGANG,4-ROOM,82.1,21.0,1984,360000.0,2022-05-02
JURONG WEST,5-ROOM,78.2,16.0,1987,319000.0,2022-05-18
BEDOK,4-ROOM,87.0,11.0,1982,350000.0,2019-04-25
JURONG WEST,3-ROOM,102.2,18.0,1998,508000.0,2018-02-22
BEDOK,5-ROOM,107.8,8.0,1981,463000.0,2020-03-16
PUNGGOL,4-ROOM,118.8,8.0,1998,508000.0,2020-01-18
GEYLANG,3-ROOM,84.8,16.0,1987,369000.0,2023-11-08
BEDOK,4-ROOM,100.9,27.0,1976,441000.0,2017-06-15
GEYLANG,5-ROOM,94.0,8.0,1983,342000.0,2017-05-08
TAMPINES,3-ROOM,100.5,9.0,2012,418000.0,2018-12-16
JURONG WEST,5-ROOM,87.1,3.0,1978,345000.0,2023-05-31
JURONG WEST,3-ROOM,88.6,29.0,2004,380000.0,2020-09-14
HOUGANG,4-ROOM,137.3,18.0,2002,667000.0,2022-04-17
ANG MO KIO,4-ROOM,92.4,28.0,1986,450000.0,2023-05-13
JURONG WEST,4-ROOM,120.6,20.0,1995,564000.0,2023-10-21
GEYLANG,4-ROOM,85.1,12.0,1977,386000.0,2023-03-01
PUNGGOL,4-ROOM,78.8,15.0,2005,322000.0,2021-11-11
WOODLANDS,5-ROOM,118.9,25.0,2003,594000.0,2020-01-02
CLEMENTI,3-ROOM,83.2,9.0,1979,268000.0,2017-09-16
GEYLANG,5-ROOM,119.7,13.0,2012,530000.0,2019-09-06
WOODLANDS,3-ROOM,54.0,14.0,1978,234000.0,2018-04-04
TAMPINES,5-ROOM,78.9,23.0,1999,403000.0,2017-07-10
TAMPINES,4-ROOM,116.7,3.0,1978,463000.0,2019-01-10
JURONG WEST,5-ROOM,62.0,9.0,1977,231000.0,2019-04-08
WOODLANDS,5-ROOM,142.7,18.0,1987,615000.0,2021-04-09
PUNGGOL,4-ROOM,106.7,28.0,2004,604000.0,2021-10-23
TAMPINES,4-ROOM,100.7,15.0,1991,404000.0,2022-08-26
GEYLANG,3-ROOM,93.1,19.0,2013,479000.0,2020-12-26
JURONG WEST,4-ROOM,95.7,29.0,1996,495000.0,2023-07-23
BEDOK,5-ROOM,65.5,16.0,1979,261000.0,2018-10-17
BEDOK,3-ROOM,65.7,28.0,2006,321000.0,2020-05-22
BEDOK,5-ROOM,60.9,3.0,2005,217000.0,2018-12-06
TAMPINES,5-ROOM,73.2,3.0,2009,284000.0,2023-02-05
BEDOK,5-ROOM,96.5,2.0,2009,438000.0,2020-03-07
CLEMENTI,3-ROOM,98.7,28.0,2013,597000.0,2018-09-16
JURONG WEST,5-ROOM,104.4,1.0,1976,379000.0,2020-04-21
BEDOK,4-ROOM,73.7,6.0,1981,315000.0,2019-01-09
CLEMENTI,5-ROOM,136.6,26.0,2003,628000.0,2023-04-05
YISHUN,3-ROOM,121.9,19.0,2014,615000.0,2017-07-22
ANG MO KIO,4-ROOM,130.0,7.0,2002,525000.0,2023-12-02
HOUGANG,5-ROOM,50.4,25.0,1985,249000.0,2021-04-19
GEYLANG,5-ROOM,65.7,9.0,1991,256000.0,2018-09-16
HOUGANG,3-ROOM,79.1,14.0,2003,337000.0,2022-01-15
WOODLANDS,3-ROOM,78.8,7.0,2006,374000.0,2023-01-05
ANG MO KIO,3-ROOM,75.0,27.0,2014,402000.0,2019-02-18
ANG MO KIO,4-ROOM,104.1,12.0,1999,460000.0,2021-12-08
BEDOK,EXECUTIVE,82.0,10.0,2010,435000.0,2019-08-17
JURONG WEST,3-ROOM,73.1,20.0,2009,354000.0,2018-10-24
PUNGGOL,EXECUTIVE,84.3,23.0,1980,388000.0,2023-01-07
CLEMENTI,EXECUTIVE,98.2,17.0,1984,401000.0,2018-11-29
TAMPINES,5-ROOM,104.0,8.0,1998,435000.0,2018-04-05
TAMPINES,3-ROOM,119.7,17.0,1998,521000.0,2023-05-14
CLEMENTI,3-ROOM,138.7,21.0,1977,662000.0,2023-12-12
PUNGGOL,3-ROOM,58.1,22.0,2008,332000.0,2018-01-29
WOODLANDS,4-ROOM,89.3,29.0,1996,507000.0,2020-01-01
PUNGGOL,4-ROOM,136.4,4.0,2013,585000.0,2018-01-27
BEDOK,3-ROOM,73.3,7.0,2001,287000.0,2023-09-25
HOUGANG,4-ROOM,78.0,10.0,2009,322000.0,2018-08-17
JURONG WEST,5-ROOM,129.2,8.0,2004,596000.0,2021-01-05
BEDOK,4-ROOM,117.7,3.0,1987,471000.0,2020-10-10
HOUGANG,5-ROOM,88.4,21.0,2009,440000.0,2018-10-10
GEYLANG,4-ROOM,70.6,14.0,2013,338000.0,2022-06-21
PUNGGOL,4-ROOM,112.4,13.0,2002,494000.0,2017-04-02
PUNGGOL,4-ROOM,62.5,5.0,2009,234000.0,2019-07-17
GEYLANG,5-ROOM,96.5,20.0,1975,431000.0,2017-09-06
GEYLANG,5-ROOM,157.1,5.0,2000,677000.0,2022-10-31
WOODLANDS,3-ROOM,63.1,6.0,1998,309000.0,2021-03-23
CLEMENTI,3-ROOM,75.1,24.0,2004,354000.0,2017-11-12
JURONG WEST,5-ROOM,83.0,27.0,1998,457000.0,2023-01-22
GEYLANG,3-ROOM,70.6,14.0,1978,295000.0,2020-11-28
YISHUN,3-ROOM,111.4,1.0,1983,485000.0,2020-10-16
YISHUN,4-ROOM,93.5,29.0,1989,415000.0,2021-12-27
JURONG WEST,3-ROOM,107.5,10.0,2004,436000.0,2017-05-04
PUNGGOL,5-ROOM,131.6,22.0,2014,601000.0,2023-09-08
CLEMENTI,4-ROOM,89.9,6.0,1975,359000.0,2019-09-23
ANG MO KIO,3-ROOM,116.2,25.0,1978,517000.0,2018-11-24
ANG MO KIO,EXECUTIVE,109.9,7.0,1989,433000.0,2018-12-23
JURONG WEST,5-ROOM,111.7,6.0,1976,453000.0,2022-12-08
ANG MO KIO,5-ROOM,40.0,3.0,2010,193000.0,2022-10-03
BEDOK,5-ROOM,138.9,23.0,2006,670000.0,2017-06-07
TAMPINES,3-ROOM,112.6,5.0,1976,475000.0,2023-04-29
HOUGANG,4-ROOM,57.7,9.0,2009,223000.0,2020-07-22
YISHUN,3-ROOM,119.4,7.0,1989,441000.0,2020-01-15
PUNGGOL,4-ROOM,78.7,28.0,1999,429000.0,2022-08-16
ANG MO KIO,4-ROOM,95.4,23.0,2007,439000.0,2023-11-11
WOODLANDS,3-ROOM,106.3,23.0,1979,505000.0,2019-07-10
YISHUN,5-ROOM,81.5,5.0,2003,379000.0,2023-07-12
ANG MO KIO,3-ROOM,124.5,14.0,2008,555000.0,2022-02-02
JURONG WEST,5-ROOM,99.8,25.0,2005,526000.0,2021-01-12
YISHUN,5-ROOM,72.4,10.0,1988,222000.0,2021-09-07
GEYLANG,5-ROOM,77.2,12.0,1996,360000.0,2022-03-13
HOUGANG,4-ROOM,98.1,25.0,1992,508000.0,2020-11-09
WOODLANDS,4-ROOM,98.1,29.0,1982,521000.0,2020-03-12
PUNGGOL,3-ROOM,93.2,8.0,1984,399000.0,2021-10-09
WOODLANDS,3-ROOM,82.0,24.0,1983,369000.0,2019-10-26
GEYLANG,4-ROOM,120.0,21.0,1978,458000.0,2023-12-04
TAMPINES,EXECUTIVE,119.2,15.0,2007,511000.0,2023-07-31
TAMPINES,3-ROOM,64.5,18.0,2003,342000.0,2019-11-01
BEDOK,5-ROOM,111.5,11.0,2010,479000.0,2020-02-04
HOUGANG,5-ROOM,47.9,27.0,2014,293000.0,2020-08-25
BEDOK,3-ROOM,84.0,4.0,1981,324000.0,2020-06-14
TAMPINES,3-ROOM,106.6,6.0,1989,453000.0,2020-10-18
WOODLANDS,EXECUTIVE,122.5,5.0,1977,459000.0,2020-03-11
WOODLANDS,5-ROOM,94.3,15.0,2000,412000.0,2023-02-03
JURONG WEST,3-ROOM,102.8,19.0,1976,439000.0,2019-03-14
TAMPINES,3-ROOM,97.8,26.0,2014,451000.0,2022-03-14
CLEMENTI,3-ROOM,105.0,6.0,1989,503000.0,2020-08-27
HOUGANG,3-ROOM,86.8,10.0,1989,256000.0,2019-09-13
PUNGGOL,4-ROOM,109.5,29.0,1979,580000.0,2022-03-16
JURONG WEST,3-ROOM,113.3,24.0,2010,602000.0,2018-09-17
GEYLANG,5-ROOM,111.7,14.0,2006,491000.0,2021-07-27
JURONG WEST,5-ROOM,90.7,5.0,1997,362000.0,2021-11-23
TAMPINES,3-ROOM,79.8,22.0,2011,371000.0,2023-08-26
GEYLANG,3-ROOM,94.3,7.0,1998,481000.0,2017-05-07
HOUGANG,3-ROOM,63.7,26.0,1987,268000.0,2017-08-10
WOODLANDS,3-ROOM,92.8,20.0,2005,492000.0,2023-06-23
CLEMENTI,3-ROOM,80.7,13.0,1996,374000.0,2022-01-09
ANG MO KIO,5-ROOM,69.5,15.0,2005,332000.0,2019-02-26
HOUGANG,5-ROOM,97.3,1.0,1986,413000.0,2019-08-16
PUNGGOL,4-ROOM,85.5,15.0,2010,376000.0,2018-01-30
TAMPINES,5-ROOM,101.2,3.0,1992,422000.0,2020-03-28
BEDOK,5-ROOM,107.3,22.0,2000,534000.0,2023-08-18
HOUGANG,4-ROOM,110.5,12.0,1993,476000.0,2019-04-02
HOUGANG,5-ROOM,83.4,16.0,1996,312000.0,2023-06-01
BEDOK,4-ROOM,114.2,9.0,2013,449000.0,2023-01-24
ANG MO KIO,3-ROOM,48.3,24.0,1978,239000.0,2021-04-20
TAMPINES,5-ROOM,93.3,25.0,1996,465000.0,2017-09-21
GEYLANG,5-ROOM,83.4,2.0,1989,340000.0,2018-05-19
TAMPINES,4-ROOM,88.7,10.0,1983,371000.0,2023-09-05
TAMPINES,EXECUTIVE,57.8,21.0,1986,313000.0,2020-02-15
TAMPINES,4-ROOM,103.8,11.0,2010,465000.0,2021-01-07
ANG MO KIO,5-ROOM,71.6,2.0,1977,305000.0,2020-05-29
TAMPINES,4-ROOM,89.6,18.0,1998,462000.0,2018-11-04
GEYLANG,3-ROOM,59.2,15.0,1996,245000.0,2022-04-19
PUNGGOL,4-ROOM,108.1,18.0,1978,494000.0,2017-10-08
WOODLANDS,3-ROOM,110.3,20.0,1987,516000.0,2022-01-08
GEYLANG,EXECUTIVE,48.8,1.0,1994,201000.0,2020-03-14
GEYLANG,5-ROOM,125.3,19.0,1980,563000.0,2023-05-12
BEDOK,3-ROOM,84.9,7.0,1998,340000.0,2018-08-02
JURONG WEST,3-ROOM,127.5,20.0,1989,655000.0,2017-05-05
YISHUN,5-ROOM,89.1,11.0,1976,326000.0,2018-11-29
HOUGANG,4-ROOM,65.8,4.0,2008,169000.0,2019-11-27
JURONG WEST,5-ROOM,65.7,11.0,2012,250000.0,2023-09-04
CLEMENTI,4-ROOM,90.9,26.0,1996,420000.0,2022-08-07
BEDOK,5-ROOM,88.1,7.0,1993,370000.0,2022-01-19
PUNGGOL,4-ROOM,132.9,16.0,1994,535000.0,2022-11-09
CLEMENTI,4-ROOM,53.1,10.0,2011,187000.0,2019-01-27
CLEMENTI,3-ROOM,87.8,25.0,2008,491000.0,2022-11-05
WOODLANDS,5-ROOM,113.3,18.0,2009,584000.0,2019-02-10
PUNGGOL,5-ROOM,125.6,7.0,1982,517000.0,2023-07-02
HOUGANG,EXECUTIVE,104.3,15.0,2001,463000.0,2021-10-30
BEDOK,3-ROOM,107.2,12.0,1993,475000.0,2017-06-18
ANG MO KIO,3-ROOM,115.1,9.0,1989,515000.0,2019-04-05
JURONG WEST,5-ROOM,109.2,15.0,2000,560000.0,2022-10-02
CLEMENTI,3-ROOM,85.9,19.0,1980,396000.0,2020-11-14
TAMPINES,4-ROOM,63.9,8.0,1984,237000.0,2018-01-25
CLEMENTI,5-ROOM,74.6,20.0,2013,411000.0,2018-02-24
YISHUN,3-ROOM,110.2,7.0,2010,478000.0,2017-08-19
TAMPINES,4-ROOM,82.0,8.0,1995,411000.0,2020-05-13
HOUGANG,EXECUTIVE,55.7,12.0,1999,262000.0,2021-12-21
WOODLANDS,3-ROOM,57.5,27.0,1982,328000.0,2017-07-18
BEDOK,5-ROOM,100.7,1.0,2009,465000.0,2022-01-07
ANG MO KIO,4-ROOM,107.3,9.0,2007,483000.0,2021-10-02
GEYLANG,5-ROOM,77.9,11.0,1994,367000.0,2018-07-18
PUNGGOL,4-ROOM,89.5,20.0,1988,422000.0,2020-02-15
WOODLANDS,5-ROOM,91.2,10.0,2001,440000.0,2022-12-30
ANG MO KIO,4-ROOM,94.5,13.0,2004,428000.0,2022-03-31
TAMPINES,3-ROOM,89.8,24.0,2008,508000.0,2019-06-14
BEDOK,5-ROOM,96.1,26.0,1991,461000.0,2023-02-09
GEYLANG,4-ROOM,105.0,20.0,2003,520000.0,2023-10-03
CLEMENTI,5-ROOM,85.7,13.0,1998,380000.0,2018-03-07
WOODLANDS,4-ROOM,83.9,7.0,1996,392000.0,2020-04-19
CLEMENTI,5-ROOM,125.6,17.0,1990,604000.0,2017-06-28
WOODLANDS,4-ROOM,70.2,3.0,2009,300000.0,2019-07-02
JURONG WEST,4-ROOM,89.7,22.0,1992,433000.0,2017-11-25
PUNGGOL,5-ROOM,110.2,8.0,1988,492000.0,2022-09-08
WOODLANDS,3-ROOM,76.9,20.0,1999,388000.0,2018-02-20
CLEMENTI,4-ROOM,131.2,18.0,1994,570000.0,2023-03-20
HOUGANG,4-ROOM,85.9,10.0,1998,453000.0,2021-11-01
WOODLANDS,3-ROOM,70.1,28.0,2014,386000.0,2023-10-08
CLEMENTI,5-ROOM,74.7,7.0,1999,346000.0,2020-11-13
CLEMENTI,4-ROOM,72.2,17.0,2014,397000.0,2021-04-05
YISHUN,3-ROOM,81.1,3.0,1979,310000.0,2019-10-15
WOODLANDS,4-ROOM,88.8,19.0,2001,380000.0,2021-09-10
HOUGANG,3-ROOM,105.3,18.0,1998,470000.0,2017-12-18
PUNGGOL,5-ROOM,81.6,8.0,1991,375000.0,2022-07-04
HOUGANG,4-ROOM,89.3,13.0,2014,466000.0,2019-04-20
YISHUN,4-ROOM,93.6,13.0,2010,473000.0,2018-08-24
TAMPINES,3-ROOM,117.9,24.0,1975,513000.0,2023-03-27
GEYLANG,4-ROOM,98.3,16.0,2014,473000.0,2019-06-09
GEYLANG,4-ROOM,64.3,25.0,1997,425000.0,2018-09-21
GEYLANG,5-ROOM,127.5,12.0,1991,568000.0,2022-09-19
JURONG WEST,5-ROOM,81.3,24.0,1996,438000.0,2023-08-18
GEYLANG,4-ROOM,88.1,2.0,2009,380000.0,2022-02-10
TAMPINES,5-ROOM,125.1,26.0,1982,563000.0,2017-09-27
TAMPINES,4-ROOM,86.6,17.0,1988,403000.0,2023-05-13
BEDOK,3-ROOM,121.4,4.0,2012,524000.0,2021-08-04
ANG MO KIO,3-ROOM,80.4,12.0,2003,346000.0,2021-01-02
JURONG WEST,EXECUTIVE,84.8,28.0,2003,469000.0,2018-07-26
BEDOK,5-ROOM,85.3,8.0,2008,397000.0,2021-11-25
WOODLANDS,3-ROOM,87.1,22.0,1985,420000.0,2023-04-01
WOODLANDS,3-ROOM,83.5,12.0,1977,287000.0,2019-12-24
BEDOK,3-ROOM,109.8,24.0,1984,562000.0,2017-01-01
WOODLANDS,3-ROOM,90.7,9.0,1996,339000.0,2021-05-23
TAMPINES,4-ROOM,92.9,16.0,1979,506000.0,2022-11-07
JURONG WEST,3-ROOM,81.9,19.0,1988,344000.0,2021-10-14
WOODLANDS,3-ROOM,134.4,11.0,1978,547000.0,2023-02-21
PUNGGOL,4-ROOM,142.1,18.0,2013,651000.0,2019-12-13
WOODLANDS,3-ROOM,65.9,18.0,1991,259000.0,2019-10-27
ANG MO KIO,4-ROOM,91.1,16.0,1987,396000.0,2021-07-02
YISHUN,EXECUTIVE,103.5,20.0,2007,501000.0,2021-05-06
BEDOK,EXECUTIVE,112.5,4.0,1988,501000.0,2018-07-15
YISHUN,3-ROOM,104.3,11.0,1998,383000.0,2023-05-13
GEYLANG,EXECUTIVE,62.1,7.0,2011,283000.0,2023-05-01
CLEMENTI,4-ROOM,83.6,29.0,1984,399000.0,2019-01-28
ANG MO KIO,3-ROOM,69.2,23.0,2003,316000.0,2018-02-05
CLEMENTI,3-ROOM,130.2,15.0,1981,560000.0,2022-12-05
PUNGGOL,4-ROOM,95.4,25.0,1993,490000.0,2019-10-03
HOUGANG,4-ROOM,78.8,12.0,2012,363000.0,2022-04-08
ANG MO KIO,3-ROOM,112.1,8.0,1978,446000.0,2017-10-12
YISHUN,4-ROOM,81.1,6.0,1995,314000.0,2017-09-14
JURONG WEST,EXECUTIVE,122.2,6.0,2001,570000.0,2017-06-23
TAMPINES,5-ROOM,101.6,2.0,1995,412000.0,2019-07-23
PUNGGOL,4-ROOM,81.5,18.0,1989,353000.0,2023-04-06
JURONG WEST,4-ROOM,100.2,16.0,2014,548000.0,2022-06-01
TAMPINES,4-ROOM,70.5,3.0,1992,347000.0,2018-01-05
PUNGGOL,4-ROOM,129.0,6.0,2001,571000.0,2020-04-11
ANG MO KIO,4-ROOM,118.3,24.0,1984,543000.0,2021-08-02
HOUGANG,4-ROOM,100.7,20.0,1979,452000.0,2020-04-05
ANG MO KIO,EXECUTIVE,105.7,24.0,1982,553000.0,2022-04-10
WOODLANDS,3-ROOM,106.7,18.0,1993,388000.0,2022-02-04
ANG MO KIO,3-ROOM,148.3,12.0,1987,644000.0,2023-11-10
PUNGGOL,3-ROOM,110.8,21.0,1992,470000.0,2018-10-11
TAMPINES,3-ROOM,85.9,18.0,2013,431000.0,2019-11-02
HOUGANG,5-ROOM,86.5,5.0,2013,401000.0,2017-01-06
JURONG WEST,5-ROOM,84.3,7.0,1977,310000.0,2020-12-01
WOODLANDS,3-ROOM,117.8,11.0,2003,486000.0,2018-06-02
CLEMENTI,5-ROOM,110.6,17.0,2006,523000.0,2018-05-20
CLEMENTI,3-ROOM,117.9,21.0,1992,548000.0,2021-04-09
BEDOK,5-ROOM,119.1,6.0,1996,607000.0,2021-01-31
HOUGANG,3-ROOM,75.1,27.0,1975,401000.0,2023-01-01
ANG MO KIO,3-ROOM,79.4,3.0,2006,449000.0,2019-08-05
ANG MO KIO,3-ROOM,100.8,20.0,2007,458000.0,2022-05-21
BEDOK,3-ROOM,119.0,11.0,1986,510000.0,2021-07-21
YISHUN,4-ROOM,132.7,15.0,1975,596000.0,2017-01-03
ANG MO KIO,4-ROOM,129.1,26.0,1986,652000.0,2019-01-05
TAMPINES,4-ROOM,116.9,2.0,2011,489000.0,2023-07-12
ANG MO KIO,5-ROOM,121.3,17.0,2005,554000.0,2018-07-26
CLEMENTI,5-ROOM,75.3,21.0,1992,357000.0,2021-10-25
GEYLANG,5-ROOM,91.9,28.0,1985,449000.0,2018-02-10
JURONG WEST,4-ROOM,92.9,29.0,1981,422000.0,2018-12-25
JURONG WEST,5-ROOM,89.4,1.0,1997,309000.0,2023-08-01
TAMPINES,5-ROOM,48.1,28.0,1979,301000.0,2019-09-18
PUNGGOL,5-ROOM,114.0,22.0,2001,598000.0,2018-07-11
JURONG WEST,EXECUTIVE,84.6,20.0,1986,357000.0,2019-07-07
WOODLANDS,3-ROOM,87.4,27.0,1987,346000.0,2019-05-04
PUNGGOL,3-ROOM,124.4,14.0,1980,532000.0,2018-11-23
PUNGGOL,5-ROOM,80.1,21.0,2005,367000.0,2018-01-01
BEDOK,5-ROOM,130.6,12.0,1976,579000.0,2021-01-24
HOUGANG,3-ROOM,118.4,9.0,1985,543000.0,2021-12-20
HOUGANG,EXECUTIVE,67.8,9.0,1975,165000.0,2018-02-24
CLEMENTI,4-ROOM,102.2,17.0,1985,522000.0,2018-09-16
YISHUN,4-ROOM,103.2,27.0,1984,533000.0,2018-06-04
GEYLANG,5-ROOM,68.3,4.0,2011,259000.0,2019-12-01
TAMPINES,4-ROOM,60.3,4.0,1994,231000.0,2021-05-29
JURONG WEST,5-ROOM,91.0,24.0,1989,356000.0,2019-08-08
WOODLANDS,5-ROOM,83.9,18.0,1985,357000.0,2017-02-01
TAMPINES,5-ROOM,99.5,26.0,2013,546000.0,2023-03-08
CLEMENTI,3-ROOM,87.1,26.0,2000,420000.0,2020-05-27
JURONG WEST,5-ROOM,110.2,20.0,1980,427000.0,2019-02-03
GEYLANG,4-ROOM,116.5,25.0,1999,604000.0,2023-10-31
JURONG WEST,5-ROOM,96.6,19.0,2006,501000.0,2020-11-24
WOODLANDS,5-ROOM,122.3,21.0,2005,627000.0,2018-08-17
CLEMENTI,4-ROOM,125.8,11.0,2014,542000.0,2017-08-26
ANG MO KIO,4-ROOM,95.0,4.0,1979,385000.0,2023-10-28
HOUGANG,EXECUTIVE,77.7,15.0,2008,347000.0,2021-05-18
ANG MO KIO,5-ROOM,101.7,15.0,1987,454000.0,2022-01-13
BEDOK,4-ROOM,96.7,18.0,1996,504000.0,2020-05-16
PUNGGOL,4-ROOM,90.3,6.0,1976,353000.0,2023-07-17
ANG MO KIO,3-ROOM,108.7,21.0,1995,473000.0,2018-05-01
TAMPINES,EXECUTIVE,107.1,10.0,1994,442000.0,2021-07-25
WOODLANDS,4-ROOM,113.4,24.0,2012,488000.0,2018-01-06
BEDOK,4-ROOM,109.0,17.0,1997,490000.0,2022-10-21
JURONG WEST,5-ROOM,103.5,22.0,1986,505000.0,2017-11-14
BEDOK,3-ROOM,85.1,1.0,1983,307000.0,2023-03-19
JURONG WEST,4-ROOM,106.5,26.0,1985,519000.0,2023-04-11
HOUGANG,5-ROOM,98.2,10.0,2005,429000.0,2018-01-18
TAMPINES,EXECUTIVE,80.2,1.0,2004,317000.0,2022-01-27
GEYLANG,5-ROOM,130.5,22.0,2007,706000.0,2020-12-01
ANG MO KIO,3-ROOM,71.7,15.0,2002,270000.0,2019-05-21
WOODLANDS,4-ROOM,93.9,28.0,1975,394000.0,2019-05-31
ANG MO KIO,4-ROOM,60.6,9.0,2012,227000.0,2021-11-15
HOUGANG,3-ROOM,79.5,24.0,2006,445000.0,2017-02-27
YISHUN,4-ROOM,61.0,14.0,2009,271000.0,2022-11-23
YISHUN,4-ROOM,120.3,19.0,2014,611000.0,2017-07-18
TAMPINES,4-ROOM,114.4,20.0,1985,575000.0,2019-01-19
TAMPINES,EXECUTIVE,70.8,2.0,1982,258000.0,2023-06-17
CLEMENTI,3-ROOM,40.0,23.0,2008,162000.0,2021-09-25
CLEMENTI,3-ROOM,40.0,1.0,1995,150000.0,2021-02-04
CLEMENTI,3-ROOM,116.1,14.0,1989,608000.0,2019-11-16
ANG MO KIO,3-ROOM,115.6,18.0,2007,598000.0,2018-09-09
HOUGANG,4-ROOM,60.4,16.0,1983,223000.0,2019-11-17
WOODLANDS,4-ROOM,125.7,27.0,1983,574000.0,2018-07-01
YISHUN,5-ROOM,92.5,1.0,1988,356000.0,2022-03-09
ANG MO KIO,5-ROOM,109.7,25.0,2014,512000.0,2023-08-17
WOODLANDS,EXECUTIVE,97.3,17.0,2012,472000.0,2017-09-27
YISHUN,EXECUTIVE,99.6,20.0,2011,495000.0,2019-12-30
TAMPINES,3-ROOM,85.6,11.0,1997,455000.0,2022-04-23
PUNGGOL,5-ROOM,73.2,15.0,1994,339000.0,2020-05-24
YISHUN,5-ROOM,68.6,13.0,2003,385000.0,2019-10-29
YISHUN,4-ROOM,82.9,18.0,1993,401000.0,2022-10-24
GEYLANG,5-ROOM,110.8,11.0,2012,433000.0,2022-02-19
HOUGANG,4-ROOM,84.4,2.0,2002,351000.0,2017-09-12
GEYLANG,4-ROOM,87.6,8.0,2004,372000.0,2021-08-25
YISHUN,3-ROOM,125.2,14.0,1978,522000.0,2023-01-25
GEYLANG,3-ROOM,59.0,3.0,1980,221000.0,2019-04-17
HOUGANG,4-ROOM,94.4,10.0,2010,459000.0,2023-02-11
TAMPINES,4-ROOM,113.1,2.0,2009,466000.0,2018-07-11
ANG MO KIO,4-ROOM,140.5,16.0,2008,651000.0,2022-01-02
BEDOK,4-ROOM,98.5,11.0,2007,379000.0,2019-12-26
JURONG WEST,3-ROOM,62.4,11.0,1997,307000.0,2017-04-24
HOUGANG,3-ROOM,48.5,11.0,2013,202000.0,2021-07-20
GEYLANG,4-ROOM,56.0,23.0,2002,215000.0,2020-06-07
JURONG WEST,4-ROOM,103.1,21.0,1988,589000.0,2023-03-07
BEDOK,3-ROOM,93.9,6.0,1984,389000.0,2023-10-13
ANG MO KIO,3-ROOM,68.9,3.0,2011,313000.0,2021-06-23
ANG MO KIO,3-ROOM,84.7,27.0,2007,451000.0,2017-08-04
YISHUN,4-ROOM,52.8,9.0,1983,234000.0,2023-12-11
ANG MO KIO,4-ROOM,83.0,20.0,2005,459000.0,2017-10-26
WOODLANDS,4-ROOM,123.8,1.0,1996,481000.0,2021-02-24
ANG MO KIO,4-ROOM,68.9,17.0,2014,356000.0,2018-12-31
WOODLANDS,5-ROOM,54.9,16.0,2003,330000.0,2019-06-27
YISHUN,EXECUTIVE,83.4,26.0,2009,418000.0,2022-11-19
JURONG WEST,EXECUTIVE,82.2,4.0,2005,355000.0,2021-03-03
CLEMENTI,EXECUTIVE,94.9,2.0,1975,392000.0,2019-10-05
YISHUN,4-ROOM,117.1,11.0,2001,510000.0,2021-10-24
ANG MO KIO,3-ROOM,78.7,2.0,2014,324000.0,2021-06-18
HOUGANG,3-ROOM,100.5,8.0,1988,443000.0,2020-02-18
PUNGGOL,5-ROOM,83.7,29.0,1981,423000.0,2021-04-29
YISHUN,3-ROOM,86.3,1.0,2003,358000.0,2017-11-20
JURONG WEST,5-ROOM,112.0,18.0,1980,420000.0,2018-10-30
JURONG WEST,4-ROOM,115.0,4.0,1977,469000.0,2021-06-14
CLEMENTI,3-ROOM,59.9,23.0,1987,290000.0,2020-03-26
GEYLANG,5-ROOM,88.4,15.0,1985,441000.0,2022-10-08
CLEMENTI,4-ROOM,97.3,23.0,1991,477000.0,2018-09-02
WOODLANDS,3-ROOM,136.5,18.0,1988,621000.0,2019-09-13
HOUGANG,4-ROOM,94.9,3.0,1990,383000.0,2020-04-05
BEDOK,4-ROOM,119.3,28.0,1982,560000.0,2021-04-27
HOUGANG,3-ROOM,63.3,11.0,1978,261000.0,2022-01-05
JURONG WEST,3-ROOM,79.2,16.0,2002,346000.0,2020-01-08
GEYLANG,4-ROOM,41.2,29.0,1996,289000.0,2022-07-16
CLEMENTI,3-ROOM,126.6,25.0,1983,543000.0,2023-04-05
WOODLANDS,5-ROOM,107.1,20.0,1983,536000.0,2021-11-25
JURONG WEST,4-ROOM,113.8,14.0,1981,528000.0,2023-08-30
BEDOK,4-ROOM,141.1,17.0,1995,558000.0,2023-10-15
YISHUN,4-ROOM,102.1,7.0,2002,518000.0,2017-10-26
JURONG WEST,EXECUTIVE,114.2,4.0,2007,507000.0,2019-04-14
GEYLANG,4-ROOM,97.9,15.0,1994,415000.0,2023-02-21
GEYLANG,EXECUTIVE,128.6,7.0,2003,622000.0,2021-11-04
CLEMENTI,EXECUTIVE,123.5,13.0,1979,455000.0,2022-08-29
CLEMENTI,4-ROOM,141.4,11.0,1976,567000.0,2023-07-06
WOODLANDS,5-ROOM,108.3,22.0,1978,520000.0,2017-01-16
WOODLANDS,5-ROOM,85.3,15.0,1981,376000.0,2018-01-10
WOODLANDS,5-ROOM,119.7,14.0,2002,535000.0,2022-01-30
TAMPINES,5-ROOM,90.4,3.0,2002,400000.0,2018-07-24
GEYLANG,4-ROOM,106.4,17.0,2013,489000.0,2019-12-18
JURONG WEST,EXECUTIVE,109.4,26.0,1997,572000.0,2022-04-21
HOUGANG,5-ROOM,104.4,23.0,1981,471000.0,2020-09-11
HOUGANG,3-ROOM,88.3,9.0,2012,410000.0,2019-04-07
PUNGGOL,5-ROOM,104.3,28.0,1993,572000.0,2017-08-22
BEDOK,3-ROOM,149.4,16.0,2012,664000.0,2017-10-18
ANG MO KIO,EXECUTIVE,46.8,10.0,2007,186000.0,2021-03-17
CLEMENTI,4-ROOM,152.8,11.0,1989,592000.0,2021-06-17
YISHUN,3-ROOM,109.9,27.0,2002,595000.0,2018-01-28
TAMPINES,4-ROOM,94.2,29.0,2002,428000.0,2017-09-06
BEDOK,5-ROOM,87.9,15.0,1998,371000.0,2020-06-06
CLEMENTI,4-ROOM,80.0,8.0,2014,333000.0,2023-01-12
PUNGGOL,EXECUTIVE,112.6,26.0,1992,532000.0,2021-07-13
GEYLANG,4-ROOM,77.0,10.0,1992,332000.0,2018-01-31
YISHUN,5-ROOM,81.9,19.0,1981,375000.0,2023-03-27
PUNGGOL,EXECUTIVE,90.9,24.0,1995,406000.0,2018-03-18
GEYLANG,4-ROOM,109.1,23.0,1998,537000.0,2018-07-09
YISHUN,4-ROOM,123.6,10.0,1977,472000.0,2021-06-06
GEYLANG,5-ROOM,112.5,24.0,1984,439000.0,2019-11-28
TAMPINES,4-ROOM,62.2,20.0,2006,301000.0,2018-08-06
GEYLANG,4-ROOM,75.8,7.0,2000,295000.0,2017-04-19
CLEMENTI,3-ROOM,125.1,20.0,1989,538000.0,2018-04-02
WOODLANDS,5-ROOM,95.2,8.0,1991,406000.0,2019-03-13
WOODLANDS,3-ROOM,108.1,15.0,2009,505000.0,2019-10-27
BEDOK,4-ROOM,81.2,28.0,2013,363000.0,2022-08-03
YISHUN,4-ROOM,64.1,27.0,1985,283000.0,2017-12-12
TAMPINES,EXECUTIVE,114.3,22.0,2013,563000.0,2019-03-15
BEDOK,4-ROOM,77.2,14.0,1985,288000.0,2018-12-27
BEDOK,EXECUTIVE,137.2,13.0,1986,564000.0,2023-08-29
WOODLANDS,EXECUTIVE,86.9,3.0,1977,391000.0,2017-05-18
ANG MO KIO,4-ROOM,71.6,28.0,1993,347000.0,2022-02-11
HOUGANG,3-ROOM,94.9,12.0,1980,346000.0,2017-11-23
PUNGGOL,3-ROOM,75.3,21.0,2000,376000.0,2017-08-28
HOUGANG,4-ROOM,136.9,8.0,2006,658000.0,2022-07-22
GEYLANG,4-ROOM,90.0,3.0,1977,299000.0,2018-12-17
TAMPINES,EXECUTIVE,92.3,28.0,2000,463000.0,2021-12-04
BEDOK,5-ROOM,54.4,28.0,2008,292000.0,2023-05-10
ANG MO KIO,EXECUTIVE,116.8,2.0,2004,507000.0,2021-07-04
PUNGGOL,3-ROOM,124.9,19.0,1987,508000.0,2021-02-28
PUNGGOL,4-ROOM,104.9,26.0,2002,476000.0,2023-12-18
ANG MO KIO,3-ROOM,106.3,12.0,2014,550000.0,2021-03-08
WOODLANDS,4-ROOM,70.1,26.0,1982,327000.0,2022-02-12
ANG MO KIO,5-ROOM,112.4,9.0,1983,442000.0,2020-03-16
TAMPINES,3-ROOM,70.0,11.0,1981,238000.0,2023-01-13
TAMPINES,4-ROOM,83.2,27.0,1984,455000.0,2020-12-25
WOODLANDS,3-ROOM,95.8,16.0,1986,406000.0,2017-04-18
BEDOK,3-ROOM,70.8,14.0,2008,305000.0,2020-06-19
GEYLANG,5-ROOM,74.7,28.0,1977,404000.0,2020-08-30
ANG MO KIO,4-ROOM,109.8,22.0,1996,508000.0,2018-01-20
CLEMENTI,4-ROOM,74.3,27.0,1987,377000.0,2017-10-26
BEDOK,4-ROOM,88.1,29.0,1978,461000.0,2018-01-26
PUNGGOL,3-ROOM,137.4,19.0,1986,646000.0,2018-08-28
TAMPINES,5-ROOM,84.0,9.0,1993,353000.0,2023-03-05
ANG MO KIO,5-ROOM,64.1,2.0,1975,168000.0,2022-05-27
TAMPINES,3-ROOM,61.8,24.0,1985,231000.0,2023-01-07
HOUGANG,5-ROOM,82.7,10.0,1976,324000.0,2017-11-29
ANG MO KIO,3-ROOM,100.8,25.0,1987,456000.0,2022-03-22
YISHUN,5-ROOM,139.9,7.0,1987,576000.0,2023-09-01
TAMPINES,4-ROOM,69.0,6.0,2008,333000.0,2019-08-26
HOUGANG,3-ROOM,70.1,20.0,1993,273000.0,2019-09-26
CLEMENTI,4-ROOM,107.8,5.0,1983,448000.0,2023-10-13
YISHUN,5-ROOM,94.3,4.0,1987,428000.0,2023-01-06
YISHUN,3-ROOM,81.3,9.0,1976,317000.0,2017-11-15
TAMPINES,4-ROOM,72.5,22.0,1998,297000.0,2020-07-04
JURONG WEST,3-ROOM,85.9,22.0,2007,464000.0,2023-02-27
JURONG WEST,4-ROOM,136.2,6.0,1980,589000.0,2021-01-12
WOODLANDS,EXECUTIVE,110.6,13.0,1992,530000.0,2023-05-04
YISHUN,4-ROOM,95.1,2.0,1993,434000.0,2020-01-25
BEDOK,4-ROOM,59.5,5.0,1996,201000.0,2018-08-30
YISHUN,4-ROOM,49.9,14.0,2006,204000.0,2019-02-28
TAMPINES,5-ROOM,111.9,12.0,1992,452000.0,2018-08-22
HOUGANG,EXECUTIVE,99.6,15.0,1985,386000.0,2022-07-12
TAMPINES,3-ROOM,111.6,19.0,1986,548000.0,2023-07-18
BEDOK,3-ROOM,40.0,9.0,1988,170000.0,2022-10-19
HOUGANG,4-ROOM,91.0,5.0,2000,384000.0,2020-01-14
PUNGGOL,3-ROOM,114.0,22.0,1982,552000.0,2023-03-22
WOODLANDS,3-ROOM,124.4,8.0,1997,515000.0,2022-10-03
PUNGGOL,3-ROOM,130.8,26.0,2008,663000.0,2017-01-25
ANG MO KIO,4-ROOM,133.8,24.0,2003,648000.0,2023-11-22
TAMPINES,4-ROOM,99.4,21.0,2008,512000.0,2019-03-05
JURONG WEST,4-ROOM,131.9,27.0,2007,684000.0,2022-01-20
JURONG WEST,EXECUTIVE,99.1,10.0,1992,420000.0,2017-01-04
WOODLANDS,5-ROOM,126.9,2.0,2003,523000.0,2021-07-07
BEDOK,4-ROOM,71.6,22.0,1981,368000.0,2020-12-11
TAMPINES,5-ROOM,113.5,3.0,2000,432000.0,2020-09-08
GEYLANG,5-ROOM,89.4,26.0,2010,468000.0,2022-01-02
YISHUN,4-ROOM,107.0,20.0,2012,505000.0,2023-04-14
GEYLANG,3-ROOM,100.8,25.0,1991,497000.0,2018-03-07
GEYLANG,4-ROOM,107.1,6.0,2013,472000.0,2022-07-04
ANG MO KIO,3-ROOM,92.2,7.0,1990,422000.0,2021-10-14
WOODLANDS,4-ROOM,103.2,16.0,1990,374000.0,2020-01-24
TAMPINES,4-ROOM,83.0,15.0,1977,381000.0,2017-10-22
PUNGGOL,5-ROOM,72.8,14.0,2014,329000.0,2018-02-25
WOODLANDS,5-ROOM,91.6,27.0,1996,453000.0,2023-09-13
GEYLANG,4-ROOM,119.9,25.0,2002,587000.0,2023-03-27
BEDOK,EXECUTIVE,120.6,13.0,1991,565000.0,2021-09-17
HOUGANG,4-ROOM,55.3,29.0,2005,317000.0,2020-12-11
TAMPINES,5-ROOM,93.1,25.0,1988,400000.0,2018-06-07
WOODLANDS,3-ROOM,102.3,26.0,1991,419000.0,2020-06-16
PUNGGOL,5-ROOM,89.7,29.0,1990,460000.0,2018-04-21
HOUGANG,3-ROOM,67.5,26.0,2009,367000.0,2022-10-29
WOODLANDS,4-ROOM,82.1,19.0,2005,353000.0,2019-10-28
BEDOK,5-ROOM,130.7,15.0,1984,588000.0,2020-04-06
TAMPINES,5-ROOM,105.2,2.0,1984,432000.0,2022-05-18
CLEMENTI,4-ROOM,93.4,19.0,1978,391000.0,2021-05-02
HOUGANG,4-ROOM,94.2,9.0,1989,363000.0,2017-01-01
PUNGGOL,4-ROOM,94.5,10.0,2009,406000.0,2018-05-02
TAMPINES,4-ROOM,82.0,28.0,2003,418000.0,2021-02-07
BEDOK,4-ROOM,96.1,24.0,1988,432000.0,2017-08-16
YISHUN,5-ROOM,114.5,8.0,1986,384000.0,2020-04-09
GEYLANG,5-ROOM,48.5,3.0,2002,204000.0,2020-11-08
JURONG WEST,3-ROOM,81.4,26.0,1990,504000.0,2020-09-11
BEDOK,5-ROOM,112.2,3.0,1983,457000.0,2019-03-15
YISHUN,4-ROOM,116.2,27.0,2003,592000.0,2022-06-19
YISHUN,3-ROOM,85.4,23.0,1976,383000.0,2019-10-30
JURONG WEST,4-ROOM,73.0,4.0,2003,292000.0,2021-12-18
TAMPINES,5-ROOM,75.2,2.0,1997,255000.0,2022-04-25
YISHUN,5-ROOM,47.7,9.0,1990,205000.0,2017-08-01
JURONG WEST,4-ROOM,146.8,14.0,1985,650000.0,2017-09-12
BEDOK,4-ROOM,125.6,14.0,1985,498000.0,2019-05-09
BEDOK,4-ROOM,120.6,22.0,1978,573000.0,2017-02-13
TAMPINES,3-ROOM,85.1,17.0,1978,343000.0,2017-04-16
PUNGGOL,EXECUTIVE,109.5,15.0,1996,528000.0,2021-03-15
ANG MO KIO,3-ROOM,89.5,26.0,1982,515000.0,2017-05-02
TAMPINES,3-ROOM,73.1,18.0,2002,341000.0,2019-12-09
PUNGGOL,3-ROOM,93.7,9.0,1987,410000.0,2021-01-15
PUNGGOL,5-ROOM,84.3,28.0,2005,429000.0,2020-01-27
HOUGANG,3-ROOM,65.3,9.0,2004,321000.0,2021-09-01
HOUGANG,5-ROOM,99.5,11.0,2006,409000.0,2023-12-19
GEYLANG,5-ROOM,94.9,20.0,2002,466000.0,2020-11-23
JURONG WEST,5-ROOM,124.3,18.0,1982,578000.0,2021-03-27
HOUGANG,4-ROOM,95.9,14.0,1978,339000.0,2021-04-27
TAMPINES,4-ROOM,95.1,6.0,2000,457000.0,2019-04-07
WOODLANDS,4-ROOM,81.3,12.0,2000,363000.0,2021-05-30
YISHUN,4-ROOM,76.4,13.0,1977,360000.0,2021-01-08
BEDOK,4-ROOM,85.3,2.0,1987,299000.0,2019-06-11
JURONG WEST,3-ROOM,78.3,26.0,1992,416000.0,2019-12-08
PUNGGOL,EXECUTIVE,71.9,27.0,1992,358000.0,2018-12-31
WOODLANDS,4-ROOM,102.1,29.0,2007,541000.0,2020-10-26
PUNGGOL,4-ROOM,115.4,3.0,1992,510000.0,2021-02-16
BEDOK,4-ROOM,81.3,9.0,2007,346000.0,2022-03-27
TAMPINES,5-ROOM,102.6,19.0,2011,562000.0,2020-03-20
TAMPINES,4-ROOM,125.7,10.0,2012,617000.0,2017-06-20
GEYLANG,4-ROOM,118.8,13.0,1976,472000.0,2020-03-18
TAMPINES,4-ROOM,122.1,24.0,1979,518000.0,2021-02-07
TAMPINES,3-ROOM,131.2,9.0,1997,575000.0,2023-11-19
GEYLANG,3-ROOM,96.2,12.0,2000,382000.0,2018-01-01
TAMPINES,4-ROOM,47.9,16.0,1991,260000.0,2023-12-30
CLEMENTI,3-ROOM,90.5,21.0,2003,450000.0,2021-03-19
ANG MO KIO,5-ROOM,77.5,16.0,1995,370000.0,2018-03-11
WOODLANDS,3-ROOM,96.6,1.0,1981,336000.0,2021-01-23
WOODLANDS,3-ROOM,102.7,25.0,2005,526000.0,2023-09-30
JURONG WEST,EXECUTIVE,136.2,26.0,1982,687000.0,2019-07-08
WOODLANDS,4-ROOM,56.3,13.0,1980,220000.0,2018-02-09
WOODLANDS,3-ROOM,114.0,21.0,1975,485000.0,2017-02-17
PUNGGOL,5-ROOM,99.1,6.0,1980,408000.0,2021-07-16
PUNGGOL,3-ROOM,94.6,7.0,2011,412000.0,2019-01-28
HOUGANG,EXECUTIVE,134.5,8.0,1994,563000.0,2019-03-05
GEYLANG,5-ROOM,106.5,21.0,1993,553000.0,2019-10-04
YISHUN,3-ROOM,96.2,7.0,1994,410000.0,2023-03-07
CLEMENTI,4-ROOM,116.9,21.0,1996,563000.0,2019-03-15
GEYLANG,4-ROOM,76.1,28.0,2009,390000.0,2018-04-03
TAMPINES,3-ROOM,82.3,20.0,2013,376000.0,2017-12-31
GEYLANG,EXECUTIVE,113.9,15.0,2000,467000.0,2022-08-17
BEDOK,4-ROOM,102.4,17.0,2000,537000.0,2017-04-20
GEYLANG,4-ROOM,88.8,21.0,2000,424000.0,2023-11-11
YISHUN,3-ROOM,123.8,18.0,1985,559000.0,2019-08-08
YISHUN,5-ROOM,94.3,23.0,1995,428000.0,2020-09-02
JURONG WEST,4-ROOM,76.8,3.0,2002,314000.0,2021-03-31
ANG MO KIO,3-ROOM,154.1,11.0,1991,667000.0,2018-09-21
GEYLANG,4-ROOM,130.7,5.0,2014,564000.0,2020-12-19
BEDOK,4-ROOM,97.6,13.0,2001,516000.0,2020-08-07
JURONG WEST,5-ROOM,99.5,18.0,2011,453000.0,2020-07-05
YISHUN,4-ROOM,73.1,2.0,2000,268000.0,2020-05-25
WOODLANDS,4-ROOM,91.7,13.0,2009,453000.0,2021-06-02
YISHUN,5-ROOM,110.8,18.0,1977,493000.0,2019-06-27
PUNGGOL,4-ROOM,91.1,7.0,2006,386000.0,2021-09-18
CLEMENTI,5-ROOM,64.3,25.0,1997,347000.0,2019-11-10
PUNGGOL,4-ROOM,68.1,13.0,2006,346000.0,2018-06-07
CLEMENTI,4-ROOM,101.6,19.0,2014,461000.0,2023-07-12
JURONG WEST,3-ROOM,89.0,12.0,1984,341000.0,2022-09-09
CLEMENTI,4-ROOM,101.7,21.0,2001,470000.0,2018-07-10
JURONG WEST,3-ROOM,126.9,18.0,2010,593000.0,2017-01-18
JURONG WEST,4-ROOM,118.5,17.0,2009,553000.0,2017-01-11
CLEMENTI,5-ROOM,62.6,19.0,1995,311000.0,2023-10-18
ANG MO KIO,4-ROOM,98.1,27.0,2008,482000.0,2017-06-15
CLEMENTI,5-ROOM,101.7,23.0,1981,399000.0,2021-11-26
TAMPINES,3-ROOM,72.1,16.0,2014,418000.0,2023-06-18
CLEMENTI,4-ROOM,126.0,21.0,2005,560000.0,2020-09-06
YISHUN,3-ROOM,83.7,3.0,1997,361000.0,2018-11-10
BEDOK,3-ROOM,138.0,1.0,1995,612000.0,2017-07-31
GEYLANG,3-ROOM,89.3,23.0,2001,509000.0,2017-01-25
ANG MO KIO,5-ROOM,114.8,22.0,2013,560000.0,2020-03-04
CLEMENTI,4-ROOM,49.9,6.0,1995,235000.0,2022-05-28
JURONG WEST,5-ROOM,109.4,17.0,1990,537000.0,2021-10-23
GEYLANG,3-ROOM,91.1,24.0,1998,462000.0,2021-01-01
JURONG WEST,3-ROOM,106.8,21.0,2007,522000.0,2022-10-08
CLEMENTI,4-ROOM,114.8,2.0,1994,469000.0,2021-09-17
HOUGANG,5-ROOM,86.8,23.0,1980,435000.0,2021-10-25
TAMPINES,4-ROOM,128.8,6.0,2009,540000.0,2020-04-21
ANG MO KIO,4-ROOM,107.9,14.0,2013,484000.0,2023-08-27
ANG MO KIO,3-ROOM,98.9,24.0,1975,463000.0,2023-06-19
GEYLANG,3-ROOM,89.1,26.0,2006,503000.0,2021-03-22
HOUGANG,5-ROOM,103.9,3.0,1980,462000.0,2020-09-02
TAMPINES,4-ROOM,102.7,5.0,1993,396000.0,2021-02-20
YISHUN,4-ROOM,89.7,13.0,1996,378000.0,2021-10-18
PUNGGOL,5-ROOM,115.3,28.0,2010,607000.0,2020-04-09
BEDOK,4-ROOM,104.4,27.0,1979,423000.0,2018-10-14
CLEMENTI,EXECUTIVE,76.9,7.0,2014,379000.0,2022-10-30
JURONG WEST,4-ROOM,109.2,17.0,1995,490000.0,2019-01-08
JURONG WEST,5-ROOM,91.4,10.0,2003,483000.0,2018-03-18
HOUGANG,3-ROOM,125.2,6.0,2010,578000.0,2022-10-05
YISHUN,5-ROOM,139.3,27.0,1998,652000.0,2021-08-12
YISHUN,3-ROOM,94.7,24.0,2001,373000.0,2021-03-12
YISHUN,EXECUTIVE,57.8,8.0,2014,289000.0,2021-08-28
GEYLANG,4-ROOM,89.9,6.0,2011,402000.0,2019-12-27
PUNGGOL,4-ROOM,114.6,15.0,1994,583000.0,2023-10-11
YISHUN,EXECUTIVE,59.2,19.0,1998,339000.0,2020-05-13
BEDOK,4-ROOM,58.5,14.0,1980,224000.0,2017-03-21
BEDOK,5-ROOM,103.8,13.0,1987,521000.0,2018-05-11
ANG MO KIO,4-ROOM,114.7,16.0,1995,560000.0,2020-01-14
HOUGANG,EXECUTIVE,87.3,8.0,2010,408000.0,2020-07-16
CLEMENTI,EXECUTIVE,85.9,7.0,1977,361000.0,2018-05-20
YISHUN,EXECUTIVE,68.6,17.0,1992,247000.0,2017-12-08
PUNGGOL,5-ROOM,59.7,9.0,2012,238000.0,2021-08-19
GEYLANG,3-ROOM,60.1,25.0,1987,297000.0,2022-07-19
GEYLANG,5-ROOM,78.9,12.0,1981,344000.0,2017-08-05
HOUGANG,5-ROOM,105.4,21.0,2000,516000.0,2023-05-10
WOODLANDS,4-ROOM,103.0,28.0,1991,559000.0,2023-06-30
ANG MO KIO,3-ROOM,83.3,5.0,2006,382000.0,2018-03-29
BEDOK,EXECUTIVE,81.9,18.0,2010,400000.0,2020-07-22
CLEMENTI,4-ROOM,113.2,17.0,1984,552000.0,2019-02-16
HOUGANG,5-ROOM,114.8,21.0,1976,539000.0,2022-10-30
ANG MO KIO,3-ROOM,111.8,21.0,1992,501000.0,2019-02-17
ANG MO KIO,EXECUTIVE,105.0,20.0,2004,452000.0,2018-03-01
GEYLANG,4-ROOM,68.0,5.0,1983,252000.0,2023-11-15
YISHUN,5-ROOM,123.1,25.0,2009,609000.0,2023-01-06
BEDOK,4-ROOM,123.1,5.0,1983,519000.0,2019-04-28
TAMPINES,4-ROOM,101.0,17.0,1999,505000.0,2019-12-19
ANG MO KIO,4-ROOM,116.2,10.0,2006,599000.0,2019-06-15
CLEMENTI,3-ROOM,80.8,10.0,2000,405000.0,2022-07-10
GEYLANG,4-ROOM,58.6,4.0,2006,250000.0,2017-08-05
GEYLANG,4-ROOM,74.3,2.0,1991,352000.0,2020-02-02
BEDOK,3-ROOM,96.4,12.0,2004,452000.0,2018-04-06
HOUGANG,5-ROOM,94.6,23.0,2006,585000.0,2021-10-23
TAMPINES,5-ROOM,113.6,21.0,1983,504000.0,2017-02-16
HOUGANG,EXECUTIVE,72.4,3.0,2008,340000.0,2020-06-05
YISHUN,EXECUTIVE,70.0,11.0,2006,311000.0,2019-12-22
ANG MO KIO,5-ROOM,141.9,12.0,2007,666000.0,2018-06-17
CLEMENTI,EXECUTIVE,73.1,21.0,2012,329000.0,2023-05-14
TAMPINES,4-ROOM,62.6,9.0,1996,263000.0,2018-07-28
YISHUN,3-ROOM,85.8,22.0,2004,412000.0,2021-05-23
PUNGGOL,4-ROOM,94.3,25.0,1985,575000.0,2018-10-06
GEYLANG,4-ROOM,77.8,5.0,1980,324000.0,2022-07-26
WOODLANDS,3-ROOM,97.9,11.0,1987,396000.0,2019-03-12
BEDOK,4-ROOM,129.7,4.0,2003,540000.0,2020-02-28
JURONG WEST,3-ROOM,89.9,7.0,1988,373000.0,2018-06-10
JURONG WEST,5-ROOM,72.2,20.0,1977,366000.0,2020-05-28
GEYLANG,4-ROOM,114.6,24.0,2009,541000.0,2023-09-01
CLEMENTI,EXECUTIVE,81.4,27.0,2014,489000.0,2021-08-02
HOUGANG,5-ROOM,95.4,10.0,2014,479000.0,2021-03-30
WOODLANDS,5-ROOM,119.9,6.0,2001,544000.0,2018-03-14
GEYLANG,4-ROOM,71.7,8.0,2005,326000.0,2017-12-06
HOUGANG,4-ROOM,72.1,11.0,2000,331000.0,2020-01-24
ANG MO KIO,EXECUTIVE,104.7,29.0,2009,494000.0,2022-01-23
BEDOK,4-ROOM,152.6,18.0,1996,682000.0,2021-07-09
BEDOK,5-ROOM,91.0,1.0,2005,406000.0,2021-05-16
BEDOK,5-ROOM,70.2,1.0,2003,253000.0,2018-10-02
ANG MO KIO,4-ROOM,105.8,22.0,2000,522000.0,2021-12-12
CLEMENTI,4-ROOM,119.2,3.0,2014,542000.0,2020-04-21
JURONG WEST,3-ROOM,99.3,4.0,2008,446000.0,2020-01-21
JURONG WEST,4-ROOM,67.0,22.0,2003,316000.0,2020-11-29
YISHUN,3-ROOM,85.5,1.0,2011,387000.0,2017-02-10
TAMPINES,3-ROOM,59.2,4.0,1981,195000.0,2017-07-27
BEDOK,3-ROOM,102.4,20.0,1998,420000.0,2017-09-11
GEYLANG,4-ROOM,82.7,10.0,1999,292000.0,2021-04-24
CLEMENTI,3-ROOM,79.5,29.0,1993,414000.0,2021-08-15
HOUGANG,3-ROOM,131.5,22.0,1992,643000.0,2022-12-14
JURONG WEST,3-ROOM,105.4,16.0,1980,435000.0,2019-07-16
CLEMENTI,3-ROOM,54.8,1.0,2002,229000.0,2021-01-16
ANG MO KIO,3-ROOM,97.2,20.0,1995,446000.0,2019-05-21
TAMPINES,5-ROOM,78.8,6.0,2012,402000.0,2019-03-24
ANG MO KIO,3-ROOM,61.7,19.0,1992,351000.0,2021-01-12
PUNGGOL,4-ROOM,78.3,19.0,2006,411000.0,2017-01-18
BEDOK,3-ROOM,100.0,27.0,1996,503000.0,2017-05-14
PUNGGOL,5-ROOM,85.0,4.0,1976,321000.0,2023-10-10
PUNGGOL,5-ROOM,107.9,2.0,2007,474000.0,2019-03-25
BEDOK,4-ROOM,71.4,18.0,1975,349000.0,2023-02-01
WOODLANDS,3-ROOM,118.7,19.0,1991,485000.0,2020-10-25
BEDOK,4-ROOM,91.0,13.0,1996,480000.0,2018-05-29
PUNGGOL,4-ROOM,97.0,20.0,2011,464000.0,2020-12-26
GEYLANG,5-ROOM,148.6,10.0,1994,683000.0,2019-10-14
PUNGGOL,4-ROOM,98.3,22.0,1984,466000.0,2021-12-01
JURONG WEST,3-ROOM,73.9,26.0,2007,334000.0,2020-08-02
JURONG WEST,5-ROOM,81.4,24.0,1991,315000.0,2020-05-08
YISHUN,3-ROOM,107.5,11.0,1977,465000.0,2021-11-22
BEDOK,EXECUTIVE,105.1,3.0,2012,462000.0,2020-08-05
GEYLANG,5-ROOM,45.0,26.0,1980,255000.0,2019-10-17
WOODLANDS,5-ROOM,78.4,3.0,1997,345000.0,2018-10-30
JURONG WEST,3-ROOM,114.8,10.0,1992,492000.0,2021-07-27
ANG MO KIO,3-ROOM,80.2,13.0,1975,338000.0,2019-02-18
GEYLANG,EXECUTIVE,104.6,26.0,1991,534000.0,2020-06-26
YISHUN,3-ROOM,103.6,5.0,2008,482000.0,2023-09-29
YISHUN,3-ROOM,80.7,13.0,2000,371000.0,2018-11-14
JURONG WEST,5-ROOM,83.9,4.0,1980,324000.0,2019-09-03
HOUGANG,4-ROOM,87.7,4.0,1979,355000.0,2021-09-28
BEDOK,5-ROOM,66.7,8.0,1994,343000.0,2019-06-25
GEYLANG,3-ROOM,65.0,3.0,2009,246000.0,2022-03-20
PUNGGOL,4-ROOM,119.5,27.0,2000,602000.0,2023-03-11
JURONG WEST,3-ROOM,83.1,20.0,1984,421000.0,2019-09-16
GEYLANG,3-ROOM,101.0,22.0,1984,439000.0,2022-12-18
WOODLANDS,5-ROOM,103.6,6.0,1994,438000.0,2023-10-03
GEYLANG,4-ROOM,129.6,1.0,2009,546000.0,2018-12-24
JURONG WEST,4-ROOM,60.5,5.0,1991,170000.0,2023-05-15
HOUGANG,5-ROOM,63.5,6.0,1993,291000.0,2019-10-11
JURONG WEST,4-ROOM,104.1,14.0,1979,414000.0,2021-07-17
ANG MO KIO,3-ROOM,78.4,5.0,2003,331000.0,2018-11-07
JURONG WEST,4-ROOM,76.8,13.0,1989,365000.0,2022-07-21
YISHUN,5-ROOM,91.8,11.0,1979,371000.0,2019-05-28
HOUGANG,EXECUTIVE,121.9,28.0,1975,584000.0,2021-02-07
PUNGGOL,4-ROOM,101.8,15.0,1989,513000.0,2021-11-14
GEYLANG,4-ROOM,72.5,24.0,1985,281000.0,2019-01-10
TAMPINES,EXECUTIVE,73.1,6.0,1995,308000.0,2017-06-21
BEDOK,4-ROOM,126.0,5.0,1998,514000.0,2020-08-17
YISHUN,5-ROOM,105.0,29.0,1981,509000.0,2020-01-10
HOUGANG,4-ROOM,85.9,17.0,2008,409000.0,2018-07-29
GEYLANG,5-ROOM,95.1,8.0,1983,353000.0,2021-08-25
TAMPINES,4-ROOM,67.4,28.0,1976,308000.0,2018-10-02
TAMPINES,4-ROOM,46.4,28.0,2002,244000.0,2018-01-09
GEYLANG,4-ROOM,98.7,11.0,1986,320000.0,2021-07-11
JURONG WEST,3-ROOM,96.3,10.0,2014,483000.0,2022-08-14
CLEMENTI,5-ROOM,132.3,25.0,1978,622000.0,2018-03-20
WOODLANDS,3-ROOM,60.5,18.0,2012,316000.0,2018-03-22
PUNGGOL,3-ROOM,110.8,14.0,1991,520000.0,2023-09-20
CLEMENTI,5-ROOM,61.5,15.0,1993,234000.0,2021-04-01
YISHUN,3-ROOM,114.0,29.0,1975,500000.0,2021-06-12
HOUGANG,4-ROOM,107.9,19.0,2006,551000.0,2023-02-19
BEDOK,EXECUTIVE,63.0,11.0,1987,262000.0,2019-06-13
GEYLANG,5-ROOM,111.4,1.0,1975,436000.0,2022-12-04
HOUGANG,3-ROOM,70.5,8.0,1991,352000.0,2022-02-16
TAMPINES,3-ROOM,104.2,7.0,2008,407000.0,2021-09-03
BEDOK,5-ROOM,73.8,26.0,1985,316000.0,2017-07-14
CLEMENTI,4-ROOM,72.7,3.0,1975,324000.0,2018-12-28
WOODLANDS,5-ROOM,124.3,28.0,1980,585000.0,2021-02-02
TAMPINES,3-ROOM,74.6,22.0,1975,343000.0,2021-02-01
TAMPINES,5-ROOM,84.6,6.0,1977,361000.0,2021-08-13
YISHUN,5-ROOM,144.5,24.0,2003,710000.0,2022-06-01
JURONG WEST,3-ROOM,65.3,12.0,2012,340000.0,2017-12-24
BEDOK,4-ROOM,94.9,28.0,1996,483000.0,2019-04-20
TAMPINES,5-ROOM,49.0,12.0,2014,255000.0,2022-09-21
WOODLANDS,5-ROOM,87.6,2.0,1981,298000.0,2017-06-12
YISHUN,3-ROOM,69.3,24.0,2003,324000.0,2023-04-23
PUNGGOL,3-ROOM,95.2,11.0,1987,401000.0,2018-12-20
PUNGGOL,3-ROOM,126.2,9.0,1998,511000.0,2019-09-26
PUNGGOL,5-ROOM,95.0,23.0,2008,520000.0,2023-06-02
GEYLANG,EXECUTIVE,82.5,20.0,1975,405000.0,2019-08-16
CLEMENTI,3-ROOM,89.9,20.0,1980,365000.0,2021-04-19
BEDOK,5-ROOM,131.0,14.0,2012,650000.0,2017-07-14
CLEMENTI,5-ROOM,161.7,22.0,2007,766000.0,2020-04-17
YISHUN,4-ROOM,125.4,9.0,2000,636000.0,2019-07-26
CLEMENTI,5-ROOM,119.3,8.0,1993,558000.0,2021-02-10
WOODLANDS,4-ROOM,117.5,11.0,1983,449000.0,2021-12-31
TAMPINES,3-ROOM,53.7,4.0,1979,150000.0,2017-04-07
CLEMENTI,3-ROOM,121.9,19.0,2002,593000.0,2023-10-06
YISHUN,4-ROOM,120.6,23.0,2006,586000.0,2020-03-24
TAMPINES,5-ROOM,111.5,9.0,1982,403000.0,2022-02-01
ANG MO KIO,5-ROOM,124.4,21.0,2003,559000.0,2021-04-22
GEYLANG,4-ROOM,114.1,2.0,1999,507000.0,2021-04-30
PUNGGOL,3-ROOM,82.3,7.0,2008,373000.0,2022-11-12
ANG MO KIO,4-ROOM,82.9,1.0,2006,294000.0,2021-12-19
HOUGANG,EXECUTIVE,91.1,29.0,2011,529000.0,2020-10-19
TAMPINES,5-ROOM,100.4,26.0,2013,516000.0,2023-06-14
ANG MO KIO,3-ROOM,80.6,22.0,2003,372000.0,2021-09-25
CLEMENTI,4-ROOM,84.8,25.0,1988,419000.0,2019-02-09
CLEMENTI,5-ROOM,67.5,15.0,1998,339000.0,2020-01-19
JURONG WEST,4-ROOM,82.5,3.0,2009,292000.0,2021-05-16
WOODLANDS,4-ROOM,93.5,1.0,1978,389000.0,2017-04-26
JURONG WEST,3-ROOM,88.5,17.0,2005,354000.0,2018-03-25
YISHUN,4-ROOM,118.4,27.0,2000,609000.0,2023-03-06
GEYLANG,3-ROOM,130.6,19.0,1986,683000.0,2022-11-06
CLEMENTI,4-ROOM,113.0,1.0,2007,528000.0,2021-10-08
HOUGANG,4-ROOM,148.0,7.0,2006,643000.0,2019-09-23
GEYLANG,4-ROOM,115.5,13.0,1995,568000.0,2017-02-16
PUNGGOL,EXECUTIVE,76.0,22.0,1976,321000.0,2020-09-27
YISHUN,4-ROOM,113.5,17.0,2002,470000.0,2017-04-25
PUNGGOL,3-ROOM,85.4,8.0,2007,342000.0,2022-03-18
ANG MO KIO,3-ROOM,42.6,13.0,1999,269000.0,2018-04-26
CLEMENTI,4-ROOM,109.7,4.0,1977,372000.0,2023-09-13
JURONG WEST,3-ROOM,106.5,25.0,1985,496000.0,2021-03-19
JURONG WEST,4-ROOM,73.3,16.0,1976,291000.0,2019-01-02
CLEMENTI,EXECUTIVE,95.4,5.0,2012,433000.0,2021-01-14
WOODLANDS,4-ROOM,77.1,5.0,1988,304000.0,2021-02-23
JURONG WEST,5-ROOM,127.9,17.0,2008,593000.0,2017-09-16
ANG MO KIO,4-ROOM,77.6,13.0,1996,326000.0,2017-06-27
ANG MO KIO,5-ROOM,124.2,16.0,1994,640000.0,2020-09-14
HOUGANG,4-ROOM,92.6,12.0,1998,440000.0,2020-03-17
BEDOK,5-ROOM,101.3,2.0,2008,454000.0,2019-02-14
JURONG WEST,4-ROOM,121.0,14.0,1989,539000.0,2021-06-04
BEDOK,4-ROOM,75.4,25.0,1999,371000.0,2020-08-30
ANG MO KIO,4-ROOM,117.6,15.0,2012,484000.0,2018-07-29
JURONG WEST,3-ROOM,105.4,24.0,2010,522000.0,2020-12-24
ANG MO KIO,5-ROOM,79.7,9.0,2010,399000.0,2020-10-16
YISHUN,3-ROOM,86.9,11.0,1975,371000.0,2018-10-11
YISHUN,4-ROOM,96.9,9.0,1995,387000.0,2018-09-23
GEYLANG,5-ROOM,57.4,28.0,2005,297000.0,2019-12-12
GEYLANG,5-ROOM,77.5,13.0,1977,312000.0,2021-07-05
CLEMENTI,3-ROOM,74.4,2.0,1975,223000.0,2020-03-01
GEYLANG,5-ROOM,96.3,18.0,1994,368000.0,2022-02-23
CLEMENTI,3-ROOM,96.9,25.0,1979,450000.0,2022-08-19
BEDOK,4-ROOM,101.6,15.0,1979,382000.0,2019-11-08
PUNGGOL,4-ROOM,121.6,19.0,2007,579000.0,2017-08-04
TAMPINES,3-ROOM,124.5,16.0,2004,588000.0,2021-09-04
BEDOK,4-ROOM,118.9,29.0,1980,567000.0,2017-11-09
CLEMENTI,5-ROOM,93.5,21.0,1996,372000.0,2017-08-14
JURONG WEST,4-ROOM,95.9,10.0,2007,477000.0,2020-01-20
JURONG WEST,4-ROOM,112.9,15.0,1987,518000.0,2019-10-14
HOUGANG,EXECUTIVE,94.3,7.0,1980,312000.0,2022-08-23
TAMPINES,4-ROOM,134.5,4.0,1977,545000.0,2018-07-02
GEYLANG,3-ROOM,74.7,9.0,1979,210000.0,2023-04-03
ANG MO KIO,3-ROOM,90.6,29.0,2012,463000.0,2020-04-29
TAMPINES,4-ROOM,89.7,14.0,1986,362000.0,2018-12-19
JURONG WEST,4-ROOM,117.7,23.0,1988,575000.0,2019-06-13
JURONG WEST,5-ROOM,64.7,7.0,1983,285000.0,2022-10-13
JURONG WEST,4-ROOM,57.0,21.0,1982,311000.0,2020-01-23
BEDOK,EXECUTIVE,80.2,17.0,2011,369000.0,2023-07-19
PUNGGOL,4-ROOM,85.3,20.0,1999,377000.0,2019-08-07
BEDOK,4-ROOM,102.0,3.0,1992,358000.0,2023-10-04
ANG MO KIO,4-ROOM,101.8,1.0,1994,455000.0,2021-08-01
GEYLANG,3-ROOM,90.6,10.0,2007,383000.0,2023-03-20
WOODLANDS,3-ROOM,96.4,9.0,1975,373000.0,2020-07-16
ANG MO KIO,3-ROOM,69.7,25.0,2007,416000.0,2018-02-09
JURONG WEST,5-ROOM,90.4,4.0,2009,316000.0,2021-06-04
CLEMENTI,5-ROOM,77.9,16.0,2006,356000.0,2021-09-12
GEYLANG,3-ROOM,88.2,15.0,1997,409000.0,2019-03-31
GEYLANG,4-ROOM,113.5,6.0,1998,458000.0,2018-10-28
GEYLANG,3-ROOM,89.6,15.0,1991,417000.0,2019-08-06
BEDOK,4-ROOM,117.4,3.0,1977,466000.0,2020-06-13
CLEMENTI,4-ROOM,120.4,28.0,1987,624000.0,2018-07-26
ANG MO KIO,4-ROOM,100.8,29.0,1984,476000.0,2021-09-18
HOUGANG,4-ROOM,71.2,17.0,2007,285000.0,2021-04-07
BEDOK,3-ROOM,118.6,16.0,1976,545000.0,2019-06-24
GEYLANG,4-ROOM,82.7,15.0,1991,350000.0,2022-07-10
HOUGANG,3-ROOM,66.6,20.0,2011,341000.0,2017-03-05
BEDOK,3-ROOM,92.1,23.0,2010,524000.0,2023-08-16
ANG MO KIO,5-ROOM,89.8,23.0,1976,420000.0,2019-12-08
GEYLANG,4-ROOM,102.6,28.0,1986,509000.0,2020-01-11
PUNGGOL,5-ROOM,90.8,26.0,1980,442000.0,2021-09-29
WOODLANDS,5-ROOM,122.1,21.0,1996,607000.0,2021-08-21
HOUGANG,3-ROOM,109.6,19.0,1981,484000.0,2020-07-14
TAMPINES,4-ROOM,66.8,5.0,2002,356000.0,2022-07-30
ANG MO KIO,4-ROOM,74.6,29.0,2006,414000.0,2021-11-10
HOUGANG,5-ROOM,85.9,5.0,2004,452000.0,2023-09-13
JURONG WEST,4-ROOM,128.0,9.0,2014,589000.0,2022-10-29
WOODLANDS,4-ROOM,86.8,23.0,2008,402000.0,2021-09-03
WOODLANDS,5-ROOM,70.8,13.0,2008,389000.0,2019-07-31
TAMPINES,5-ROOM,100.7,24.0,1995,504000.0,2019-08-17
WOODLANDS,EXECUTIVE,86.5,15.0,2001,443000.0,2018-09-08
PUNGGOL,3-ROOM,101.1,23.0,2000,500000.0,2022-02-24
BEDOK,5-ROOM,146.2,11.0,1999,655000.0,2017-11-07
GEYLANG,5-ROOM,110.4,18.0,2011,479000.0,2018-04-30
BEDOK,3-ROOM,85.5,6.0,1993,346000.0,2020-03-28
BEDOK,4-ROOM,123.6,9.0,1989,483000.0,2022-05-12
HOUGANG,3-ROOM,66.9,7.0,1989,249000.0,2021-04-04
PUNGGOL,5-ROOM,83.9,9.0,1988,338000.0,2017-05-18
WOODLANDS,3-ROOM,104.1,29.0,2009,565000.0,2020-06-17
HOUGANG,4-ROOM,107.2,25.0,2000,530000.0,2017-03-23
WOODLANDS,3-ROOM,82.7,28.0,1995,398000.0,2021-02-26
HOUGANG,EXECUTIVE,124.5,24.0,1989,541000.0,2022-07-25
BEDOK,4-ROOM,104.1,28.0,2013,590000.0,2023-04-21
BEDOK,3-ROOM,75.2,14.0,1983,389000.0,2022-11-03
ANG MO KIO,5-ROOM,121.5,15.0,1975,504000.0,2019-06-13
GEYLANG,4-ROOM,49.6,18.0,1989,185000.0,2023-02-26
TAMPINES,4-ROOM,69.0,11.0,2013,270000.0,2023-03-07
GEYLANG,5-ROOM,59.7,26.0,2003,382000.0,2021-01-27
JURONG WEST,4-ROOM,108.3,3.0,1997,493000.0,2020-08-24
TAMPINES,3-ROOM,72.8,5.0,1979,196000.0,2021-12-05
CLEMENTI,5-ROOM,80.5,8.0,2001,404000.0,2018-03-10
CLEMENTI,5-ROOM,66.7,6.0,2014,347000.0,2019-08-13
TAMPINES,4-ROOM,91.4,19.0,2006,413000.0,2023-04-20
HOUGANG,EXECUTIVE,105.2,20.0,1992,515000.0,2017-08-20
HOUGANG,3-ROOM,84.9,26.0,2014,401000.0,2018-10-29
ANG MO KIO,3-ROOM,103.1,12.0,1994,376000.0,2018-04-18
CLEMENTI,3-ROOM,96.5,12.0,1994,464000.0,2017-01-25
WOODLANDS,4-ROOM,72.2,15.0,2009,335000.0,2020-10-02
GEYLANG,4-ROOM,97.9,28.0,2006,506000.0,2019-11-05
PUNGGOL,4-ROOM,66.5,23.0,2001,380000.0,2022-03-26
CLEMENTI,3-ROOM,81.2,16.0,1996,374000.0,2018-01-24
CLEMENTI,3-ROOM,50.7,21.0,1977,254000.0,2023-03-28
WOODLANDS,4-ROOM,83.5,3.0,2007,445000.0,2017-07-25
ANG MO KIO,3-ROOM,95.0,7.0,1987,477000.0,2019-07-13
ANG MO KIO,3-ROOM,79.3,20.0,1995,437000.0,2021-11-02
HOUGANG,4-ROOM,118.9,10.0,1992,524000.0,2018-10-12
PUNGGOL,4-ROOM,126.0,26.0,2008,645000.0,2022-02-11
JURONG WEST,4-ROOM,113.8,14.0,2010,530000.0,2023-03-20
CLEMENTI,3-ROOM,78.3,10.0,1997,301000.0,2021-01-03
HOUGANG,3-ROOM,79.1,19.0,1992,386000.0,2021-03-05
PUNGGOL,4-ROOM,83.5,9.0,1978,339000.0,2019-09-19
GEYLANG,5-ROOM,105.2,7.0,1977,450000.0,2023-04-19
JURONG WEST,4-ROOM,96.9,12.0,1993,447000.0,2019-03-27
PUNGGOL,4-ROOM,90.1,12.0,2002,376000.0,2023-09-08
CLEMENTI,4-ROOM,97.3,9.0,1997,383000.0,2023-06-01
WOODLANDS,5-ROOM,98.0,23.0,1988,417000.0,2018-10-27
PUNGGOL,3-ROOM,78.5,9.0,2005,373000.0,2023-10-17
HOUGANG,EXECUTIVE,84.0,14.0,2008,415000.0,2021-06-15
BEDOK,5-ROOM,69.8,10.0,1979,294000.0,2022-09-08
WOODLANDS,4-ROOM,96.4,19.0,2005,495000.0,2020-09-21
YISHUN,4-ROOM,85.5,17.0,1998,417000.0,2021-08-23
JURONG WEST,4-ROOM,53.0,16.0,1992,161000.0,2018-12-23
CLEMENTI,5-ROOM,131.9,7.0,2014,578000.0,2017-05-05
CLEMENTI,5-ROOM,57.1,28.0,1998,333000.0,2022-04-04
HOUGANG,5-ROOM,88.5,20.0,1998,458000.0,2021-01-13
CLEMENTI,3-ROOM,125.6,2.0,2002,515000.0,2021-09-30
HOUGANG,3-ROOM,49.4,29.0,2003,294000.0,2021-05-23
TAMPINES,5-ROOM,56.6,26.0,1989,328000.0,2021-05-17
PUNGGOL,3-ROOM,104.2,28.0,1994,512000.0,2023-02-27
BEDOK,5-ROOM,40.0,2.0,1994,150000.0,2017-11-29
WOODLANDS,5-ROOM,90.2,10.0,1981,334000.0,2022-12-05
PUNGGOL,3-ROOM,135.6,14.0,2005,667000.0,2021-03-23
HOUGANG,3-ROOM,83.0,8.0,2008,356000.0,2022-11-27
TAMPINES,5-ROOM,107.4,7.0,2005,502000.0,2018-06-13
HOUGANG,EXECUTIVE,124.4,24.0,2005,657000.0,2023-10-27
ANG MO KIO,3-ROOM,112.0,27.0,2000,557000.0,2023-06-16
WOODLANDS,4-ROOM,76.6,3.0,1991,269000.0,2018-04-22
BEDOK,4-ROOM,89.3,10.0,1983,412000.0,2020-02-26
HOUGANG,3-ROOM,110.0,2.0,2004,545000.0,2019-04-30
WOODLANDS,4-ROOM,132.8,10.0,1994,501000.0,2019-06-23
WOODLANDS,3-ROOM,118.2,20.0,1981,505000.0,2019-08-09
BEDOK,4-ROOM,93.6,3.0,1994,442000.0,2018-04-13
HOUGANG,4-ROOM,95.1,18.0,1975,349000.0,2022-11-15
GEYLANG,4-ROOM,109.9,25.0,2005,502000.0,2020-12-10
WOODLANDS,EXECUTIVE,94.6,8.0,2011,429000.0,2019-10-05
JURONG WEST,4-ROOM,101.5,21.0,1978,392000.0,2018-02-28
HOUGANG,4-ROOM,81.2,14.0,1982,402000.0,2021-12-17
ANG MO KIO,3-ROOM,76.9,24.0,2008,408000.0,2019-03-06
BEDOK,3-ROOM,69.6,24.0,1991,359000.0,2019-11-25
WOODLANDS,3-ROOM,106.5,13.0,1977,415000.0,2019-08-13
JURONG WEST,3-ROOM,78.7,5.0,1980,254000.0,2019-01-27
ANG MO KIO,3-ROOM,103.4,22.0,2009,566000.0,2022-12-20
YISHUN,EXECUTIVE,91.5,25.0,1999,407000.0,2023-05-21
HOUGANG,5-ROOM,107.6,26.0,1995,490000.0,2021-10-01
BEDOK,4-ROOM,94.1,7.0,1989,403000.0,2018-09-04
BEDOK,5-ROOM,92.9,20.0,1980,401000.0,2019-03-04
JURONG WEST,4-ROOM,96.2,29.0,1975,437000.0,2021-07-25
WOODLANDS,3-ROOM,101.6,17.0,2012,443000.0,2019-09-16
BEDOK,4-ROOM,60.9,2.0,2007,327000.0,2021-01-28
PUNGGOL,4-ROOM,118.9,3.0,2000,480000.0,2023-10-17
TAMPINES,3-ROOM,93.1,14.0,1994,424000.0,2021-01-18
PUNGGOL,4-ROOM,90.6,17.0,2003,462000.0,2017-04-14
CLEMENTI,3-ROOM,135.1,24.0,1992,654000.0,2019-03-28
BEDOK,4-ROOM,107.1,12.0,1978,440000.0,2017-08-25
JURONG WEST,4-ROOM,91.5,19.0,1975,406000.0,2022-09-19
CLEMENTI,3-ROOM,128.6,1.0,2012,575000.0,2021-04-11
PUNGGOL,4-ROOM,98.0,20.0,2014,481000.0,2020-07-08
JURONG WEST,4-ROOM,94.5,12.0,1975,372000.0,2021-11-11
GEYLANG,3-ROOM,96.8,10.0,1979,393000.0,2021-08-31
PUNGGOL,3-ROOM,89.3,18.0,2014,516000.0,2018-05-18
TAMPINES,5-ROOM,92.0,6.0,1992,404000.0,2019-05-19
CLEMENTI,5-ROOM,107.7,18.0,2002,418000.0,2023-09-20
HOUGANG,4-ROOM,66.4,1.0,1993,231000.0,2022-03-30
GEYLANG,5-ROOM,87.9,11.0,1986,354000.0,2018-10-08
YISHUN,5-ROOM,91.0,1.0,1991,395000.0,2018-06-26
CLEMENTI,3-ROOM,125.5,24.0,2005,609000.0,2022-10-12
GEYLANG,5-ROOM,80.4,20.0,1988,362000.0,2018-10-17
WOODLANDS,4-ROOM,72.4,24.0,1999,351000.0,2021-09-29
WOODLANDS,3-ROOM,73.8,11.0,2008,276000.0,2019-10-29
TAMPINES,5-ROOM,96.1,3.0,1980,380000.0,2023-05-01
PUNGGOL,4-ROOM,138.7,26.0,1976,632000.0,2018-08-12
JURONG WEST,3-ROOM,144.3,23.0,2003,671000.0,2019-12-23
TAMPINES,5-ROOM,89.4,18.0,1989,426000.0,2023-02-22
JURONG WEST,4-ROOM,62.3,28.0,2012,352000.0,2017-01-12
BEDOK,4-ROOM,91.2,1.0,2003,431000.0,2017-08-12
JURONG WEST,3-ROOM,105.5,19.0,1991,463000.0,2020-03-19
CLEMENTI,EXECUTIVE,81.5,19.0,2012,409000.0,2017-12-06
YISHUN,4-ROOM,126.4,21.0,1994,571000.0,2020-04-21
GEYLANG,4-ROOM,116.0,27.0,1989,558000.0,2020-04-16
BEDOK,3-ROOM,99.2,22.0,2002,529000.0,2019-09-26
GEYLANG,5-ROOM,132.9,1.0,1979,478000.0,2020-06-28
HOUGANG,EXECUTIVE,121.2,14.0,1979,548000.0,2023-04-07
GEYLANG,EXECUTIVE,93.1,11.0,2004,498000.0,2017-02-16
GEYLANG,4-ROOM,59.6,23.0,2012,242000.0,2017-08-20
CLEMENTI,EXECUTIVE,69.8,11.0,2011,363000.0,2022-02-21
PUNGGOL,3-ROOM,68.6,3.0,2008,273000.0,2019-02-16
BEDOK,5-ROOM,157.2,22.0,2012,755000.0,2022-11-27
TAMPINES,3-ROOM,85.1,13.0,1979,371000.0,2020-12-10
GEYLANG,5-ROOM,74.1,8.0,2008,268000.0,2019-10-01
HOUGANG,4-ROOM,90.9,8.0,1983,291000.0,2023-01-24
BEDOK,4-ROOM,137.4,29.0,1978,553000.0,2021-02-12
BEDOK,5-ROOM,108.6,16.0,1988,509000.0,2019-03-11
ANG MO KIO,EXECUTIVE,122.4,15.0,1978,578000.0,2020-09-12
CLEMENTI,4-ROOM,94.5,4.0,2009,456000.0,2023-06-18
ANG MO KIO,4-ROOM,64.1,13.0,2011,322000.0,2022-02-15
YISHUN,EXECUTIVE,69.9,11.0,1997,355000.0,2017-03-29
YISHUN,4-ROOM,91.3,19.0,1982,401000.0,2020-07-02
CLEMENTI,5-ROOM,48.0,12.0,1996,203000.0,2018-05-08
PUNGGOL,4-ROOM,105.2,14.0,1980,370000.0,2020-01-05
TAMPINES,4-ROOM,67.0,17.0,2000,271000.0,2020-06-11
CLEMENTI,3-ROOM,59.1,8.0,2009,269000.0,2022-12-26
CLEMENTI,3-ROOM,144.8,25.0,1985,724000.0,2018-03-18
BEDOK,4-ROOM,84.0,5.0,1990,388000.0,2023-09-12
ANG MO KIO,3-ROOM,72.0,23.0,1981,350000.0,2018-11-17
PUNGGOL,3-ROOM,105.1,28.0,2009,518000.0,2017-06-28
TAMPINES,3-ROOM,74.5,27.0,1989,373000.0,2018-02-27
WOODLANDS,5-ROOM,50.1,19.0,1988,238000.0,2018-05-15
YISHUN,4-ROOM,87.6,18.0,1985,401000.0,2023-04-06
WOODLANDS,4-ROOM,75.1,28.0,2004,342000.0,2020-09-09
ANG MO KIO,5-ROOM,69.2,13.0,1975,311000.0,2017-08-15
YISHUN,4-ROOM,91.0,26.0,1985,374000.0,2020-11-12
GEYLANG,5-ROOM,94.3,25.0,1986,479000.0,2020-06-26
YISHUN,5-ROOM,114.8,18.0,1977,532000.0,2022-03-06
WOODLANDS,EXECUTIVE,120.7,28.0,2008,556000.0,2020-06-04
HOUGANG,5-ROOM,104.6,1.0,1978,451000.0,2019-03-03
BEDOK,4-ROOM,74.8,17.0,1996,293000.0,2023-07-10
PUNGGOL,4-ROOM,109.1,19.0,1978,513000.0,2017-04-14
TAMPINES,4-ROOM,104.7,3.0,2011,506000.0,2017-10-14
HOUGANG,3-ROOM,79.8,10.0,1976,338000.0,2022-11-21
WOODLANDS,3-ROOM,92.3,24.0,1982,397000.0,2022-11-21
WOODLANDS,3-ROOM,126.2,14.0,2001,546000.0,2021-12-16
TAMPINES,5-ROOM,105.5,29.0,1987,476000.0,2023-03-29
JURONG WEST,5-ROOM,137.6,23.0,1983,659000.0,2017-05-06
BEDOK,3-ROOM,82.4,10.0,2006,332000.0,2017-12-11
CLEMENTI,3-ROOM,84.7,19.0,1981,340000.0,2020-04-16
PUNGGOL,4-ROOM,92.4,19.0,1989,393000.0,2018-05-12
BEDOK,4-ROOM,119.9,14.0,2009,537000.0,2018-09-08
CLEMENTI,3-ROOM,119.9,2.0,2009,523000.0,2023-10-30
BEDOK,EXECUTIVE,89.1,18.0,1997,373000.0,2019-08-03
TAMPINES,EXECUTIVE,98.3,29.0,2006,526000.0,2022-09-12
GEYLANG,3-ROOM,94.4,26.0,2000,430000.0,2020-11-27
ANG MO KIO,4-ROOM,116.0,4.0,2014,503000.0,2017-03-01
CLEMENTI,4-ROOM,106.7,24.0,1984,507000.0,2023-09-13
CLEMENTI,3-ROOM,111.8,27.0,1983,574000.0,2021-09-18
GEYLANG,3-ROOM,107.3,27.0,1982,545000.0,2019-05-06
ANG MO KIO,EXECUTIVE,62.9,15.0,1985,254000.0,2020-04-01
WOODLANDS,3-ROOM,80.2,14.0,1980,291000.0,2017-12-30
GEYLANG,4-ROOM,57.9,5.0,1992,264000.0,2019-03-30
CLEMENTI,3-ROOM,104.3,19.0,1988,544000.0,2022-10-18
BEDOK,EXECUTIVE,103.6,7.0,2012,494000.0,2020-10-07
TAMPINES,3-ROOM,63.1,13.0,1976,256000.0,2020-05-26
BEDOK,4-ROOM,89.3,14.0,1982,389000.0,2021-03-12
HOUGANG,4-ROOM,106.7,28.0,1998,525000.0,2017-05-24
JURONG WEST,4-ROOM,126.5,8.0,1976,489000.0,2018-05-14
CLEMENTI,EXECUTIVE,67.6,3.0,1996,315000.0,2019-12-09
HOUGANG,4-ROOM,64.7,29.0,1976,291000.0,2017-10-05
WOODLANDS,3-ROOM,47.5,16.0,1976,191000.0,2020-01-05
HOUGANG,3-ROOM,91.4,7.0,1987,365000.0,2019-04-21
WOODLANDS,4-ROOM,77.8,5.0,1987,239000.0,2019-12-28
GEYLANG,3-ROOM,101.0,7.0,1984,361000.0,2020-10-12
CLEMENTI,3-ROOM,98.0,8.0,2008,490000.0,2019-12-27
GEYLANG,5-ROOM,85.8,15.0,1982,365000.0,2022-05-05
TAMPINES,3-ROOM,77.1,15.0,1977,331000.0,2021-12-05
JURONG WEST,4-ROOM,186.3,25.0,1983,895000.0,2021-10-08
CLEMENTI,4-ROOM,53.4,3.0,1986,199000.0,2018-04-03
CLEMENTI,EXECUTIVE,94.3,21.0,1997,484000.0,2018-05-15
GEYLANG,5-ROOM,70.8,11.0,1986,285000.0,2020-11-25
GEYLANG,3-ROOM,53.8,21.0,2006,298000.0,2019-03-03
GEYLANG,4-ROOM,103.9,11.0,2007,430000.0,2022-07-05
CLEMENTI,3-ROOM,95.6,19.0,2014,483000.0,2021-02-05
ANG MO KIO,5-ROOM,119.4,11.0,2012,650000.0,2020-03-31
GEYLANG,EXECUTIVE,89.9,20.0,1980,428000.0,2021-10-08
BEDOK,5-ROOM,120.0,12.0,1997,543000.0,2020-07-24
YISHUN,EXECUTIVE,69.4,1.0,1992,281000.0,2019-10-21
ANG MO KIO,4-ROOM,50.0,1.0,2001,200000.0,2023-02-06
WOODLANDS,EXECUTIVE,78.4,5.0,2008,362000.0,2017-02-01
ANG MO KIO,5-ROOM,105.7,1.0,1982,436000.0,2019-02-04
CLEMENTI,3-ROOM,134.5,19.0,1987,657000.0,2022-04-20
BEDOK,5-ROOM,86.5,4.0,1987,351000.0,2022-01-24
ANG MO KIO,3-ROOM,61.0,22.0,2014,441000.0,2020-06-26
GEYLANG,5-ROOM,98.7,17.0,1986,401000.0,2017-02-18
TAMPINES,3-ROOM,101.0,15.0,1978,438000.0,2017-08-11
CLEMENTI,4-ROOM,117.5,7.0,1999,554000.0,2018-10-30
HOUGANG,5-ROOM,106.9,15.0,1999,471000.0,2020-03-06
YISHUN,4-ROOM,118.3,18.0,1990,496000.0,2021-03-21
ANG MO KIO,5-ROOM,76.7,8.0,1997,312000.0,2021-02-23
CLEMENTI,5-ROOM,66.1,28.0,2004,345000.0,2023-10-04
YISHUN,4-ROOM,112.0,12.0,2006,515000.0,2022-12-20
YISHUN,5-ROOM,105.5,14.0,1992,473000.0,2017-09-17
HOUGANG,4-ROOM,118.7,7.0,1991,506000.0,2018-11-16
WOODLANDS,3-ROOM,87.8,10.0,2007,344000.0,2021-07-04
WOODLANDS,3-ROOM,106.9,20.0,2003,517000.0,2023-03-23
TAMPINES,4-ROOM,72.3,14.0,1988,341000.0,2023-10-24
TAMPINES,4-ROOM,94.0,24.0,1985,459000.0,2017-09-25
JURONG WEST,3-ROOM,80.8,8.0,2001,325000.0,2017-11-05
BEDOK,4-ROOM,105.4,28.0,1999,516000.0,2021-05-12
HOUGANG,5-ROOM,99.4,26.0,2007,478000.0,2020-01-07
HOUGANG,5-ROOM,96.1,4.0,1991,368000.0,2020-07-28
WOODLANDS,3-ROOM,101.9,29.0,1993,522000.0,2018-09-25
YISHUN,3-ROOM,97.2,16.0,2010,405000.0,2021-03-07
JURONG WEST,4-ROOM,96.0,5.0,2012,404000.0,2023-01-01
TAMPINES,EXECUTIVE,86.9,3.0,1990,414000.0,2017-05-18
YISHUN,5-ROOM,133.0,7.0,2012,643000.0,2023-06-30
CLEMENTI,5-ROOM,89.0,4.0,2004,390000.0,2020-01-09
TAMPINES,3-ROOM,70.4,26.0,1980,361000.0,2021-09-30
ANG MO KIO,3-ROOM,105.1,9.0,1997,473000.0,2023-12-09
CLEMENTI,3-ROOM,73.7,21.0,1995,353000.0,2021-09-16
CLEMENTI,5-ROOM,96.3,26.0,2005,538000.0,2019-07-01
CLEMENTI,3-ROOM,83.7,6.0,1976,364000.0,2023-07-07
WOODLANDS,3-ROOM,72.0,21.0,2009,383000.0,2019-10-31
TAMPINES,3-ROOM,94.1,10.0,1991,363000.0,2022-11-29
JURONG WEST,4-ROOM,115.3,28.0,1986,568000.0,2019-02-17
HOUGANG,4-ROOM,158.0,26.0,1986,738000.0,2017-04-15
YISHUN,4-ROOM,82.6,4.0,2002,307000.0,2023-12-12
ANG MO KIO,3-ROOM,59.1,15.0,1982,260000.0,2019-05-23
BEDOK,3-ROOM,83.5,16.0,2010,329000.0,2019-04-07
GEYLANG,5-ROOM,112.4,14.0,1996,471000.0,2022-07-30
HOUGANG,3-ROOM,114.7,9.0,2003,499000.0,2017-06-23
CLEMENTI,3-ROOM,99.5,21.0,2012,467000.0,2023-10-26
ANG MO KIO,3-ROOM,88.4,17.0,1985,441000.0,2023-05-28
ANG MO KIO,EXECUTIVE,98.3,16.0,1990,412000.0,2022-01-03
TAMPINES,3-ROOM,97.4,15.0,2014,481000.0,2017-06-07
CLEMENTI,5-ROOM,126.5,16.0,1980,569000.0,2020-02-02
PUNGGOL,3-ROOM,136.0,3.0,1996,494000.0,2021-09-29
TAMPINES,5-ROOM,95.6,20.0,2005,511000.0,2017-10-26
HOUGANG,4-ROOM,130.2,23.0,2014,629000.0,2020-06-26
GEYLANG,4-ROOM,103.8,13.0,1991,450000.0,2018-09-14
ANG MO KIO,3-ROOM,98.2,25.0,1997,451000.0,2021-09-26
HOUGANG,5-ROOM,89.7,18.0,1989,424000.0,2023-02-14
GEYLANG,4-ROOM,132.3,13.0,1984,574000.0,2020-08-02
TAMPINES,3-ROOM,113.0,20.0,1984,500000.0,2020-05-20
BEDOK,4-ROOM,67.2,16.0,2004,289000.0,2023-03-25
TAMPINES,3-ROOM,98.6,7.0,1975,480000.0,2022-05-15
JURONG WEST,3-ROOM,54.5,14.0,1977,263000.0,2023-05-12
PUNGGOL,4-ROOM,98.2,21.0,2006,462000.0,2019-05-10
PUNGGOL,3-ROOM,83.0,23.0,1986,406000.0,2021-12-05
PUNGGOL,4-ROOM,105.9,7.0,1994,471000.0,2017-03-15
JURONG WEST,4-ROOM,85.3,7.0,2002,352000.0,2021-07-18
BEDOK,4-ROOM,104.4,21.0,1984,452000.0,2018-04-15
WOODLANDS,4-ROOM,89.7,23.0,1994,430000.0,2018-08-10
GEYLANG,3-ROOM,67.7,22.0,2007,349000.0,2020-02-02
BEDOK,5-ROOM,85.0,6.0,1987,402000.0,2019-03-13
YISHUN,4-ROOM,59.3,22.0,1976,278000.0,2023-12-05
JURONG WEST,5-ROOM,91.0,16.0,1975,386000.0,2023-10-29
HOUGANG,5-ROOM,77.5,9.0,2012,427000.0,2018-08-17
ANG MO KIO,4-ROOM,69.8,1.0,1985,209000.0,2021-03-01
TAMPINES,5-ROOM,110.3,6.0,1982,407000.0,2023-04-11
ANG MO KIO,4-ROOM,105.4,10.0,2006,552000.0,2019-04-02
YISHUN,5-ROOM,59.0,26.0,2011,310000.0,2021-12-27
GEYLANG,4-ROOM,94.3,13.0,1997,363000.0,2017-12-05
GEYLANG,3-ROOM,92.2,2.0,1994,359000.0,2019-12-04
HOUGANG,4-ROOM,58.8,2.0,1981,272000.0,2023-07-23
BEDOK,5-ROOM,107.6,17.0,1990,439000.0,2021-05-25
TAMPINES,4-ROOM,78.7,26.0,1990,342000.0,2017-01-03
YISHUN,3-ROOM,95.1,16.0,2007,474000.0,2017-11-30
ANG MO KIO,4-ROOM,100.3,12.0,2008,468000.0,2023-11-28
WOODLANDS,5-ROOM,82.9,2.0,1983,248000.0,2019-10-28
HOUGANG,4-ROOM,84.8,11.0,2001,433000.0,2020-06-29
TAMPINES,3-ROOM,134.4,19.0,1996,617000.0,2019-07-26
PUNGGOL,3-ROOM,128.6,8.0,2013,564000.0,2019-04-19
BEDOK,5-ROOM,50.9,1.0,1994,191000.0,2020-03-16
YISHUN,3-ROOM,96.7,1.0,1975,352000.0,2019-08-12
JURONG WEST,EXECUTIVE,94.1,5.0,2010,396000.0,2019-11-10
TAMPINES,3-ROOM,62.6,7.0,2002,304000.0,2021-10-09
PUNGGOL,5-ROOM,67.5,7.0,1990,272000.0,2017-10-08
JURONG WEST,4-ROOM,83.7,17.0,1988,313000.0,2023-07-19
WOODLANDS,3-ROOM,106.7,14.0,2002,486000.0,2019-08-24
CLEMENTI,4-ROOM,99.7,8.0,2005,506000.0,2023-07-13
GEYLANG,3-ROOM,106.6,9.0,1976,429000.0,2023-12-16
GEYLANG,3-ROOM,95.7,11.0,2011,375000.0,2023-12-04
HOUGANG,3-ROOM,113.4,14.0,2003,495000.0,2019-02-09
PUNGGOL,EXECUTIVE,90.5,18.0,1992,361000.0,2017-01-22
JURONG WEST,4-ROOM,103.7,29.0,2011,579000.0,2019-04-09
HOUGANG,5-ROOM,72.7,28.0,1998,417000.0,2017-05-16
PUNGGOL,4-ROOM,148.1,4.0,2005,644000.0,2018-04-12
HOUGANG,3-ROOM,123.8,21.0,1998,501000.0,2017-06-13
GEYLANG,4-ROOM,115.8,16.0,1985,494000.0,2018-02-26
ANG MO KIO,5-ROOM,94.3,29.0,1976,526000.0,2018-09-09
WOODLANDS,EXECUTIVE,75.7,24.0,1990,364000.0,2021-12-03
JURONG WEST,5-ROOM,56.6,4.0,1987,213000.0,2023-04-06
HOUGANG,4-ROOM,78.5,20.0,1979,316000.0,2023-07-31
PUNGGOL,4-ROOM,111.2,18.0,1999,492000.0,2017-10-09
PUNGGOL,4-ROOM,94.3,3.0,1978,288000.0,2023-09-14
ANG MO KIO,4-ROOM,79.6,24.0,2011,433000.0,2017-08-12
PUNGGOL,4-ROOM,83.4,18.0,1992,381000.0,2019-10-20
YISHUN,3-ROOM,93.3,5.0,1993,419000.0,2022-11-09
WOODLANDS,3-ROOM,98.9,2.0,2008,433000.0,2019-11-20
YISHUN,EXECUTIVE,77.3,26.0,1976,301000.0,2022-11-19
WOODLANDS,5-ROOM,113.6,6.0,1976,412000.0,2017-10-03
CLEMENTI,3-ROOM,76.9,15.0,2013,304000.0,2019-08-02
HOUGANG,EXECUTIVE,143.0,23.0,1992,660000.0,2021-08-16
GEYLANG,5-ROOM,113.3,13.0,2006,527000.0,2018-12-19
WOODLANDS,5-ROOM,93.6,5.0,1981,397000.0,2023-06-06
CLEMENTI,3-ROOM,73.9,25.0,1999,386000.0,2022-11-20
BEDOK,4-ROOM,106.6,3.0,2013,521000.0,2018-12-27
BEDOK,5-ROOM,107.9,23.0,1989,500000.0,2019-05-11
WOODLANDS,4-ROOM,98.3,14.0,2010,503000.0,2017-11-30
TAMPINES,3-ROOM,91.6,18.0,2008,462000.0,2018-03-31
CLEMENTI,3-ROOM,112.9,11.0,2009,514000.0,2017-10-15
HOUGANG,4-ROOM,98.4,6.0,1994,426000.0,2017-06-22
YISHUN,4-ROOM,129.8,6.0,2004,575000.0,2022-12-21
ANG MO KIO,3-ROOM,92.4,25.0,1977,413000.0,2020-07-04
TAMPINES,EXECUTIVE,95.3,12.0,1985,436000.0,2018-02-03
HOUGANG,3-ROOM,58.1,16.0,1993,247000.0,2018-04-28
JURONG WEST,4-ROOM,114.8,14.0,1984,545000.0,2018-09-04
YISHUN,4-ROOM,76.9,26.0,1982,337000.0,2022-03-06
TAMPINES,5-ROOM,122.9,5.0,1998,474000.0,2019-07-22
JURONG WEST,4-ROOM,110.9,15.0,2009,508000.0,2017-03-17
JURONG WEST,4-ROOM,111.5,12.0,2005,478000.0,2019-05-17
PUNGGOL,3-ROOM,86.0,29.0,1995,460000.0,2017-12-06
GEYLANG,4-ROOM,111.8,8.0,2008,478000.0,2021-08-29
BEDOK,4-ROOM,122.1,22.0,1998,655000.0,2022-06-12
YISHUN,3-ROOM,88.7,20.0,1976,430000.0,2020-09-08
ANG MO KIO,4-ROOM,83.9,3.0,2001,298000.0,2023-07-21
PUNGGOL,3-ROOM,142.2,21.0,2008,636000.0,2020-10-11
TAMPINES,3-ROOM,115.8,2.0,1976,499000.0,2018-08-08
BEDOK,5-ROOM,84.3,19.0,1998,413000.0,2023-12-19
ANG MO KIO,4-ROOM,124.3,1.0,1991,557000.0,2017-08-21
JURONG WEST,3-ROOM,58.8,28.0,2009,301000.0,2019-03-14
PUNGGOL,3-ROOM,123.8,19.0,1999,600000.0,2021-10-01
HOUGANG,5-ROOM,113.6,5.0,1975,433000.0,2018-08-17
WOODLANDS,3-ROOM,104.6,23.0,2011,492000.0,2022-08-21
CLEMENTI,3-ROOM,120.3,3.0,1987,479000.0,2017-02-18
TAMPINES,EXECUTIVE,102.8,12.0,2003,503000.0,2018-02-19
TAMPINES,3-ROOM,106.7,1.0,2004,446000.0,2022-02-25
WOODLANDS,5-ROOM,100.8,8.0,2001,402000.0,2018-05-11
BEDOK,3-ROOM,110.2,18.0,2001,540000.0,2023-05-11
ANG MO KIO,EXECUTIVE,105.5,12.0,2006,559000.0,2021-10-08
JURONG WEST,EXECUTIVE,78.1,7.0,1980,270000.0,2021-12-01
HOUGANG,EXECUTIVE,135.4,14.0,1997,631000.0,2019-08-14
BEDOK,4-ROOM,113.5,15.0,2004,468000.0,2023-05-14
YISHUN,5-ROOM,108.1,28.0,2006,578000.0,2020-09-19
JURONG WEST,4-ROOM,55.6,13.0,2006,233000.0,2021-04-27
CLEMENTI,4-ROOM,69.9,9.0,1986,327000.0,2019-12-30
JURONG WEST,4-ROOM,92.9,18.0,1985,377000.0,2023-09-29
HOUGANG,4-ROOM,107.6,20.0,1995,569000.0,2018-07-07
BEDOK,EXECUTIVE,76.0,14.0,2005,334000.0,2019-11-04
TAMPINES,5-ROOM,135.5,23.0,1988,625000.0,2020-08-01
ANG MO KIO,4-ROOM,84.2,29.0,1994,472000.0,2021-11-25
BEDOK,EXECUTIVE,90.4,19.0,1976,325000.0,2023-10-08
BEDOK,3-ROOM,106.1,13.0,2012,450000.0,2022-03-11
PUNGGOL,4-ROOM,50.0,1.0,2009,171000.0,2020-10-29
TAMPINES,EXECUTIVE,94.5,10.0,1983,393000.0,2017-04-28
WOODLANDS,5-ROOM,70.1,18.0,1993,286000.0,2023-05-01
GEYLANG,4-ROOM,124.7,3.0,1992,624000.0,2021-04-30
YISHUN,3-ROOM,101.1,23.0,2003,471000.0,2018-07-30
ANG MO KIO,5-ROOM,60.1,1.0,1999,304000.0,2017-03-04
PUNGGOL,4-ROOM,107.1,6.0,1987,465000.0,2020-03-05
ANG MO KIO,4-ROOM,71.1,25.0,2010,347000.0,2019-02-10
BEDOK,4-ROOM,74.8,14.0,2013,353000.0,2021-06-01
HOUGANG,4-ROOM,82.2,7.0,2003,302000.0,2018-07-26
JURONG WEST,5-ROOM,92.3,10.0,1975,399000.0,2019-10-06
GEYLANG,4-ROOM,125.1,12.0,1978,518000.0,2022-02-20
CLEMENTI,3-ROOM,94.8,7.0,1980,341000.0,2017-11-10
JURONG WEST,EXECUTIVE,71.4,10.0,1997,326000.0,2018-11-19
PUNGGOL,3-ROOM,63.3,9.0,1983,248000.0,2022-09-05
HOUGANG,EXECUTIVE,64.5,11.0,2001,296000.0,2022-05-16
PUNGGOL,EXECUTIVE,93.6,24.0,2011,562000.0,2022-10-02
CLEMENTI,3-ROOM,77.6,27.0,1994,322000.0,2022-01-10
CLEMENTI,3-ROOM,94.3,20.0,2013,450000.0,2018-08-03
HOUGANG,3-ROOM,77.7,27.0,1980,407000.0,2017-02-21
ANG MO KIO,5-ROOM,128.1,2.0,1989,483000.0,2022-12-16
ANG MO KIO,5-ROOM,107.1,28.0,1977,551000.0,2020-08-04
BEDOK,3-ROOM,120.1,16.0,1976,549000.0,2023-01-27
HOUGANG,3-ROOM,104.4,23.0,1975,461000.0,2020-06-22
TAMPINES,3-ROOM,104.1,2.0,1994,373000.0,2021-04-15
PUNGGOL,EXECUTIVE,87.1,10.0,1987,368000.0,2017-07-16
CLEMENTI,5-ROOM,82.8,8.0,1984,373000.0,2021-02-08
CLEMENTI,5-ROOM,88.0,15.0,1976,340000.0,2018-06-30
BEDOK,3-ROOM,84.6,26.0,2012,313000.0,2019-06-17
WOODLANDS,5-ROOM,58.9,14.0,1976,221000.0,2020-02-11
ANG MO KIO,4-ROOM,108.1,26.0,2003,590000.0,2017-04-23
BEDOK,3-ROOM,72.2,14.0,1991,273000.0,2018-07-09
PUNGGOL,5-ROOM,127.8,23.0,1993,599000.0,2017-06-22
GEYLANG,4-ROOM,109.3,28.0,2000,554000.0,2019-07-11
HOUGANG,4-ROOM,88.9,13.0,1994,391000.0,2020-02-14
GEYLANG,3-ROOM,134.0,8.0,1976,540000.0,2023-06-25
JURONG WEST,5-ROOM,130.4,24.0,1986,610000.0,2018-05-12
TAMPINES,3-ROOM,53.7,23.0,2011,396000.0,2017-05-01
YISHUN,3-ROOM,119.0,22.0,1982,519000.0,2018-12-22
JURONG WEST,5-ROOM,139.0,28.0,2002,682000.0,2023-11-02
WOODLANDS,3-ROOM,80.0,5.0,1985,378000.0,2023-04-20
ANG MO KIO,4-ROOM,123.2,26.0,1996,628000.0,2023-07-17
HOUGANG,3-ROOM,123.7,24.0,1986,684000.0,2021-08-31
GEYLANG,4-ROOM,99.9,11.0,2006,426000.0,2023-02-24
TAMPINES,5-ROOM,89.0,21.0,1989,379000.0,2022-12-31
WOODLANDS,4-ROOM,105.4,19.0,1999,467000.0,2019-04-18
BEDOK,4-ROOM,117.6,19.0,1997,529000.0,2021-08-25
HOUGANG,4-ROOM,101.2,16.0,1975,406000.0,2019-06-01
GEYLANG,4-ROOM,117.2,15.0,1993,524000.0,2023-10-01
TAMPINES,4-ROOM,72.2,8.0,1979,305000.0,2021-02-15
TAMPINES,5-ROOM,83.8,16.0,1994,348000.0,2022-01-31
HOUGANG,5-ROOM,114.3,11.0,1983,542000.0,2022-02-28
PUNGGOL,4-ROOM,87.4,17.0,2012,417000.0,2019-06-16
BEDOK,5-ROOM,111.8,21.0,1990,559000.0,2021-07-19
JURONG WEST,EXECUTIVE,107.1,15.0,2003,483000.0,2019-11-29
PUNGGOL,3-ROOM,71.8,12.0,1983,353000.0,2018-07-10
PUNGGOL,3-ROOM,110.3,28.0,1976,501000.0,2022-10-10
HOUGANG,4-ROOM,94.9,14.0,1978,413000.0,2020-08-31
TAMPINES,4-ROOM,86.4,19.0,2002,387000.0,2021-11-04
PUNGGOL,5-ROOM,97.5,23.0,1997,463000.0,2020-08-27
YISHUN,5-ROOM,88.1,9.0,1984,399000.0,2017-08-07
JURONG WEST,EXECUTIVE,102.3,22.0,1999,499000.0,2019-07-26
PUNGGOL,4-ROOM,76.8,8.0,1981,290000.0,2017-02-23
TAMPINES,3-ROOM,112.2,13.0,1980,520000.0,2019-07-06
YISHUN,5-ROOM,76.7,18.0,1995,426000.0,2018-12-09
HOUGANG,3-ROOM,77.2,4.0,1988,327000.0,2017-06-21
TAMPINES,4-ROOM,76.8,13.0,2012,299000.0,2022-01-14
GEYLANG,4-ROOM,99.4,18.0,2008,553000.0,2020-10-13
PUNGGOL,3-ROOM,86.2,10.0,1975,319000.0,2023-12-10
HOUGANG,EXECUTIVE,89.6,19.0,1993,372000.0,2022-12-27
BEDOK,3-ROOM,127.1,2.0,2010,512000.0,2023-01-06
HOUGANG,EXECUTIVE,79.6,15.0,1990,370000.0,2021-07-28
PUNGGOL,EXECUTIVE,94.3,5.0,1990,334000.0,2023-08-04
BEDOK,4-ROOM,104.0,7.0,1988,380000.0,2019-04-26
CLEMENTI,5-ROOM,77.8,16.0,1999,354000.0,2023-09-01
PUNGGOL,5-ROOM,69.3,20.0,2003,342000.0,2021-04-08
CLEMENTI,5-ROOM,123.0,24.0,2001,605000.0,2021-07-19
WOODLANDS,5-ROOM,68.8,6.0,1980,312000.0,2017-11-13
TAMPINES,4-ROOM,80.2,13.0,1979,368000.0,2018-06-18
CLEMENTI,5-ROOM,121.4,28.0,2010,604000.0,2019-04-09
BEDOK,3-ROOM,105.2,2.0,2009,485000.0,2020-09-05
CLEMENTI,3-ROOM,76.5,17.0,1985,340000.0,2021-06-18
PUNGGOL,5-ROOM,74.3,28.0,2007,428000.0,2022-06-10
BEDOK,4-ROOM,86.3,28.0,2006,519000.0,2023-03-28
JURONG WEST,3-ROOM,68.8,13.0,1995,292000.0,2022-12-31
YISHUN,5-ROOM,64.1,15.0,1998,354000.0,2020-07-05
TAMPINES,4-ROOM,85.6,13.0,1975,346000.0,2018-04-08
PUNGGOL,5-ROOM,80.5,18.0,2003,410000.0,2021-11-30
HOUGANG,4-ROOM,153.4,22.0,1989,687000.0,2019-10-21
TAMPINES,4-ROOM,122.9,2.0,2001,483000.0,2018-05-12
BEDOK,4-ROOM,67.6,23.0,1988,314000.0,2018-07-20
WOODLANDS,3-ROOM,79.5,11.0,1999,391000.0,2020-12-21
PUNGGOL,4-ROOM,89.8,9.0,1987,324000.0,2020-02-14
GEYLANG,3-ROOM,58.7,9.0,1988,164000.0,2021-07-20
BEDOK,EXECUTIVE,74.0,18.0,1984,264000.0,2023-06-27
PUNGGOL,4-ROOM,114.8,9.0,1996,486000.0,2019-11-18
YISHUN,4-ROOM,66.9,26.0,1985,312000.0,2018-04-13
TAMPINES,5-ROOM,102.4,23.0,2009,516000.0,2019-09-03
JURONG WEST,5-ROOM,128.9,6.0,1975,539000.0,2020-05-13
YISHUN,EXECUTIVE,103.9,9.0,1998,512000.0,2020-04-07
CLEMENTI,3-ROOM,102.5,18.0,1986,423000.0,2021-06-17
YISHUN,5-ROOM,109.3,19.0,2003,499000.0,2023-11-09
YISHUN,5-ROOM,98.9,8.0,1979,432000.0,2023-07-02
CLEMENTI,4-ROOM,67.6,28.0,1983,351000.0,2019-02-08
JURONG WEST,3-ROOM,71.6,19.0,1997,332000.0,2018-08-23
WOODLANDS,3-ROOM,86.0,1.0,1989,372000.0,2019-02-03
HOUGANG,EXECUTIVE,144.5,17.0,1999,633000.0,2020-12-20
HOUGANG,3-ROOM,71.8,26.0,2007,393000.0,2022-05-18
GEYLANG,4-ROOM,118.5,28.0,2012,677000.0,2021-03-31
JURONG WEST,EXECUTIVE,118.0,12.0,2009,545000.0,2020-06-23
PUNGGOL,4-ROOM,69.7,13.0,1988,314000.0,2018-06-25
HOUGANG,4-ROOM,83.9,2.0,2006,365000.0,2019-02-08
PUNGGOL,4-ROOM,101.8,2.0,1994,431000.0,2020-06-01
CLEMENTI,3-ROOM,82.4,25.0,1990,376000.0,2021-02-27
BEDOK,4-ROOM,101.9,15.0,2007,415000.0,2017-04-09
WOODLANDS,4-ROOM,124.4,9.0,1987,535000.0,2020-12-18
WOODLANDS,5-ROOM,134.8,18.0,1988,593000.0,2019-10-05
GEYLANG,3-ROOM,89.2,26.0,1987,492000.0,2023-08-12
PUNGGOL,4-ROOM,61.1,21.0,2013,307000.0,2017-03-16
JURONG WEST,4-ROOM,75.6,28.0,2000,339000.0,2023-02-17
JURONG WEST,5-ROOM,99.7,28.0,1981,432000.0,2018-11-29
YISHUN,4-ROOM,87.4,23.0,1984,384000.0,2018-09-30
GEYLANG,3-ROOM,89.1,4.0,1993,366000.0,2023-11-13
GEYLANG,3-ROOM,107.0,7.0,2005,492000.0,2022-02-23
HOUGANG,4-ROOM,59.0,7.0,1989,279000.0,2022-08-08
GEYLANG,3-ROOM,87.0,6.0,2002,374000.0,2017-12-31
GEYLANG,3-ROOM,98.9,10.0,2003,383000.0,2023-03-01
YISHUN,3-ROOM,121.5,4.0,1981,589000.0,2023-07-01
HOUGANG,EXECUTIVE,55.6,22.0,2003,300000.0,2019-07-11
TAMPINES,5-ROOM,80.4,16.0,1984,306000.0,2019-06-19
HOUGANG,EXECUTIVE,92.6,23.0,2008,463000.0,2022-09-03
GEYLANG,5-ROOM,121.0,3.0,1995,518000.0,2018-02-25
ANG MO KIO,4-ROOM,117.4,22.0,2003,473000.0,2018-04-28
TAMPINES,EXECUTIVE,64.5,29.0,1987,317000.0,2018-04-20
JURONG WEST,5-ROOM,122.5,26.0,2004,582000.0,2019-05-30
JURONG WEST,4-ROOM,68.5,4.0,1980,246000.0,2023-07-06
WOODLANDS,3-ROOM,81.4,9.0,2014,341000.0,2021-08-30
TAMPINES,4-ROOM,85.2,18.0,2009,418000.0,2020-02-01
JURONG WEST,4-ROOM,111.4,6.0,2003,425000.0,2023-06-21
BEDOK,4-ROOM,75.4,5.0,2014,375000.0,2018-07-13
YISHUN,4-ROOM,144.2,21.0,1994,651000.0,2021-05-02
BEDOK,5-ROOM,85.3,1.0,1991,319000.0,2022-07-04
BEDOK,3-ROOM,63.4,5.0,2007,270000.0,2017-06-10
BEDOK,5-ROOM,62.2,19.0,1983,313000.0,2022-08-11
HOUGANG,4-ROOM,79.3,19.0,2010,427000.0,2022-05-15
BEDOK,3-ROOM,103.7,4.0,2006,465000.0,2020-05-24
WOODLANDS,EXECUTIVE,102.6,24.0,1983,404000.0,2023-11-22
PUNGGOL,4-ROOM,98.6,29.0,2011,512000.0,2019-06-11
YISHUN,3-ROOM,117.7,12.0,1998,465000.0,2017-03-06
CLEMENTI,4-ROOM,57.5,7.0,1989,206000.0,2021-08-23
ANG MO KIO,5-ROOM,85.5,27.0,1984,437000.0,2020-07-03
ANG MO KIO,3-ROOM,79.4,19.0,2009,441000.0,2017-06-16
PUNGGOL,3-ROOM,93.3,3.0,2004,352000.0,2023-02-28
CLEMENTI,3-ROOM,102.4,11.0,2008,407000.0,2022-10-14
JURONG WEST,4-ROOM,100.0,6.0,2014,449000.0,2019-08-13
GEYLANG,EXECUTIVE,96.2,29.0,2013,509000.0,2017-08-11
YISHUN,3-ROOM,100.3,2.0,2013,439000.0,2020-09-22
JURONG WEST,4-ROOM,89.2,17.0,1977,484000.0,2019-09-21
TAMPINES,4-ROOM,80.0,18.0,2014,368000.0,2019-06-21
HOUGANG,3-ROOM,40.0,13.0,2006,222000.0,2021-09-23
PUNGGOL,3-ROOM,117.6,27.0,1996,562000.0,2019-11-14
YISHUN,4-ROOM,120.6,17.0,2009,616000.0,2020-08-20
YISHUN,4-ROOM,112.4,6.0,2014,466000.0,2019-05-24
BEDOK,4-ROOM,90.9,23.0,2011,413000.0,2018-05-06
ANG MO KIO,4-ROOM,125.0,19.0,2014,633000.0,2023-10-15
HOUGANG,5-ROOM,95.2,11.0,1987,351000.0,2023-08-13
ANG MO KIO,4-ROOM,66.7,9.0,1976,280000.0,2020-12-29
PUNGGOL,3-ROOM,63.9,19.0,2010,387000.0,2021-05-19
PUNGGOL,3-ROOM,75.7,20.0,2001,399000.0,2020-06-15
TAMPINES,4-ROOM,71.8,24.0,1994,231000.0,2017-05-11
HOUGANG,3-ROOM,107.0,24.0,1991,494000.0,2017-11-22
WOODLANDS,3-ROOM,101.2,29.0,1984,500000.0,2021-05-21
CLEMENTI,5-ROOM,118.7,12.0,2014,557000.0,2019-02-09
JURONG WEST,3-ROOM,81.5,7.0,2006,373000.0,2017-01-22
JURONG WEST,4-ROOM,119.9,29.0,1991,631000.0,2019-04-08
PUNGGOL,3-ROOM,63.5,6.0,1999,227000.0,2021-02-05
BEDOK,EXECUTIVE,72.3,10.0,2003,415000.0,2023-06-21
GEYLANG,5-ROOM,82.6,8.0,1984,353000.0,2021-03-29
JURONG WEST,3-ROOM,109.9,22.0,2008,593000.0,2018-01-11
BEDOK,5-ROOM,74.3,15.0,1991,286000.0,2021-01-13
JURONG WEST,3-ROOM,103.8,7.0,2011,458000.0,2022-02-21
YISHUN,3-ROOM,100.4,28.0,2001,504000.0,2019-10-28
PUNGGOL,3-ROOM,82.0,20.0,1978,271000.0,2023-09-29
YISHUN,5-ROOM,109.8,24.0,1986,484000.0,2019-03-19
CLEMENTI,EXECUTIVE,124.1,12.0,1997,517000.0,2021-05-17
CLEMENTI,3-ROOM,105.0,5.0,1985,403000.0,2023-12-21
ANG MO KIO,4-ROOM,106.3,21.0,1983,403000.0,2022-09-03
PUNGGOL,4-ROOM,107.0,28.0,1999,536000.0,2021-02-18
YISHUN,4-ROOM,132.1,9.0,1995,535000.0,2020-06-04
PUNGGOL,4-ROOM,71.3,22.0,2011,364000.0,2021-04-17
ANG MO KIO,4-ROOM,72.1,11.0,1989,273000.0,2021-05-30
TAMPINES,3-ROOM,117.1,3.0,1993,518000.0,2017-05-29
ANG MO KIO,4-ROOM,118.4,9.0,2010,568000.0,2018-10-18
JURONG WEST,5-ROOM,93.0,7.0,1996,418000.0,2021-12-08
WOODLANDS,4-ROOM,116.8,20.0,1991,546000.0,2019-07-21
GEYLANG,EXECUTIVE,58.7,2.0,1992,202000.0,2022-02-25
CLEMENTI,EXECUTIVE,92.7,21.0,2003,452000.0,2023-01-22
HOUGANG,4-ROOM,82.4,7.0,1992,339000.0,2017-04-17
TAMPINES,EXECUTIVE,117.3,27.0,1977,549000.0,2017-02-01
BEDOK,3-ROOM,89.3,19.0,1987,402000.0,2021-02-17
YISHUN,3-ROOM,111.1,18.0,2006,506000.0,2022-11-12
WOODLANDS,3-ROOM,80.2,15.0,1979,280000.0,2023-08-04
GEYLANG,EXECUTIVE,94.3,29.0,2013,381000.0,2019-10-30
ANG MO KIO,5-ROOM,89.0,12.0,1980,392000.0,2021-06-29
TAMPINES,4-ROOM,85.3,7.0,2010,442000.0,2018-10-26
JURONG WEST,5-ROOM,116.0,18.0,2014,531000.0,2017-02-26
JURONG WEST,EXECUTIVE,68.4,19.0,2006,363000.0,2020-01-01
TAMPINES,5-ROOM,98.9,14.0,1994,429000.0,2020-08-23
TAMPINES,4-ROOM,93.8,25.0,2001,420000.0,2018-01-01
TAMPINES,3-ROOM,118.3,4.0,1985,483000.0,2023-12-15
JURONG WEST,EXECUTIVE,78.2,4.0,2006,270000.0,2022-02-23
YISHUN,3-ROOM,109.8,7.0,1975,457000.0,2022-08-24
YISHUN,EXECUTIVE,94.3,6.0,1990,409000.0,2022-11-17
YISHUN,EXECUTIVE,97.4,5.0,1984,359000.0,2023-12-11
TAMPINES,EXECUTIVE,87.0,6.0,2007,383000.0,2019-12-24
BEDOK,3-ROOM,58.1,25.0,1979,283000.0,2023-02-16
ANG MO KIO,4-ROOM,95.6,6.0,1985,400000.0,2020-02-29
HOUGANG,5-ROOM,81.1,9.0,2008,400000.0,2018-06-29
YISHUN,3-ROOM,105.1,14.0,1988,464000.0,2023-01-07
WOODLANDS,3-ROOM,84.0,4.0,2001,379000.0,2022-04-13
BEDOK,4-ROOM,81.0,7.0,2001,351000.0,2020-01-20
PUNGGOL,4-ROOM,50.8,21.0,1995,209000.0,2021-12-30
HOUGANG,4-ROOM,136.7,23.0,1995,648000.0,2019-01-11
PUNGGOL,4-ROOM,93.0,3.0,1996,326000.0,2021-01-04
BEDOK,EXECUTIVE,77.0,12.0,2001,377000.0,2020-02-27
HOUGANG,4-ROOM,116.4,13.0,2012,565000.0,2023-02-20
TAMPINES,5-ROOM,93.5,20.0,2007,436000.0,2023-07-07
ANG MO KIO,5-ROOM,75.2,21.0,2002,312000.0,2021-04-08
JURONG WEST,3-ROOM,86.2,28.0,1995,442000.0,2017-07-01
BEDOK,5-ROOM,100.0,16.0,1993,459000.0,2020-04-22
BEDOK,4-ROOM,170.6,24.0,1990,834000.0,2018-08-14
CLEMENTI,5-ROOM,118.1,11.0,1979,530000.0,2023-06-11
HOUGANG,4-ROOM,92.1,26.0,1988,488000.0,2021-02-12
BEDOK,3-ROOM,82.3,7.0,1975,375000.0,2021-08-05
GEYLANG,4-ROOM,101.4,1.0,1993,460000.0,2020-12-20
PUNGGOL,3-ROOM,91.1,2.0,1986,371000.0,2020-05-19
YISHUN,5-ROOM,143.9,29.0,1980,797000.0,2018-02-07
YISHUN,5-ROOM,91.9,10.0,1991,367000.0,2022-10-29
GEYLANG,3-ROOM,73.8,13.0,1991,337000.0,2019-08-02
WOODLANDS,4-ROOM,109.9,25.0,1990,513000.0,2017-10-11
HOUGANG,EXECUTIVE,98.8,26.0,1993,560000.0,2022-10-31
CLEMENTI,4-ROOM,95.5,6.0,1980,340000.0,2022-04-11
GEYLANG,3-ROOM,87.6,24.0,2008,438000.0,2023-01-28
PUNGGOL,4-ROOM,111.8,8.0,1995,437000.0,2020-07-15
HOUGANG,3-ROOM,86.6,21.0,2011,392000.0,2023-04-07
GEYLANG,EXECUTIVE,96.9,24.0,2004,464000.0,2022-09-21
PUNGGOL,4-ROOM,123.0,12.0,1994,522000.0,2023-05-23
YISHUN,3-ROOM,57.3,4.0,1985,249000.0,2021-09-15
YISHUN,3-ROOM,67.3,20.0,1996,355000.0,2018-04-01
TAMPINES,5-ROOM,97.4,2.0,2013,385000.0,2018-02-13
WOODLANDS,3-ROOM,116.4,24.0,2008,591000.0,2019-06-26
GEYLANG,4-ROOM,89.8,21.0,1977,366000.0,2020-04-14
JURONG WEST,4-ROOM,66.4,29.0,1991,369000.0,2020-07-01
ANG MO KIO,5-ROOM,104.0,2.0,1975,374000.0,2018-06-13
CLEMENTI,4-ROOM,106.0,27.0,2004,533000.0,2019-12-27
CLEMENTI,3-ROOM,116.3,10.0,2007,567000.0,2023-09-14
GEYLANG,EXECUTIVE,104.9,15.0,2010,481000.0,2022-08-07
TAMPINES,3-ROOM,105.7,15.0,1986,447000.0,2019-04-24
BEDOK,4-ROOM,82.4,3.0,2002,392000.0,2022-12-05
CLEMENTI,4-ROOM,87.2,11.0,1977,362000.0,2021-12-03
GEYLANG,4-ROOM,87.3,7.0,1977,375000.0,2021-08-16
TAMPINES,3-ROOM,40.0,14.0,1985,155000.0,2023-05-24
HOUGANG,5-ROOM,154.0,8.0,1978,603000.0,2021-02-17
TAMPINES,3-ROOM,103.8,23.0,1994,531000.0,2022-11-02
HOUGANG,4-ROOM,100.2,25.0,2014,553000.0,2018-04-02
PUNGGOL,4-ROOM,40.0,23.0,1979,188000.0,2023-12-03
BEDOK,3-ROOM,77.7,15.0,1990,311000.0,2018-12-12
GEYLANG,5-ROOM,103.7,14.0,1977,448000.0,2017-05-24
ANG MO KIO,4-ROOM,72.6,5.0,1975,265000.0,2018-09-11
CLEMENTI,5-ROOM,87.6,16.0,2001,378000.0,2017-02-03
ANG MO KIO,4-ROOM,127.4,14.0,2001,579000.0,2021-09-05
BEDOK,4-ROOM,105.5,2.0,2006,445000.0,2017-02-13
BEDOK,5-ROOM,87.2,5.0,1976,268000.0,2018-09-01
PUNGGOL,4-ROOM,97.2,3.0,2003,423000.0,2019-02-02
BEDOK,3-ROOM,97.1,21.0,1996,443000.0,2022-06-21
BEDOK,3-ROOM,68.4,16.0,1996,328000.0,2020-05-23
CLEMENTI,4-ROOM,107.9,17.0,1980,446000.0,2019-04-17
ANG MO KIO,3-ROOM,100.0,5.0,2005,421000.0,2017-09-07
BEDOK,5-ROOM,105.1,6.0,1997,454000.0,2019-03-14
BEDOK,4-ROOM,100.0,12.0,1982,391000.0,2017-06-12
JURONG WEST,5-ROOM,67.0,8.0,2007,351000.0,2017-02-10
YISHUN,4-ROOM,80.5,8.0,1985,335000.0,2017-03-18
GEYLANG,4-ROOM,64.5,23.0,1997,311000.0,2021-10-27
TAMPINES,5-ROOM,75.9,4.0,2003,278000.0,2019-01-24
BEDOK,5-ROOM,81.2,28.0,1995,435000.0,2020-06-19
GEYLANG,3-ROOM,106.8,2.0,1988,411000.0,2021-10-25
ANG MO KIO,4-ROOM,96.1,24.0,1988,392000.0,2021-01-24
WOODLANDS,4-ROOM,75.8,16.0,2004,364000.0,2017-05-16
CLEMENTI,3-ROOM,40.0,24.0,1979,150000.0,2018-06-22
GEYLANG,3-ROOM,88.3,7.0,1986,359000.0,2021-09-22
ANG MO KIO,3-ROOM,136.8,6.0,1990,594000.0,2019-08-17
ANG MO KIO,3-ROOM,91.6,22.0,1975,458000.0,2023-05-20
BEDOK,4-ROOM,113.3,16.0,2002,517000.0,2023-08-02
HOUGANG,5-ROOM,105.6,21.0,1994,515000.0,2021-06-25
WOODLANDS,4-ROOM,48.1,8.0,1994,200000.0,2019-06-22
JURONG WEST,3-ROOM,137.1,7.0,1999,582000.0,2017-02-26
BEDOK,4-ROOM,83.8,17.0,1980,343000.0,2017-06-15
ANG MO KIO,3-ROOM,81.0,8.0,1993,357000.0,2021-12-09
WOODLANDS,3-ROOM,114.4,17.0,2014,564000.0,2020-05-17
GEYLANG,4-ROOM,126.3,6.0,2004,517000.0,2019-07-14
HOUGANG,4-ROOM,97.1,28.0,2000,478000.0,2023-10-10
WOODLANDS,3-ROOM,77.7,7.0,2010,354000.0,2019-07-28
WOODLANDS,4-ROOM,133.4,11.0,1993,600000.0,2019-02-02
JURONG WEST,5-ROOM,94.6,4.0,1978,374000.0,2017-02-28
HOUGANG,4-ROOM,112.3,13.0,1977,531000.0,2019-12-03
WOODLANDS,4-ROOM,57.1,2.0,2008,194000.0,2022-02-23
JURONG WEST,3-ROOM,105.9,16.0,2010,469000.0,2023-01-21
PUNGGOL,3-ROOM,84.8,23.0,1988,413000.0,2019-08-05
BEDOK,4-ROOM,107.7,17.0,1997,538000.0,2019-07-24
HOUGANG,5-ROOM,86.9,5.0,2005,364000.0,2022-02-24
CLEMENTI,EXECUTIVE,116.4,2.0,2009,525000.0,2020-10-11
YISHUN,3-ROOM,95.4,20.0,1976,386000.0,2023-03-26
BEDOK,4-ROOM,78.2,19.0,1986,306000.0,2018-11-16
TAMPINES,3-ROOM,67.3,28.0,1984,308000.0,2022-01-25
PUNGGOL,3-ROOM,121.1,7.0,2004,560000.0,2018-03-08
ANG MO KIO,4-ROOM,86.0,19.0,1977,362000.0,2019-09-20
JURONG WEST,4-ROOM,110.5,23.0,1989,455000.0,2019-02-15
JURONG WEST,4-ROOM,119.0,7.0,2000,537000.0,2018-05-01
ANG MO KIO,4-ROOM,82.7,15.0,2005,437000.0,2019-11-18
GEYLANG,3-ROOM,76.9,22.0,1997,280000.0,2023-09-20
TAMPINES,5-ROOM,106.3,25.0,1981,500000.0,2021-11-27
PUNGGOL,3-ROOM,94.3,3.0,2002,386000.0,2021-03-17
YISHUN,4-ROOM,69.5,24.0,1995,318000.0,2017-02-12
BEDOK,3-ROOM,85.0,13.0,1999,350000.0,2017-11-25
ANG MO KIO,EXECUTIVE,88.9,22.0,1993,475000.0,2023-03-11
CLEMENTI,4-ROOM,92.9,13.0,2002,443000.0,2019-09-20
JURONG WEST,4-ROOM,80.6,26.0,2002,440000.0,2023-10-12
BEDOK,5-ROOM,40.0,17.0,2013,211000.0,2022-10-13
ANG MO KIO,3-ROOM,152.0,26.0,1987,664000.0,2021-10-02
PUNGGOL,5-ROOM,65.2,20.0,2006,351000.0,2023-01-04
GEYLANG,4-ROOM,75.8,21.0,1984,371000.0,2017-08-24
HOUGANG,3-ROOM,87.6,12.0,2008,440000.0,2021-02-22
HOUGANG,4-ROOM,115.8,4.0,1979,487000.0,2021-10-08
TAMPINES,3-ROOM,124.0,1.0,1978,470000.0,2017-06-14
WOODLANDS,5-ROOM,79.3,21.0,1989,393000.0,2023-08-20
BEDOK,5-ROOM,111.0,20.0,1980,552000.0,2023-05-28
BEDOK,5-ROOM,116.9,16.0,1979,486000.0,2021-08-23
HOUGANG,5-ROOM,81.0,10.0,1982,353000.0,2023-05-25
JURONG WEST,4-ROOM,40.0,1.0,1999,150000.0,2020-01-09
WOODLANDS,EXECUTIVE,42.9,24.0,2003,215000.0,2023-11-12
YISHUN,5-ROOM,103.5,28.0,2002,511000.0,2022-03-23
HOUGANG,4-ROOM,92.2,11.0,1979,394000.0,2023-11-08
HOUGANG,3-ROOM,94.2,6.0,2008,472000.0,2019-06-11
TAMPINES,3-ROOM,121.5,20.0,2012,509000.0,2023-03-22
HOUGANG,3-ROOM,138.6,27.0,1979,642000.0,2023-09-23
TAMPINES,4-ROOM,79.8,16.0,1993,399000.0,2021-01-06
TAMPINES,EXECUTIVE,90.6,8.0,2000,387000.0,2017-03-02
YISHUN,3-ROOM,95.5,16.0,1984,411000.0,2021-04-30
YISHUN,3-ROOM,101.7,24.0,1980,416000.0,2018-02-22
HOUGANG,EXECUTIVE,46.7,22.0,2007,275000.0,2022-04-23
HOUGANG,4-ROOM,63.0,29.0,2001,361000.0,2018-12-22
JURONG WEST,4-ROOM,82.5,27.0,1988,422000.0,2021-06-21
ANG MO KIO,3-ROOM,126.5,5.0,1981,540000.0,2019-03-01
TAMPINES,5-ROOM,101.7,9.0,2009,428000.0,2021-10-29
TAMPINES,4-ROOM,40.0,20.0,2006,172000.0,2021-11-09
TAMPINES,3-ROOM,109.8,7.0,2013,516000.0,2017-12-10
BEDOK,5-ROOM,97.0,20.0,1979,495000.0,2022-08-02
PUNGGOL,5-ROOM,100.9,4.0,2004,455000.0,2021-09-13
ANG MO KIO,3-ROOM,146.3,10.0,2005,704000.0,2019-10-01
JURONG WEST,3-ROOM,114.7,4.0,1991,500000.0,2017-08-31
TAMPINES,3-ROOM,105.2,24.0,1990,502000.0,2019-05-19
TAMPINES,4-ROOM,94.3,23.0,1988,422000.0,2022-12-31
TAMPINES,4-ROOM,101.6,19.0,1988,476000.0,2019-07-03
GEYLANG,5-ROOM,78.6,25.0,2000,364000.0,2018-11-28
WOODLANDS,EXECUTIVE,92.8,24.0,1999,450000.0,2020-10-08
BEDOK,5-ROOM,63.0,25.0,2012,371000.0,2020-10-23
TAMPINES,4-ROOM,85.9,15.0,1997,344000.0,2021-12-10
CLEMENTI,4-ROOM,81.1,15.0,1976,433000.0,2017-08-25
BEDOK,4-ROOM,78.3,23.0,1982,360000.0,2019-12-11
BEDOK,4-ROOM,98.1,23.0,2010,471000.0,2023-07-16
ANG MO KIO,5-ROOM,150.8,1.0,1975,599000.0,2023-12-24
PUNGGOL,3-ROOM,92.2,22.0,1984,441000.0,2021-09-25
YISHUN,4-ROOM,86.2,28.0,1984,449000.0,2022-08-05
ANG MO KIO,5-ROOM,93.1,20.0,2006,415000.0,2017-01-10
ANG MO KIO,5-ROOM,95.3,16.0,1975,388000.0,2018-07-28
GEYLANG,4-ROOM,108.5,8.0,1980,413000.0,2020-02-06
WOODLANDS,4-ROOM,116.5,8.0,1975,494000.0,2022-08-26
YISHUN,3-ROOM,77.7,8.0,1987,283000.0,2018-12-29
BEDOK,5-ROOM,118.7,2.0,1994,487000.0,2021-08-01
PUNGGOL,3-ROOM,84.9,25.0,1993,387000.0,2018-04-17
BEDOK,4-ROOM,130.0,22.0,1983,569000.0,2023-09-12
ANG MO KIO,3-ROOM,91.3,11.0,1991,428000.0,2022-01-07
BEDOK,3-ROOM,86.8,19.0,2005,361000.0,2018-02-05
PUNGGOL,3-ROOM,97.8,8.0,1990,460000.0,2022-12-16
BEDOK,5-ROOM,94.3,21.0,1977,234000.0,2023-02-03
BEDOK,3-ROOM,107.3,7.0,1981,476000.0,2018-06-15
PUNGGOL,5-ROOM,60.1,14.0,1978,247000.0,2023-04-22
BEDOK,3-ROOM,83.1,26.0,1991,373000.0,2022-06-25
HOUGANG,5-ROOM,94.8,29.0,2002,458000.0,2018-02-01
PUNGGOL,4-ROOM,91.7,12.0,1995,342000.0,2019-02-21
WOODLANDS,3-ROOM,107.7,1.0,2010,439000.0,2020-01-13
WOODLANDS,4-ROOM,80.0,22.0,1993,460000.0,2020-02-25
JURONG WEST,5-ROOM,104.9,1.0,1982,399000.0,2018-02-20
BEDOK,4-ROOM,116.6,19.0,1984,573000.0,2023-09-30
TAMPINES,4-ROOM,106.7,18.0,1989,481000.0,2018-01-25
YISHUN,4-ROOM,47.6,24.0,2003,193000.0,2021-01-31
GEYLANG,4-ROOM,102.0,21.0,1978,549000.0,2023-11-30
GEYLANG,EXECUTIVE,79.1,21.0,2013,377000.0,2019-05-11
PUNGGOL,3-ROOM,58.7,10.0,1982,223000.0,2017-02-27
ANG MO KIO,5-ROOM,101.8,22.0,1994,534000.0,2021-01-15
PUNGGOL,3-ROOM,81.9,16.0,2006,357000.0,2018-10-30
HOUGANG,4-ROOM,88.4,26.0,2006,383000.0,2021-12-15
TAMPINES,4-ROOM,82.1,1.0,2008,394000.0,2020-08-23
ANG MO KIO,5-ROOM,126.9,15.0,2003,574000.0,2020-05-29
PUNGGOL,4-ROOM,122.1,19.0,2012,586000.0,2017-04-03
WOODLANDS,4-ROOM,75.1,6.0,1993,370000.0,2020-05-08
ANG MO KIO,3-ROOM,95.3,24.0,2007,491000.0,2023-10-14
BEDOK,4-ROOM,98.6,3.0,2005,359000.0,2017-01-16
GEYLANG,5-ROOM,70.8,16.0,2010,311000.0,2022-05-03
HOUGANG,3-ROOM,126.1,7.0,2003,642000.0,2020-05-04
ANG MO KIO,4-ROOM,97.9,17.0,1977,407000.0,2021-03-25
WOODLANDS,3-ROOM,87.7,11.0,1981,415000.0,2019-12-15
BEDOK,3-ROOM,141.3,2.0,1983,556000.0,2018-07-10
BEDOK,5-ROOM,110.2,27.0,1979,544000.0,2020-09-23
GEYLANG,4-ROOM,98.1,22.0,1983,411000.0,2017-10-09
CLEMENTI,3-ROOM,121.7,15.0,2012,602000.0,2019-06-15
BEDOK,3-ROOM,97.6,26.0,2008,503000.0,2019-12-05
ANG MO KIO,4-ROOM,87.6,12.0,2002,394000.0,2023-07-04
GEYLANG,4-ROOM,90.3,26.0,2008,435000.0,2019-03-06
ANG MO KIO,3-ROOM,81.3,16.0,1990,357000.0,2017-02-19
WOODLANDS,5-ROOM,92.3,6.0,1975,363000.0,2021-02-16
JURONG WEST,4-ROOM,109.2,18.0,2002,496000.0,2017-11-11
WOODLANDS,4-ROOM,77.2,13.0,2010,349000.0,2019-01-29
HOUGANG,4-ROOM,79.3,20.0,1984,344000.0,2022-07-17
YISHUN,3-ROOM,80.2,1.0,1990,272000.0,2021-05-23
PUNGGOL,5-ROOM,91.5,8.0,2004,442000.0,2023-05-04
JURONG WEST,3-ROOM,105.8,22.0,1980,488000.0,2018-08-17
BEDOK,3-ROOM,98.0,21.0,1984,464000.0,2020-11-02
TAMPINES,4-ROOM,115.0,10.0,1978,430000.0,2019-07-03
YISHUN,5-ROOM,116.0,27.0,2003,575000.0,2019-01-03
ANG MO KIO,5-ROOM,113.5,10.0,2004,483000.0,2022-07-11
YISHUN,3-ROOM,99.3,22.0,1985,484000.0,2020-05-30
JURONG WEST,3-ROOM,76.5,4.0,2005,337000.0,2020-01-02
TAMPINES,3-ROOM,92.6,21.0,1984,509000.0,2022-01-08
YISHUN,5-ROOM,136.5,1.0,1983,567000.0,2022-09-29
YISHUN,5-ROOM,98.4,24.0,1986,481000.0,2021-11-15
BEDOK,5-ROOM,73.1,9.0,1985,327000.0,2021-07-06
BEDOK,4-ROOM,132.7,15.0,2006,545000.0,2017-10-23
HOUGANG,4-ROOM,98.6,6.0,2009,420000.0,2021-09-20
ANG MO KIO,3-ROOM,79.5,24.0,1998,378000.0,2017-10-19
BEDOK,4-ROOM,143.8,28.0,1975,713000.0,2017-04-16
JURONG WEST,5-ROOM,85.7,4.0,1979,300000.0,2021-12-19
PUNGGOL,3-ROOM,133.6,5.0,2014,589000.0,2021-08-13
WOODLANDS,4-ROOM,92.6,25.0,2011,452000.0,2021-05-07
HOUGANG,5-ROOM,64.1,14.0,2000,296000.0,2021-07-22
WOODLANDS,4-ROOM,40.0,27.0,1984,150000.0,2023-07-16
WOODLANDS,3-ROOM,111.1,24.0,1997,542000.0,2018-08-26
GEYLANG,3-ROOM,74.2,8.0,1990,256000.0,2018-09-24
YISHUN,EXECUTIVE,77.0,5.0,1994,303000.0,2022-08-11
CLEMENTI,5-ROOM,74.8,10.0,1985,224000.0,2021-05-25
JURONG WEST,3-ROOM,49.5,11.0,2009,246000.0,2019-08-28
ANG MO KIO,5-ROOM,86.0,7.0,1997,361000.0,2018-12-25
YISHUN,4-ROOM,67.6,13.0,1989,298000.0,2022-11-29
CLEMENTI,5-ROOM,83.1,11.0,2013,325000.0,2017-09-08
HOUGANG,3-ROOM,110.5,27.0,1983,446000.0,2021-10-11
ANG MO KIO,5-ROOM,110.6,19.0,2008,505000.0,2020-04-02
GEYLANG,4-ROOM,72.8,28.0,2004,378000.0,2021-06-20
ANG MO KIO,3-ROOM,84.1,8.0,2012,409000.0,2021-06-10
GEYLANG,3-ROOM,106.8,10.0,1998,498000.0,2017-02-15
YISHUN,4-ROOM,92.6,11.0,1990,443000.0,2019-03-20
PUNGGOL,4-ROOM,97.8,10.0,1987,406000.0,2023-09-05
TAMPINES,5-ROOM,79.9,16.0,2001,332000.0,2021-09-15
HOUGANG,4-ROOM,110.8,20.0,1985,527000.0,2023-04-01
GEYLANG,4-ROOM,119.7,22.0,1981,502000.0,2020-06-14
JURONG WEST,4-ROOM,81.3,1.0,1984,274000.0,2017-04-05
TAMPINES,EXECUTIVE,81.6,1.0,2002,385000.0,2020-06-15
TAMPINES,3-ROOM,72.8,1.0,2006,260000.0,2021-09-30
ANG MO KIO,4-ROOM,101.5,10.0,2013,464000.0,2023-10-18
TAMPINES,5-ROOM,91.4,14.0,1996,417000.0,2017-08-21
PUNGGOL,3-ROOM,110.6,15.0,1979,473000.0,2019-03-27
WOODLANDS,4-ROOM,106.2,1.0,1975,324000.0,2019-10-01
JURONG WEST,5-ROOM,124.5,13.0,1985,547000.0,2020-12-25
GEYLANG,EXECUTIVE,117.6,9.0,1995,502000.0,2022-06-06
HOUGANG,3-ROOM,86.0,5.0,1982,368000.0,2021-11-20
BEDOK,3-ROOM,94.0,9.0,1984,289000.0,2019-08-02
ANG MO KIO,5-ROOM,109.3,27.0,1996,498000.0,2021-03-25
WOODLANDS,4-ROOM,121.9,11.0,1999,500000.0,2022-06-11
HOUGANG,3-ROOM,81.5,23.0,2011,459000.0,2019-09-11
TAMPINES,5-ROOM,98.5,5.0,1979,343000.0,2020-02-05
CLEMENTI,4-ROOM,114.7,6.0,1996,458000.0,2022-02-23
JURONG WEST,4-ROOM,87.8,24.0,2003,532000.0,2020-08-23
ANG MO KIO,3-ROOM,111.7,25.0,2007,532000.0,2019-08-06
TAMPINES,4-ROOM,87.6,20.0,1981,424000.0,2020-08-25
BEDOK,3-ROOM,64.9,25.0,1985,281000.0,2018-05-12
BEDOK,5-ROOM,126.0,2.0,1989,571000.0,2021-10-23
CLEMENTI,3-ROOM,126.3,13.0,2005,604000.0,2020-08-13
CLEMENTI,EXECUTIVE,105.9,19.0,1978,497000.0,2021-04-05
YISHUN,4-ROOM,97.6,14.0,1979,408000.0,2017-09-13
HOUGANG,4-ROOM,118.9,22.0,1992,504000.0,2022-05-03
ANG MO KIO,4-ROOM,95.1,29.0,2000,549000.0,2021-12-17
CLEMENTI,3-ROOM,65.6,8.0,1989,166000.0,2021-11-21
JURONG WEST,5-ROOM,93.0,3.0,2013,378000.0,2023-01-12
TAMPINES,EXECUTIVE,136.1,16.0,2014,662000.0,2020-05-05
JURONG WEST,3-ROOM,87.6,20.0,1997,468000.0,2018-04-09
PUNGGOL,4-ROOM,140.7,19.0,1993,548000.0,2021-12-23
PUNGGOL,3-ROOM,78.4,20.0,2003,321000.0,2017-12-08
PUNGGOL,5-ROOM,70.4,9.0,2002,321000.0,2022-05-21
WOODLANDS,3-ROOM,65.4,6.0,1996,307000.0,2020-10-03
WOODLANDS,4-ROOM,106.6,1.0,1983,464000.0,2023-01-26
PUNGGOL,4-ROOM,87.6,1.0,1981,352000.0,2020-08-04
JURONG WEST,5-ROOM,92.4,16.0,1983,460000.0,2021-04-11
WOODLANDS,5-ROOM,100.5,4.0,1992,373000.0,2017-11-20
HOUGANG,3-ROOM,82.5,19.0,1999,361000.0,2022-06-03
JURONG WEST,EXECUTIVE,118.4,17.0,2008,567000.0,2021-09-27
PUNGGOL,5-ROOM,109.4,28.0,1978,508000.0,2022-01-29
GEYLANG,EXECUTIVE,102.1,2.0,2012,416000.0,2021-02-21
WOODLANDS,5-ROOM,70.3,16.0,1985,297000.0,2020-11-09
HOUGANG,3-ROOM,95.7,29.0,1987,469000.0,2019-07-30
TAMPINES,5-ROOM,86.9,28.0,1985,368000.0,2019-08-25
ANG MO KIO,4-ROOM,58.3,2.0,1994,156000.0,2017-05-31
TAMPINES,4-ROOM,80.0,29.0,1982,331000.0,2023-01-08
BEDOK,4-ROOM,113.8,25.0,2005,532000.0,2022-12-11
TAMPINES,4-ROOM,80.7,22.0,2006,422000.0,2018-03-20
HOUGANG,4-ROOM,125.8,1.0,1991,539000.0,2017-05-13
GEYLANG,3-ROOM,73.9,24.0,1998,356000.0,2023-07-14
HOUGANG,4-ROOM,99.5,13.0,2009,499000.0,2017-10-24
TAMPINES,5-ROOM,86.2,21.0,2001,390000.0,2017-04-21
CLEMENTI,EXECUTIVE,114.6,28.0,1989,487000.0,2017-04-03
GEYLANG,3-ROOM,83.1,17.0,1997,388000.0,2019-04-29
TAMPINES,5-ROOM,95.8,6.0,1975,394000.0,2018-09-19
HOUGANG,3-ROOM,75.5,20.0,1990,369000.0,2022-12-20
BEDOK,4-ROOM,77.6,13.0,1986,306000.0,2017-11-16
PUNGGOL,3-ROOM,61.4,22.0,1981,312000.0,2017-01-15
WOODLANDS,5-ROOM,92.7,11.0,1986,349000.0,2020-03-29
BEDOK,3-ROOM,129.2,15.0,1999,604000.0,2023-11-09
YISHUN,4-ROOM,72.8,11.0,2010,353000.0,2023-01-04
HOUGANG,5-ROOM,107.1,28.0,1976,501000.0,2020-02-04
JURONG WEST,EXECUTIVE,81.6,20.0,1998,318000.0,2023-03-24
BEDOK,5-ROOM,82.6,17.0,1985,301000.0,2017-03-01
TAMPINES,3-ROOM,96.0,26.0,2002,461000.0,2019-07-03
JURONG WEST,4-ROOM,98.6,23.0,2000,502000.0,2023-01-13
JURONG WEST,3-ROOM,77.2,16.0,1991,379000.0,2018-09-04
PUNGGOL,3-ROOM,123.5,2.0,1985,475000.0,2018-01-12
WOODLANDS,4-ROOM,66.0,26.0,1986,249000.0,2022-05-23
ANG MO KIO,5-ROOM,95.2,20.0,1992,442000.0,2022-11-18
GEYLANG,4-ROOM,98.2,2.0,1995,391000.0,2022-11-25
TAMPINES,3-ROOM,92.8,10.0,1995,408000.0,2022-02-25
TAMPINES,4-ROOM,118.6,16.0,2004,575000.0,2021-02-05
JURONG WEST,EXECUTIVE,152.8,28.0,2008,734000.0,2022-03-02
ANG MO KIO,5-ROOM,97.1,27.0,1998,470000.0,2022-09-30
JURONG WEST,5-ROOM,96.3,11.0,1979,441000.0,2018-12-24
CLEMENTI,4-ROOM,101.7,15.0,2000,469000.0,2018-03-11
WOODLANDS,5-ROOM,127.3,14.0,1975,551000.0,2019-12-02
ANG MO KIO,EXECUTIVE,111.9,26.0,1975,514000.0,2018-05-20
JURONG WEST,4-ROOM,107.9,3.0,2014,481000.0,2019-10-07
YISHUN,4-ROOM,73.8,12.0,2012,318000.0,2023-07-12
HOUGANG,4-ROOM,91.3,21.0,1977,390000.0,2022-03-05
CLEMENTI,3-ROOM,76.8,16.0,1981,297000.0,2019-03-14
WOODLANDS,EXECUTIVE,104.2,3.0,2001,461000.0,2023-04-02
GEYLANG,3-ROOM,54.6,12.0,1979,258000.0,2017-06-18
BEDOK,EXECUTIVE,96.4,4.0,1983,325000.0,2023-03-04
HOUGANG,5-ROOM,94.3,22.0,1986,535000.0,2020-03-22
ANG MO KIO,5-ROOM,74.9,6.0,2005,309000.0,2017-03-15
YISHUN,4-ROOM,107.6,4.0,2014,477000.0,2020-02-01
WOODLANDS,3-ROOM,99.0,5.0,2008,491000.0,2022-07-31
TAMPINES,5-ROOM,92.2,12.0,1997,401000.0,2018-09-10
WOODLANDS,5-ROOM,79.7,1.0,1992,375000.0,2018-03-05
ANG MO KIO,4-ROOM,130.0,15.0,1996,552000.0,2020-01-26
JURONG WEST,EXECUTIVE,92.1,20.0,1986,392000.0,2020-03-11
BEDOK,3-ROOM,80.2,5.0,1998,325000.0,2019-03-28
WOODLANDS,5-ROOM,94.8,12.0,1987,450000.0,2019-11-23
ANG MO KIO,3-ROOM,106.0,19.0,2002,520000.0,2020-07-27
BEDOK,3-ROOM,99.8,6.0,2001,491000.0,2020-11-12
HOUGANG,EXECUTIVE,90.3,11.0,2007,352000.0,2017-02-22
CLEMENTI,4-ROOM,65.9,23.0,2005,366000.0,2023-08-21
GEYLANG,4-ROOM,93.3,6.0,1988,396000.0,2022-12-18
WOODLANDS,4-ROOM,117.8,14.0,1991,570000.0,2023-03-29
YISHUN,EXECUTIVE,52.0,22.0,1982,160000.0,2019-10-19
JURONG WEST,5-ROOM,137.1,19.0,1984,626000.0,2019-01-17
JURONG WEST,EXECUTIVE,69.1,23.0,1989,333000.0,2018-07-11
TAMPINES,3-ROOM,130.9,17.0,1995,625000.0,2020-02-08
WOODLANDS,4-ROOM,104.0,26.0,1980,439000.0,2021-05-26
BEDOK,5-ROOM,72.8,29.0,1977,352000.0,2017-06-29
WOODLANDS,5-ROOM,57.2,7.0,2007,232000.0,2022-06-24
BEDOK,5-ROOM,60.9,15.0,2011,294000.0,2021-09-21
CLEMENTI,3-ROOM,97.9,16.0,1988,495000.0,2019-07-15
BEDOK,4-ROOM,98.9,18.0,1992,453000.0,2021-03-28
ANG MO KIO,3-ROOM,78.2,5.0,2013,348000.0,2018-08-17
HOUGANG,4-ROOM,99.1,19.0,1981,416000.0,2021-02-04
GEYLANG,4-ROOM,103.2,20.0,2011,475000.0,2018-11-06
BEDOK,EXECUTIVE,120.1,28.0,1991,582000.0,2022-09-01
PUNGGOL,4-ROOM,72.3,3.0,1977,286000.0,2020-12-18
BEDOK,4-ROOM,107.7,10.0,1980,481000.0,2019-01-05
HOUGANG,5-ROOM,85.1,1.0,2003,345000.0,2022-08-09
CLEMENTI,5-ROOM,120.0,10.0,1985,566000.0,2020-04-12
YISHUN,5-ROOM,73.9,8.0,1977,265000.0,2023-10-31
GEYLANG,5-ROOM,89.6,10.0,1990,364000.0,2020-03-26
CLEMENTI,3-ROOM,126.1,2.0,1976,501000.0,2022-10-29
CLEMENTI,5-ROOM,104.7,11.0,1983,433000.0,2020-02-16
CLEMENTI,4-ROOM,77.3,16.0,2008,371000.0,2017-06-07
TAMPINES,3-ROOM,111.1,9.0,2012,559000.0,2021-04-08
JURONG WEST,EXECUTIVE,102.6,1.0,1977,433000.0,2021-04-15
HOUGANG,3-ROOM,67.4,9.0,1998,239000.0,2023-03-16
WOODLANDS,3-ROOM,65.2,23.0,2006,325000.0,2017-05-28
JURONG WEST,5-ROOM,135.7,16.0,1989,537000.0,2022-02-28
ANG MO KIO,4-ROOM,128.4,6.0,1992,541000.0,2019-03-01
JURONG WEST,4-ROOM,76.0,20.0,1997,328000.0,2022-05-16
ANG MO KIO,4-ROOM,129.7,8.0,1987,578000.0,2023-04-12
JURONG WEST,5-ROOM,119.0,25.0,1975,542000.0,2019-11-12
PUNGGOL,3-ROOM,92.6,8.0,1978,397000.0,2022-02-02
GEYLANG,3-ROOM,120.8,25.0,1976,496000.0,2021-12-06
JURONG WEST,4-ROOM,81.2,13.0,1984,412000.0,2021-05-15
PUNGGOL,3-ROOM,41.9,26.0,1980,189000.0,2017-09-29
ANG MO KIO,3-ROOM,133.7,5.0,1975,523000.0,2020-06-07
CLEMENTI,5-ROOM,122.5,6.0,1982,519000.0,2023-05-08
JURONG WEST,3-ROOM,107.1,1.0,1999,480000.0,2021-03-04
ANG MO KIO,4-ROOM,122.3,24.0,1975,542000.0,2022-07-21
TAMPINES,5-ROOM,86.6,10.0,2013,418000.0,2021-06-04
HOUGANG,5-ROOM,108.0,28.0,1986,511000.0,2020-01-15
BEDOK,4-ROOM,85.8,9.0,1985,362000.0,2017-01-06
HOUGANG,5-ROOM,112.5,23.0,1992,586000.0,2017-04-14
PUNGGOL,5-ROOM,67.3,25.0,1998,320000.0,2022-02-07
JURONG WEST,4-ROOM,93.9,9.0,2006,463000.0,2020-10-23
ANG MO KIO,3-ROOM,60.4,20.0,1988,273000.0,2022-02-17
BEDOK,3-ROOM,86.8,26.0,1977,438000.0,2020-05-04
BEDOK,3-ROOM,123.1,27.0,2008,629000.0,2018-11-11
CLEMENTI,4-ROOM,64.8,26.0,1979,283000.0,2017-07-17
HOUGANG,3-ROOM,101.7,20.0,1975,434000.0,2019-04-26
BEDOK,5-ROOM,111.2,17.0,1981,525000.0,2022-03-17
CLEMENTI,3-ROOM,95.5,21.0,2013,447000.0,2020-09-06
YISHUN,5-ROOM,94.8,6.0,1996,395000.0,2018-09-28
WOODLANDS,3-ROOM,74.9,5.0,2014,313000.0,2021-04-21
TAMPINES,3-ROOM,56.7,18.0,2001,298000.0,2022-10-01
GEYLANG,4-ROOM,93.7,19.0,2008,498000.0,2021-09-28
CLEMENTI,3-ROOM,106.9,26.0,1982,518000.0,2017-03-02
BEDOK,4-ROOM,90.7,2.0,1982,315000.0,2022-11-23
TAMPINES,5-ROOM,66.1,28.0,2003,323000.0,2023-09-01
WOODLANDS,4-ROOM,130.7,3.0,2007,600000.0,2020-09-30
PUNGGOL,5-ROOM,89.9,7.0,1999,373000.0,2021-09-07
BEDOK,3-ROOM,121.5,11.0,1977,451000.0,2018-04-12
JURONG WEST,4-ROOM,100.3,26.0,2011,544000.0,2017-08-15
BEDOK,EXECUTIVE,134.2,18.0,1990,569000.0,2018-05-18
PUNGGOL,3-ROOM,99.2,26.0,1999,458000.0,2018-11-22
WOODLANDS,5-ROOM,81.6,27.0,1992,416000.0,2021-02-17
YISHUN,3-ROOM,90.5,19.0,2002,462000.0,2018-12-14
BEDOK,3-ROOM,105.5,14.0,1988,374000.0,2019-03-19
JURONG WEST,4-ROOM,127.7,1.0,2007,479000.0,2017-10-18
JURONG WEST,4-ROOM,91.2,1.0,1980,368000.0,2019-06-27
GEYLANG,3-ROOM,89.1,8.0,1994,445000.0,2019-11-27
BEDOK,5-ROOM,118.0,28.0,1979,522000.0,2022-03-18
JURONG WEST,5-ROOM,138.0,2.0,1981,648000.0,2018-04-18
PUNGGOL,4-ROOM,77.1,1.0,1999,315000.0,2020-10-05
HOUGANG,3-ROOM,71.7,28.0,1978,309000.0,2018-02-21
YISHUN,3-ROOM,109.5,11.0,2011,533000.0,2017-06-14
GEYLANG,4-ROOM,67.1,18.0,2009,321000.0,2019-11-29
ANG MO KIO,3-ROOM,59.0,17.0,2009,283000.0,2019-09-14
HOUGANG,4-ROOM,107.8,26.0,1982,511000.0,2018-03-23
GEYLANG,EXECUTIVE,99.3,19.0,1986,340000.0,2017-10-03
GEYLANG,5-ROOM,89.4,17.0,1981,375000.0,2017-03-29
TAMPINES,3-ROOM,131.1,29.0,2009,661000.0,2018-08-01
YISHUN,3-ROOM,85.1,19.0,2003,368000.0,2021-05-04
CLEMENTI,4-ROOM,102.9,13.0,1993,444000.0,2022-01-21
PUNGGOL,4-ROOM,143.2,16.0,2005,703000.0,2017-08-29
WOODLANDS,3-ROOM,130.0,16.0,1978,569000.0,2022-07-03
YISHUN,3-ROOM,152.0,15.0,1991,620000.0,2021-07-08
HOUGANG,4-ROOM,99.0,20.0,2001,461000.0,2023-12-06
BEDOK,3-ROOM,74.8,2.0,1983,317000.0,2020-04-09
YISHUN,5-ROOM,80.6,10.0,1984,278000.0,2021-09-28
ANG MO KIO,4-ROOM,96.6,28.0,1984,514000.0,2017-04-08
BEDOK,EXECUTIVE,66.1,13.0,1991,208000.0,2017-05-01
ANG MO KIO,4-ROOM,75.1,29.0,2003,392000.0,2019-08-13
BEDOK,4-ROOM,96.6,27.0,2007,501000.0,2020-08-24
ANG MO KIO,4-ROOM,96.1,10.0,1996,392000.0,2023-09-27
WOODLANDS,5-ROOM,100.0,10.0,1991,479000.0,2021-03-23
WOODLANDS,EXECUTIVE,96.6,3.0,1984,347000.0,2020-06-02
TAMPINES,4-ROOM,88.2,19.0,2002,508000.0,2020-06-16
GEYLANG,4-ROOM,81.2,12.0,1979,360000.0,2021-05-03
YISHUN,3-ROOM,97.2,8.0,1987,414000.0,2022-06-22
ANG MO KIO,5-ROOM,90.0,8.0,2012,459000.0,2018-03-07
WOODLANDS,4-ROOM,78.1,21.0,2014,464000.0,2018-04-14
GEYLANG,4-ROOM,103.1,26.0,1981,568000.0,2023-01-24
YISHUN,5-ROOM,55.2,23.0,1987,232000.0,2019-05-12
TAMPINES,3-ROOM,73.5,10.0,2012,415000.0,2020-10-06
YISHUN,4-ROOM,94.1,27.0,1983,391000.0,2022-10-25
PUNGGOL,3-ROOM,92.9,16.0,1983,355000.0,2020-05-10
GEYLANG,4-ROOM,102.1,7.0,2009,460000.0,2020-09-10
WOODLANDS,EXECUTIVE,103.8,27.0,1976,502000.0,2019-04-06
GEYLANG,4-ROOM,93.3,10.0,2002,409000.0,2017-07-17
PUNGGOL,4-ROOM,100.1,1.0,1993,410000.0,2019-08-26
GEYLANG,EXECUTIVE,102.0,15.0,1975,415000.0,2019-01-21
BEDOK,EXECUTIVE,138.1,14.0,1996,623000.0,2017-09-11
PUNGGOL,4-ROOM,104.5,24.0,1994,557000.0,2019-12-31
GEYLANG,3-ROOM,72.2,8.0,1999,311000.0,2018-03-11
HOUGANG,5-ROOM,120.5,14.0,1993,577000.0,2018-09-05
TAMPINES,3-ROOM,123.2,1.0,2010,505000.0,2017-03-25
YISHUN,EXECUTIVE,91.1,13.0,2008,484000.0,2019-11-12
ANG MO KIO,3-ROOM,88.9,22.0,1988,357000.0,2017-11-02
WOODLANDS,3-ROOM,123.8,3.0,2000,598000.0,2023-08-18
GEYLANG,4-ROOM,92.9,28.0,1985,487000.0,2023-08-01
BEDOK,5-ROOM,94.2,21.0,1978,372000.0,2020-07-22
BEDOK,3-ROOM,100.9,28.0,1983,471000.0,2021-12-03
PUNGGOL,3-ROOM,104.5,21.0,2014,460000.0,2018-11-22
ANG MO KIO,5-ROOM,97.3,24.0,1994,535000.0,2023-12-14
CLEMENTI,3-ROOM,68.0,22.0,2007,322000.0,2021-03-08
HOUGANG,3-ROOM,84.0,8.0,1998,344000.0,2018-04-30
GEYLANG,4-ROOM,82.7,9.0,2006,300000.0,2019-08-11
BEDOK,EXECUTIVE,104.3,10.0,1976,467000.0,2022-10-25
CLEMENTI,5-ROOM,66.8,1.0,1977,191000.0,2023-11-21
ANG MO KIO,5-ROOM,73.9,19.0,1976,372000.0,2023-04-24
CLEMENTI,5-ROOM,154.3,27.0,1994,689000.0,2022-10-08
CLEMENTI,5-ROOM,99.4,23.0,2001,434000.0,2023-01-18
BEDOK,EXECUTIVE,90.4,19.0,1994,448000.0,2021-04-24
PUNGGOL,5-ROOM,82.9,24.0,1983,412000.0,2021-10-21
WOODLANDS,4-ROOM,63.6,21.0,1987,344000.0,2021-06-27
TAMPINES,EXECUTIVE,71.6,17.0,2005,328000.0,2022-12-05
TAMPINES,3-ROOM,96.4,3.0,1981,454000.0,2021-03-24
BEDOK,EXECUTIVE,53.5,14.0,2010,255000.0,2018-02-25
YISHUN,5-ROOM,63.5,8.0,1986,314000.0,2023-05-02
HOUGANG,5-ROOM,107.4,29.0,2001,575000.0,2017-08-02
GEYLANG,3-ROOM,136.9,26.0,1975,649000.0,2022-05-14
BEDOK,3-ROOM,114.0,18.0,1993,526000.0,2018-02-05
GEYLANG,5-ROOM,103.2,13.0,1996,448000.0,2020-11-15
GEYLANG,4-ROOM,86.6,9.0,1980,346000.0,2022-09-28
HOUGANG,4-ROOM,97.1,8.0,2011,428000.0,2021-02-12
CLEMENTI,5-ROOM,68.0,15.0,1995,311000.0,2023-10-22
YISHUN,3-ROOM,92.7,16.0,2006,427000.0,2019-06-12
JURONG WEST,3-ROOM,85.1,18.0,1982,332000.0,2023-02-21
ANG MO KIO,4-ROOM,76.4,7.0,1975,247000.0,2017-01-12
TAMPINES,5-ROOM,93.2,13.0,1980,392000.0,2022-07-20
ANG MO KIO,5-ROOM,98.2,22.0,1976,452000.0,2018-04-04
GEYLANG,4-ROOM,80.0,3.0,1991,260000.0,2022-12-14
GEYLANG,4-ROOM,108.1,1.0,1988,455000.0,2021-12-12
CLEMENTI,4-ROOM,54.5,26.0,1987,296000.0,2020-12-14
YISHUN,3-ROOM,110.2,1.0,1996,375000.0,2017-09-23
WOODLANDS,3-ROOM,82.3,7.0,1975,329000.0,2017-12-31
TAMPINES,EXECUTIVE,62.3,23.0,1981,299000.0,2023-05-20
JURONG WEST,3-ROOM,84.4,6.0,2000,362000.0,2020-08-29
JURONG WEST,5-ROOM,89.5,19.0,2012,435000.0,2018-02-26
ANG MO KIO,4-ROOM,94.3,29.0,1981,534000.0,2017-09-28
ANG MO KIO,3-ROOM,76.2,23.0,1983,369000.0,2017-03-31
YISHUN,4-ROOM,80.0,9.0,2002,325000.0,2022-01-18
HOUGANG,4-ROOM,66.5,27.0,2001,328000.0,2019-10-25
TAMPINES,3-ROOM,102.3,18.0,2002,459000.0,2021-02-21
JURONG WEST,3-ROOM,79.2,15.0,1988,294000.0,2022-05-20
PUNGGOL,3-ROOM,112.5,5.0,1979,452000.0,2022-09-27
PUNGGOL,4-ROOM,135.5,15.0,1979,608000.0,2022-12-25
TAMPINES,4-ROOM,89.3,26.0,2005,382000.0,2017-12-31
BEDOK,4-ROOM,67.8,26.0,2006,300000.0,2023-10-29
ANG MO KIO,4-ROOM,80.6,8.0,2001,379000.0,2020-07-06
CLEMENTI,5-ROOM,83.3,4.0,1987,350000.0,2017-10-06
BEDOK,4-ROOM,93.5,10.0,2009,460000.0,2023-10-01
GEYLANG,3-ROOM,116.8,19.0,1983,540000.0,2019-12-09
CLEMENTI,3-ROOM,53.3,22.0,1988,232000.0,2021-11-09
CLEMENTI,4-ROOM,104.8,3.0,1995,507000.0,2020-04-10
WOODLANDS,5-ROOM,99.1,12.0,1997,495000.0,2017-09-24
GEYLANG,3-ROOM,94.8,3.0,1987,413000.0,2017-01-12
HOUGANG,5-ROOM,122.1,18.0,1976,520000.0,2018-08-20
TAMPINES,4-ROOM,98.9,2.0,2004,369000.0,2023-01-01
TAMPINES,5-ROOM,95.9,28.0,1999,491000.0,2020-08-15
TAMPINES,3-ROOM,88.6,7.0,2008,374000.0,2021-02-12
HOUGANG,3-ROOM,106.4,15.0,1986,540000.0,2019-07-05
PUNGGOL,4-ROOM,107.0,22.0,2000,505000.0,2021-03-30
GEYLANG,5-ROOM,96.0,24.0,1977,436000.0,2020-06-21
HOUGANG,5-ROOM,113.1,19.0,1977,561000.0,2021-03-12
TAMPINES,3-ROOM,105.6,28.0,2005,507000.0,2021-05-01
WOODLANDS,5-ROOM,95.9,18.0,1977,413000.0,2020-04-08
BEDOK,4-ROOM,101.4,9.0,2010,471000.0,2021-04-26
HOUGANG,EXECUTIVE,97.6,21.0,1986,418000.0,2022-09-02
YISHUN,4-ROOM,97.2,26.0,1996,430000.0,2021-02-13
WOODLANDS,3-ROOM,62.3,5.0,2010,301000.0,2023-08-29
BEDOK,5-ROOM,62.6,11.0,1995,303000.0,2022-04-27
JURONG WEST,5-ROOM,108.0,19.0,1986,539000.0,2021-05-03
JURONG WEST,5-ROOM,131.2,24.0,2004,656000.0,2019-06-11
GEYLANG,3-ROOM,101.8,4.0,1999,462000.0,2018-10-11
GEYLANG,4-ROOM,75.4,23.0,1988,378000.0,2017-06-22
YISHUN,4-ROOM,116.3,23.0,1986,450000.0,2022-06-13
WOODLANDS,5-ROOM,83.0,8.0,1998,385000.0,2017-04-04
BEDOK,3-ROOM,134.5,18.0,1981,568000.0,2019-04-04
ANG MO KIO,4-ROOM,110.1,15.0,2012,477000.0,2022-07-23
ANG MO KIO,4-ROOM,86.0,4.0,1981,359000.0,2020-08-06
ANG MO KIO,4-ROOM,104.7,26.0,2010,525000.0,2018-03-18
ANG MO KIO,3-ROOM,90.9,1.0,1976,359000.0,2019-09-19
GEYLANG,3-ROOM,108.9,29.0,2007,589000.0,2022-03-25
BEDOK,3-ROOM,76.9,1.0,1998,239000.0,2021-03-29
PUNGGOL,5-ROOM,90.0,5.0,1991,361000.0,2017-11-12
TAMPINES,3-ROOM,85.6,8.0,1980,384000.0,2019-01-27
ANG MO KIO,3-ROOM,76.1,11.0,1975,294000.0,2020-08-25
GEYLANG,5-ROOM,86.8,6.0,2000,358000.0,2020-09-08
TAMPINES,5-ROOM,119.9,15.0,1999,482000.0,2022-09-12
CLEMENTI,EXECUTIVE,112.0,18.0,1986,532000.0,2020-02-08
GEYLANG,EXECUTIVE,73.2,4.0,1978,276000.0,2023-03-25
CLEMENTI,3-ROOM,112.5,10.0,1981,451000.0,2022-02-01
GEYLANG,5-ROOM,96.1,8.0,1996,458000.0,2018-04-01
ANG MO KIO,3-ROOM,40.0,11.0,1980,150000.0,2017-06-04
YISHUN,4-ROOM,100.6,2.0,2003,463000.0,2020-12-22
TAMPINES,4-ROOM,129.2,27.0,2009,709000.0,2021-09-14
CLEMENTI,5-ROOM,92.2,17.0,1991,399000.0,2018-12-21
ANG MO KIO,4-ROOM,80.3,6.0,1997,383000.0,2023-07-10
YISHUN,5-ROOM,129.5,15.0,1981,549000.0,2022-12-19
HOUGANG,4-ROOM,48.2,6.0,2005,150000.0,2021-01-21
YISHUN,3-ROOM,81.5,17.0,1989,363000.0,2021-10-08
BEDOK,4-ROOM,119.8,3.0,1986,433000.0,2020-08-28
CLEMENTI,3-ROOM,101.5,29.0,2010,513000.0,2019-11-01
YISHUN,5-ROOM,95.0,29.0,1998,472000.0,2023-11-17
GEYLANG,3-ROOM,93.3,4.0,2008,406000.0,2022-02-18
PUNGGOL,3-ROOM,62.9,24.0,1986,328000.0,2021-04-23
WOODLANDS,EXECUTIVE,126.3,19.0,2007,668000.0,2018-08-17
YISHUN,5-ROOM,122.7,19.0,1992,536000.0,2023-03-07
CLEMENTI,4-ROOM,92.3,7.0,1982,345000.0,2018-02-03
ANG MO KIO,EXECUTIVE,64.9,17.0,1999,208000.0,2018-05-24
ANG MO KIO,EXECUTIVE,110.5,26.0,1982,522000.0,2023-11-17
TAMPINES,4-ROOM,97.0,25.0,2014,543000.0,2017-06-05
WOODLANDS,5-ROOM,82.2,4.0,2014,347000.0,2017-11-21
BEDOK,3-ROOM,116.7,27.0,1975,477000.0,2022-10-07
CLEMENTI,5-ROOM,100.5,29.0,1994,539000.0,2020-03-01
CLEMENTI,4-ROOM,134.6,19.0,1985,564000.0,2022-12-28
JURONG WEST,3-ROOM,61.2,15.0,1975,327000.0,2018-03-14
ANG MO KIO,5-ROOM,58.7,29.0,2000,250000.0,2020-09-14
WOODLANDS,3-ROOM,82.6,11.0,2003,388000.0,2020-09-26
CLEMENTI,5-ROOM,117.1,10.0,1999,515000.0,2020-11-30
JURONG WEST,EXECUTIVE,92.3,22.0,1975,407000.0,2021-01-02
WOODLANDS,3-ROOM,113.9,29.0,1995,534000.0,2017-05-02
CLEMENTI,4-ROOM,73.0,28.0,2008,468000.0,2020-07-01
BEDOK,4-ROOM,59.5,29.0,1993,338000.0,2020-07-29
TAMPINES,4-ROOM,103.1,20.0,2006,489000.0,2022-06-24
WOODLANDS,4-ROOM,111.2,4.0,1990,453000.0,2017-07-23
GEYLANG,4-ROOM,67.9,3.0,2004,322000.0,2019-02-22
GEYLANG,3-ROOM,90.4,10.0,1982,410000.0,2018-09-11
WOODLANDS,4-ROOM,118.0,15.0,1998,546000.0,2017-06-25
WOODLANDS,3-ROOM,75.2,21.0,2009,341000.0,2018-03-08
BEDOK,4-ROOM,69.3,5.0,1975,256000.0,2023-07-30
JURONG WEST,3-ROOM,113.9,24.0,1984,533000.0,2023-06-18
GEYLANG,5-ROOM,155.9,8.0,2010,701000.0,2019-11-30
JURONG WEST,5-ROOM,90.4,5.0,2010,435000.0,2017-07-03
JURONG WEST,4-ROOM,82.3,5.0,2013,352000.0,2023-11-09
YISHUN,4-ROOM,87.4,16.0,2008,457000.0,2018-02-01
GEYLANG,5-ROOM,133.2,17.0,1997,583000.0,2021-04-01
BEDOK,4-ROOM,69.1,19.0,1982,325000.0,2018-12-17
TAMPINES,5-ROOM,133.1,7.0,2013,593000.0,2018-11-25
ANG MO KIO,5-ROOM,65.1,23.0,2006,331000.0,2023-04-15
TAMPINES,EXECUTIVE,108.9,23.0,2011,531000.0,2022-05-29
ANG MO KIO,3-ROOM,78.5,3.0,2006,236000.0,2021-08-05
JURONG WEST,5-ROOM,99.7,12.0,1979,435000.0,2017-10-11
WOODLANDS,EXECUTIVE,116.1,25.0,1999,595000.0,2018-01-31
CLEMENTI,4-ROOM,109.7,18.0,1995,512000.0,2018-03-17
TAMPINES,3-ROOM,81.9,1.0,2005,278000.0,2018-04-02
JURONG WEST,4-ROOM,107.1,22.0,1978,494000.0,2020-01-13
WOODLANDS,4-ROOM,112.4,1.0,2004,474000.0,2019-04-12
WOODLANDS,4-ROOM,68.3,20.0,2000,360000.0,2019-03-21
GEYLANG,3-ROOM,96.0,12.0,2008,464000.0,2022-12-13
TAMPINES,EXECUTIVE,82.3,16.0,1986,315000.0,2023-01-14
HOUGANG,4-ROOM,115.0,13.0,1991,498000.0,2023-12-24
BEDOK,5-ROOM,139.1,4.0,1982,560000.0,2022-10-12
PUNGGOL,3-ROOM,60.5,6.0,1975,282000.0,2022-04-25
JURONG WEST,5-ROOM,82.6,11.0,1990,312000.0,2018-09-28
TAMPINES,3-ROOM,119.2,12.0,1977,471000.0,2023-05-20
CLEMENTI,4-ROOM,79.3,14.0,1998,294000.0,2020-11-11
WOODLANDS,5-ROOM,85.8,3.0,1976,345000.0,2018-12-18
CLEMENTI,3-ROOM,120.5,27.0,1980,597000.0,2021-08-15
YISHUN,5-ROOM,113.7,5.0,1997,577000.0,2020-12-19
HOUGANG,4-ROOM,106.9,11.0,1993,510000.0,2018-09-09
ANG MO KIO,EXECUTIVE,95.6,29.0,1976,466000.0,2023-03-04
BEDOK,3-ROOM,70.7,15.0,1991,333000.0,2018-08-12
PUNGGOL,4-ROOM,105.9,28.0,2009,581000.0,2021-09-14
CLEMENTI,5-ROOM,98.8,26.0,2011,527000.0,2017-11-17
BEDOK,4-ROOM,115.5,3.0,2004,534000.0,2023-11-28
GEYLANG,EXECUTIVE,110.4,20.0,2007,460000.0,2022-04-29
BEDOK,5-ROOM,143.1,29.0,1979,641000.0,2018-12-01
CLEMENTI,EXECUTIVE,84.3,14.0,1977,414000.0,2019-12-28
CLEMENTI,5-ROOM,145.2,2.0,1994,620000.0,2021-02-27
HOUGANG,5-ROOM,84.4,19.0,2009,445000.0,2017-09-19
PUNGGOL,4-ROOM,87.7,18.0,1978,416000.0,2021-11-01
WOODLANDS,3-ROOM,94.0,5.0,1992,372000.0,2017-06-23
PUNGGOL,4-ROOM,64.4,18.0,2011,407000.0,2023-08-10
HOUGANG,4-ROOM,110.7,17.0,1980,472000.0,2018-04-08
HOUGANG,5-ROOM,57.2,19.0,2005,284000.0,2019-11-05
JURONG WEST,3-ROOM,67.2,19.0,1986,282000.0,2018-08-24
PUNGGOL,3-ROOM,84.9,14.0,2001,351000.0,2021-03-23
TAMPINES,4-ROOM,58.5,15.0,1982,213000.0,2022-11-10
YISHUN,5-ROOM,88.3,8.0,1989,338000.0,2020-05-15
CLEMENTI,4-ROOM,93.7,10.0,1992,356000.0,2018-03-23
BEDOK,4-ROOM,50.3,23.0,2012,284000.0,2022-05-06
BEDOK,3-ROOM,134.7,14.0,1999,604000.0,2021-06-12
TAMPINES,3-ROOM,96.9,16.0,1988,445000.0,2017-03-15
JURONG WEST,3-ROOM,79.5,17.0,2008,387000.0,2021-08-14
YISHUN,5-ROOM,73.4,16.0,2009,337000.0,2019-11-14
HOUGANG,4-ROOM,43.2,28.0,1994,218000.0,2019-08-30
YISHUN,3-ROOM,113.8,9.0,1996,488000.0,2021-03-18
GEYLANG,3-ROOM,103.5,5.0,1985,486000.0,2022-04-07
PUNGGOL,4-ROOM,85.0,3.0,2004,327000.0,2018-04-06
WOODLANDS,4-ROOM,86.4,4.0,2003,364000.0,2022-09-04
TAMPINES,4-ROOM,82.8,16.0,1998,386000.0,2022-10-21
TAMPINES,3-ROOM,92.9,3.0,1997,370000.0,2017-02-06
HOUGANG,5-ROOM,136.1,18.0,2013,659000.0,2023-04-14
WOODLANDS,4-ROOM,88.7,21.0,1991,383000.0,2021-03-29
BEDOK,5-ROOM,87.0,3.0,1979,340000.0,2019-05-14
PUNGGOL,4-ROOM,133.7,2.0,2014,625000.0,2019-03-04
YISHUN,3-ROOM,75.3,4.0,2008,309000.0,2019-11-29
YISHUN,3-ROOM,122.5,28.0,2009,619000.0,2019-07-17
YISHUN,4-ROOM,70.9,16.0,2014,278000.0,2020-11-03
WOODLANDS,5-ROOM,63.6,7.0,1997,304000.0,2023-09-14
ANG MO KIO,3-ROOM,91.7,21.0,1978,436000.0,2023-05-06
ANG MO KIO,4-ROOM,99.6,17.0,1994,422000.0,2023-12-02
WOODLANDS,4-ROOM,91.6,27.0,1975,457000.0,2017-04-15
HOUGANG,4-ROOM,82.6,6.0,1998,370000.0,2023-03-28
CLEMENTI,4-ROOM,106.7,13.0,2003,509000.0,2023-09-06
BEDOK,3-ROOM,119.2,14.0,2013,561000.0,2019-09-10
GEYLANG,3-ROOM,114.9,14.0,2002,530000.0,2018-12-18
CLEMENTI,4-ROOM,97.0,14.0,2014,513000.0,2022-09-13
TAMPINES,4-ROOM,114.9,2.0,1979,466000.0,2017-09-02
BEDOK,3-ROOM,88.5,5.0,1988,376000.0,2023-06-27
TAMPINES,5-ROOM,94.4,19.0,1988,425000.0,2021-07-22
ANG MO KIO,5-ROOM,115.6,13.0,2012,532000.0,2018-08-14
GEYLANG,4-ROOM,98.7,3.0,1976,383000.0,2017-09-17
TAMPINES,4-ROOM,73.6,24.0,1984,357000.0,2019-08-16
GEYLANG,4-ROOM,112.6,27.0,1998,581000.0,2023-06-24
JURONG WEST,5-ROOM,123.1,22.0,2008,607000.0,2021-06-08
GEYLANG,5-ROOM,94.5,14.0,2013,467000.0,2017-01-21
BEDOK,4-ROOM,100.7,28.0,2004,479000.0,2022-12-31
WOODLANDS,5-ROOM,71.2,3.0,1992,310000.0,2017-08-09
GEYLANG,3-ROOM,130.9,1.0,2014,553000.0,2018-10-25
CLEMENTI,5-ROOM,114.9,6.0,1978,503000.0,2021-09-20
HOUGANG,5-ROOM,72.9,12.0,1981,295000.0,2018-09-12
YISHUN,3-ROOM,75.7,9.0,1985,351000.0,2023-11-06
WOODLANDS,5-ROOM,101.7,2.0,1989,408000.0,2020-11-09
TAMPINES,4-ROOM,117.8,3.0,1984,465000.0,2018-01-29
BEDOK,3-ROOM,62.4,11.0,1982,299000.0,2017-03-03
WOODLANDS,5-ROOM,95.6,17.0,2011,445000.0,2022-01-01
JURONG WEST,3-ROOM,113.8,3.0,2007,600000.0,2019-04-13
JURONG WEST,4-ROOM,103.1,25.0,2003,527000.0,2022-11-12
HOUGANG,5-ROOM,99.0,10.0,1987,464000.0,2021-10-17
CLEMENTI,EXECUTIVE,71.7,19.0,1977,277000.0,2017-11-03
GEYLANG,5-ROOM,51.7,11.0,1983,188000.0,2018-04-11
YISHUN,5-ROOM,121.8,5.0,2007,529000.0,2018-10-08
GEYLANG,5-ROOM,79.7,27.0,1977,340000.0,2018-03-20
JURONG WEST,3-ROOM,104.2,23.0,2010,501000.0,2023-12-30
TAMPINES,3-ROOM,127.2,22.0,1991,615000.0,2018-10-04
YISHUN,4-ROOM,102.9,11.0,1995,444000.0,2022-06-28
YISHUN,4-ROOM,109.7,18.0,1994,498000.0,2023-01-18
TAMPINES,3-ROOM,82.5,19.0,2006,420000.0,2019-01-08
JURONG WEST,3-ROOM,72.3,11.0,2004,369000.0,2022-10-02
BEDOK,4-ROOM,98.3,21.0,2000,565000.0,2018-05-21
JURONG WEST,5-ROOM,95.2,17.0,1978,416000.0,2017-07-10
WOODLANDS,4-ROOM,69.7,15.0,1977,298000.0,2018-03-13
TAMPINES,5-ROOM,105.6,3.0,1988,508000.0,2018-12-19
PUNGGOL,5-ROOM,60.5,4.0,1995,232000.0,2021-12-14
HOUGANG,3-ROOM,46.2,20.0,2014,341000.0,2023-01-10
BEDOK,EXECUTIVE,99.5,19.0,2007,480000.0,2021-12-08
HOUGANG,3-ROOM,130.0,13.0,1986,576000.0,2017-01-29
CLEMENTI,4-ROOM,78.1,7.0,1996,326000.0,2023-09-30
JURONG WEST,3-ROOM,77.9,11.0,1983,323000.0,2017-08-23
YISHUN,4-ROOM,109.8,18.0,1983,516000.0,2023-11-27
YISHUN,5-ROOM,73.0,21.0,1980,275000.0,2022-04-09
YISHUN,5-ROOM,82.2,14.0,1977,323000.0,2020-12-11
WOODLANDS,3-ROOM,88.4,28.0,1982,406000.0,2018-09-21
TAMPINES,4-ROOM,114.7,19.0,2001,555000.0,2017-09-23
HOUGANG,EXECUTIVE,95.2,24.0,1998,481000.0,2021-11-23
ANG MO KIO,EXECUTIVE,87.4,27.0,1977,402000.0,2022-07-18
JURONG WEST,5-ROOM,82.5,11.0,1988,396000.0,2023-06-23
PUNGGOL,3-ROOM,96.9,21.0,1985,474000.0,2020-06-30
HOUGANG,4-ROOM,126.4,17.0,1999,595000.0,2020-06-08
JURONG WEST,5-ROOM,99.3,16.0,1996,440000.0,2020-06-17
JURONG WEST,4-ROOM,109.6,26.0,1978,539000.0,2018-12-02
CLEMENTI,3-ROOM,65.6,7.0,1975,214000.0,2018-05-29
PUNGGOL,5-ROOM,127.1,23.0,1979,537000.0,2022-01-14
PUNGGOL,4-ROOM,128.3,14.0,1979,548000.0,2021-07-01
PUNGGOL,4-ROOM,68.4,5.0,1990,253000.0,2018-08-24
TAMPINES,3-ROOM,138.7,28.0,2014,743000.0,2023-04-28
YISHUN,5-ROOM,97.7,14.0,1997,485000.0,2023-01-18
PUNGGOL,5-ROOM,77.4,15.0,2008,315000.0,2020-01-09
YISHUN,4-ROOM,114.5,22.0,2005,531000.0,2021-06-20
BEDOK,5-ROOM,93.2,8.0,2003,384000.0,2023-09-23
GEYLANG,3-ROOM,135.5,27.0,1983,589000.0,2023-04-04
JURONG WEST,EXECUTIVE,89.2,14.0,2007,394000.0,2017-02-08
ANG MO KIO,4-ROOM,66.8,26.0,1994,354000.0,2019-02-27
CLEMENTI,EXECUTIVE,123.2,28.0,1989,594000.0,2019-07-11
GEYLANG,4-ROOM,73.3,28.0,1985,368000.0,2023-07-17
PUNGGOL,5-ROOM,99.0,13.0,1990,437000.0,2022-02-03
GEYLANG,3-ROOM,86.3,8.0,1998,408000.0,2018-10-13
TAMPINES,5-ROOM,116.2,2.0,2009,529000.0,2018-10-19
PUNGGOL,EXECUTIVE,62.4,7.0,1976,213000.0,2022-09-28
BEDOK,5-ROOM,60.0,4.0,1996,307000.0,2017-04-28
WOODLANDS,EXECUTIVE,77.5,2.0,1983,260000.0,2017-11-24
HOUGANG,3-ROOM,102.9,24.0,1997,577000.0,2017-11-25
YISHUN,4-ROOM,102.2,24.0,1990,538000.0,2023-06-07
WOODLANDS,4-ROOM,94.5,3.0,1998,441000.0,2019-12-19
BEDOK,4-ROOM,98.4,8.0,1982,352000.0,2023-01-01
JURONG WEST,3-ROOM,121.4,17.0,2010,605000.0,2022-07-28
WOODLANDS,4-ROOM,98.2,9.0,1980,378000.0,2021-10-04
JURONG WEST,4-ROOM,93.6,8.0,2000,464000.0,2018-10-14
HOUGANG,4-ROOM,55.0,1.0,1996,150000.0,2021-11-12
HOUGANG,4-ROOM,83.9,24.0,2007,422000.0,2023-01-14
GEYLANG,3-ROOM,81.9,7.0,2011,380000.0,2021-06-08
WOODLANDS,4-ROOM,87.8,2.0,1996,345000.0,2023-02-27
BEDOK,5-ROOM,89.3,10.0,1984,370000.0,2023-12-08
PUNGGOL,4-ROOM,115.6,8.0,1991,455000.0,2018-09-22
ANG MO KIO,5-ROOM,96.8,1.0,1992,419000.0,2020-05-06
JURONG WEST,5-ROOM,88.5,13.0,1978,374000.0,2020-09-14
ANG MO KIO,3-ROOM,60.4,7.0,2004,294000.0,2017-06-21
HOUGANG,5-ROOM,73.5,26.0,2005,381000.0,2019-03-13
HOUGANG,3-ROOM,55.7,7.0,2007,282000.0,2017-12-23
GEYLANG,EXECUTIVE,99.5,3.0,2006,420000.0,2022-11-18
WOODLANDS,5-ROOM,96.3,1.0,1980,316000.0,2022-04-22
WOODLANDS,4-ROOM,120.1,4.0,1977,458000.0,2021-02-19
TAMPINES,4-ROOM,78.2,18.0,1987,366000.0,2017-11-10
CLEMENTI,4-ROOM,54.9,10.0,1982,228000.0,2022-11-29
TAMPINES,4-ROOM,99.9,13.0,1996,470000.0,2017-12-01
ANG MO KIO,3-ROOM,118.1,18.0,1978,579000.0,2020-10-03
JURONG WEST,EXECUTIVE,90.7,13.0,2002,427000.0,2018-07-03
CLEMENTI,3-ROOM,85.9,27.0,2000,404000.0,2020-03-28
PUNGGOL,4-ROOM,93.0,20.0,1979,442000.0,2020-02-05
ANG MO KIO,4-ROOM,104.5,13.0,1989,386000.0,2019-05-09
HOUGANG,5-ROOM,104.2,20.0,2000,578000.0,2017-09-17
GEYLANG,3-ROOM,88.2,22.0,1997,411000.0,2023-06-20
YISHUN,5-ROOM,101.3,4.0,1997,413000.0,2018-05-20
JURONG WEST,4-ROOM,117.2,12.0,1998,550000.0,2023-12-28
WOODLANDS,4-ROOM,109.7,7.0,1991,503000.0,2022-08-10
GEYLANG,3-ROOM,101.5,27.0,2013,505000.0,2021-02-22
ANG MO KIO,5-ROOM,94.3,6.0,1984,601000.0,2023-04-07
HOUGANG,4-ROOM,102.2,24.0,1997,418000.0,2021-06-11
PUNGGOL,3-ROOM,103.6,11.0,1976,432000.0,2023-12-02
JURONG WEST,4-ROOM,125.7,28.0,1978,627000.0,2020-06-06
GEYLANG,4-ROOM,118.6,25.0,2006,625000.0,2019-10-24
YISHUN,3-ROOM,63.6,8.0,2005,292000.0,2021-10-11
YISHUN,4-ROOM,70.0,9.0,1987,278000.0,2022-01-13
ANG MO KIO,3-ROOM,102.9,5.0,1984,331000.0,2018-10-27
WOODLANDS,EXECUTIVE,109.8,11.0,2007,472000.0,2022-09-08
WOODLANDS,5-ROOM,83.1,22.0,1984,383000.0,2017-06-28
ANG MO KIO,4-ROOM,65.6,24.0,1999,314000.0,2022-09-11
GEYLANG,3-ROOM,85.0,2.0,1988,388000.0,2019-02-21
HOUGANG,4-ROOM,108.0,17.0,2014,552000.0,2018-09-29
PUNGGOL,EXECUTIVE,103.9,11.0,1993,442000.0,2021-02-21
ANG MO KIO,5-ROOM,97.7,29.0,2014,500000.0,2020-10-03
GEYLANG,5-ROOM,66.4,13.0,1984,238000.0,2018-04-22
YISHUN,3-ROOM,139.3,5.0,1989,599000.0,2022-02-20
PUNGGOL,3-ROOM,148.5,11.0,2009,660000.0,2023-03-15
PUNGGOL,4-ROOM,83.3,17.0,2009,371000.0,2021-08-14
GEYLANG,5-ROOM,65.0,20.0,2000,339000.0,2021-05-27
YISHUN,3-ROOM,86.3,27.0,2001,384000.0,2019-05-23
WOODLANDS,3-ROOM,128.3,28.0,2002,643000.0,2022-07-13
WOODLANDS,4-ROOM,100.4,16.0,1991,482000.0,2017-09-15
WOODLANDS,4-ROOM,54.6,7.0,1977,214000.0,2023-06-17
CLEMENTI,3-ROOM,70.4,24.0,2005,452000.0,2021-04-02
GEYLANG,3-ROOM,108.1,1.0,2012,411000.0,2020-12-30
CLEMENTI,4-ROOM,128.8,28.0,1994,643000.0,2017-03-23
CLEMENTI,5-ROOM,87.5,17.0,2009,429000.0,2017-08-31
GEYLANG,5-ROOM,111.5,28.0,1979,445000.0,2021-08-12
PUNGGOL,EXECUTIVE,116.5,26.0,2011,555000.0,2023-12-15
BEDOK,3-ROOM,138.4,29.0,1994,683000.0,2019-06-26
HOUGANG,5-ROOM,110.9,14.0,2007,497000.0,2019-03-21
CLEMENTI,3-ROOM,102.4,28.0,2009,548000.0,2023-06-03
CLEMENTI,5-ROOM,111.1,25.0,2012,527000.0,2018-05-14
TAMPINES,3-ROOM,85.3,2.0,2010,448000.0,2023-09-25
ANG MO KIO,5-ROOM,79.7,16.0,2014,415000.0,2023-09-28
GEYLANG,5-ROOM,74.8,11.0,2011,324000.0,2022-02-14
HOUGANG,3-ROOM,81.8,20.0,2002,400000.0,2017-05-02
BEDOK,4-ROOM,87.8,25.0,1992,400000.0,2018-10-15
PUNGGOL,5-ROOM,77.4,12.0,2012,360000.0,2018-09-01
ANG MO KIO,3-ROOM,74.9,19.0,1985,351000.0,2022-05-09
BEDOK,4-ROOM,120.2,19.0,1983,493000.0,2021-05-22
WOODLANDS,4-ROOM,83.0,27.0,1992,442000.0,2022-03-30
ANG MO KIO,EXECUTIVE,100.6,15.0,2010,435000.0,2019-06-14
BEDOK,4-ROOM,91.1,22.0,2008,459000.0,2022-04-17
PUNGGOL,5-ROOM,89.7,29.0,1989,448000.0,2023-09-21
CLEMENTI,4-ROOM,116.9,26.0,2003,565000.0,2019-07-07
WOODLANDS,4-ROOM,107.0,8.0,2002,438000.0,2018-04-26
GEYLANG,4-ROOM,103.5,28.0,1996,471000.0,2023-05-14
JURONG WEST,4-ROOM,82.8,6.0,1996,330000.0,2018-03-21
ANG MO KIO,5-ROOM,89.4,5.0,2001,349000.0,2020-02-27
JURONG WEST,3-ROOM,102.6,8.0,2014,400000.0,2017-05-30
TAMPINES,3-ROOM,87.2,29.0,1986,444000.0,2020-06-16
BEDOK,3-ROOM,57.7,22.0,2005,322000.0,2019-01-02
BEDOK,3-ROOM,137.5,17.0,1999,678000.0,2017-02-10
JURONG WEST,4-ROOM,75.8,1.0,2005,301000.0,2019-12-24
ANG MO KIO,4-ROOM,121.6,8.0,1993,531000.0,2020-03-05
ANG MO KIO,3-ROOM,112.5,16.0,2009,602000.0,2019-02-10
WOODLANDS,3-ROOM,78.5,5.0,1998,321000.0,2021-05-17
ANG MO KIO,EXECUTIVE,146.0,26.0,1980,678000.0,2020-12-09
JURONG WEST,5-ROOM,84.3,2.0,2004,338000.0,2020-11-24
TAMPINES,4-ROOM,90.4,1.0,1979,275000.0,2020-10-26
YISHUN,4-ROOM,77.8,18.0,1978,335000.0,2017-09-18
JURONG WEST,4-ROOM,87.0,24.0,2009,495000.0,2020-02-02
CLEMENTI,4-ROOM,84.2,26.0,2003,454000.0,2019-02-12
HOUGANG,4-ROOM,142.6,9.0,1976,619000.0,2018-01-03
WOODLANDS,EXECUTIVE,129.6,2.0,2011,595000.0,2021-04-13
PUNGGOL,3-ROOM,105.9,24.0,1978,485000.0,2023-07-04
TAMPINES,5-ROOM,70.5,22.0,1989,364000.0,2021-06-04
TAMPINES,4-ROOM,112.2,6.0,2007,487000.0,2017-10-17
GEYLANG,4-ROOM,104.4,29.0,1989,522000.0,2023-04-18
HOUGANG,4-ROOM,64.1,15.0,1993,344000.0,2019-03-26
TAMPINES,EXECUTIVE,93.4,29.0,1985,402000.0,2018-10-13
HOUGANG,5-ROOM,89.9,22.0,1986,413000.0,2021-06-20
YISHUN,5-ROOM,82.8,3.0,1994,358000.0,2018-03-01
HOUGANG,3-ROOM,80.2,19.0,2007,328000.0,2023-11-21
PUNGGOL,5-ROOM,75.9,29.0,1989,388000.0,2021-02-03
YISHUN,3-ROOM,51.1,7.0,1998,211000.0,2018-11-06
YISHUN,3-ROOM,88.0,19.0,1987,449000.0,2019-04-19
ANG MO KIO,4-ROOM,94.3,17.0,1985,483000.0,2023-06-08
TAMPINES,5-ROOM,136.5,2.0,1983,576000.0,2023-01-05
JURONG WEST,4-ROOM,87.1,18.0,2003,361000.0,2021-07-27
PUNGGOL,4-ROOM,81.9,8.0,1985,366000.0,2022-12-02
GEYLANG,3-ROOM,59.8,5.0,1999,300000.0,2017-09-16
ANG MO KIO,4-ROOM,116.1,6.0,1976,430000.0,2017-05-31
TAMPINES,5-ROOM,66.9,14.0,1995,355000.0,2023-07-17
PUNGGOL,5-ROOM,86.8,13.0,2005,382000.0,2017-09-28
PUNGGOL,5-ROOM,112.9,11.0,2014,543000.0,2023-06-22
YISHUN,EXECUTIVE,61.9,6.0,1976,241000.0,2020-02-03
ANG MO KIO,4-ROOM,80.4,28.0,1983,457000.0,2020-01-14
ANG MO KIO,4-ROOM,88.6,24.0,2012,355000.0,2018-02-11
TAMPINES,3-ROOM,78.8,25.0,1995,382000.0,2020-03-29
ANG MO KIO,4-ROOM,80.4,26.0,1994,401000.0,2023-02-09
HOUGANG,4-ROOM,106.4,16.0,1986,476000.0,2022-09-09
JURONG WEST,EXECUTIVE,88.2,24.0,2004,408000.0,2022-12-11
CLEMENTI,3-ROOM,93.9,18.0,1994,485000.0,2017-05-29
JURONG WEST,5-ROOM,78.8,23.0,1976,417000.0,2017-11-27
JURONG WEST,EXECUTIVE,108.4,3.0,2003,478000.0,2020-03-14
ANG MO KIO,4-ROOM,100.1,14.0,1981,424000.0,2022-08-19
TAMPINES,4-ROOM,84.0,15.0,2002,372000.0,2021-06-20
BEDOK,3-ROOM,85.4,1.0,2014,404000.0,2022-04-24
ANG MO KIO,4-ROOM,93.6,8.0,2000,471000.0,2018-02-22
BEDOK,4-ROOM,96.0,28.0,2005,456000.0,2023-07-06
JURONG WEST,3-ROOM,43.6,3.0,1981,152000.0,2020-04-26
GEYLANG,4-ROOM,91.8,7.0,1982,374000.0,2018-05-14
WOODLANDS,3-ROOM,103.3,27.0,2012,576000.0,2021-11-14
PUNGGOL,3-ROOM,106.6,24.0,1982,497000.0,2020-07-24
CLEMENTI,3-ROOM,56.4,9.0,2006,235000.0,2023-05-20
GEYLANG,5-ROOM,83.2,27.0,1979,436000.0,2023-07-03
HOUGANG,EXECUTIVE,71.0,18.0,1979,282000.0,2022-03-14
PUNGGOL,3-ROOM,97.2,5.0,2004,325000.0,2022-08-06
ANG MO KIO,5-ROOM,132.8,17.0,2012,583000.0,2022-01-01
YISHUN,4-ROOM,98.0,27.0,1989,516000.0,2020-11-26
TAMPINES,4-ROOM,66.5,22.0,1977,323000.0,2022-12-09
PUNGGOL,5-ROOM,99.2,26.0,2001,496000.0,2023-12-01
HOUGANG,3-ROOM,89.9,3.0,1999,385000.0,2022-12-18
HOUGANG,4-ROOM,107.0,17.0,1996,490000.0,2017-12-17
BEDOK,EXECUTIVE,135.6,15.0,2014,643000.0,2022-08-07
CLEMENTI,EXECUTIVE,61.0,21.0,2010,255000.0,2018-03-11
GEYLANG,3-ROOM,94.9,21.0,1979,450000.0,2022-12-22
CLEMENTI,EXECUTIVE,128.8,13.0,1981,577000.0,2018-09-28
JURONG WEST,EXECUTIVE,104.5,18.0,2010,501000.0,2023-05-26
CLEMENTI,3-ROOM,98.8,28.0,2008,505000.0,2020-07-06
JURONG WEST,3-ROOM,51.6,22.0,2010,296000.0,2019-09-11
ANG MO KIO,5-ROOM,89.0,28.0,2000,441000.0,2018-10-31
CLEMENTI,5-ROOM,152.2,22.0,1977,669000.0,2021-09-19
YISHUN,5-ROOM,58.8,9.0,1991,236000.0,2019-12-29
ANG MO KIO,3-ROOM,77.2,14.0,1976,352000.0,2022-05-31
PUNGGOL,3-ROOM,43.7,23.0,1996,211000.0,2019-04-16
PUNGGOL,5-ROOM,97.8,19.0,2006,486000.0,2020-12-22
TAMPINES,4-ROOM,116.4,12.0,2006,534000.0,2022-06-01
WOODLANDS,5-ROOM,89.1,6.0,1979,324000.0,2022-11-23
CLEMENTI,5-ROOM,106.8,21.0,1993,472000.0,2022-02-26
JURONG WEST,3-ROOM,53.9,17.0,1976,241000.0,2018-01-11
HOUGANG,5-ROOM,117.5,11.0,1984,452000.0,2017-07-04
TAMPINES,4-ROOM,119.7,5.0,1989,461000.0,2021-07-09
BEDOK,5-ROOM,93.7,1.0,1976,425000.0,2023-02-28
JURONG WEST,5-ROOM,106.0,21.0,2010,566000.0,2018-11-07
CLEMENTI,4-ROOM,47.1,24.0,1983,245000.0,2018-10-04
ANG MO KIO,4-ROOM,44.8,1.0,2001,171000.0,2019-12-01
JURONG WEST,4-ROOM,123.0,23.0,1988,553000.0,2022-10-20
PUNGGOL,EXECUTIVE,60.9,24.0,1976,276000.0,2020-07-28
JURONG WEST,EXECUTIVE,107.1,11.0,1996,445000.0,2023-07-12
BEDOK,3-ROOM,76.2,23.0,1986,308000.0,2023-12-06
TAMPINES,3-ROOM,107.8,27.0,2010,516000.0,2022-10-19
GEYLANG,4-ROOM,78.2,10.0,1984,279000.0,2023-06-22
JURONG WEST,5-ROOM,73.5,8.0,1981,279000.0,2021-11-14
ANG MO KIO,3-ROOM,100.6,18.0,1999,351000.0,2022-12-17
BEDOK,3-ROOM,85.8,8.0,1979,338000.0,2022-12-28
PUNGGOL,4-ROOM,112.0,20.0,2012,529000.0,2020-05-08
WOODLANDS,5-ROOM,118.3,8.0,2002,483000.0,2018-07-06
BEDOK,5-ROOM,91.3,4.0,1975,347000.0,2021-01-23
JURONG WEST,4-ROOM,67.0,19.0,2010,263000.0,2020-06-17
HOUGANG,4-ROOM,102.7,11.0,1988,439000.0,2022-05-28
ANG MO KIO,5-ROOM,60.5,24.0,2005,298000.0,2022-02-02
CLEMENTI,3-ROOM,250.0,17.0,1977,592000.0,2023-09-21
JURONG WEST,EXECUTIVE,90.7,29.0,1988,417000.0,2023-09-13
WOODLANDS,3-ROOM,88.7,17.0,2001,431000.0,2021-03-06
BEDOK,3-ROOM,103.1,3.0,1976,362000.0,2021-01-06
HOUGANG,EXECUTIVE,107.9,12.0,2000,471000.0,2022-11-22
ANG MO KIO,3-ROOM,107.5,5.0,2001,478000.0,2023-09-23
WOODLANDS,5-ROOM,52.0,27.0,2002,271000.0,2021-06-18
JURONG WEST,EXECUTIVE,85.4,17.0,1998,410000.0,2020-01-04
YISHUN,4-ROOM,99.9,24.0,1975,529000.0,2018-08-01
WOODLANDS,EXECUTIVE,111.2,23.0,2003,486000.0,2019-07-05
JURONG WEST,3-ROOM,105.9,4.0,2007,446000.0,2022-02-27
ANG MO KIO,4-ROOM,119.5,13.0,1984,533000.0,2022-09-18
PUNGGOL,3-ROOM,76.2,29.0,2006,380000.0,2023-09-05
GEYLANG,5-ROOM,91.4,26.0,2003,491000.0,2023-04-21
ANG MO KIO,4-ROOM,56.1,28.0,2008,285000.0,2017-11-25
PUNGGOL,EXECUTIVE,102.6,22.0,2008,511000.0,2023-10-21
CLEMENTI,5-ROOM,82.9,19.0,2002,416000.0,2019-04-16
PUNGGOL,4-ROOM,117.3,22.0,2004,552000.0,2017-01-27
CLEMENTI,5-ROOM,117.5,27.0,2010,646000.0,2021-01-13
WOODLANDS,EXECUTIVE,53.8,10.0,2006,217000.0,2023-08-13
YISHUN,4-ROOM,92.2,8.0,2005,474000.0,2020-04-14
TAMPINES,5-ROOM,106.2,6.0,1994,525000.0,2020-11-12
WOODLANDS,5-ROOM,83.5,16.0,1988,445000.0,2022-06-23
BEDOK,5-ROOM,40.0,25.0,2000,178000.0,2018-04-02
PUNGGOL,3-ROOM,97.0,1.0,1988,385000.0,2023-11-17
YISHUN,4-ROOM,123.6,14.0,2012,608000.0,2018-04-15
WOODLANDS,3-ROOM,107.0,25.0,1999,554000.0,2017-05-11
GEYLANG,3-ROOM,84.6,29.0,1990,455000.0,2017-10-29
JURONG WEST,3-ROOM,85.1,25.0,2011,446000.0,2021-03-26
HOUGANG,3-ROOM,88.7,29.0,1975,386000.0,2017-06-13
CLEMENTI,3-ROOM,113.0,15.0,2010,478000.0,2018-05-11
BEDOK,4-ROOM,79.3,13.0,1978,262000.0,2020-08-04
BEDOK,4-ROOM,126.0,5.0,1990,526000.0,2018-10-06
PUNGGOL,5-ROOM,50.8,19.0,2009,224000.0,2020-06-15
WOODLANDS,5-ROOM,111.0,28.0,1976,502000.0,2017-03-02
HOUGANG,5-ROOM,113.8,27.0,1977,525000.0,2017-12-03
ANG MO KIO,3-ROOM,136.9,12.0,2003,682000.0,2023-04-19
WOODLANDS,5-ROOM,134.0,3.0,1977,571000.0,2017-02-21
CLEMENTI,EXECUTIVE,58.3,7.0,1979,223000.0,2019-06-20
PUNGGOL,3-ROOM,80.0,23.0,2008,405000.0,2021-09-21
ANG MO KIO,4-ROOM,43.4,9.0,1990,165000.0,2023-06-27
YISHUN,4-ROOM,113.6,7.0,2011,510000.0,2017-11-06
WOODLANDS,3-ROOM,91.1,11.0,1985,359000.0,2018-12-31
ANG MO KIO,4-ROOM,120.7,3.0,2008,482000.0,2017-07-19
HOUGANG,4-ROOM,84.8,15.0,1999,349000.0,2020-05-25
WOODLANDS,4-ROOM,122.1,11.0,1979,529000.0,2020-11-14
BEDOK,3-ROOM,54.9,1.0,1997,226000.0,2020-02-04
PUNGGOL,4-ROOM,103.8,26.0,1994,550000.0,2022-02-04
YISHUN,EXECUTIVE,105.4,22.0,2013,517000.0,2022-12-09
TAMPINES,3-ROOM,109.9,21.0,2012,532000.0,2020-06-23
CLEMENTI,4-ROOM,87.5,2.0,1988,325000.0,2018-12-26
BEDOK,4-ROOM,83.4,12.0,2002,341000.0,2021-02-22
YISHUN,5-ROOM,86.1,22.0,1987,353000.0,2022-01-27
BEDOK,3-ROOM,115.1,10.0,2009,502000.0,2023-09-01
TAMPINES,4-ROOM,135.7,8.0,1996,531000.0,2022-09-14
HOUGANG,4-ROOM,58.0,23.0,2004,277000.0,2017-03-02
JURONG WEST,4-ROOM,99.2,25.0,1990,489000.0,2017-10-16
JURONG WEST,4-ROOM,84.3,12.0,2006,272000.0,2021-05-27
YISHUN,4-ROOM,65.9,18.0,1992,286000.0,2021-05-05
BEDOK,3-ROOM,94.7,17.0,1979,403000.0,2021-01-17
YISHUN,3-ROOM,101.2,29.0,1997,523000.0,2019-03-18
TAMPINES,4-ROOM,89.0,20.0,2010,423000.0,2017-10-12
JURONG WEST,5-ROOM,78.3,21.0,1988,365000.0,2019-09-15
BEDOK,5-ROOM,74.6,27.0,1979,344000.0,2023-05-21
JURONG WEST,5-ROOM,99.6,5.0,1982,468000.0,2023-05-25
GEYLANG,4-ROOM,112.5,8.0,2014,408000.0,2019-11-09
HOUGANG,5-ROOM,80.0,12.0,1996,354000.0,2023-10-24
YISHUN,4-ROOM,107.5,20.0,2011,524000.0,2022-04-27
PUNGGOL,3-ROOM,98.6,27.0,1979,462000.0,2018-07-15
GEYLANG,EXECUTIVE,91.0,11.0,2003,437000.0,2017-10-16
TAMPINES,4-ROOM,106.2,26.0,1997,568000.0,2018-06-04
YISHUN,4-ROOM,92.9,9.0,2003,442000.0,2021-03-22
TAMPINES,3-ROOM,103.4,15.0,2008,524000.0,2023-09-19
TAMPINES,3-ROOM,72.8,9.0,2007,343000.0,2021-10-09
WOODLANDS,EXECUTIVE,108.5,6.0,2001,494000.0,2023-03-27
GEYLANG,3-ROOM,102.9,14.0,2000,467000.0,2019-09-07
HOUGANG,5-ROOM,87.5,16.0,1981,364000.0,2022-11-04
YISHUN,5-ROOM,159.3,14.0,2014,860000.0,2017-01-14
BEDOK,4-ROOM,103.5,25.0,1989,547000.0,2020-02-05
JURONG WEST,5-ROOM,80.5,11.0,1992,374000.0,2022-04-11
PUNGGOL,EXECUTIVE,57.1,12.0,1975,176000.0,2019-11-27
HOUGANG,5-ROOM,115.2,1.0,1977,375000.0,2023-12-09
GEYLANG,4-ROOM,73.4,3.0,2012,395000.0,2017-09-09
BEDOK,3-ROOM,75.3,22.0,2002,362000.0,2022-03-12
JURONG WEST,4-ROOM,121.2,2.0,1996,559000.0,2021-07-19
ANG MO KIO,5-ROOM,76.8,2.0,2014,353000.0,2021-04-03
WOODLANDS,3-ROOM,63.0,1.0,1978,205000.0,2021-08-13
WOODLANDS,5-ROOM,75.0,28.0,1975,316000.0,2023-08-28
WOODLANDS,3-ROOM,106.2,10.0,1979,481000.0,2021-09-20
BEDOK,4-ROOM,116.5,9.0,2011,518000.0,2018-06-21
YISHUN,5-ROOM,98.8,27.0,2011,546000.0,2017-07-12
YISHUN,5-ROOM,88.2,19.0,2000,454000.0,2019-12-23
GEYLANG,4-ROOM,121.6,19.0,1994,574000.0,2021-08-12
YISHUN,3-ROOM,84.9,29.0,2007,418000.0,2022-02-10
GEYLANG,5-ROOM,56.1,21.0,1989,327000.0,2023-10-09
GEYLANG,3-ROOM,60.5,13.0,1988,239000.0,2021-06-23
ANG MO KIO,3-ROOM,97.2,7.0,2001,497000.0,2017-08-31
GEYLANG,3-ROOM,83.6,19.0,1982,378000.0,2022-03-08
ANG MO KIO,3-ROOM,88.5,12.0,2002,437000.0,2019-02-24
PUNGGOL,EXECUTIVE,97.5,21.0,1976,393000.0,2022-05-15
JURONG WEST,4-ROOM,85.8,3.0,1999,336000.0,2020-06-24
BEDOK,5-ROOM,74.6,6.0,2011,350000.0,2021-05-02
JURONG WEST,4-ROOM,68.6,5.0,2014,329000.0,2020-02-10
BEDOK,4-ROOM,86.6,25.0,2003,446000.0,2017-03-13
ANG MO KIO,5-ROOM,74.7,22.0,1991,415000.0,2020-03-01
JURONG WEST,4-ROOM,61.1,18.0,1981,233000.0,2017-02-11
WOODLANDS,EXECUTIVE,92.1,17.0,2007,416000.0,2023-06-26
BEDOK,3-ROOM,105.1,16.0,1975,438000.0,2023-03-06
WOODLANDS,4-ROOM,107.8,9.0,2011,469000.0,2017-10-23
CLEMENTI,3-ROOM,52.5,2.0,2000,247000.0,2021-03-13
JURONG WEST,EXECUTIVE,99.3,10.0,1985,398000.0,2018-03-03
YISHUN,4-ROOM,55.9,12.0,1991,252000.0,2021-09-28
ANG MO KIO,3-ROOM,146.2,29.0,1993,663000.0,2023-11-09
YISHUN,EXECUTIVE,58.0,2.0,2010,213000.0,2023-08-07
HOUGANG,5-ROOM,136.4,24.0,1975,585000.0,2023-09-29
JURONG WEST,3-ROOM,130.7,20.0,2003,529000.0,2020-02-11
PUNGGOL,EXECUTIVE,102.7,24.0,2002,515000.0,2017-02-11
HOUGANG,EXECUTIVE,55.6,1.0,2001,283000.0,2018-07-17
HOUGANG,EXECUTIVE,98.0,9.0,1975,488000.0,2020-07-15
ANG MO KIO,5-ROOM,85.8,14.0,2003,423000.0,2021-09-07
ANG MO KIO,3-ROOM,98.4,27.0,1988,524000.0,2023-12-04
ANG MO KIO,EXECUTIVE,96.5,22.0,1988,488000.0,2021-03-01
ANG MO KIO,EXECUTIVE,97.9,24.0,2013,448000.0,2017-05-07
JURONG WEST,4-ROOM,136.9,21.0,2005,706000.0,2019-04-12
PUNGGOL,4-ROOM,103.8,17.0,1999,465000.0,2020-10-10
BEDOK,3-ROOM,61.0,5.0,1990,226000.0,2017-05-03
JURONG WEST,3-ROOM,115.7,7.0,1996,487000.0,2020-09-09
PUNGGOL,5-ROOM,129.3,18.0,1999,610000.0,2020-01-17
ANG MO KIO,5-ROOM,89.9,24.0,2006,425000.0,2020-10-05
GEYLANG,4-ROOM,104.5,15.0,1980,387000.0,2017-09-23
BEDOK,3-ROOM,114.5,27.0,2005,578000.0,2023-08-25
TAMPINES,4-ROOM,45.6,1.0,2013,222000.0,2022-09-07
ANG MO KIO,5-ROOM,65.8,21.0,2007,361000.0,2017-09-15
BEDOK,4-ROOM,99.2,29.0,2007,512000.0,2020-02-07
TAMPINES,3-ROOM,101.4,18.0,2007,495000.0,2022-07-04
ANG MO KIO,5-ROOM,94.8,11.0,1988,365000.0,2017-11-28
BEDOK,5-ROOM,99.4,24.0,1987,467000.0,2017-07-23
JURONG WEST,3-ROOM,89.3,6.0,2003,424000.0,2021-12-27
BEDOK,5-ROOM,85.6,15.0,2009,407000.0,2020-10-27
BEDOK,4-ROOM,103.6,7.0,1982,442000.0,2020-03-24
YISHUN,5-ROOM,79.4,24.0,1990,384000.0,2019-03-08
GEYLANG,4-ROOM,103.7,4.0,1988,403000.0,2020-02-04
JURONG WEST,5-ROOM,99.2,17.0,1975,439000.0,2019-02-23
TAMPINES,4-ROOM,128.6,7.0,2006,550000.0,2023-06-28
PUNGGOL,3-ROOM,128.8,13.0,1993,602000.0,2021-07-30
WOODLANDS,3-ROOM,123.7,28.0,1981,579000.0,2020-06-25
HOUGANG,4-ROOM,105.2,10.0,2003,509000.0,2023-10-28
BEDOK,3-ROOM,81.3,22.0,1992,383000.0,2022-04-12
ANG MO KIO,EXECUTIVE,109.1,27.0,2001,577000.0,2020-08-02
GEYLANG,4-ROOM,68.9,8.0,1996,293000.0,2019-12-05
GEYLANG,5-ROOM,87.7,13.0,2002,446000.0,2018-01-21
ANG MO KIO,3-ROOM,93.3,18.0,2004,454000.0,2020-02-12
CLEMENTI,3-ROOM,116.0,8.0,2007,548000.0,2021-06-05
WOODLANDS,3-ROOM,84.9,6.0,1980,407000.0,2023-08-20
GEYLANG,3-ROOM,104.2,29.0,1996,543000.0,2018-12-01
WOODLANDS,5-ROOM,53.6,25.0,1999,280000.0,2020-06-23
HOUGANG,5-ROOM,104.5,24.0,1984,494000.0,2018-01-16
WOODLANDS,4-ROOM,56.4,27.0,1990,290000.0,2020-09-03
YISHUN,3-ROOM,90.9,27.0,1979,484000.0,2018-05-03
BEDOK,5-ROOM,53.7,26.0,1981,153000.0,2018-05-13
JURONG WEST,4-ROOM,87.3,26.0,1979,370000.0,2019-06-22
CLEMENTI,4-ROOM,124.5,23.0,2008,612000.0,2020-03-06
CLEMENTI,4-ROOM,100.4,4.0,1995,444000.0,2017-09-08
WOODLANDS,3-ROOM,87.7,16.0,2012,384000.0,2020-03-24
CLEMENTI,4-ROOM,94.1,19.0,1991,436000.0,2018-01-22
WOODLANDS,4-ROOM,56.0,22.0,1978,230000.0,2023-06-14
YISHUN,5-ROOM,135.9,28.0,2013,668000.0,2021-06-30
WOODLANDS,4-ROOM,121.4,24.0,2014,663000.0,2022-01-31
CLEMENTI,5-ROOM,56.0,12.0,2005,269000.0,2019-09-26
JURONG WEST,5-ROOM,94.4,4.0,2009,419000.0,2017-06-28
WOODLANDS,3-ROOM,85.4,3.0,1997,376000.0,2021-01-02
ANG MO KIO,5-ROOM,94.2,10.0,1979,370000.0,2017-07-29
JURONG WEST,4-ROOM,123.4,2.0,1977,498000.0,2020-12-17
TAMPINES,5-ROOM,90.1,17.0,2009,361000.0,2017-10-24
YISHUN,3-ROOM,54.6,26.0,1978,248000.0,2018-04-06
GEYLANG,EXECUTIVE,127.7,2.0,2002,568000.0,2020-01-07
GEYLANG,3-ROOM,136.1,15.0,1997,652000.0,2023-01-04
BEDOK,4-ROOM,79.9,23.0,1996,404000.0,2021-04-27
WOODLANDS,3-ROOM,60.7,16.0,1998,297000.0,2022-10-04
CLEMENTI,3-ROOM,63.8,10.0,2006,272000.0,2022-02-09
JURONG WEST,EXECUTIVE,133.3,23.0,2012,633000.0,2017-11-02
PUNGGOL,4-ROOM,97.1,26.0,2012,438000.0,2018-04-21
HOUGANG,3-ROOM,57.2,26.0,1983,252000.0,2023-03-29
PUNGGOL,3-ROOM,90.3,3.0,1979,375000.0,2022-10-07
WOODLANDS,EXECUTIVE,78.5,1.0,2012,320000.0,2023-08-14
HOUGANG,4-ROOM,74.8,22.0,1979,374000.0,2019-08-29
YISHUN,4-ROOM,97.9,10.0,2008,465000.0,2022-06-11
JURONG WEST,3-ROOM,82.0,12.0,2008,402000.0,2019-01-04
PUNGGOL,5-ROOM,95.0,10.0,1986,416000.0,2022-12-09
YISHUN,4-ROOM,99.8,14.0,1986,457000.0,2021-04-20
JURONG WEST,3-ROOM,106.8,27.0,2012,517000.0,2017-08-19
ANG MO KIO,5-ROOM,106.5,27.0,1988,506000.0,2022-05-02
GEYLANG,5-ROOM,99.0,8.0,1992,389000.0,2019-11-14
HOUGANG,5-ROOM,70.4,7.0,2010,335000.0,2020-07-05
BEDOK,5-ROOM,166.1,4.0,1999,712000.0,2021-10-20
TAMPINES,4-ROOM,98.4,3.0,2002,448000.0,2023-10-16
GEYLANG,5-ROOM,84.1,15.0,1997,360000.0,2019-04-20
GEYLANG,3-ROOM,81.1,23.0,2005,438000.0,2018-12-17
HOUGANG,3-ROOM,72.8,2.0,1989,321000.0,2022-07-30
BEDOK,4-ROOM,63.9,14.0,1986,173000.0,2017-03-21
WOODLANDS,5-ROOM,75.5,28.0,1986,358000.0,2018-05-19
GEYLANG,EXECUTIVE,101.4,1.0,1995,402000.0,2020-03-12
PUNGGOL,3-ROOM,96.3,13.0,2003,365000.0,2021-02-27
JURONG WEST,4-ROOM,106.8,17.0,1999,472000.0,2021-08-03
CLEMENTI,5-ROOM,92.3,24.0,1986,434000.0,2017-11-03
PUNGGOL,5-ROOM,76.8,19.0,1998,403000.0,2020-09-02
HOUGANG,EXECUTIVE,107.2,8.0,1976,437000.0,2023-04-25
TAMPINES,4-ROOM,126.0,5.0,1995,529000.0,2022-03-02
GEYLANG,4-ROOM,66.4,16.0,2000,280000.0,2018-12-05
JURONG WEST,4-ROOM,94.3,25.0,2004,497000.0,2017-08-25
JURONG WEST,3-ROOM,133.2,13.0,1998,579000.0,2022-06-11
WOODLANDS,3-ROOM,105.9,14.0,1980,543000.0,2019-06-30
GEYLANG,5-ROOM,96.3,2.0,1992,397000.0,2019-11-01
PUNGGOL,5-ROOM,101.8,28.0,1993,499000.0,2019-12-14
BEDOK,3-ROOM,92.4,4.0,1980,366000.0,2021-07-19
ANG MO KIO,4-ROOM,86.5,28.0,1985,438000.0,2018-09-09
JURONG WEST,3-ROOM,73.5,19.0,1978,353000.0,2017-01-06
ANG MO KIO,4-ROOM,140.7,27.0,2003,672000.0,2017-04-29
YISHUN,4-ROOM,133.5,8.0,2006,594000.0,2021-01-01
HOUGANG,4-ROOM,126.5,13.0,2009,535000.0,2020-04-21
BEDOK,3-ROOM,80.3,8.0,1976,311000.0,2022-09-07
YISHUN,4-ROOM,73.7,21.0,1995,394000.0,2022-07-06
BEDOK,3-ROOM,128.2,4.0,1991,480000.0,2022-11-02
WOODLANDS,5-ROOM,83.4,22.0,1989,365000.0,2023-06-07
PUNGGOL,4-ROOM,122.7,3.0,1992,519000.0,2020-08-21
PUNGGOL,5-ROOM,81.9,17.0,1976,433000.0,2023-09-19
WOODLANDS,4-ROOM,108.2,1.0,2012,524000.0,2022-02-20
WOODLANDS,3-ROOM,84.2,5.0,1978,312000.0,2018-11-06
WOODLANDS,4-ROOM,124.6,10.0,1982,512000.0,2022-06-24
JURONG WEST,3-ROOM,89.5,25.0,1982,446000.0,2022-08-11
CLEMENTI,3-ROOM,114.9,12.0,1977,472000.0,2019-01-25
BEDOK,5-ROOM,99.5,6.0,2010,350000.0,2019-11-21
JURONG WEST,4-ROOM,92.0,29.0,1997,526000.0,2019-12-20
WOODLANDS,5-ROOM,100.2,20.0,1996,511000.0,2019-10-21
YISHUN,4-ROOM,95.6,4.0,1990,386000.0,2019-10-30
CLEMENTI,5-ROOM,77.0,19.0,1996,369000.0,2019-04-10
PUNGGOL,4-ROOM,82.1,20.0,2001,370000.0,2018-10-27
HOUGANG,3-ROOM,87.4,28.0,1997,393000.0,2019-08-24
ANG MO KIO,5-ROOM,121.9,17.0,2014,587000.0,2020-01-17
BEDOK,4-ROOM,94.6,28.0,1998,504000.0,2021-11-28
GEYLANG,3-ROOM,68.2,20.0,1993,310000.0,2019-08-16
JURONG WEST,EXECUTIVE,83.3,8.0,1980,362000.0,2021-12-01
TAMPINES,4-ROOM,139.8,20.0,2002,665000.0,2020-01-05
WOODLANDS,4-ROOM,91.4,16.0,2007,367000.0,2018-06-15
YISHUN,4-ROOM,101.3,22.0,2011,486000.0,2017-10-15
JURONG WEST,4-ROOM,125.5,22.0,1979,521000.0,2019-11-11
HOUGANG,5-ROOM,119.0,11.0,1988,583000.0,2021-04-27
GEYLANG,3-ROOM,85.1,12.0,1999,369000.0,2018-11-18
YISHUN,5-ROOM,65.3,8.0,1997,291000.0,2017-08-08
GEYLANG,3-ROOM,142.8,2.0,2007,649000.0,2017-08-17
YISHUN,3-ROOM,110.5,18.0,1975,452000.0,2021-10-11
YISHUN,3-ROOM,100.3,23.0,2010,527000.0,2022-11-21
JURONG WEST,EXECUTIVE,57.5,24.0,1980,260000.0,2023-10-13
JURONG WEST,3-ROOM,96.5,19.0,1988,412000.0,2023-05-08
TAMPINES,5-ROOM,62.3,29.0,2013,385000.0,2023-03-04
WOODLANDS,EXECUTIVE,111.9,12.0,2009,487000.0,2018-12-17
PUNGGOL,4-ROOM,121.0,5.0,1990,518000.0,2017-09-09
BEDOK,4-ROOM,73.9,10.0,2011,312000.0,2017-12-07
PUNGGOL,3-ROOM,152.4,15.0,2009,721000.0,2023-06-27
WOODLANDS,5-ROOM,100.6,20.0,1978,396000.0,2018-05-12
TAMPINES,5-ROOM,119.0,28.0,2009,595000.0,2017-02-12
TAMPINES,5-ROOM,77.5,19.0,2012,429000.0,2018-01-15
TAMPINES,4-ROOM,43.2,25.0,1983,241000.0,2022-01-17
CLEMENTI,3-ROOM,63.6,19.0,1999,326000.0,2022-09-22
ANG MO KIO,5-ROOM,84.2,15.0,2004,375000.0,2022-11-08
ANG MO KIO,5-ROOM,94.3,24.0,2009,396000.0,2018-07-28
TAMPINES,4-ROOM,73.5,25.0,1994,360000.0,2017-11-17
TAMPINES,4-ROOM,93.3,24.0,1998,522000.0,2018-02-09
WOODLANDS,4-ROOM,84.3,24.0,2000,386000.0,2018-10-12
GEYLANG,4-ROOM,104.9,5.0,1988,492000.0,2021-08-15
TAMPINES,EXECUTIVE,76.7,2.0,1980,271000.0,2018-04-14
BEDOK,3-ROOM,88.7,16.0,2009,427000.0,2022-08-17
GEYLANG,4-ROOM,103.1,21.0,1979,428000.0,2018-01-09
WOODLANDS,EXECUTIVE,96.1,9.0,2007,474000.0,2023-07-26
BEDOK,3-ROOM,99.4,24.0,1980,486000.0,2020-05-06
TAMPINES,4-ROOM,49.4,27.0,1986,254000.0,2023-02-15
ANG MO KIO,5-ROOM,40.0,16.0,1975,192000.0,2018-12-24
YISHUN,4-ROOM,80.5,14.0,1983,375000.0,2020-08-23
BEDOK,4-ROOM,91.1,20.0,1979,453000.0,2017-12-13
PUNGGOL,4-ROOM,63.4,20.0,2006,309000.0,2020-01-22
PUNGGOL,3-ROOM,85.1,20.0,1989,364000.0,2017-04-02
WOODLANDS,3-ROOM,72.1,4.0,1976,295000.0,2020-10-11
HOUGANG,4-ROOM,81.6,2.0,1990,282000.0,2023-11-07
ANG MO KIO,3-ROOM,116.8,2.0,1998,587000.0,2017-02-09
BEDOK,EXECUTIVE,90.2,28.0,1975,387000.0,2023-01-17
PUNGGOL,5-ROOM,104.9,1.0,1998,393000.0,2022-04-17
YISHUN,EXECUTIVE,92.4,14.0,2009,390000.0,2022-11-01
BEDOK,4-ROOM,130.9,26.0,1981,611000.0,2018-02-26
JURONG WEST,4-ROOM,127.8,26.0,2002,604000.0,2021-06-30
ANG MO KIO,3-ROOM,81.0,20.0,1993,390000.0,2023-01-02
CLEMENTI,4-ROOM,97.4,7.0,2011,412000.0,2018-05-19
TAMPINES,4-ROOM,65.9,8.0,1978,152000.0,2018-02-05
HOUGANG,EXECUTIVE,118.4,9.0,1995,575000.0,2020-10-02
TAMPINES,5-ROOM,55.4,21.0,1999,239000.0,2023-04-19
YISHUN,4-ROOM,49.0,2.0,1975,150000.0,2018-01-15
BEDOK,3-ROOM,70.6,8.0,2002,248000.0,2018-09-12
JURONG WEST,5-ROOM,106.1,23.0,2007,509000.0,2020-11-25
BEDOK,3-ROOM,92.6,11.0,2009,407000.0,2020-01-08
JURONG WEST,EXECUTIVE,79.1,19.0,2008,364000.0,2021-08-12
YISHUN,3-ROOM,69.6,10.0,2013,298000.0,2023-05-09
PUNGGOL,4-ROOM,88.5,29.0,2010,499000.0,2021-04-03
GEYLANG,5-ROOM,70.2,26.0,2012,350000.0,2017-07-18
BEDOK,3-ROOM,120.5,28.0,2000,600000.0,2018-12-02
WOODLANDS,4-ROOM,77.5,11.0,1992,335000.0,2022-06-19
WOODLANDS,EXECUTIVE,94.3,11.0,2011,409000.0,2018-11-10
WOODLANDS,5-ROOM,83.2,23.0,2000,418000.0,2022-08-04
ANG MO KIO,4-ROOM,93.9,29.0,1999,462000.0,2020-06-05
PUNGGOL,4-ROOM,83.2,6.0,1998,353000.0,2023-08-15
TAMPINES,3-ROOM,103.6,5.0,2000,493000.0,2020-07-09
JURONG WEST,5-ROOM,90.2,23.0,2005,498000.0,2017-12-17
PUNGGOL,5-ROOM,111.8,2.0,1986,394000.0,2021-02-09
BEDOK,5-ROOM,106.3,20.0,2010,535000.0,2020-08-02
BEDOK,4-ROOM,133.9,21.0,2007,603000.0,2023-09-16
YISHUN,4-ROOM,110.1,2.0,1990,377000.0,2018-05-02
PUNGGOL,5-ROOM,68.4,14.0,2004,315000.0,2017-04-15
HOUGANG,4-ROOM,84.9,29.0,2003,454000.0,2021-07-08
PUNGGOL,4-ROOM,95.5,5.0,1996,397000.0,2017-10-01
BEDOK,4-ROOM,104.2,11.0,2007,459000.0,2019-06-20
TAMPINES,4-ROOM,106.0,22.0,1982,479000.0,2017-10-12
TAMPINES,5-ROOM,142.7,25.0,1992,675000.0,2022-06-21
ANG MO KIO,5-ROOM,83.7,17.0,2011,402000.0,2019-10-19
BEDOK,5-ROOM,135.8,3.0,1978,553000.0,2021-10-19
BEDOK,3-ROOM,120.8,29.0,1978,525000.0,2021-07-01
WOODLANDS,3-ROOM,96.2,4.0,1981,417000.0,2021-06-24
WOODLANDS,5-ROOM,87.7,25.0,1999,466000.0,2020-09-17
GEYLANG,5-ROOM,91.1,5.0,1989,460000.0,2023-03-14
PUNGGOL,5-ROOM,83.0,1.0,1992,352000.0,2023-08-03
YISHUN,4-ROOM,100.8,15.0,1982,436000.0,2017-06-09
PUNGGOL,EXECUTIVE,135.8,13.0,1986,634000.0,2017-10-10
TAMPINES,4-ROOM,119.0,6.0,1977,477000.0,2018-10-25
PUNGGOL,4-ROOM,88.9,18.0,2009,456000.0,2017-08-30
TAMPINES,4-ROOM,82.1,25.0,1996,442000.0,2018-10-27
BEDOK,4-ROOM,105.2,25.0,1979,502000.0,2020-03-04
TAMPINES,5-ROOM,88.0,9.0,2011,437000.0,2021-05-22
PUNGGOL,3-ROOM,81.1,3.0,1995,384000.0,2017-03-14
BEDOK,5-ROOM,145.7,14.0,1997,594000.0,2018-03-17
CLEMENTI,4-ROOM,103.9,22.0,1995,534000.0,2019-12-01
BEDOK,5-ROOM,102.1,25.0,1998,506000.0,2018-06-13
YISHUN,3-ROOM,120.5,19.0,2013,616000.0,2022-03-12
ANG MO KIO,4-ROOM,113.1,27.0,2006,590000.0,2022-06-08
HOUGANG,EXECUTIVE,101.2,23.0,1987,554000.0,2019-11-16
JURONG WEST,3-ROOM,138.4,14.0,1981,565000.0,2017-04-25
CLEMENTI,3-ROOM,130.8,6.0,1994,576000.0,2021-06-25
YISHUN,3-ROOM,110.5,25.0,2014,565000.0,2023-05-10
CLEMENTI,5-ROOM,84.8,7.0,1978,379000.0,2021-05-02
TAMPINES,5-ROOM,54.6,8.0,2000,261000.0,2020-10-10
BEDOK,EXECUTIVE,133.6,13.0,2008,624000.0,2023-11-01
GEYLANG,4-ROOM,112.3,10.0,2007,473000.0,2019-10-10
HOUGANG,4-ROOM,92.8,22.0,1980,441000.0,2021-10-10
BEDOK,5-ROOM,75.5,3.0,2002,318000.0,2023-04-12
PUNGGOL,5-ROOM,95.1,15.0,2003,449000.0,2020-09-21
BEDOK,4-ROOM,76.0,19.0,1991,323000.0,2021-12-17
PUNGGOL,3-ROOM,65.5,29.0,1998,349000.0,2023-09-12
WOODLANDS,4-ROOM,94.3,16.0,1979,500000.0,2019-07-08
CLEMENTI,5-ROOM,102.7,3.0,1986,395000.0,2020-08-10
TAMPINES,5-ROOM,106.0,7.0,1989,425000.0,2018-04-06
PUNGGOL,5-ROOM,73.3,6.0,2014,332000.0,2020-02-19
GEYLANG,4-ROOM,98.1,14.0,1998,413000.0,2017-03-27
JURONG WEST,4-ROOM,80.1,28.0,1996,453000.0,2023-06-18
JURONG WEST,5-ROOM,112.9,7.0,2012,547000.0,2018-06-21
ANG MO KIO,5-ROOM,70.2,23.0,1985,349000.0,2018-08-26
HOUGANG,4-ROOM,59.4,10.0,2004,275000.0,2020-01-26
TAMPINES,4-ROOM,74.5,1.0,1995,369000.0,2022-02-17
ANG MO KIO,4-ROOM,107.7,15.0,2014,538000.0,2023-01-17
BEDOK,3-ROOM,65.0,29.0,1981,235000.0,2019-05-29
YISHUN,5-ROOM,51.7,7.0,2000,150000.0,2020-04-22
HOUGANG,4-ROOM,44.6,24.0,2006,299000.0,2021-02-16
YISHUN,EXECUTIVE,124.7,27.0,1982,634000.0,2019-03-18
PUNGGOL,3-ROOM,80.0,15.0,2008,431000.0,2022-04-30
JURONG WEST,4-ROOM,92.2,18.0,2003,438000.0,2020-03-10
GEYLANG,3-ROOM,85.0,2.0,2008,377000.0,2022-06-17
BEDOK,5-ROOM,104.6,7.0,2004,425000.0,2020-01-06
HOUGANG,3-ROOM,88.4,13.0,1984,365000.0,2021-05-18
JURONG WEST,EXECUTIVE,85.5,20.0,2009,383000.0,2019-01-28
JURONG WEST,3-ROOM,84.8,6.0,1993,353000.0,2021-07-08
BEDOK,4-ROOM,158.8,2.0,1982,550000.0,2023-12-20
HOUGANG,EXECUTIVE,45.1,24.0,1987,214000.0,2017-05-22
TAMPINES,5-ROOM,100.2,27.0,1997,502000.0,2017-11-25
CLEMENTI,3-ROOM,113.3,25.0,1978,568000.0,2021-06-27
YISHUN,4-ROOM,112.6,28.0,1980,559000.0,2018-07-22
BEDOK,3-ROOM,53.8,20.0,2011,339000.0,2021-03-07
BEDOK,3-ROOM,90.5,9.0,2014,439000.0,2017-03-07
HOUGANG,EXECUTIVE,105.2,12.0,1993,499000.0,2020-05-17
HOUGANG,3-ROOM,91.0,29.0,1981,389000.0,2020-06-13
WOODLANDS,EXECUTIVE,103.7,17.0,1982,491000.0,2019-02-22
GEYLANG,4-ROOM,75.1,28.0,2008,456000.0,2021-12-21
CLEMENTI,4-ROOM,104.7,11.0,2007,522000.0,2018-09-30
JURONG WEST,4-ROOM,105.2,21.0,1995,546000.0,2018-09-20
WOODLANDS,3-ROOM,101.6,21.0,1982,450000.0,2017-10-15
HOUGANG,5-ROOM,76.4,15.0,1978,297000.0,2020-02-09
GEYLANG,5-ROOM,87.2,25.0,1977,468000.0,2017-09-11
TAMPINES,4-ROOM,68.7,19.0,1999,350000.0,2017-09-17
WOODLANDS,5-ROOM,65.3,29.0,1978,327000.0,2019-12-10
WOODLANDS,3-ROOM,109.0,8.0,1991,458000.0,2022-08-07
ANG MO KIO,4-ROOM,91.2,27.0,1992,407000.0,2023-12-24
WOODLANDS,EXECUTIVE,97.9,3.0,2012,429000.0,2022-08-29
CLEMENTI,5-ROOM,78.3,18.0,1985,379000.0,2020-01-23
TAMPINES,3-ROOM,89.9,24.0,1990,446000.0,2023-01-19
CLEMENTI,5-ROOM,128.4,5.0,2001,539000.0,2017-03-21
YISHUN,4-ROOM,82.9,23.0,1979,330000.0,2020-03-08
BEDOK,3-ROOM,110.0,2.0,1975,431000.0,2017-10-16
GEYLANG,3-ROOM,84.4,17.0,1983,340000.0,2021-11-25
PUNGGOL,3-ROOM,110.4,4.0,1999,469000.0,2020-01-02
TAMPINES,4-ROOM,102.7,6.0,1997,414000.0,2021-09-05
BEDOK,5-ROOM,87.1,18.0,1982,393000.0,2022-09-11
GEYLANG,4-ROOM,92.2,28.0,1977,519000.0,2019-05-09
WOODLANDS,4-ROOM,68.7,11.0,1977,349000.0,2017-07-29
PUNGGOL,3-ROOM,99.5,28.0,1977,385000.0,2020-05-26
YISHUN,3-ROOM,84.4,26.0,1986,430000.0,2017-11-21
ANG MO KIO,3-ROOM,85.5,19.0,2006,447000.0,2018-02-01
WOODLANDS,3-ROOM,132.4,8.0,2007,575000.0,2023-05-14
CLEMENTI,4-ROOM,121.2,9.0,2010,462000.0,2023-01-15
GEYLANG,5-ROOM,109.0,4.0,1981,466000.0,2019-08-22
PUNGGOL,5-ROOM,87.6,11.0,2007,427000.0,2019-07-09
HOUGANG,4-ROOM,83.9,28.0,1986,428000.0,2017-03-02
YISHUN,4-ROOM,94.6,13.0,2002,451000.0,2019-01-09
YISHUN,4-ROOM,79.5,19.0,2003,398000.0,2019-01-06
YISHUN,3-ROOM,57.5,23.0,2002,247000.0,2019-08-27
WOODLANDS,4-ROOM,92.4,26.0,1985,459000.0,2018-11-01
CLEMENTI,4-ROOM,160.1,29.0,1978,748000.0,2017-03-01
YISHUN,5-ROOM,96.4,1.0,2011,469000.0,2018-12-17
CLEMENTI,5-ROOM,101.0,17.0,1995,453000.0,2019-09-03
HOUGANG,5-ROOM,112.1,8.0,1975,481000.0,2018-03-23
JURONG WEST,3-ROOM,75.2,25.0,1979,305000.0,2019-04-30
PUNGGOL,5-ROOM,54.6,12.0,1980,170000.0,2021-07-01
YISHUN,5-ROOM,61.3,4.0,1984,201000.0,2018-08-30
PUNGGOL,4-ROOM,79.9,2.0,2006,384000.0,2021-09-08
ANG MO KIO,EXECUTIVE,82.3,9.0,1986,294000.0,2017-01-05
HOUGANG,4-ROOM,40.0,7.0,1999,150000.0,2018-07-26
WOODLANDS,4-ROOM,78.5,20.0,1995,336000.0,2017-08-10
CLEMENTI,3-ROOM,89.9,12.0,1997,419000.0,2018-06-21
TAMPINES,3-ROOM,122.5,28.0,2011,631000.0,2020-12-24
GEYLANG,3-ROOM,92.2,28.0,1977,473000.0,2019-03-08
GEYLANG,4-ROOM,92.7,15.0,1997,436000.0,2021-06-17
CLEMENTI,4-ROOM,83.8,13.0,2001,309000.0,2023-12-27
GEYLANG,4-ROOM,82.5,6.0,1990,394000.0,2017-07-15
JURONG WEST,3-ROOM,79.9,18.0,1977,368000.0,2019-07-10
JURONG WEST,5-ROOM,78.9,2.0,1977,368000.0,2019-12-05
ANG MO KIO,4-ROOM,92.2,28.0,2009,507000.0,2018-12-01
GEYLANG,3-ROOM,107.5,1.0,2005,496000.0,2017-08-30
WOODLANDS,4-ROOM,105.5,14.0,1986,498000.0,2022-07-12
YISHUN,EXECUTIVE,112.7,9.0,1990,455000.0,2018-08-01
PUNGGOL,5-ROOM,94.3,11.0,1999,364000.0,2023-05-17
BEDOK,3-ROOM,138.2,29.0,1984,691000.0,2020-11-09
WOODLANDS,3-ROOM,123.0,9.0,1996,549000.0,2023-12-04
PUNGGOL,3-ROOM,118.6,10.0,1981,508000.0,2021-09-28
YISHUN,5-ROOM,70.2,3.0,1986,320000.0,2022-01-18
YISHUN,3-ROOM,82.0,7.0,1978,340000.0,2018-11-15
WOODLANDS,4-ROOM,95.6,24.0,1979,392000.0,2018-01-05
ANG MO KIO,3-ROOM,103.8,4.0,1982,389000.0,2018-05-21
WOODLANDS,5-ROOM,95.8,22.0,1976,408000.0,2022-09-03
BEDOK,3-ROOM,72.1,8.0,2005,306000.0,2023-08-03
WOODLANDS,4-ROOM,95.4,19.0,1983,367000.0,2019-03-10
GEYLANG,3-ROOM,102.6,6.0,1989,462000.0,2023-09-19
YISHUN,EXECUTIVE,109.7,22.0,2012,521000.0,2017-06-20
YISHUN,5-ROOM,88.9,17.0,2005,456000.0,2021-11-04
BEDOK,EXECUTIVE,149.6,20.0,1984,649000.0,2020-10-19
WOODLANDS,4-ROOM,90.2,21.0,2000,405000.0,2019-10-24
WOODLANDS,4-ROOM,91.3,12.0,1985,387000.0,2021-07-08
CLEMENTI,3-ROOM,103.8,5.0,2001,369000.0,2020-12-27
BEDOK,4-ROOM,126.5,21.0,1988,626000.0,2017-07-07
CLEMENTI,4-ROOM,125.4,11.0,1978,567000.0,2022-10-09
GEYLANG,EXECUTIVE,93.7,1.0,1992,357000.0,2020-09-25
JURONG WEST,3-ROOM,73.8,3.0,1997,265000.0,2019-02-26
HOUGANG,3-ROOM,107.6,15.0,1999,445000.0,2021-06-25
YISHUN,EXECUTIVE,83.0,21.0,2012,395000.0,2018-08-08
TAMPINES,3-ROOM,79.0,12.0,2011,383000.0,2021-09-25
TAMPINES,4-ROOM,120.3,24.0,2002,620000.0,2023-03-20
PUNGGOL,5-ROOM,60.6,21.0,1997,323000.0,2020-11-27
PUNGGOL,5-ROOM,85.9,9.0,2013,387000.0,2019-09-18
TAMPINES,3-ROOM,128.9,1.0,1998,587000.0,2023-03-31
BEDOK,5-ROOM,57.3,26.0,1992,250000.0,2022-12-03
CLEMENTI,5-ROOM,111.1,13.0,2000,546000.0,2022-01-19
JURONG WEST,3-ROOM,96.8,11.0,1999,459000.0,2021-04-28
HOUGANG,5-ROOM,90.8,10.0,1977,350000.0,2021-04-29
TAMPINES,EXECUTIVE,95.2,6.0,1985,414000.0,2022-03-14
ANG MO KIO,3-ROOM,95.0,19.0,1982,407000.0,2020-04-10
YISHUN,3-ROOM,84.6,13.0,2010,330000.0,2017-08-05
PUNGGOL,5-ROOM,103.8,16.0,2003,494000.0,2019-03-31
JURONG WEST,EXECUTIVE,87.8,7.0,1992,400000.0,2017-02-03
JURONG WEST,4-ROOM,101.0,14.0,1982,446000.0,2019-03-10
WOODLANDS,4-ROOM,107.2,28.0,1987,504000.0,2018-11-12
TAMPINES,3-ROOM,65.3,18.0,1993,295000.0,2019-01-05
YISHUN,4-ROOM,124.9,13.0,2014,551000.0,2022-08-08
JURONG WEST,4-ROOM,91.1,25.0,2010,430000.0,2020-07-15
TAMPINES,4-ROOM,115.7,29.0,2014,549000.0,2018-09-28
BEDOK,5-ROOM,130.3,11.0,1992,622000.0,2021-03-04
CLEMENTI,3-ROOM,60.5,2.0,1993,251000.0,2018-12-16
WOODLANDS,4-ROOM,101.0,16.0,1992,444000.0,2020-03-29
BEDOK,EXECUTIVE,95.2,7.0,1991,391000.0,2017-12-10
GEYLANG,EXECUTIVE,73.2,11.0,1992,293000.0,2022-12-21
WOODLANDS,4-ROOM,76.4,17.0,2002,377000.0,2017-01-16
WOODLANDS,EXECUTIVE,75.7,2.0,1995,266000.0,2022-03-09
GEYLANG,3-ROOM,119.5,21.0,1992,649000.0,2022-11-25
BEDOK,5-ROOM,80.9,14.0,1983,298000.0,2018-09-30
CLEMENTI,4-ROOM,88.7,5.0,2011,343000.0,2022-09-19
PUNGGOL,5-ROOM,58.4,5.0,1989,193000.0,2017-05-22
JURONG WEST,5-ROOM,75.8,24.0,1978,330000.0,2017-12-19
CLEMENTI,3-ROOM,94.3,15.0,1982,497000.0,2022-04-30
HOUGANG,4-ROOM,121.4,29.0,1982,525000.0,2019-11-22
WOODLANDS,4-ROOM,95.6,4.0,1999,355000.0,2023-10-05
CLEMENTI,5-ROOM,113.3,16.0,1988,460000.0,2019-01-05
BEDOK,5-ROOM,94.3,29.0,1987,427000.0,2019-11-24
HOUGANG,3-ROOM,77.5,19.0,2009,394000.0,2017-10-13
YISHUN,3-ROOM,75.8,12.0,1992,237000.0,2022-07-17
GEYLANG,5-ROOM,91.5,25.0,2012,483000.0,2018-12-25
WOODLANDS,4-ROOM,67.6,23.0,1995,284000.0,2019-06-08
WOODLANDS,5-ROOM,91.2,9.0,2012,376000.0,2022-01-22
CLEMENTI,3-ROOM,94.8,26.0,1995,503000.0,2022-10-20
WOODLANDS,4-ROOM,78.5,3.0,1994,356000.0,2020-07-26
ANG MO KIO,4-ROOM,136.4,18.0,1984,623000.0,2021-08-13
JURONG WEST,3-ROOM,135.5,7.0,1988,553000.0,2019-02-18
WOODLANDS,4-ROOM,91.8,2.0,1976,436000.0,2022-08-18
WOODLANDS,5-ROOM,56.5,6.0,1987,203000.0,2023-06-27
CLEMENTI,4-ROOM,104.2,29.0,1999,527000.0,2021-11-21
GEYLANG,5-ROOM,83.2,17.0,1986,347000.0,2023-10-08
WOODLANDS,3-ROOM,95.2,14.0,1990,411000.0,2020-04-17
WOODLANDS,5-ROOM,70.9,20.0,1990,293000.0,2022-07-16
TAMPINES,4-ROOM,93.8,23.0,2011,470000.0,2019-11-12
WOODLANDS,4-ROOM,82.4,18.0,1992,396000.0,2020-08-05
WOODLANDS,5-ROOM,113.5,22.0,1988,452000.0,2022-12-10
TAMPINES,4-ROOM,96.7,2.0,1991,377000.0,2023-01-20
BEDOK,3-ROOM,111.5,23.0,1994,478000.0,2021-02-03
BEDOK,4-ROOM,116.9,5.0,2012,455000.0,2020-11-30
GEYLANG,3-ROOM,72.3,11.0,1975,279000.0,2019-11-06
WOODLANDS,4-ROOM,122.5,11.0,2002,533000.0,2020-11-18
YISHUN,4-ROOM,111.2,27.0,2004,604000.0,2018-06-01
WOODLANDS,4-ROOM,118.3,27.0,1997,562000.0,2023-10-14
BEDOK,4-ROOM,86.8,23.0,1987,343000.0,2022-05-19
BEDOK,5-ROOM,51.7,3.0,1994,286000.0,2023-02-24
TAMPINES,4-ROOM,117.5,11.0,2002,558000.0,2019-04-05
TAMPINES,4-ROOM,90.7,14.0,2003,421000.0,2023-09-02
JURONG WEST,4-ROOM,143.9,19.0,1981,560000.0,2022-10-02
HOUGANG,4-ROOM,57.4,22.0,2000,308000.0,2021-01-21
TAMPINES,4-ROOM,92.5,2.0,1991,321000.0,2021-07-19
PUNGGOL,EXECUTIVE,97.1,19.0,1992,468000.0,2019-03-29
TAMPINES,3-ROOM,133.4,24.0,1978,625000.0,2023-05-15
YISHUN,3-ROOM,129.1,20.0,2009,585000.0,2023-08-12
HOUGANG,5-ROOM,40.0,19.0,2007,150000.0,2021-03-22
PUNGGOL,3-ROOM,153.9,28.0,2012,774000.0,2020-10-02
YISHUN,3-ROOM,131.5,28.0,1978,548000.0,2019-04-08
BEDOK,EXECUTIVE,51.7,3.0,1986,150000.0,2021-11-15
BEDOK,5-ROOM,68.1,2.0,1987,278000.0,2020-11-06
WOODLANDS,3-ROOM,92.2,14.0,1994,475000.0,2019-05-02
WOODLANDS,5-ROOM,64.8,21.0,2013,316000.0,2022-12-29
WOODLANDS,3-ROOM,116.7,12.0,2008,494000.0,2020-08-24
JURONG WEST,3-ROOM,81.2,27.0,2001,392000.0,2019-09-25
JURONG WEST,3-ROOM,79.6,10.0,1979,241000.0,2022-02-03
YISHUN,4-ROOM,98.3,20.0,2014,492000.0,2021-11-04
BEDOK,3-ROOM,82.7,6.0,2003,340000.0,2022-08-18
ANG MO KIO,5-ROOM,99.4,16.0,1999,450000.0,2022-03-27
HOUGANG,3-ROOM,56.5,2.0,1982,184000.0,2022-02-18
GEYLANG,EXECUTIVE,109.0,13.0,1996,462000.0,2020-06-05
ANG MO KIO,3-ROOM,141.9,25.0,1998,715000.0,2023-09-01
JURONG WEST,3-ROOM,129.4,26.0,2004,563000.0,2022-01-06
GEYLANG,3-ROOM,116.3,6.0,2007,523000.0,2020-12-18
HOUGANG,3-ROOM,90.5,16.0,2010,475000.0,2018-08-25
BEDOK,5-ROOM,58.8,6.0,1989,283000.0,2019-04-25
CLEMENTI,EXECUTIVE,117.7,4.0,1989,429000.0,2017-07-19
YISHUN,3-ROOM,113.1,21.0,1980,502000.0,2021-01-19
HOUGANG,4-ROOM,106.6,29.0,1981,519000.0,2022-10-04
PUNGGOL,4-ROOM,61.2,25.0,1983,256000.0,2023-07-02
WOODLANDS,4-ROOM,97.2,6.0,1986,399000.0,2017-09-18
YISHUN,3-ROOM,73.8,13.0,1996,384000.0,2020-05-21
ANG MO KIO,5-ROOM,132.7,1.0,1991,567000.0,2017-08-17
CLEMENTI,5-ROOM,143.0,23.0,1985,605000.0,2017-02-09
YISHUN,4-ROOM,116.7,20.0,1978,460000.0,2023-12-10
ANG MO KIO,EXECUTIVE,87.9,21.0,1985,427000.0,2020-06-21
YISHUN,3-ROOM,71.2,18.0,2004,332000.0,2019-09-25
GEYLANG,4-ROOM,82.9,22.0,1990,441000.0,2019-12-08
CLEMENTI,5-ROOM,76.2,27.0,1989,429000.0,2021-12-02
TAMPINES,3-ROOM,56.7,18.0,1991,329000.0,2018-09-25
HOUGANG,4-ROOM,65.1,19.0,1996,332000.0,2020-10-26
HOUGANG,4-ROOM,51.2,17.0,1997,214000.0,2021-02-11
TAMPINES,3-ROOM,97.6,8.0,1985,360000.0,2019-05-23
HOUGANG,3-ROOM,113.7,4.0,1978,490000.0,2022-06-05
ANG MO KIO,EXECUTIVE,80.6,7.0,1977,321000.0,2017-07-22
HOUGANG,4-ROOM,61.2,8.0,1987,240000.0,2017-05-20
JURONG WEST,4-ROOM,99.3,10.0,1984,444000.0,2022-04-24
CLEMENTI,3-ROOM,110.0,18.0,1995,558000.0,2019-02-27
ANG MO KIO,4-ROOM,77.0,12.0,1978,401000.0,2017-03-27
TAMPINES,EXECUTIVE,78.5,19.0,1979,356000.0,2021-05-20
PUNGGOL,4-ROOM,74.3,13.0,1989,298000.0,2021-10-01
TAMPINES,5-ROOM,100.4,25.0,2011,545000.0,2021-09-16
WOODLANDS,EXECUTIVE,40.9,11.0,1984,181000.0,2021-07-28
ANG MO KIO,4-ROOM,119.4,22.0,1975,492000.0,2017-12-08
ANG MO KIO,3-ROOM,110.6,15.0,2012,537000.0,2020-12-03
GEYLANG,4-ROOM,99.0,5.0,1999,432000.0,2019-02-27
YISHUN,3-ROOM,127.4,29.0,2000,623000.0,2021-11-16
TAMPINES,3-ROOM,98.3,16.0,1978,466000.0,2022-01-12
PUNGGOL,3-ROOM,101.0,17.0,1991,462000.0,2017-08-22
GEYLANG,4-ROOM,70.3,6.0,2005,283000.0,2022-05-27
BEDOK,5-ROOM,64.0,25.0,2013,327000.0,2023-03-13
GEYLANG,4-ROOM,56.5,9.0,1993,240000.0,2020-10-25
PUNGGOL,5-ROOM,108.6,2.0,1990,430000.0,2022-06-27
GEYLANG,5-ROOM,80.2,11.0,2006,445000.0,2023-07-05
HOUGANG,5-ROOM,143.7,19.0,1979,689000.0,2021-10-24
HOUGANG,3-ROOM,76.7,12.0,1992,282000.0,2017-06-07
TAMPINES,3-ROOM,104.0,20.0,1995,457000.0,2019-02-13
PUNGGOL,4-ROOM,99.8,8.0,2009,475000.0,2021-03-09
BEDOK,4-ROOM,88.5,21.0,2010,475000.0,2017-04-01
GEYLANG,3-ROOM,90.5,21.0,1986,406000.0,2021-11-19
TAMPINES,3-ROOM,123.2,13.0,1986,515000.0,2021-04-18
CLEMENTI,EXECUTIVE,115.5,24.0,2001,609000.0,2018-07-22
GEYLANG,4-ROOM,107.2,24.0,1992,544000.0,2021-03-17
WOODLANDS,5-ROOM,95.8,2.0,2000,429000.0,2023-10-17
CLEMENTI,4-ROOM,76.9,25.0,1987,361000.0,2022-08-16
PUNGGOL,EXECUTIVE,101.8,23.0,1992,461000.0,2020-03-08
YISHUN,3-ROOM,76.6,19.0,1979,345000.0,2020-12-25
GEYLANG,4-ROOM,77.7,18.0,1998,344000.0,2021-10-19
JURONG WEST,5-ROOM,99.6,17.0,2012,507000.0,2022-09-08
PUNGGOL,4-ROOM,76.0,23.0,2007,405000.0,2021-01-02
JURONG WEST,3-ROOM,103.6,27.0,1986,543000.0,2018-06-01
YISHUN,4-ROOM,87.1,8.0,1999,350000.0,2020-05-18
TAMPINES,5-ROOM,95.1,2.0,1998,377000.0,2021-09-15
GEYLANG,4-ROOM,113.5,15.0,1976,468000.0,2018-04-22
GEYLANG,4-ROOM,48.2,23.0,2012,267000.0,2022-08-21
WOODLANDS,4-ROOM,142.5,18.0,2008,726000.0,2022-03-23
HOUGANG,4-ROOM,94.3,23.0,1984,505000.0,2022-10-23
ANG MO KIO,EXECUTIVE,82.0,18.0,2004,418000.0,2020-10-15
GEYLANG,EXECUTIVE,106.4,27.0,2002,539000.0,2017-11-20
JURONG WEST,5-ROOM,53.8,21.0,2007,237000.0,2020-11-16
HOUGANG,5-ROOM,86.1,29.0,1989,442000.0,2018-04-07
JURONG WEST,3-ROOM,53.7,17.0,1978,324000.0,2021-01-24
YISHUN,5-ROOM,118.8,14.0,1985,595000.0,2023-08-16
GEYLANG,3-ROOM,103.2,24.0,1986,532000.0,2023-03-26
GEYLANG,3-ROOM,117.3,4.0,1985,579000.0,2023-03-22
JURONG WEST,3-ROOM,73.7,5.0,1999,302000.0,2023-09-25
BEDOK,4-ROOM,78.1,5.0,2013,359000.0,2023-05-29
TAMPINES,4-ROOM,137.7,8.0,1998,615000.0,2022-04-10
WOODLANDS,3-ROOM,73.9,29.0,1979,259000.0,2018-05-28
HOUGANG,EXECUTIVE,104.5,4.0,1996,449000.0,2022-04-26
GEYLANG,4-ROOM,82.2,17.0,1982,387000.0,2019-05-27
GEYLANG,4-ROOM,94.3,1.0,1975,331000.0,2019-10-22
ANG MO KIO,EXECUTIVE,88.0,12.0,2014,434000.0,2019-08-14
JURONG WEST,3-ROOM,69.3,7.0,1992,331000.0,2022-07-24
ANG MO KIO,3-ROOM,100.8,18.0,2001,446000.0,2019-09-16
JURONG WEST,3-ROOM,58.9,11.0,1982,257000.0,2019-03-10
CLEMENTI,4-ROOM,95.1,25.0,1987,369000.0,2019-07-07
ANG MO KIO,5-ROOM,92.2,16.0,2000,431000.0,2020-08-17
YISHUN,3-ROOM,88.3,17.0,2000,462000.0,2020-12-04
PUNGGOL,4-ROOM,94.9,24.0,1975,415000.0,2022-12-10
BEDOK,EXECUTIVE,96.5,24.0,1979,432000.0,2019-04-13
CLEMENTI,4-ROOM,107.3,21.0,2005,519000.0,2020-06-23
CLEMENTI,4-ROOM,98.5,26.0,1987,451000.0,2019-03-08
JURONG WEST,3-ROOM,112.5,11.0,1993,489000.0,2020-12-16
JURONG WEST,4-ROOM,86.4,13.0,1986,325000.0,2021-09-11
JURONG WEST,5-ROOM,101.9,4.0,2014,448000.0,2023-10-07
HOUGANG,3-ROOM,88.6,8.0,2014,394000.0,2022-09-14
WOODLANDS,4-ROOM,121.4,4.0,1990,452000.0,2022-05-02
YISHUN,4-ROOM,89.6,26.0,2014,495000.0,2020-09-12
GEYLANG,4-ROOM,65.4,9.0,2008,273000.0,2023-03-10
JURONG WEST,4-ROOM,96.6,29.0,2013,560000.0,2018-03-21
PUNGGOL,5-ROOM,76.4,27.0,1998,342000.0,2019-10-08
TAMPINES,3-ROOM,88.9,5.0,1990,337000.0,2020-01-29
GEYLANG,5-ROOM,98.8,6.0,1977,404000.0,2021-05-21
YISHUN,EXECUTIVE,90.3,27.0,2014,471000.0,2021-06-15
CLEMENTI,4-ROOM,70.9,28.0,2008,359000.0,2022-08-19
TAMPINES,EXECUTIVE,120.6,25.0,2008,614000.0,2018-05-13
HOUGANG,3-ROOM,65.4,17.0,1975,307000.0,2019-12-31
JURONG WEST,4-ROOM,95.3,13.0,2007,509000.0,2022-08-27
TAMPINES,4-ROOM,105.0,19.0,1998,509000.0,2019-01-29
BEDOK,3-ROOM,83.5,1.0,1987,346000.0,2023-04-22
CLEMENTI,5-ROOM,95.0,16.0,2007,470000.0,2019-12-24
JURONG WEST,3-ROOM,112.3,4.0,1996,427000.0,2017-12-19
GEYLANG,4-ROOM,86.6,6.0,1989,354000.0,2020-04-22
GEYLANG,4-ROOM,86.8,9.0,1978,370000.0,2019-11-07
TAMPINES,5-ROOM,102.6,6.0,2002,409000.0,2019-01-30
WOODLANDS,4-ROOM,91.4,16.0,1994,443000.0,2019-05-11
TAMPINES,3-ROOM,109.5,26.0,1996,535000.0,2023-03-09
YISHUN,4-ROOM,107.4,7.0,1979,444000.0,2019-11-08
BEDOK,3-ROOM,99.6,20.0,2007,508000.0,2018-11-09
ANG MO KIO,5-ROOM,97.1,13.0,2007,429000.0,2017-10-29
BEDOK,3-ROOM,105.9,5.0,1985,472000.0,2019-07-21
HOUGANG,4-ROOM,91.0,1.0,1994,427000.0,2020-03-17
YISHUN,5-ROOM,128.0,16.0,1975,536000.0,2022-03-19
YISHUN,4-ROOM,114.2,4.0,1990,463000.0,2017-02-25
JURONG WEST,EXECUTIVE,81.6,28.0,1984,340000.0,2019-04-16
CLEMENTI,EXECUTIVE,88.4,18.0,1991,406000.0,2023-10-22
GEYLANG,5-ROOM,117.0,12.0,1997,521000.0,2019-06-29
GEYLANG,5-ROOM,74.5,14.0,1975,263000.0,2017-07-16
TAMPINES,3-ROOM,116.9,6.0,1997,465000.0,2020-08-01
JURONG WEST,4-ROOM,82.2,17.0,2013,359000.0,2022-05-05
GEYLANG,4-ROOM,106.9,12.0,2001,457000.0,2018-08-14
JURONG WEST,5-ROOM,86.4,17.0,2014,452000.0,2020-12-18
BEDOK,4-ROOM,104.3,7.0,1998,415000.0,2023-01-26
PUNGGOL,4-ROOM,97.6,22.0,2005,463000.0,2022-12-13
WOODLANDS,3-ROOM,66.7,7.0,1998,294000.0,2022-11-04
TAMPINES,5-ROOM,77.1,15.0,1992,406000.0,2017-03-01
CLEMENTI,5-ROOM,104.1,1.0,1985,481000.0,2022-11-10
GEYLANG,5-ROOM,107.8,6.0,1982,490000.0,2017-04-25
JURONG WEST,EXECUTIVE,106.9,7.0,1998,422000.0,2020-06-03
ANG MO KIO,3-ROOM,135.8,7.0,1989,657000.0,2023-04-30
ANG MO KIO,4-ROOM,90.1,18.0,1978,341000.0,2018-05-07
HOUGANG,3-ROOM,100.7,18.0,1981,432000.0,2020-12-10
PUNGGOL,4-ROOM,121.8,20.0,1995,527000.0,2022-10-30
YISHUN,5-ROOM,105.0,8.0,1995,414000.0,2022-03-31
JURONG WEST,4-ROOM,65.3,5.0,2008,316000.0,2021-02-03
TAMPINES,4-ROOM,138.4,11.0,2008,549000.0,2022-04-27
HOUGANG,4-ROOM,118.3,4.0,2009,533000.0,2023-07-31
YISHUN,3-ROOM,105.8,16.0,1987,440000.0,2018-03-23
JURONG WEST,4-ROOM,82.6,13.0,1991,391000.0,2022-07-23
PUNGGOL,3-ROOM,108.9,1.0,1999,481000.0,2019-03-06
PUNGGOL,5-ROOM,97.2,6.0,2000,439000.0,2017-08-21
GEYLANG,4-ROOM,78.3,12.0,1981,353000.0,2020-09-02
GEYLANG,3-ROOM,89.1,8.0,2012,450000.0,2023-02-09
GEYLANG,4-ROOM,94.9,1.0,1983,381000.0,2022-06-09
TAMPINES,4-ROOM,74.4,19.0,1997,323000.0,2023-08-07
GEYLANG,3-ROOM,92.5,4.0,2006,380000.0,2018-02-04
TAMPINES,3-ROOM,120.3,2.0,1980,514000.0,2022-03-01
TAMPINES,4-ROOM,90.2,17.0,1983,382000.0,2021-02-21
PUNGGOL,5-ROOM,79.7,4.0,2008,318000.0,2017-01-08
PUNGGOL,4-ROOM,88.4,13.0,2012,395000.0,2022-05-27
WOODLANDS,4-ROOM,71.7,11.0,2000,336000.0,2020-05-01
PUNGGOL,3-ROOM,137.6,14.0,1976,644000.0,2019-07-27
PUNGGOL,4-ROOM,128.9,5.0,1985,539000.0,2020-04-15
ANG MO KIO,5-ROOM,140.8,9.0,1975,603000.0,2017-03-19
YISHUN,4-ROOM,134.5,6.0,1996,555000.0,2023-05-09
HOUGANG,3-ROOM,40.0,28.0,1996,234000.0,2022-02-14
PUNGGOL,4-ROOM,118.5,28.0,1990,618000.0,2021-08-17
CLEMENTI,3-ROOM,78.6,27.0,2009,408000.0,2018-03-08
YISHUN,3-ROOM,75.9,12.0,2008,376000.0,2021-01-28
GEYLANG,3-ROOM,101.5,25.0,2008,446000.0,2020-01-10
BEDOK,3-ROOM,101.0,12.0,1984,470000.0,2023-12-05
WOODLANDS,EXECUTIVE,136.5,8.0,1981,620000.0,2023-09-13
WOODLANDS,3-ROOM,101.8,29.0,1999,504000.0,2021-07-25
TAMPINES,3-ROOM,124.3,23.0,1975,558000.0,2018-10-06
HOUGANG,4-ROOM,90.5,6.0,1979,404000.0,2020-11-12
HOUGANG,EXECUTIVE,89.6,24.0,2007,491000.0,2022-08-06
HOUGANG,4-ROOM,90.3,11.0,2004,426000.0,2019-09-10
PUNGGOL,3-ROOM,83.0,23.0,2000,376000.0,2018-10-21
YISHUN,5-ROOM,93.9,24.0,1992,475000.0,2018-10-11
JURONG WEST,4-ROOM,108.8,11.0,1994,451000.0,2018-03-11
GEYLANG,4-ROOM,75.2,20.0,2014,358000.0,2019-12-29
GEYLANG,3-ROOM,67.2,3.0,1992,332000.0,2023-09-24
HOUGANG,4-ROOM,84.0,19.0,1988,332000.0,2019-11-05
HOUGANG,3-ROOM,89.1,9.0,2000,418000.0,2023-08-21
BEDOK,5-ROOM,97.2,14.0,2000,522000.0,2019-08-12
ANG MO KIO,4-ROOM,94.4,19.0,2004,450000.0,2018-02-07
WOODLANDS,5-ROOM,109.9,20.0,1987,476000.0,2020-03-18
HOUGANG,5-ROOM,86.1,2.0,1997,327000.0,2019-10-24
ANG MO KIO,4-ROOM,103.0,10.0,1983,450000.0,2023-07-14
YISHUN,4-ROOM,132.6,23.0,2009,637000.0,2020-10-18
HOUGANG,4-ROOM,90.0,5.0,1998,343000.0,2017-11-14
WOODLANDS,3-ROOM,63.7,2.0,2013,311000.0,2018-10-06
PUNGGOL,4-ROOM,90.9,16.0,2003,499000.0,2021-12-03
PUNGGOL,4-ROOM,97.3,5.0,1980,388000.0,2018-12-04
ANG MO KIO,3-ROOM,100.5,27.0,2005,499000.0,2020-04-04
WOODLANDS,5-ROOM,73.8,28.0,2011,359000.0,2019-08-16
GEYLANG,5-ROOM,83.1,16.0,1991,312000.0,2019-08-18
YISHUN,5-ROOM,119.5,19.0,1992,507000.0,2019-10-29
HOUGANG,4-ROOM,91.4,10.0,2005,436000.0,2017-02-28
JURONG WEST,4-ROOM,96.9,26.0,2009,516000.0,2019-12-05
ANG MO KIO,3-ROOM,114.4,15.0,1989,464000.0,2022-08-26
BEDOK,EXECUTIVE,89.7,12.0,2006,385000.0,2020-11-16
BEDOK,5-ROOM,77.3,5.0,1995,282000.0,2023-05-13
BEDOK,3-ROOM,72.6,25.0,1985,331000.0,2017-05-29
BEDOK,3-ROOM,124.2,2.0,2005,512000.0,2017-07-24
BEDOK,5-ROOM,128.3,1.0,1975,484000.0,2017-11-12
JURONG WEST,EXECUTIVE,97.8,14.0,1980,401000.0,2019-06-14
BEDOK,5-ROOM,66.2,22.0,1999,314000.0,2019-11-23
CLEMENTI,5-ROOM,78.0,20.0,1985,311000.0,2022-10-31
HOUGANG,EXECUTIVE,139.8,24.0,2012,695000.0,2019-06-16
PUNGGOL,4-ROOM,113.4,16.0,1997,504000.0,2022-09-05
HOUGANG,3-ROOM,115.3,22.0,1975,482000.0,2022-12-29
CLEMENTI,5-ROOM,78.2,4.0,1983,336000.0,2021-05-09
ANG MO KIO,5-ROOM,127.4,11.0,2002,490000.0,2017-09-30
CLEMENTI,4-ROOM,122.7,28.0,1978,614000.0,2019-10-13
BEDOK,4-ROOM,66.9,1.0,1996,283000.0,2023-08-11
YISHUN,3-ROOM,63.5,3.0,2000,300000.0,2018-12-20
JURONG WEST,5-ROOM,78.9,12.0,1976,387000.0,2023-09-12
TAMPINES,3-ROOM,105.9,28.0,1996,551000.0,2023-10-01
PUNGGOL,4-ROOM,123.2,17.0,1994,510000.0,2018-07-13
JURONG WEST,5-ROOM,116.9,16.0,2004,563000.0,2020-05-18
HOUGANG,4-ROOM,130.3,19.0,2010,582000.0,2017-10-25
CLEMENTI,3-ROOM,84.0,9.0,1993,355000.0,2021-08-08
PUNGGOL,EXECUTIVE,86.8,5.0,1998,366000.0,2021-02-09
ANG MO KIO,4-ROOM,105.6,17.0,1993,446000.0,2023-01-03
TAMPINES,4-ROOM,84.8,4.0,1997,345000.0,2023-10-05
PUNGGOL,5-ROOM,77.6,29.0,2002,404000.0,2020-05-06
YISHUN,4-ROOM,63.2,17.0,1981,310000.0,2021-10-21
ANG MO KIO,EXECUTIVE,126.0,10.0,1993,550000.0,2017-09-19
GEYLANG,EXECUTIVE,59.0,16.0,1994,269000.0,2018-08-10
GEYLANG,4-ROOM,105.4,11.0,2002,429000.0,2023-05-28
HOUGANG,5-ROOM,110.9,7.0,2002,559000.0,2022-05-10
JURONG WEST,5-ROOM,81.2,7.0,2000,359000.0,2020-09-09
BEDOK,3-ROOM,112.6,6.0,2000,503000.0,2023-03-22
ANG MO KIO,5-ROOM,73.7,2.0,1977,247000.0,2019-04-30
BEDOK,4-ROOM,57.3,15.0,2009,310000.0,2018-04-03
HOUGANG,4-ROOM,93.3,11.0,2008,392000.0,2019-05-22
PUNGGOL,5-ROOM,100.5,7.0,1985,408000.0,2021-01-15
HOUGANG,5-ROOM,71.9,4.0,1986,266000.0,2018-06-14
YISHUN,4-ROOM,96.9,23.0,2011,392000.0,2019-11-13
TAMPINES,4-ROOM,106.3,11.0,1990,540000.0,2021-11-18
TAMPINES,4-ROOM,101.7,26.0,1999,431000.0,2018-09-19
JURONG WEST,3-ROOM,70.8,22.0,2010,327000.0,2021-05-24
CLEMENTI,4-ROOM,83.5,25.0,1998,390000.0,2020-12-06
CLEMENTI,5-ROOM,117.8,3.0,1996,483000.0,2017-09-02
JURONG WEST,5-ROOM,63.9,19.0,2009,300000.0,2017-05-09
YISHUN,3-ROOM,83.8,15.0,1983,329000.0,2020-02-04
JURONG WEST,5-ROOM,97.6,12.0,2009,486000.0,2022-08-31
ANG MO KIO,3-ROOM,76.3,2.0,1987,269000.0,2021-06-21
YISHUN,3-ROOM,102.8,19.0,2013,462000.0,2020-04-18
ANG MO KIO,5-ROOM,94.3,14.0,1984,529000.0,2019-07-12
JURONG WEST,5-ROOM,70.3,3.0,2007,309000.0,2023-11-08
GEYLANG,4-ROOM,112.4,5.0,2005,520000.0,2021-11-19
TAMPINES,3-ROOM,67.0,27.0,1982,295000.0,2017-06-18
ANG MO KIO,5-ROOM,137.8,5.0,1989,553000.0,2021-10-24
JURONG WEST,3-ROOM,115.1,4.0,2012,508000.0,2021-11-04
ANG MO KIO,3-ROOM,89.0,28.0,1999,461000.0,2020-03-08
WOODLANDS,3-ROOM,133.8,4.0,1984,542000.0,2020-05-07
YISHUN,3-ROOM,122.5,27.0,1984,528000.0,2017-05-06
TAMPINES,3-ROOM,109.0,10.0,1991,508000.0,2018-03-10
BEDOK,4-ROOM,78.0,28.0,2013,409000.0,2021-08-08
PUNGGOL,5-ROOM,152.3,10.0,1988,700000.0,2021-12-10
HOUGANG,EXECUTIVE,59.7,4.0,1977,175000.0,2021-01-06
WOODLANDS,4-ROOM,99.4,6.0,2002,407000.0,2019-10-06
CLEMENTI,4-ROOM,114.0,28.0,1986,618000.0,2021-06-26
HOUGANG,3-ROOM,99.1,10.0,1978,430000.0,2023-02-05
CLEMENTI,5-ROOM,108.8,15.0,1989,445000.0,2019-03-27
CLEMENTI,5-ROOM,124.7,4.0,1975,459000.0,2020-07-13
WOODLANDS,EXECUTIVE,131.0,15.0,1981,598000.0,2020-09-30
CLEMENTI,4-ROOM,87.9,2.0,1999,391000.0,2020-09-14
ANG MO KIO,4-ROOM,112.3,11.0,2001,512000.0,2023-03-17
TAMPINES,3-ROOM,52.6,8.0,1977,155000.0,2022-01-23
BEDOK,3-ROOM,131.1,20.0,1979,573000.0,2023-02-04
HOUGANG,3-ROOM,96.0,6.0,1979,416000.0,2021-08-14
PUNGGOL,4-ROOM,85.6,9.0,1983,405000.0,2023-11-11
HOUGANG,4-ROOM,84.6,14.0,1999,345000.0,2023-08-09
ANG MO KIO,3-ROOM,100.8,14.0,2013,431000.0,2018-08-13
YISHUN,4-ROOM,66.7,10.0,1995,317000.0,2018-06-21
TAMPINES,3-ROOM,69.7,19.0,1980,273000.0,2017-09-16
ANG MO KIO,EXECUTIVE,106.6,7.0,2012,480000.0,2022-03-02
BEDOK,4-ROOM,65.9,24.0,2012,360000.0,2021-02-04
YISHUN,4-ROOM,89.1,2.0,1983,389000.0,2023-04-09
HOUGANG,4-ROOM,66.8,29.0,1981,319000.0,2022-07-07
PUNGGOL,4-ROOM,87.8,13.0,2002,410000.0,2020-07-27
PUNGGOL,4-ROOM,92.0,25.0,1992,455000.0,2017-04-16
YISHUN,3-ROOM,67.2,9.0,2011,311000.0,2019-06-27
YISHUN,3-ROOM,97.6,29.0,1978,535000.0,2023-04-01
CLEMENTI,EXECUTIVE,40.0,2.0,1995,187000.0,2023-02-12
CLEMENTI,5-ROOM,105.2,29.0,1979,475000.0,2018-05-24
HOUGANG,3-ROOM,70.1,21.0,1984,309000.0,2018-03-17
GEYLANG,3-ROOM,84.4,12.0,2003,369000.0,2020-07-20
WOODLANDS,4-ROOM,83.5,16.0,1992,350000.0,2023-07-18
BEDOK,EXECUTIVE,109.3,21.0,2011,570000.0,2022-06-30
BEDOK,3-ROOM,67.7,20.0,1996,300000.0,2019-05-01
HOUGANG,5-ROOM,98.6,25.0,2006,453000.0,2022-07-06
WOODLANDS,3-ROOM,82.8,28.0,1976,423000.0,2022-05-18
YISHUN,4-ROOM,73.4,8.0,1993,337000.0,2022-12-03
BEDOK,EXECUTIVE,77.0,26.0,1977,322000.0,2017-10-06
ANG MO KIO,4-ROOM,75.2,27.0,1975,364000.0,2022-01-29
TAMPINES,4-ROOM,118.0,4.0,2000,490000.0,2017-07-08
WOODLANDS,4-ROOM,86.9,19.0,1983,350000.0,2018-05-02
YISHUN,5-ROOM,118.5,13.0,1981,547000.0,2019-12-02
YISHUN,5-ROOM,107.1,21.0,2013,542000.0,2022-11-26
BEDOK,3-ROOM,77.0,10.0,1979,343000.0,2019-03-28
BEDOK,EXECUTIVE,120.5,26.0,1996,572000.0,2021-07-26
GEYLANG,EXECUTIVE,93.3,6.0,1989,384000.0,2019-06-05
WOODLANDS,3-ROOM,83.5,26.0,1997,454000.0,2020-11-13
JURONG WEST,3-ROOM,101.4,6.0,2003,483000.0,2021-02-07
BEDOK,3-ROOM,89.8,4.0,1998,427000.0,2023-09-09
TAMPINES,3-ROOM,63.9,21.0,1989,325000.0,2018-11-19
JURONG WEST,EXECUTIVE,118.1,21.0,1993,564000.0,2019-10-20
PUNGGOL,5-ROOM,71.6,2.0,2008,312000.0,2017-09-21
TAMPINES,5-ROOM,134.8,9.0,1984,594000.0,2019-02-17
HOUGANG,4-ROOM,127.5,8.0,1982,537000.0,2022-03-26
PUNGGOL,4-ROOM,107.8,12.0,2013,481000.0,2020-10-15
HOUGANG,4-ROOM,95.4,23.0,1987,459000.0,2023-06-25
BEDOK,5-ROOM,106.6,5.0,1999,440000.0,2023-08-10
TAMPINES,4-ROOM,90.6,10.0,2014,385000.0,2017-08-09
JURONG WEST,3-ROOM,69.9,14.0,1998,354000.0,2022-04-07
YISHUN,3-ROOM,102.3,16.0,1997,451000.0,2020-06-04
PUNGGOL,3-ROOM,133.1,1.0,1990,619000.0,2020-12-07
ANG MO KIO,5-ROOM,66.1,21.0,1998,322000.0,2020-12-07
WOODLANDS,5-ROOM,109.8,20.0,1988,503000.0,2020-04-24
ANG MO KIO,3-ROOM,99.1,1.0,1989,339000.0,2019-05-07
WOODLANDS,3-ROOM,67.1,26.0,2004,406000.0,2017-02-27
JURONG WEST,5-ROOM,63.5,29.0,1989,286000.0,2022-02-05
CLEMENTI,4-ROOM,77.8,29.0,1984,377000.0,2023-04-09
YISHUN,5-ROOM,129.9,27.0,1991,610000.0,2023-12-02
ANG MO KIO,EXECUTIVE,73.5,8.0,1996,314000.0,2021-07-19
GEYLANG,4-ROOM,108.9,14.0,2008,481000.0,2020-05-12
GEYLANG,EXECUTIVE,124.7,6.0,2009,532000.0,2021-12-31
TAMPINES,5-ROOM,100.9,7.0,1988,396000.0,2018-07-21
CLEMENTI,EXECUTIVE,129.9,28.0,1988,554000.0,2023-06-08
TAMPINES,4-ROOM,93.4,2.0,1976,376000.0,2020-11-26
HOUGANG,3-ROOM,112.0,21.0,1991,525000.0,2020-11-25
JURONG WEST,EXECUTIVE,78.3,28.0,2004,353000.0,2018-06-20
BEDOK,5-ROOM,48.8,24.0,1979,223000.0,2017-06-22
BEDOK,4-ROOM,54.8,13.0,2014,268000.0,2022-05-20
ANG MO KIO,5-ROOM,45.0,16.0,1977,222000.0,2023-05-22
BEDOK,3-ROOM,103.0,26.0,1990,590000.0,2017-09-21
BEDOK,5-ROOM,94.0,18.0,2013,352000.0,2021-01-29
JURONG WEST,EXECUTIVE,92.2,16.0,2014,409000.0,2023-02-18
ANG MO KIO,5-ROOM,74.6,11.0,1987,335000.0,2017-03-23
GEYLANG,4-ROOM,88.0,7.0,1989,445000.0,2018-09-22
HOUGANG,3-ROOM,86.7,27.0,1981,417000.0,2023-06-17
PUNGGOL,5-ROOM,93.2,25.0,2009,477000.0,2022-11-09
JURONG WEST,EXECUTIVE,100.3,14.0,2003,433000.0,2020-01-31
HOUGANG,5-ROOM,107.3,22.0,2001,601000.0,2017-04-18
JURONG WEST,4-ROOM,107.9,4.0,1994,512000.0,2018-11-24
CLEMENTI,EXECUTIVE,110.9,16.0,1990,507000.0,2020-02-18
GEYLANG,5-ROOM,93.2,29.0,1992,431000.0,2021-05-07
YISHUN,4-ROOM,119.8,28.0,1994,621000.0,2022-09-08
ANG MO KIO,5-ROOM,64.1,22.0,2006,278000.0,2018-06-30
JURONG WEST,3-ROOM,114.2,18.0,2008,508000.0,2020-03-05
GEYLANG,5-ROOM,77.4,27.0,1978,399000.0,2023-04-02
ANG MO KIO,3-ROOM,107.7,25.0,1995,449000.0,2019-12-23
GEYLANG,4-ROOM,99.3,28.0,1975,456000.0,2021-12-10
HOUGANG,4-ROOM,73.9,25.0,1979,335000.0,2023-10-11
ANG MO KIO,EXECUTIVE,99.1,18.0,1991,479000.0,2021-01-14
TAMPINES,EXECUTIVE,102.6,22.0,2014,518000.0,2017-03-08
WOODLANDS,3-ROOM,99.0,5.0,1979,405000.0,2017-11-07
GEYLANG,3-ROOM,94.3,7.0,1992,311000.0,2018-02-19
PUNGGOL,3-ROOM,61.1,20.0,1991,270000.0,2021-12-01
PUNGGOL,5-ROOM,67.9,21.0,2011,374000.0,2021-08-14
ANG MO KIO,5-ROOM,96.4,8.0,2012,405000.0,2017-02-28
WOODLANDS,4-ROOM,98.5,14.0,1998,444000.0,2023-04-30
WOODLANDS,3-ROOM,121.4,4.0,2011,544000.0,2022-11-13
WOODLANDS,3-ROOM,93.6,8.0,1994,397000.0,2020-12-04
CLEMENTI,3-ROOM,107.6,5.0,1999,467000.0,2022-01-05
CLEMENTI,4-ROOM,48.7,4.0,1985,151000.0,2017-07-13
GEYLANG,3-ROOM,100.7,24.0,2000,442000.0,2021-01-24
WOODLANDS,4-ROOM,110.9,29.0,2005,602000.0,2020-06-30
CLEMENTI,3-ROOM,114.3,27.0,1988,565000.0,2021-09-03
ANG MO KIO,3-ROOM,64.7,5.0,1989,175000.0,2020-05-26
HOUGANG,3-ROOM,104.4,16.0,1976,478000.0,2017-07-09
WOODLANDS,4-ROOM,69.2,2.0,1980,271000.0,2017-08-12
ANG MO KIO,3-ROOM,61.4,20.0,1995,267000.0,2017-11-15
HOUGANG,5-ROOM,110.6,29.0,1981,481000.0,2017-09-23
JURONG WEST,5-ROOM,114.3,1.0,2000,462000.0,2019-11-18
CLEMENTI,3-ROOM,41.5,4.0,2011,190000.0,2023-07-22
TAMPINES,4-ROOM,91.9,18.0,2001,445000.0,2023-08-04
BEDOK,5-ROOM,75.2,15.0,1981,381000.0,2023-06-02
PUNGGOL,4-ROOM,93.5,15.0,1998,390000.0,2018-01-03
HOUGANG,5-ROOM,77.3,13.0,1981,374000.0,2019-03-31
PUNGGOL,4-ROOM,91.3,22.0,1992,439000.0,2018-07-18
CLEMENTI,4-ROOM,110.7,28.0,1977,547000.0,2021-12-27
YISHUN,4-ROOM,80.5,27.0,1990,464000.0,2017-11-17
TAMPINES,4-ROOM,106.3,13.0,2001,448000.0,2023-08-18
JURONG WEST,4-ROOM,61.3,1.0,2001,259000.0,2023-03-23
CLEMENTI,5-ROOM,81.2,29.0,1989,322000.0,2018-09-08
CLEMENTI,EXECUTIVE,85.8,22.0,1991,404000.0,2021-08-27
GEYLANG,5-ROOM,91.3,15.0,1999,393000.0,2019-03-22
JURONG WEST,3-ROOM,104.9,23.0,1997,456000.0,2022-03-15
JURONG WEST,3-ROOM,85.2,20.0,1994,403000.0,2017-06-25
HOUGANG,5-ROOM,105.8,11.0,1999,421000.0,2018-01-17
HOUGANG,EXECUTIVE,141.4,6.0,2011,626000.0,2023-09-04
JURONG WEST,3-ROOM,132.0,8.0,1987,583000.0,2021-12-27
BEDOK,3-ROOM,108.7,15.0,1983,461000.0,2019-01-23
CLEMENTI,3-ROOM,109.9,29.0,1999,552000.0,2020-09-20
HOUGANG,EXECUTIVE,99.8,9.0,2011,392000.0,2019-05-28
JURONG WEST,3-ROOM,78.7,28.0,1996,417000.0,2018-03-29
PUNGGOL,5-ROOM,80.3,14.0,1977,348000.0,2018-11-10
JURONG WEST,4-ROOM,114.3,3.0,1987,481000.0,2021-09-17
CLEMENTI,5-ROOM,106.5,4.0,1999,445000.0,2023-06-29
CLEMENTI,4-ROOM,115.1,25.0,2014,664000.0,2020-12-26
TAMPINES,5-ROOM,94.9,23.0,1975,422000.0,2023-08-11
CLEMENTI,5-ROOM,99.1,17.0,1978,451000.0,2021-04-01
PUNGGOL,4-ROOM,74.9,7.0,1980,259000.0,2020-12-18
ANG MO KIO,5-ROOM,117.8,3.0,1992,441000.0,2022-08-12
TAMPINES,5-ROOM,99.3,2.0,2000,408000.0,2018-11-30
WOODLANDS,4-ROOM,102.0,24.0,1981,489000.0,2022-08-12
BEDOK,3-ROOM,105.0,16.0,2006,486000.0,2017-01-20
PUNGGOL,3-ROOM,111.1,23.0,2001,539000.0,2020-03-19
WOODLANDS,4-ROOM,84.6,23.0,1982,400000.0,2019-01-29
BEDOK,EXECUTIVE,89.9,1.0,1977,348000.0,2022-03-27
BEDOK,5-ROOM,134.2,3.0,2010,496000.0,2018-06-17
HOUGANG,4-ROOM,68.5,26.0,1994,345000.0,2020-05-12
GEYLANG,3-ROOM,90.0,14.0,2005,406000.0,2021-04-30
BEDOK,3-ROOM,98.3,11.0,2001,503000.0,2018-07-11
PUNGGOL,4-ROOM,112.1,5.0,1997,524000.0,2020-02-03
CLEMENTI,4-ROOM,79.0,9.0,2000,358000.0,2019-11-08
GEYLANG,3-ROOM,73.6,16.0,1984,352000.0,2019-03-22
YISHUN,EXECUTIVE,102.3,27.0,2001,491000.0,2021-10-10
HOUGANG,3-ROOM,97.3,15.0,1981,418000.0,2022-02-03
TAMPINES,EXECUTIVE,109.6,26.0,2008,544000.0,2019-11-26
WOODLANDS,4-ROOM,100.5,16.0,1981,379000.0,2018-04-19
HOUGANG,4-ROOM,89.6,29.0,1989,449000.0,2020-06-22
JURONG WEST,5-ROOM,101.0,1.0,2013,477000.0,2022-04-11
ANG MO KIO,5-ROOM,130.7,2.0,1989,623000.0,2021-05-17
YISHUN,3-ROOM,95.8,20.0,1992,494000.0,2022-06-13
ANG MO KIO,5-ROOM,96.7,26.0,1978,454000.0,2017-10-26
WOODLANDS,4-ROOM,84.3,29.0,1986,450000.0,2020-11-19
WOODLANDS,4-ROOM,129.4,1.0,2008,609000.0,2020-07-28
GEYLANG,3-ROOM,73.4,2.0,1978,333000.0,2017-07-18
CLEMENTI,3-ROOM,79.4,16.0,1979,417000.0,2019-12-31
YISHUN,5-ROOM,89.5,16.0,1977,401000.0,2020-05-30
CLEMENTI,4-ROOM,160.1,29.0,2012,837000.0,2017-11-09
BEDOK,3-ROOM,117.2,9.0,1987,518000.0,2020-06-09
TAMPINES,5-ROOM,91.1,27.0,1985,446000.0,2017-01-29
CLEMENTI,5-ROOM,122.6,7.0,1998,594000.0,2021-08-16
HOUGANG,EXECUTIVE,122.6,8.0,2014,547000.0,2018-10-27
CLEMENTI,4-ROOM,76.0,29.0,2007,370000.0,2020-11-10
YISHUN,3-ROOM,89.0,5.0,1977,318000.0,2023-10-13
ANG MO KIO,4-ROOM,94.9,2.0,1978,338000.0,2018-03-02
BEDOK,5-ROOM,98.4,3.0,2003,367000.0,2023-08-15
ANG MO KIO,4-ROOM,90.5,27.0,1993,499000.0,2021-07-07
HOUGANG,EXECUTIVE,93.4,3.0,2007,419000.0,2017-07-16
PUNGGOL,4-ROOM,109.9,8.0,2009,479000.0,2018-01-09
CLEMENTI,EXECUTIVE,92.2,26.0,2006,458000.0,2018-01-09
HOUGANG,4-ROOM,82.2,17.0,2000,408000.0,2021-02-06
PUNGGOL,EXECUTIVE,102.7,21.0,2002,500000.0,2017-11-01
PUNGGOL,3-ROOM,49.2,27.0,1992,214000.0,2019-04-06
WOODLANDS,5-ROOM,101.1,24.0,2014,527000.0,2020-01-02
PUNGGOL,5-ROOM,111.5,29.0,1996,559000.0,2023-05-18
JURONG WEST,4-ROOM,93.7,15.0,1985,442000.0,2022-10-23
ANG MO KIO,3-ROOM,82.9,12.0,1982,365000.0,2020-09-02
HOUGANG,3-ROOM,54.3,17.0,1997,231000.0,2020-01-24
PUNGGOL,5-ROOM,114.8,18.0,1984,527000.0,2018-06-18
ANG MO KIO,3-ROOM,102.7,20.0,1987,436000.0,2020-08-17
WOODLANDS,5-ROOM,147.3,4.0,2009,682000.0,2023-10-26
WOODLANDS,4-ROOM,90.8,24.0,2000,428000.0,2023-05-25
BEDOK,3-ROOM,110.3,12.0,2005,447000.0,2017-02-06
YISHUN,4-ROOM,96.6,25.0,2009,482000.0,2020-09-21
WOODLANDS,5-ROOM,100.5,1.0,2006,476000.0,2017-02-16
HOUGANG,3-ROOM,87.6,27.0,2002,441000.0,2018-01-29
GEYLANG,4-ROOM,55.4,13.0,1989,248000.0,2021-04-12
JURONG WEST,3-ROOM,86.5,6.0,2006,408000.0,2022-11-05
PUNGGOL,5-ROOM,92.6,25.0,1993,392000.0,2020-12-22
WOODLANDS,3-ROOM,82.2,9.0,2005,423000.0,2023-12-24
TAMPINES,3-ROOM,79.1,20.0,1990,398000.0,2020-08-24
JURONG WEST,4-ROOM,60.8,24.0,1991,276000.0,2022-11-05
YISHUN,3-ROOM,119.5,10.0,1979,552000.0,2018-04-19
PUNGGOL,4-ROOM,107.5,1.0,2006,438000.0,2019-09-24
ANG MO KIO,4-ROOM,89.8,12.0,2011,379000.0,2021-09-13
ANG MO KIO,5-ROOM,77.5,22.0,1988,368000.0,2019-11-27
GEYLANG,3-ROOM,94.6,6.0,2001,448000.0,2022-04-05
TAMPINES,5-ROOM,114.0,20.0,2001,513000.0,2023-08-11
ANG MO KIO,5-ROOM,92.9,2.0,1986,338000.0,2022-12-20
JURONG WEST,4-ROOM,130.0,7.0,2014,622000.0,2022-01-03
GEYLANG,3-ROOM,97.3,26.0,1994,408000.0,2023-04-19
PUNGGOL,4-ROOM,92.9,21.0,1985,418000.0,2021-07-19
CLEMENTI,5-ROOM,103.1,1.0,1997,410000.0,2017-07-06
HOUGANG,EXECUTIVE,117.4,29.0,1976,550000.0,2018-05-21
WOODLANDS,3-ROOM,84.8,5.0,2007,383000.0,2022-11-02
ANG MO KIO,5-ROOM,57.2,25.0,2010,270000.0,2018-04-15
YISHUN,5-ROOM,70.1,15.0,1992,260000.0,2023-07-17
CLEMENTI,5-ROOM,82.8,18.0,1978,395000.0,2021-06-09
BEDOK,3-ROOM,98.9,18.0,2010,465000.0,2023-07-18
CLEMENTI,3-ROOM,77.7,3.0,1989,250000.0,2018-09-08
CLEMENTI,5-ROOM,58.4,17.0,2002,287000.0,2017-09-05
YISHUN,4-ROOM,109.7,9.0,1997,508000.0,2020-05-12
ANG MO KIO,4-ROOM,145.0,4.0,1988,558000.0,2020-01-02
TAMPINES,EXECUTIVE,90.9,6.0,2004,352000.0,2019-06-06
CLEMENTI,3-ROOM,105.1,4.0,1994,421000.0,2020-06-11
CLEMENTI,5-ROOM,89.1,3.0,2011,425000.0,2021-08-26
BEDOK,3-ROOM,74.5,3.0,2001,257000.0,2020-04-28
GEYLANG,5-ROOM,129.6,12.0,1987,547000.0,2019-03-13
BEDOK,3-ROOM,84.1,22.0,1982,340000.0,2020-05-31
CLEMENTI,3-ROOM,100.4,22.0,1993,457000.0,2023-03-26
TAMPINES,3-ROOM,85.7,20.0,1991,433000.0,2018-06-06
TAMPINES,3-ROOM,111.3,15.0,1989,479000.0,2020-12-30
YISHUN,4-ROOM,137.4,27.0,1994,679000.0,2020-08-03
YISHUN,4-ROOM,82.7,4.0,1998,350000.0,2019-07-28
JURONG WEST,5-ROOM,126.9,1.0,1980,576000.0,2018-05-02
HOUGANG,4-ROOM,70.3,5.0,1975,312000.0,2023-10-03
WOODLANDS,5-ROOM,59.6,18.0,1986,258000.0,2017-04-14
ANG MO KIO,5-ROOM,92.4,29.0,1976,482000.0,2017-04-21
GEYLANG,3-ROOM,97.4,20.0,2012,541000.0,2020-01-21
YISHUN,5-ROOM,96.3,16.0,1981,408000.0,2023-08-09
PUNGGOL,EXECUTIVE,92.4,26.0,1976,497000.0,2020-06-16
WOODLANDS,5-ROOM,130.0,3.0,2013,509000.0,2021-07-20
BEDOK,5-ROOM,105.0,14.0,1994,416000.0,2022-01-02
BEDOK,4-ROOM,103.5,14.0,1999,506000.0,2020-10-29
YISHUN,4-ROOM,91.2,8.0,1992,483000.0,2018-06-21
YISHUN,3-ROOM,120.9,6.0,1987,555000.0,2022-06-09
TAMPINES,4-ROOM,123.7,19.0,2007,624000.0,2020-04-27
TAMPINES,5-ROOM,125.4,11.0,1982,465000.0,2022-05-02
WOODLANDS,EXECUTIVE,138.1,19.0,1983,542000.0,2018-08-12
WOODLANDS,4-ROOM,81.5,26.0,1975,405000.0,2020-05-31
WOODLANDS,5-ROOM,88.5,9.0,1984,302000.0,2022-07-11
GEYLANG,5-ROOM,112.9,11.0,1979,475000.0,2022-04-07
BEDOK,5-ROOM,87.8,5.0,1993,396000.0,2021-08-25
BEDOK,5-ROOM,93.1,7.0,2011,443000.0,2018-05-24
BEDOK,4-ROOM,137.4,22.0,1998,602000.0,2021-09-12
WOODLANDS,4-ROOM,130.7,1.0,1985,546000.0,2022-03-03
ANG MO KIO,5-ROOM,116.3,13.0,1999,564000.0,2020-09-11
TAMPINES,3-ROOM,117.3,16.0,2013,454000.0,2017-06-28
PUNGGOL,4-ROOM,50.5,21.0,1987,265000.0,2018-11-24
PUNGGOL,4-ROOM,110.3,9.0,1994,517000.0,2017-04-25
HOUGANG,3-ROOM,92.9,26.0,1990,422000.0,2021-04-13
BEDOK,3-ROOM,106.8,5.0,1986,451000.0,2020-11-21
HOUGANG,EXECUTIVE,117.6,4.0,2008,492000.0,2022-02-21
WOODLANDS,3-ROOM,99.6,20.0,2010,555000.0,2017-10-01
WOODLANDS,4-ROOM,78.7,22.0,1975,327000.0,2019-02-20
TAMPINES,3-ROOM,95.6,20.0,1986,398000.0,2023-07-30
ANG MO KIO,5-ROOM,70.2,11.0,2009,334000.0,2017-12-10
YISHUN,4-ROOM,97.0,26.0,1998,466000.0,2017-09-26
WOODLANDS,5-ROOM,101.7,7.0,2003,509000.0,2017-05-26
PUNGGOL,EXECUTIVE,90.7,26.0,2006,537000.0,2017-09-17
HOUGANG,4-ROOM,56.8,14.0,1998,283000.0,2022-07-24
WOODLANDS,5-ROOM,92.6,15.0,2010,431000.0,2021-10-14
ANG MO KIO,3-ROOM,137.9,13.0,2000,633000.0,2019-02-20
CLEMENTI,4-ROOM,93.4,9.0,2013,377000.0,2020-04-15
GEYLANG,4-ROOM,112.9,15.0,1990,469000.0,2023-02-27
BEDOK,3-ROOM,77.5,13.0,1992,252000.0,2019-06-28
BEDOK,5-ROOM,99.5,14.0,1995,428000.0,2018-01-14
BEDOK,5-ROOM,119.8,24.0,1989,633000.0,2019-06-12
CLEMENTI,3-ROOM,79.5,22.0,2000,393000.0,2017-06-24
GEYLANG,3-ROOM,75.4,18.0,1990,291000.0,2022-01-11
JURONG WEST,3-ROOM,127.2,28.0,2001,574000.0,2022-03-29
TAMPINES,4-ROOM,83.1,24.0,1989,305000.0,2019-08-09
YISHUN,4-ROOM,92.0,20.0,1981,392000.0,2018-07-18
TAMPINES,3-ROOM,106.2,20.0,2008,464000.0,2023-03-05
WOODLANDS,5-ROOM,115.2,22.0,1988,590000.0,2023-06-08
HOUGANG,4-ROOM,52.7,1.0,2006,196000.0,2022-08-05
YISHUN,5-ROOM,93.5,19.0,1987,373000.0,2018-08-10
TAMPINES,3-ROOM,88.5,10.0,2009,429000.0,2022-07-22
GEYLANG,4-ROOM,60.9,15.0,2002,291000.0,2018-09-09
WOODLANDS,4-ROOM,83.7,26.0,1994,486000.0,2017-01-10
YISHUN,5-ROOM,77.5,12.0,1980,335000.0,2020-10-27
GEYLANG,4-ROOM,82.0,22.0,1977,400000.0,2019-04-09
CLEMENTI,3-ROOM,127.3,5.0,1984,571000.0,2022-11-24
HOUGANG,4-ROOM,104.3,18.0,1987,393000.0,2023-04-07
BEDOK,4-ROOM,77.4,21.0,1994,327000.0,2017-07-29
TAMPINES,3-ROOM,96.4,8.0,2001,447000.0,2018-07-17
WOODLANDS,3-ROOM,80.2,19.0,1994,378000.0,2022-12-02
CLEMENTI,EXECUTIVE,147.7,11.0,1982,595000.0,2018-10-02
HOUGANG,5-ROOM,97.9,27.0,1999,481000.0,2019-02-11
JURONG WEST,3-ROOM,103.4,27.0,2011,521000.0,2021-07-20
GEYLANG,4-ROOM,92.7,17.0,1986,414000.0,2019-12-21
BEDOK,5-ROOM,108.0,13.0,2004,429000.0,2019-10-21
PUNGGOL,3-ROOM,102.2,5.0,1982,473000.0,2018-05-28
ANG MO KIO,3-ROOM,108.4,20.0,1982,463000.0,2017-04-18
ANG MO KIO,4-ROOM,95.4,23.0,1995,478000.0,2019-07-09
YISHUN,3-ROOM,74.1,1.0,1997,283000.0,2020-11-19
PUNGGOL,3-ROOM,128.6,15.0,2004,532000.0,2017-09-25
YISHUN,3-ROOM,92.7,22.0,2003,435000.0,2018-03-11
GEYLANG,4-ROOM,68.8,19.0,2000,286000.0,2022-01-09
YISHUN,3-ROOM,103.0,14.0,1980,435000.0,2019-06-27
PUNGGOL,3-ROOM,76.0,29.0,1994,370000.0,2017-07-30
CLEMENTI,3-ROOM,139.4,6.0,2001,700000.0,2022-11-14
YISHUN,3-ROOM,89.8,7.0,2000,269000.0,2020-04-27
BEDOK,3-ROOM,98.1,16.0,1981,426000.0,2017-09-12
TAMPINES,4-ROOM,90.0,16.0,1990,315000.0,2022-08-17
ANG MO KIO,4-ROOM,125.4,20.0,2011,673000.0,2017-08-27
YISHUN,4-ROOM,73.5,9.0,2012,305000.0,2017-06-25
WOODLANDS,5-ROOM,89.7,29.0,2001,443000.0,2022-02-16
PUNGGOL,3-ROOM,71.7,22.0,2011,306000.0,2017-10-08
PUNGGOL,4-ROOM,64.9,21.0,2008,290000.0,2021-01-31
GEYLANG,4-ROOM,93.9,17.0,1982,425000.0,2017-01-21
CLEMENTI,3-ROOM,125.6,27.0,1989,633000.0,2021-10-22
WOODLANDS,4-ROOM,96.2,7.0,1994,405000.0,2017-05-15
JURONG WEST,5-ROOM,86.4,14.0,2013,325000.0,2023-11-02
PUNGGOL,5-ROOM,79.2,1.0,1993,270000.0,2017-10-08
YISHUN,3-ROOM,136.8,2.0,1984,632000.0,2023-01-27
ANG MO KIO,3-ROOM,91.0,18.0,1983,438000.0,2018-02-15
BEDOK,3-ROOM,103.4,3.0,1981,408000.0,2020-05-30
WOODLANDS,5-ROOM,88.7,5.0,2009,413000.0,2020-08-13
TAMPINES,5-ROOM,95.2,19.0,1977,375000.0,2023-07-13
JURONG WEST,5-ROOM,113.1,19.0,1983,567000.0,2023-05-02
WOODLANDS,4-ROOM,99.2,19.0,1983,462000.0,2017-06-06
PUNGGOL,3-ROOM,56.8,28.0,2002,272000.0,2023-06-08
TAMPINES,3-ROOM,123.5,22.0,2009,621000.0,2019-05-24
WOODLANDS,3-ROOM,81.7,12.0,1975,285000.0,2018-03-15
YISHUN,3-ROOM,88.7,4.0,1990,362000.0,2023-07-24
GEYLANG,5-ROOM,94.8,15.0,2010,380000.0,2018-03-05
PUNGGOL,3-ROOM,76.0,28.0,2009,364000.0,2018-05-05
HOUGANG,3-ROOM,71.2,15.0,1993,335000.0,2023-04-05
YISHUN,3-ROOM,62.8,19.0,1987,299000.0,2023-12-21
ANG MO KIO,3-ROOM,107.8,23.0,1982,518000.0,2018-04-03
GEYLANG,4-ROOM,72.5,16.0,1979,306000.0,2017-07-01
GEYLANG,4-ROOM,86.8,17.0,1975,315000.0,2023-07-19
GEYLANG,4-ROOM,84.8,5.0,2006,381000.0,2023-12-07
WOODLANDS,5-ROOM,82.9,26.0,1994,334000.0,2020-12-14
BEDOK,3-ROOM,41.6,18.0,2008,215000.0,2018-06-20
PUNGGOL,4-ROOM,102.2,4.0,2007,462000.0,2017-11-11
TAMPINES,5-ROOM,105.2,10.0,2008,484000.0,2022-03-12
JURONG WEST,4-ROOM,80.1,24.0,1977,390000.0,2021-08-30
TAMPINES,4-ROOM,40.0,14.0,1980,154000.0,2021-06-04
HOUGANG,5-ROOM,89.4,3.0,2004,305000.0,2018-09-20
PUNGGOL,5-ROOM,109.7,28.0,2001,579000.0,2021-08-11
YISHUN,3-ROOM,122.6,9.0,1995,590000.0,2017-03-10
GEYLANG,3-ROOM,73.4,5.0,2014,360000.0,2018-03-19
CLEMENTI,4-ROOM,136.2,10.0,2001,615000.0,2022-07-19
PUNGGOL,4-ROOM,120.4,2.0,2000,561000.0,2021-01-25
ANG MO KIO,4-ROOM,97.5,19.0,2013,493000.0,2020-12-27
TAMPINES,3-ROOM,113.2,14.0,1993,480000.0,2022-09-26
TAMPINES,EXECUTIVE,69.6,11.0,1981,268000.0,2020-07-14
GEYLANG,4-ROOM,61.7,2.0,2001,274000.0,2021-09-16
GEYLANG,5-ROOM,83.2,15.0,1987,358000.0,2022-11-10
WOODLANDS,3-ROOM,108.6,21.0,2010,562000.0,2023-08-26
WOODLANDS,4-ROOM,74.5,23.0,1978,347000.0,2023-10-20
WOODLANDS,3-ROOM,102.4,28.0,1986,403000.0,2018-05-31
WOODLANDS,5-ROOM,135.7,4.0,1991,491000.0,2017-03-03
PUNGGOL,4-ROOM,59.6,2.0,1983,254000.0,2022-06-04
WOODLANDS,5-ROOM,85.1,3.0,1991,345000.0,2018-10-25
JURONG WEST,3-ROOM,90.1,28.0,2002,535000.0,2021-02-12
PUNGGOL,3-ROOM,72.3,19.0,1997,335000.0,2019-05-18
GEYLANG,5-ROOM,94.3,8.0,1978,319000.0,2022-03-30
GEYLANG,4-ROOM,90.5,12.0,1981,467000.0,2022-08-04
TAMPINES,5-ROOM,86.6,9.0,2012,410000.0,2022-08-04
HOUGANG,3-ROOM,117.3,1.0,1989,525000.0,2017-02-25
JURONG WEST,3-ROOM,66.9,23.0,2000,345000.0,2022-01-11
PUNGGOL,4-ROOM,106.9,28.0,1984,491000.0,2023-12-15
WOODLANDS,4-ROOM,87.8,9.0,1992,408000.0,2018-09-02
CLEMENTI,4-ROOM,50.6,13.0,1980,193000.0,2019-03-03
JURONG WEST,5-ROOM,138.7,29.0,2003,668000.0,2020-05-14
GEYLANG,3-ROOM,90.7,23.0,1977,360000.0,2021-12-19
ANG MO KIO,5-ROOM,107.7,14.0,1993,442000.0,2023-03-21
TAMPINES,3-ROOM,66.8,12.0,2008,336000.0,2021-07-15
GEYLANG,5-ROOM,99.1,27.0,1997,504000.0,2018-04-18
CLEMENTI,3-ROOM,64.5,21.0,2010,354000.0,2022-04-08
HOUGANG,3-ROOM,73.5,24.0,1981,228000.0,2019-02-12
PUNGGOL,5-ROOM,108.2,25.0,1991,537000.0,2019-12-03
YISHUN,5-ROOM,89.0,8.0,1991,349000.0,2022-12-25
JURONG WEST,3-ROOM,105.4,2.0,2003,389000.0,2019-05-05
ANG MO KIO,4-ROOM,96.7,25.0,2014,440000.0,2019-06-05
PUNGGOL,EXECUTIVE,119.1,29.0,2014,628000.0,2023-02-01
GEYLANG,EXECUTIVE,97.6,8.0,2000,348000.0,2021-11-17
GEYLANG,4-ROOM,117.1,28.0,2011,612000.0,2020-01-05
JURONG WEST,4-ROOM,69.9,2.0,2012,280000.0,2022-07-02
WOODLANDS,4-ROOM,114.5,9.0,1995,486000.0,2018-09-09
WOODLANDS,3-ROOM,92.5,21.0,2002,449000.0,2023-12-09
WOODLANDS,4-ROOM,106.2,14.0,1977,446000.0,2017-09-18
JURONG WEST,EXECUTIVE,147.1,14.0,1995,688000.0,2023-02-13
PUNGGOL,3-ROOM,92.3,21.0,1997,474000.0,2018-01-11
PUNGGOL,5-ROOM,78.3,26.0,2000,420000.0,2017-08-31
YISHUN,4-ROOM,110.8,11.0,1999,450000.0,2021-07-28
TAMPINES,3-ROOM,94.1,11.0,1997,382000.0,2018-01-11
HOUGANG,3-ROOM,124.3,17.0,1999,595000.0,2020-11-10
BEDOK,3-ROOM,67.6,10.0,2007,245000.0,2020-02-09
WOODLANDS,3-ROOM,69.8,13.0,1998,253000.0,2023-03-09
HOUGANG,5-ROOM,71.5,24.0,1978,363000.0,2022-06-24
TAMPINES,3-ROOM,114.6,19.0,1997,499000.0,2019-01-03
ANG MO KIO,4-ROOM,109.8,17.0,1988,539000.0,2020-06-09
GEYLANG,3-ROOM,104.5,9.0,1988,496000.0,2019-02-07
CLEMENTI,3-ROOM,103.2,21.0,1976,414000.0,2018-02-07
TAMPINES,3-ROOM,95.3,29.0,2001,433000.0,2019-09-22
PUNGGOL,5-ROOM,110.3,28.0,1977,485000.0,2021-04-12
JURONG WEST,5-ROOM,98.0,17.0,2008,504000.0,2021-08-27
HOUGANG,5-ROOM,99.7,9.0,1979,420000.0,2019-09-19
YISHUN,EXECUTIVE,79.4,13.0,1984,298000.0,2018-05-13
CLEMENTI,4-ROOM,94.6,29.0,1981,418000.0,2019-08-17
BEDOK,EXECUTIVE,83.0,7.0,1998,362000.0,2017-11-04
BEDOK,3-ROOM,121.4,20.0,1977,557000.0,2023-07-12
HOUGANG,4-ROOM,98.8,7.0,2006,441000.0,2018-05-29
CLEMENTI,5-ROOM,91.5,16.0,2006,404000.0,2023-09-29
BEDOK,3-ROOM,76.9,8.0,1987,311000.0,2017-02-20
CLEMENTI,5-ROOM,94.7,13.0,1999,395000.0,2017-12-23
ANG MO KIO,3-ROOM,80.7,17.0,2006,392000.0,2019-10-24
ANG MO KIO,3-ROOM,90.7,25.0,2005,510000.0,2023-06-08
PUNGGOL,3-ROOM,76.8,19.0,2004,392000.0,2020-04-17
YISHUN,3-ROOM,97.8,22.0,1995,513000.0,2018-08-13
GEYLANG,5-ROOM,97.1,12.0,1987,416000.0,2019-02-17
GEYLANG,3-ROOM,123.1,12.0,1996,489000.0,2017-03-23
CLEMENTI,5-ROOM,76.5,3.0,1985,352000.0,2023-11-17
YISHUN,5-ROOM,143.1,24.0,1998,643000.0,2018-02-19
CLEMENTI,4-ROOM,145.3,14.0,2003,665000.0,2020-08-27
PUNGGOL,EXECUTIVE,108.3,12.0,1992,496000.0,2023-11-04
CLEMENTI,4-ROOM,108.7,14.0,1993,480000.0,2023-12-19
ANG MO KIO,4-ROOM,135.7,15.0,1995,604000.0,2017-10-28
JURONG WEST,4-ROOM,105.4,8.0,1999,519000.0,2017-11-10
TAMPINES,3-ROOM,70.1,10.0,1998,313000.0,2023-04-29
CLEMENTI,3-ROOM,78.2,21.0,1975,325000.0,2021-01-24
ANG MO KIO,5-ROOM,56.0,29.0,1977,204000.0,2018-09-29
TAMPINES,5-ROOM,85.5,27.0,2008,393000.0,2020-10-14
TAMPINES,3-ROOM,93.8,17.0,2001,501000.0,2021-05-28
HOUGANG,5-ROOM,68.2,11.0,1980,297000.0,2019-12-15
TAMPINES,4-ROOM,75.2,7.0,1993,324000.0,2021-10-04
WOODLANDS,5-ROOM,112.0,28.0,1996,565000.0,2018-01-28
GEYLANG,5-ROOM,84.0,19.0,1994,429000.0,2018-06-16
ANG MO KIO,5-ROOM,77.9,8.0,2011,341000.0,2018-07-29
PUNGGOL,3-ROOM,106.6,7.0,2008,438000.0,2018-04-19
PUNGGOL,4-ROOM,81.7,17.0,2005,419000.0,2017-12-31
TAMPINES,5-ROOM,109.9,6.0,1987,474000.0,2020-11-29
YISHUN,5-ROOM,64.7,3.0,1984,276000.0,2019-10-10
PUNGGOL,3-ROOM,92.2,20.0,1988,384000.0,2023-03-31
PUNGGOL,4-ROOM,96.8,26.0,2000,489000.0,2017-11-17
WOODLANDS,4-ROOM,119.3,5.0,1990,450000.0,2018-07-12
BEDOK,4-ROOM,73.4,6.0,1983,300000.0,2020-01-20
YISHUN,3-ROOM,76.4,11.0,1990,262000.0,2023-03-12
YISHUN,5-ROOM,109.5,25.0,1996,575000.0,2019-09-09
YISHUN,5-ROOM,94.6,25.0,2013,553000.0,2020-10-19
HOUGANG,5-ROOM,90.5,10.0,1978,336000.0,2018-03-20
WOODLANDS,4-ROOM,61.3,15.0,2010,286000.0,2019-05-13
WOODLANDS,5-ROOM,92.2,3.0,1998,348000.0,2018-04-04
ANG MO KIO,EXECUTIVE,72.7,25.0,1983,383000.0,2020-10-01
ANG MO KIO,3-ROOM,67.3,29.0,2011,302000.0,2023-09-02
CLEMENTI,4-ROOM,79.8,23.0,1996,395000.0,2022-03-21
JURONG WEST,4-ROOM,76.5,19.0,1977,294000.0,2019-06-28
YISHUN,5-ROOM,105.1,4.0,1982,472000.0,2022-11-27
ANG MO KIO,3-ROOM,90.2,13.0,1994,422000.0,2017-09-02
CLEMENTI,5-ROOM,102.2,12.0,2004,425000.0,2022-03-07
PUNGGOL,4-ROOM,107.0,11.0,2006,511000.0,2021-05-03
HOUGANG,4-ROOM,55.8,17.0,2005,267000.0,2019-12-07
TAMPINES,3-ROOM,119.5,4.0,2011,583000.0,2022-07-21
HOUGANG,3-ROOM,95.8,3.0,2001,432000.0,2023-08-19
PUNGGOL,3-ROOM,96.9,3.0,1998,444000.0,2019-01-31
ANG MO KIO,EXECUTIVE,89.6,1.0,1977,244000.0,2021-02-20
WOODLANDS,3-ROOM,105.2,7.0,2009,473000.0,2017-04-08
CLEMENTI,EXECUTIVE,48.7,6.0,2010,218000.0,2017-03-29
YISHUN,EXECUTIVE,79.1,16.0,2007,406000.0,2020-06-19
CLEMENTI,5-ROOM,94.3,29.0,2006,529000.0,2019-03-29
YISHUN,4-ROOM,115.1,15.0,2011,504000.0,2022-10-25
ANG MO KIO,5-ROOM,93.8,12.0,1996,385000.0,2018-12-27
YISHUN,4-ROOM,78.7,11.0,2004,358000.0,2017-02-03
TAMPINES,5-ROOM,87.8,18.0,1994,419000.0,2021-11-28
PUNGGOL,4-ROOM,97.4,3.0,1985,407000.0,2021-03-15
JURONG WEST,5-ROOM,89.1,10.0,2006,363000.0,2022-02-19
ANG MO KIO,4-ROOM,104.7,18.0,2013,495000.0,2018-10-16
ANG MO KIO,5-ROOM,70.0,12.0,2012,310000.0,2017-07-21
HOUGANG,5-ROOM,73.3,25.0,2010,387000.0,2019-07-14
CLEMENTI,3-ROOM,131.6,19.0,1975,536000.0,2020-03-21
WOODLANDS,5-ROOM,105.3,20.0,2003,468000.0,2017-07-24
YISHUN,5-ROOM,98.5,26.0,2005,488000.0,2020-11-10
GEYLANG,EXECUTIVE,66.2,2.0,2002,266000.0,2019-07-26
CLEMENTI,5-ROOM,84.8,22.0,2006,377000.0,2020-11-25
WOODLANDS,5-ROOM,123.1,26.0,1987,590000.0,2021-07-24
YISHUN,4-ROOM,65.7,8.0,2002,297000.0,2020-08-16
BEDOK,3-ROOM,131.1,16.0,2000,587000.0,2023-11-05
TAMPINES,4-ROOM,48.9,12.0,1995,214000.0,2021-03-12
TAMPINES,5-ROOM,103.0,6.0,2009,516000.0,2023-09-10
GEYLANG,EXECUTIVE,98.5,2.0,1995,372000.0,2021-05-19
BEDOK,4-ROOM,98.5,3.0,1984,525000.0,2020-07-07
YISHUN,5-ROOM,73.2,9.0,2009,333000.0,2019-10-18
GEYLANG,EXECUTIVE,133.1,3.0,1983,645000.0,2023-09-04
TAMPINES,5-ROOM,77.6,24.0,2006,368000.0,2020-03-29
BEDOK,4-ROOM,54.3,8.0,1988,213000.0,2017-11-10
YISHUN,4-ROOM,89.7,19.0,1998,364000.0,2019-05-27
ANG MO KIO,3-ROOM,85.9,24.0,1999,397000.0,2021-09-24
YISHUN,3-ROOM,71.2,25.0,2011,380000.0,2019-09-26
JURONG WEST,3-ROOM,75.6,6.0,1991,313000.0,2020-02-05
CLEMENTI,4-ROOM,82.0,2.0,1975,244000.0,2020-03-18
ANG MO KIO,3-ROOM,106.5,17.0,2010,514000.0,2019-08-05
JURONG WEST,5-ROOM,40.0,21.0,1987,150000.0,2021-09-18
YISHUN,5-ROOM,92.4,27.0,1999,395000.0,2017-05-28
JURONG WEST,5-ROOM,129.7,1.0,1977,496000.0,2020-08-03
JURONG WEST,3-ROOM,101.6,19.0,2004,517000.0,2019-06-29
TAMPINES,3-ROOM,98.7,26.0,2011,549000.0,2019-01-14
TAMPINES,5-ROOM,122.1,3.0,1976,483000.0,2017-04-09
CLEMENTI,5-ROOM,95.8,15.0,1984,419000.0,2018-09-10
GEYLANG,4-ROOM,114.6,10.0,1982,468000.0,2017-06-27
ANG MO KIO,4-ROOM,90.5,16.0,2010,459000.0,2023-02-08
GEYLANG,5-ROOM,94.8,26.0,1978,475000.0,2023-03-26
ANG MO KIO,4-ROOM,55.7,12.0,2010,231000.0,2020-01-18
HOUGANG,5-ROOM,90.0,22.0,2001,387000.0,2017-06-12
GEYLANG,5-ROOM,71.1,24.0,1991,385000.0,2020-05-14
TAMPINES,4-ROOM,64.4,29.0,2007,346000.0,2020-06-21
WOODLANDS,4-ROOM,83.5,14.0,2006,417000.0,2023-05-29
BEDOK,4-ROOM,93.3,6.0,1984,357000.0,2018-05-24
ANG MO KIO,5-ROOM,85.6,6.0,2008,444000.0,2019-01-05
JURONG WEST,3-ROOM,58.9,4.0,2000,282000.0,2018-09-22
TAMPINES,4-ROOM,88.0,3.0,1990,374000.0,2022-07-07
WOODLANDS,EXECUTIVE,129.4,2.0,1996,462000.0,2023-12-15
PUNGGOL,5-ROOM,69.4,28.0,1975,256000.0,2020-10-04
GEYLANG,5-ROOM,96.8,19.0,2006,498000.0,2021-06-11
CLEMENTI,3-ROOM,94.3,9.0,1985,350000.0,2021-12-31
JURONG WEST,3-ROOM,102.1,14.0,1994,485000.0,2017-10-13
BEDOK,5-ROOM,54.2,4.0,1986,265000.0,2018-04-14
GEYLANG,5-ROOM,113.0,4.0,2006,522000.0,2019-08-19
BEDOK,EXECUTIVE,89.4,18.0,2012,419000.0,2022-08-04
GEYLANG,5-ROOM,62.8,12.0,1985,248000.0,2020-04-08
ANG MO KIO,4-ROOM,60.4,9.0,2008,256000.0,2022-02-08
YISHUN,5-ROOM,81.2,22.0,1980,383000.0,2018-07-04
PUNGGOL,4-ROOM,89.9,9.0,1981,408000.0,2021-04-26
ANG MO KIO,5-ROOM,108.3,9.0,1986,463000.0,2023-09-11
PUNGGOL,3-ROOM,52.0,2.0,2003,224000.0,2019-09-30
TAMPINES,4-ROOM,123.0,28.0,1975,468000.0,2023-08-12
TAMPINES,3-ROOM,128.4,27.0,2006,656000.0,2019-07-15
BEDOK,3-ROOM,115.6,21.0,1994,527000.0,2019-08-19
TAMPINES,3-ROOM,95.2,8.0,1994,387000.0,2021-03-17
HOUGANG,3-ROOM,95.9,27.0,2013,508000.0,2023-12-14
ANG MO KIO,4-ROOM,77.0,7.0,1992,291000.0,2019-05-05
YISHUN,EXECUTIVE,115.9,13.0,2011,542000.0,2020-02-04
PUNGGOL,3-ROOM,125.4,22.0,1987,639000.0,2023-05-01
WOODLANDS,4-ROOM,85.8,9.0,1987,329000.0,2021-11-14
JURONG WEST,4-ROOM,81.9,9.0,2001,337000.0,2023-03-29
WOODLANDS,4-ROOM,102.8,21.0,2003,604000.0,2021-10-04
YISHUN,3-ROOM,106.7,25.0,2014,534000.0,2022-03-27
GEYLANG,4-ROOM,99.3,27.0,2003,453000.0,2022-02-08
BEDOK,3-ROOM,110.5,13.0,2011,481000.0,2018-04-04
PUNGGOL,5-ROOM,76.3,23.0,2004,389000.0,2019-02-05
CLEMENTI,3-ROOM,89.7,15.0,1991,411000.0,2023-04-12
WOODLANDS,3-ROOM,92.1,24.0,2007,434000.0,2018-07-27
YISHUN,5-ROOM,97.8,26.0,1979,445000.0,2018-03-08
YISHUN,4-ROOM,109.6,24.0,1999,513000.0,2023-12-19
TAMPINES,4-ROOM,101.2,28.0,1977,520000.0,2019-02-11
HOUGANG,4-ROOM,119.0,26.0,1995,632000.0,2022-06-10
PUNGGOL,EXECUTIVE,130.1,29.0,1996,646000.0,2022-09-13
GEYLANG,4-ROOM,95.3,28.0,1984,460000.0,2021-11-25
HOUGANG,5-ROOM,104.7,10.0,1998,460000.0,2021-08-10
JURONG WEST,4-ROOM,95.5,29.0,2002,540000.0,2018-09-21
CLEMENTI,5-ROOM,129.6,17.0,2007,600000.0,2021-12-28
YISHUN,5-ROOM,97.5,14.0,1979,388000.0,2023-10-05
YISHUN,4-ROOM,100.5,2.0,1995,359000.0,2020-07-31
JURONG WEST,4-ROOM,87.3,19.0,2007,485000.0,2018-03-12
TAMPINES,EXECUTIVE,116.0,28.0,1978,551000.0,2021-03-15
PUNGGOL,5-ROOM,93.6,21.0,2002,439000.0,2017-08-03
GEYLANG,5-ROOM,93.6,26.0,1993,490000.0,2019-12-09
HOUGANG,EXECUTIVE,100.2,21.0,1988,482000.0,2020-05-06
BEDOK,4-ROOM,112.4,18.0,1976,452000.0,2022-03-02
CLEMENTI,5-ROOM,45.9,27.0,1979,195000.0,2019-03-05
YISHUN,5-ROOM,111.4,18.0,1989,462000.0,2019-11-23
YISHUN,4-ROOM,85.1,15.0,1999,413000.0,2019-06-16
BEDOK,5-ROOM,97.4,27.0,2005,462000.0,2019-06-04
WOODLANDS,3-ROOM,83.7,4.0,1994,364000.0,2019-09-04
TAMPINES,EXECUTIVE,80.5,14.0,1996,277000.0,2017-01-07
ANG MO KIO,4-ROOM,154.1,10.0,1977,716000.0,2020-10-17
TAMPINES,3-ROOM,86.1,29.0,1984,378000.0,2018-01-10
ANG MO KIO,5-ROOM,84.3,1.0,1999,343000.0,2022-05-06
CLEMENTI,3-ROOM,108.7,4.0,1990,451000.0,2017-11-21
ANG MO KIO,3-ROOM,113.0,23.0,1994,465000.0,2022-07-08
PUNGGOL,5-ROOM,163.2,7.0,2012,705000.0,2021-10-08
YISHUN,3-ROOM,69.8,10.0,1988,256000.0,2023-10-03
WOODLANDS,5-ROOM,87.1,19.0,1984,398000.0,2021-12-12
GEYLANG,5-ROOM,87.7,13.0,2008,365000.0,2022-09-13
PUNGGOL,5-ROOM,123.7,7.0,1976,520000.0,2017-02-12
TAMPINES,3-ROOM,90.1,1.0,2004,463000.0,2019-08-05
ANG MO KIO,5-ROOM,99.7,29.0,1996,604000.0,2017-11-07
BEDOK,5-ROOM,92.1,2.0,1991,389000.0,2022-03-30
TAMPINES,4-ROOM,129.0,27.0,2004,639000.0,2018-12-26
HOUGANG,3-ROOM,110.9,19.0,2011,563000.0,2022-08-26
JURONG WEST,4-ROOM,69.1,10.0,1977,308000.0,2019-08-30
TAMPINES,5-ROOM,63.9,9.0,1979,238000.0,2022-12-09
WOODLANDS,5-ROOM,96.3,13.0,1975,402000.0,2019-11-24
WOODLANDS,4-ROOM,102.7,10.0,1986,459000.0,2020-09-03
WOODLANDS,5-ROOM,90.3,19.0,1995,402000.0,2023-08-02
WOODLANDS,5-ROOM,99.7,5.0,1975,315000.0,2023-11-19
ANG MO KIO,3-ROOM,58.5,22.0,1984,282000.0,2020-01-18
PUNGGOL,5-ROOM,93.0,9.0,2011,398000.0,2019-09-22
WOODLANDS,3-ROOM,133.6,19.0,1977,596000.0,2019-12-25
BEDOK,4-ROOM,127.7,14.0,1975,603000.0,2017-10-18
TAMPINES,3-ROOM,116.9,14.0,2009,478000.0,2023-10-17
ANG MO KIO,3-ROOM,111.7,21.0,2000,547000.0,2022-09-20
JURONG WEST,4-ROOM,100.6,2.0,1981,366000.0,2021-02-28
CLEMENTI,4-ROOM,119.7,23.0,1983,491000.0,2020-07-04
CLEMENTI,4-ROOM,74.1,17.0,2006,368000.0,2017-11-26
JURONG WEST,5-ROOM,122.3,29.0,1994,605000.0,2021-01-23
YISHUN,4-ROOM,83.0,11.0,1975,300000.0,2022-04-10
ANG MO KIO,5-ROOM,106.4,14.0,1998,434000.0,2021-03-16
TAMPINES,4-ROOM,118.9,12.0,2010,475000.0,2017-11-10
BEDOK,5-ROOM,103.4,8.0,1988,491000.0,2017-04-27
TAMPINES,5-ROOM,115.2,22.0,2011,495000.0,2018-04-23
PUNGGOL,4-ROOM,162.4,19.0,1986,762000.0,2018-06-01
CLEMENTI,3-ROOM,90.6,21.0,2009,455000.0,2019-09-08
PUNGGOL,3-ROOM,107.8,16.0,1984,456000.0,2021-01-03
YISHUN,4-ROOM,99.2,11.0,1989,474000.0,2021-07-04
GEYLANG,4-ROOM,99.8,22.0,2001,461000.0,2021-06-26
TAMPINES,4-ROOM,72.5,7.0,2001,337000.0,2020-02-02
YISHUN,3-ROOM,114.6,29.0,2006,624000.0,2022-03-28
TAMPINES,3-ROOM,40.0,6.0,2012,150000.0,2017-04-25
JURONG WEST,EXECUTIVE,90.8,24.0,2000,459000.0,2018-01-24
PUNGGOL,EXECUTIVE,98.6,26.0,1976,429000.0,2017-06-19
GEYLANG,4-ROOM,139.5,5.0,2005,668000.0,2022-07-30
TAMPINES,5-ROOM,82.5,2.0,1992,334000.0,2022-11-19
ANG MO KIO,5-ROOM,102.7,16.0,2002,426000.0,2023-12-21
CLEMENTI,3-ROOM,70.1,18.0,1980,357000.0,2018-10-15
TAMPINES,EXECUTIVE,123.4,23.0,1987,585000.0,2019-01-08
PUNGGOL,3-ROOM,75.3,22.0,2003,312000.0,2020-10-11
BEDOK,EXECUTIVE,61.3,24.0,2006,333000.0,2019-02-02
TAMPINES,4-ROOM,74.4,16.0,2001,318000.0,2023-05-21
TAMPINES,5-ROOM,132.9,9.0,2010,601000.0,2023-08-19
JURONG WEST,3-ROOM,84.0,20.0,1979,334000.0,2018-01-11
JURONG WEST,3-ROOM,125.4,6.0,2005,599000.0,2022-10-31
YISHUN,3-ROOM,94.6,7.0,1990,311000.0,2023-02-03
CLEMENTI,5-ROOM,111.8,21.0,1975,491000.0,2023-10-07
PUNGGOL,4-ROOM,106.0,19.0,2009,535000.0,2023-11-13
PUNGGOL,5-ROOM,104.4,24.0,2008,515000.0,2023-12-18
YISHUN,EXECUTIVE,101.0,19.0,2009,483000.0,2020-05-19
CLEMENTI,4-ROOM,83.6,9.0,1980,271000.0,2020-08-31
CLEMENTI,4-ROOM,95.4,22.0,1997,465000.0,2022-11-10
YISHUN,3-ROOM,67.2,17.0,2014,373000.0,2019-06-09
CLEMENTI,4-ROOM,87.1,2.0,2008,409000.0,2017-09-12
JURONG WEST,4-ROOM,59.8,21.0,1979,245000.0,2017-06-14
YISHUN,4-ROOM,75.0,28.0,1998,422000.0,2023-09-12
PUNGGOL,3-ROOM,111.5,24.0,2003,542000.0,2020-02-09
TAMPINES,5-ROOM,52.7,17.0,2014,324000.0,2017-01-30
WOODLANDS,3-ROOM,92.9,20.0,2002,469000.0,2019-08-02
YISHUN,4-ROOM,59.1,4.0,2007,253000.0,2023-05-03
HOUGANG,4-ROOM,110.3,15.0,1984,474000.0,2017-02-11
WOODLANDS,3-ROOM,109.1,12.0,2009,480000.0,2023-09-21
JURONG WEST,3-ROOM,105.2,6.0,1991,399000.0,2021-07-01
PUNGGOL,3-ROOM,107.1,4.0,1976,376000.0,2022-08-15
HOUGANG,3-ROOM,86.7,13.0,1986,338000.0,2020-06-06
WOODLANDS,3-ROOM,82.9,29.0,2005,510000.0,2018-08-27
BEDOK,4-ROOM,93.0,13.0,1985,396000.0,2023-02-17
CLEMENTI,4-ROOM,96.8,4.0,1976,367000.0,2021-07-15
TAMPINES,3-ROOM,83.8,1.0,2007,364000.0,2018-04-19
CLEMENTI,4-ROOM,87.4,27.0,1996,433000.0,2018-05-29
GEYLANG,EXECUTIVE,95.0,15.0,1984,384000.0,2017-01-08
HOUGANG,5-ROOM,67.4,4.0,2007,288000.0,2019-10-26
CLEMENTI,3-ROOM,84.5,27.0,1987,393000.0,2017-05-21
YISHUN,4-ROOM,116.9,18.0,1989,462000.0,2021-10-07
GEYLANG,5-ROOM,71.2,18.0,1985,353000.0,2019-03-06
ANG MO KIO,4-ROOM,63.0,17.0,1976,240000.0,2019-08-07
JURONG WEST,4-ROOM,87.6,3.0,2003,395000.0,2023-04-03
YISHUN,EXECUTIVE,70.9,15.0,1984,305000.0,2020-06-19
BEDOK,4-ROOM,61.9,22.0,1997,312000.0,2020-06-06
YISHUN,5-ROOM,85.1,2.0,2010,354000.0,2017-11-18
PUNGGOL,5-ROOM,87.3,8.0,2004,386000.0,2022-02-13
YISHUN,3-ROOM,116.8,10.0,1978,489000.0,2019-02-15
ANG MO KIO,4-ROOM,76.5,7.0,2002,341000.0,2023-07-03
ANG MO KIO,EXECUTIVE,97.9,26.0,2012,521000.0,2017-09-25
PUNGGOL,5-ROOM,77.0,4.0,2011,287000.0,2017-12-09
GEYLANG,4-ROOM,102.5,27.0,2005,576000.0,2018-09-17
TAMPINES,4-ROOM,58.5,2.0,1991,167000.0,2017-07-09
HOUGANG,4-ROOM,131.5,23.0,2011,652000.0,2023-10-20
CLEMENTI,4-ROOM,90.2,8.0,2010,377000.0,2023-04-27
CLEMENTI,4-ROOM,69.7,12.0,2008,358000.0,2018-03-28
WOODLANDS,3-ROOM,146.4,2.0,1990,652000.0,2021-04-29
ANG MO KIO,4-ROOM,121.8,1.0,1992,494000.0,2017-04-05
GEYLANG,4-ROOM,83.8,8.0,2004,409000.0,2018-10-02
CLEMENTI,5-ROOM,80.7,26.0,2008,389000.0,2021-12-22
HOUGANG,4-ROOM,85.7,3.0,2010,370000.0,2022-08-26
BEDOK,4-ROOM,90.3,10.0,2001,392000.0,2018-12-30
TAMPINES,4-ROOM,93.6,12.0,2001,456000.0,2018-04-20
GEYLANG,4-ROOM,42.3,1.0,1979,155000.0,2019-10-14
PUNGGOL,4-ROOM,93.7,24.0,2002,508000.0,2018-04-25
ANG MO KIO,5-ROOM,103.6,23.0,2009,491000.0,2020-09-27
HOUGANG,3-ROOM,101.2,28.0,1985,465000.0,2023-10-13
CLEMENTI,4-ROOM,69.0,6.0,1981,268000.0,2022-08-06
BEDOK,4-ROOM,161.6,17.0,2009,721000.0,2018-01-23
BEDOK,4-ROOM,72.6,21.0,2002,421000.0,2020-10-24
TAMPINES,5-ROOM,93.0,19.0,1976,393000.0,2017-03-20
WOODLANDS,4-ROOM,96.7,19.0,1996,484000.0,2023-08-05
ANG MO KIO,5-ROOM,97.9,16.0,2001,372000.0,2021-09-23
ANG MO KIO,EXECUTIVE,126.4,29.0,1995,550000.0,2022-10-24
TAMPINES,3-ROOM,63.3,29.0,2007,324000.0,2023-07-18
YISHUN,5-ROOM,104.2,26.0,2011,604000.0,2018-02-24
HOUGANG,4-ROOM,80.9,13.0,1980,384000.0,2021-03-24
YISHUN,4-ROOM,114.8,4.0,2003,504000.0,2017-04-01
YISHUN,5-ROOM,113.7,24.0,2001,570000.0,2022-11-02
JURONG WEST,4-ROOM,53.1,27.0,2008,271000.0,2022-02-07
BEDOK,5-ROOM,115.2,13.0,1977,463000.0,2018-03-14
GEYLANG,EXECUTIVE,95.2,1.0,1975,428000.0,2018-03-17
YISHUN,4-ROOM,98.1,8.0,2012,436000.0,2020-09-05
JURONG WEST,4-ROOM,131.5,23.0,1984,598000.0,2021-08-04
JURONG WEST,3-ROOM,115.2,29.0,2006,632000.0,2018-01-23
WOODLANDS,EXECUTIVE,85.8,27.0,1993,509000.0,2020-12-23
BEDOK,4-ROOM,69.9,18.0,1976,330000.0,2019-01-26
CLEMENTI,5-ROOM,108.6,28.0,2011,551000.0,2023-01-05
CLEMENTI,3-ROOM,55.6,14.0,2013,279000.0,2017-10-31
ANG MO KIO,4-ROOM,80.5,23.0,1999,446000.0,2018-11-18
WOODLANDS,4-ROOM,82.7,4.0,1981,277000.0,2021-08-06
ANG MO KIO,3-ROOM,77.5,13.0,1985,324000.0,2020-07-02
PUNGGOL,5-ROOM,120.7,13.0,1975,485000.0,2018-03-11
JURONG WEST,4-ROOM,93.1,9.0,1989,471000.0,2017-09-01
YISHUN,EXECUTIVE,105.1,18.0,1986,505000.0,2017-05-08
PUNGGOL,EXECUTIVE,88.7,24.0,1988,450000.0,2020-06-07
GEYLANG,3-ROOM,90.5,4.0,1981,402000.0,2022-07-06
TAMPINES,5-ROOM,73.5,14.0,2000,336000.0,2018-01-13
JURONG WEST,3-ROOM,89.2,20.0,2014,534000.0,2018-01-09
WOODLANDS,5-ROOM,103.6,6.0,1998,442000.0,2020-04-22
TAMPINES,4-ROOM,64.7,23.0,1988,373000.0,2018-04-13
CLEMENTI,EXECUTIVE,105.9,28.0,1994,557000.0,2019-03-20
ANG MO KIO,5-ROOM,91.4,12.0,1997,436000.0,2022-02-11
BEDOK,4-ROOM,105.1,27.0,2001,420000.0,2019-08-07
HOUGANG,4-ROOM,93.9,2.0,2011,398000.0,2023-04-10
BEDOK,3-ROOM,103.9,9.0,1976,418000.0,2018-02-27
ANG MO KIO,5-ROOM,121.3,1.0,1994,550000.0,2022-08-30
GEYLANG,4-ROOM,72.1,17.0,1997,344000.0,2018-08-28
ANG MO KIO,4-ROOM,76.7,22.0,1976,306000.0,2021-06-11
CLEMENTI,3-ROOM,99.6,11.0,1999,442000.0,2021-01-14
HOUGANG,4-ROOM,136.3,5.0,1983,570000.0,2022-02-17
CLEMENTI,4-ROOM,108.2,29.0,1994,555000.0,2021-08-07
TAMPINES,5-ROOM,134.1,19.0,2010,640000.0,2019-04-19
JURONG WEST,3-ROOM,90.9,22.0,2000,454000.0,2021-06-05
GEYLANG,EXECUTIVE,81.2,2.0,1999,224000.0,2019-11-22
HOUGANG,EXECUTIVE,40.0,25.0,2003,299000.0,2022-09-14
ANG MO KIO,3-ROOM,71.7,9.0,1979,237000.0,2019-09-29
JURONG WEST,4-ROOM,69.8,17.0,1980,302000.0,2017-09-02
WOODLANDS,3-ROOM,76.1,28.0,2011,390000.0,2019-04-30
GEYLANG,4-ROOM,99.6,21.0,1984,461000.0,2018-06-12
ANG MO KIO,EXECUTIVE,63.8,10.0,2014,306000.0,2017-03-03
GEYLANG,3-ROOM,59.8,6.0,1987,227000.0,2020-07-05
HOUGANG,3-ROOM,123.5,20.0,1991,576000.0,2017-10-18
PUNGGOL,5-ROOM,79.2,14.0,1976,289000.0,2017-11-19
BEDOK,4-ROOM,87.9,12.0,1986,379000.0,2020-01-31
BEDOK,EXECUTIVE,107.4,26.0,2009,529000.0,2018-06-15
ANG MO KIO,5-ROOM,97.3,19.0,2006,423000.0,2019-01-04
GEYLANG,5-ROOM,94.1,9.0,2010,417000.0,2020-12-27
HOUGANG,3-ROOM,83.4,25.0,1986,392000.0,2021-12-24
PUNGGOL,EXECUTIVE,88.9,13.0,2001,336000.0,2020-12-03
GEYLANG,4-ROOM,110.5,16.0,2011,559000.0,2019-05-20
PUNGGOL,5-ROOM,115.5,29.0,2014,526000.0,2017-03-28
HOUGANG,4-ROOM,90.3,28.0,1976,431000.0,2017-04-12
GEYLANG,4-ROOM,100.8,29.0,1978,464000.0,2021-07-13
JURONG WEST,EXECUTIVE,71.3,16.0,1983,361000.0,2020-12-23
PUNGGOL,4-ROOM,73.3,15.0,1989,375000.0,2018-08-14
TAMPINES,5-ROOM,146.1,18.0,2004,706000.0,2022-10-24
BEDOK,4-ROOM,98.5,29.0,1986,493000.0,2021-08-02
BEDOK,4-ROOM,69.3,19.0,1986,326000.0,2023-06-22
PUNGGOL,5-ROOM,106.3,12.0,1980,476000.0,2023-06-22
CLEMENTI,3-ROOM,63.9,14.0,2005,342000.0,2021-11-21
HOUGANG,5-ROOM,123.3,9.0,1976,522000.0,2020-07-21
PUNGGOL,4-ROOM,95.3,15.0,2004,348000.0,2018-05-10
PUNGGOL,5-ROOM,122.9,25.0,2011,610000.0,2017-07-21
CLEMENTI,3-ROOM,46.7,27.0,1981,249000.0,2023-04-19
PUNGGOL,4-ROOM,86.0,22.0,1987,323000.0,2020-02-05
GEYLANG,4-ROOM,96.5,28.0,1999,537000.0,2019-09-10
CLEMENTI,4-ROOM,54.7,21.0,2002,238000.0,2020-02-04
HOUGANG,EXECUTIVE,77.4,18.0,1979,358000.0,2021-09-08
YISHUN,3-ROOM,107.8,4.0,1975,391000.0,2019-11-24
GEYLANG,4-ROOM,77.6,12.0,2001,307000.0,2022-12-09
HOUGANG,4-ROOM,101.3,7.0,1979,390000.0,2021-08-04
JURONG WEST,5-ROOM,68.7,14.0,2002,347000.0,2023-06-06
TAMPINES,EXECUTIVE,79.8,14.0,2001,358000.0,2019-02-14
CLEMENTI,3-ROOM,110.7,11.0,2005,574000.0,2022-07-26
PUNGGOL,4-ROOM,128.4,24.0,1987,588000.0,2020-09-29
JURONG WEST,4-ROOM,87.0,4.0,1992,366000.0,2018-04-11
GEYLANG,3-ROOM,56.3,9.0,1975,178000.0,2021-03-25
ANG MO KIO,5-ROOM,126.0,2.0,1993,485000.0,2018-08-20
YISHUN,5-ROOM,101.8,9.0,2006,464000.0,2017-04-18
GEYLANG,4-ROOM,106.9,10.0,1980,411000.0,2018-06-09
PUNGGOL,4-ROOM,101.3,18.0,2008,468000.0,2022-12-05
PUNGGOL,3-ROOM,88.1,14.0,1988,367000.0,2018-12-26
PUNGGOL,4-ROOM,54.9,1.0,1985,195000.0,2023-09-03
WOODLANDS,5-ROOM,96.0,22.0,1991,429000.0,2018-04-24
PUNGGOL,5-ROOM,107.1,15.0,1988,518000.0,2021-06-28
TAMPINES,4-ROOM,69.8,28.0,2005,389000.0,2018-06-05
CLEMENTI,5-ROOM,109.0,25.0,1977,483000.0,2017-08-05
BEDOK,4-ROOM,79.0,17.0,1988,328000.0,2020-10-24
CLEMENTI,4-ROOM,50.4,7.0,1994,222000.0,2019-05-04
PUNGGOL,4-ROOM,85.6,20.0,2002,415000.0,2022-01-23
TAMPINES,EXECUTIVE,118.9,6.0,1976,479000.0,2017-06-07
YISHUN,3-ROOM,93.0,22.0,1985,388000.0,2018-02-04
HOUGANG,5-ROOM,58.2,19.0,2000,325000.0,2022-11-11
TAMPINES,4-ROOM,98.4,24.0,1976,401000.0,2023-04-19
YISHUN,4-ROOM,99.3,21.0,1985,423000.0,2019-01-06
GEYLANG,5-ROOM,82.6,8.0,2006,389000.0,2018-10-14
GEYLANG,5-ROOM,118.1,3.0,1989,417000.0,2023-11-16
WOODLANDS,3-ROOM,93.9,16.0,1989,318000.0,2021-08-24
BEDOK,3-ROOM,91.1,9.0,2009,438000.0,2022-08-21
JURONG WEST,4-ROOM,82.5,5.0,1995,405000.0,2020-05-23
GEYLANG,5-ROOM,107.1,28.0,2012,547000.0,2022-01-16
PUNGGOL,5-ROOM,78.0,29.0,1981,352000.0,2020-10-24
ANG MO KIO,5-ROOM,99.0,15.0,1994,471000.0,2021-04-06
YISHUN,4-ROOM,95.1,8.0,1986,456000.0,2017-01-11
ANG MO KIO,4-ROOM,71.5,12.0,2012,347000.0,2018-06-27
PUNGGOL,3-ROOM,114.7,1.0,1976,470000.0,2021-05-05
JURONG WEST,4-ROOM,96.6,8.0,1982,467000.0,2018-06-08
YISHUN,4-ROOM,112.4,7.0,1985,412000.0,2019-05-04
BEDOK,4-ROOM,95.5,6.0,1977,368000.0,2022-07-23
HOUGANG,4-ROOM,81.6,6.0,1977,276000.0,2017-10-28
WOODLANDS,3-ROOM,91.8,15.0,1988,427000.0,2020-10-11
WOODLANDS,5-ROOM,100.2,24.0,1993,522000.0,2019-04-17
YISHUN,4-ROOM,70.0,23.0,2004,319000.0,2021-07-02
GEYLANG,3-ROOM,83.3,5.0,1989,346000.0,2017-09-01
WOODLANDS,3-ROOM,111.4,7.0,1986,431000.0,2018-04-09
GEYLANG,EXECUTIVE,77.0,3.0,2002,394000.0,2023-12-18
GEYLANG,3-ROOM,94.1,9.0,1981,393000.0,2019-02-18
TAMPINES,3-ROOM,71.7,19.0,1978,334000.0,2020-11-07
PUNGGOL,4-ROOM,80.4,29.0,2008,413000.0,2023-09-19
WOODLANDS,EXECUTIVE,89.8,11.0,2014,449000.0,2022-07-15
HOUGANG,5-ROOM,114.1,10.0,1983,491000.0,2021-05-19
WOODLANDS,5-ROOM,66.3,8.0,1975,179000.0,2021-08-12
HOUGANG,5-ROOM,114.5,9.0,2005,468000.0,2018-01-21
JURONG WEST,4-ROOM,80.4,1.0,1979,360000.0,2021-12-08
WOODLANDS,3-ROOM,98.4,20.0,2002,553000.0,2021-09-06
WOODLANDS,3-ROOM,103.3,9.0,2002,524000.0,2017-10-21
WOODLANDS,5-ROOM,122.3,14.0,2001,536000.0,2022-05-23
CLEMENTI,4-ROOM,117.5,29.0,2012,573000.0,2018-09-11
GEYLANG,4-ROOM,108.2,13.0,1987,468000.0,2018-06-12
TAMPINES,4-ROOM,71.2,21.0,2002,390000.0,2020-08-16
PUNGGOL,3-ROOM,111.6,20.0,1981,417000.0,2020-09-03
WOODLANDS,4-ROOM,108.6,28.0,2010,567000.0,2019-11-04
HOUGANG,EXECUTIVE,125.4,21.0,2004,699000.0,2023-01-23
YISHUN,EXECUTIVE,109.1,27.0,1989,528000.0,2022-12-25
ANG MO KIO,3-ROOM,118.5,28.0,1977,622000.0,2017-08-13
CLEMENTI,3-ROOM,134.5,13.0,1993,608000.0,2018-07-27
YISHUN,3-ROOM,112.8,12.0,2007,420000.0,2017-03-18
JURONG WEST,4-ROOM,87.8,20.0,1975,402000.0,2017-05-03
CLEMENTI,5-ROOM,105.3,7.0,2007,490000.0,2018-08-21
TAMPINES,4-ROOM,59.6,24.0,2004,314000.0,2023-04-23
CLEMENTI,4-ROOM,100.6,4.0,1998,413000.0,2019-03-29
ANG MO KIO,4-ROOM,108.4,29.0,2002,566000.0,2022-10-23
CLEMENTI,EXECUTIVE,58.9,17.0,1976,265000.0,2018-11-07
ANG MO KIO,EXECUTIVE,71.8,6.0,2011,332000.0,2017-12-02
JURONG WEST,3-ROOM,76.2,2.0,1987,336000.0,2019-04-14
PUNGGOL,4-ROOM,62.9,7.0,2009,333000.0,2019-05-12
GEYLANG,4-ROOM,100.6,8.0,2006,440000.0,2022-06-05
WOODLANDS,3-ROOM,80.6,12.0,2012,418000.0,2017-04-21
CLEMENTI,4-ROOM,142.4,3.0,2002,686000.0,2020-03-01
HOUGANG,3-ROOM,94.7,19.0,1987,414000.0,2018-06-30
GEYLANG,4-ROOM,70.2,15.0,2000,322000.0,2017-01-26
GEYLANG,4-ROOM,101.3,18.0,1989,513000.0,2021-07-29
ANG MO KIO,5-ROOM,72.0,22.0,1994,325000.0,2022-07-24
YISHUN,4-ROOM,92.5,5.0,2006,401000.0,2021-04-13
TAMPINES,4-ROOM,120.6,28.0,1990,612000.0,2021-04-16
ANG MO KIO,EXECUTIVE,104.3,2.0,2004,421000.0,2017-08-07
YISHUN,5-ROOM,74.7,3.0,2000,244000.0,2018-10-07
GEYLANG,3-ROOM,104.1,12.0,1991,463000.0,2023-09-25
BEDOK,5-ROOM,95.9,24.0,2014,553000.0,2018-03-20
WOODLANDS,5-ROOM,118.2,28.0,1980,595000.0,2020-10-27
CLEMENTI,5-ROOM,93.9,13.0,1999,411000.0,2020-07-23
PUNGGOL,3-ROOM,63.8,3.0,1995,241000.0,2019-09-01
YISHUN,3-ROOM,97.0,6.0,2009,406000.0,2023-03-31
TAMPINES,3-ROOM,89.6,16.0,1976,391000.0,2020-12-12
PUNGGOL,4-ROOM,84.8,9.0,2004,388000.0,2018-12-27
WOODLANDS,5-ROOM,83.1,29.0,2004,452000.0,2020-05-14
PUNGGOL,3-ROOM,91.5,11.0,1993,439000.0,2022-04-02
TAMPINES,5-ROOM,85.4,28.0,1979,478000.0,2022-08-05
WOODLANDS,4-ROOM,91.2,10.0,1975,336000.0,2018-07-19
YISHUN,4-ROOM,77.6,23.0,2000,405000.0,2020-11-30
PUNGGOL,EXECUTIVE,74.7,1.0,2008,376000.0,2021-09-30
GEYLANG,3-ROOM,154.4,18.0,1981,650000.0,2022-04-10
GEYLANG,4-ROOM,99.0,17.0,2002,492000.0,2019-05-11
TAMPINES,3-ROOM,82.3,24.0,1997,388000.0,2020-03-15
TAMPINES,4-ROOM,66.3,14.0,1997,259000.0,2018-11-17
TAMPINES,5-ROOM,132.3,18.0,2000,632000.0,2022-03-07
TAMPINES,3-ROOM,112.9,15.0,1998,500000.0,2022-01-27
JURONG WEST,5-ROOM,136.4,6.0,1975,550000.0,2020-07-26
WOODLANDS,5-ROOM,124.0,21.0,1988,529000.0,2022-07-04
PUNGGOL,3-ROOM,82.8,11.0,1987,294000.0,2021-04-16
PUNGGOL,4-ROOM,90.4,1.0,2010,383000.0,2023-11-04
PUNGGOL,4-ROOM,87.4,4.0,2005,409000.0,2021-06-23
ANG MO KIO,4-ROOM,95.4,10.0,1975,401000.0,2021-12-31
BEDOK,4-ROOM,123.1,16.0,2002,684000.0,2022-02-21
PUNGGOL,4-ROOM,128.3,15.0,1988,525000.0,2022-07-20
BEDOK,EXECUTIVE,54.1,4.0,2014,311000.0,2020-06-05
GEYLANG,3-ROOM,59.4,29.0,1985,280000.0,2020-02-04
GEYLANG,5-ROOM,102.2,7.0,1993,433000.0,2019-03-28
TAMPINES,3-ROOM,82.5,10.0,2014,426000.0,2021-05-24
BEDOK,4-ROOM,104.6,3.0,2003,458000.0,2018-04-21
WOODLANDS,5-ROOM,72.9,22.0,2014,342000.0,2020-08-28
TAMPINES,3-ROOM,79.5,17.0,1975,314000.0,2021-07-31
BEDOK,4-ROOM,94.1,16.0,2000,457000.0,2023-08-20
BEDOK,3-ROOM,67.6,27.0,1976,302000.0,2020-10-20
WOODLANDS,3-ROOM,95.4,20.0,1989,417000.0,2018-06-03
TAMPINES,3-ROOM,100.7,28.0,1999,455000.0,2019-10-13
WOODLANDS,EXECUTIVE,66.4,19.0,2011,422000.0,2022-08-22
GEYLANG,5-ROOM,137.2,4.0,2002,557000.0,2022-03-02
PUNGGOL,4-ROOM,101.1,21.0,1975,380000.0,2022-08-24
HOUGANG,4-ROOM,54.3,26.0,1977,170000.0,2017-11-23
PUNGGOL,4-ROOM,115.5,6.0,2009,499000.0,2019-09-14
WOODLANDS,4-ROOM,86.3,18.0,1985,472000.0,2022-03-20
HOUGANG,3-ROOM,104.0,12.0,2005,559000.0,2021-05-23
BEDOK,3-ROOM,83.6,2.0,1987,301000.0,2021-08-28
HOUGANG,5-ROOM,138.6,11.0,1982,591000.0,2019-11-05
GEYLANG,3-ROOM,101.3,20.0,2012,439000.0,2017-04-08
WOODLANDS,3-ROOM,121.5,23.0,1984,587000.0,2018-09-05
JURONG WEST,EXECUTIVE,116.2,17.0,1988,516000.0,2020-10-22
PUNGGOL,5-ROOM,98.5,14.0,2006,479000.0,2018-12-12
BEDOK,4-ROOM,84.1,15.0,1980,454000.0,2019-08-08
JURONG WEST,4-ROOM,102.3,1.0,1988,415000.0,2023-03-02
ANG MO KIO,4-ROOM,96.3,20.0,1993,497000.0,2022-12-30
BEDOK,3-ROOM,111.0,4.0,1984,384000.0,2021-04-16
ANG MO KIO,5-ROOM,127.1,14.0,1987,609000.0,2018-02-05
JURONG WEST,4-ROOM,84.7,25.0,1989,468000.0,2017-11-08
PUNGGOL,4-ROOM,78.1,21.0,1997,360000.0,2020-10-13
CLEMENTI,3-ROOM,121.9,15.0,1987,489000.0,2019-04-06
YISHUN,5-ROOM,105.1,21.0,1985,481000.0,2023-01-02
PUNGGOL,5-ROOM,71.9,8.0,1990,284000.0,2021-06-05
HOUGANG,3-ROOM,122.8,22.0,1984,530000.0,2017-01-11
YISHUN,4-ROOM,99.1,6.0,1992,444000.0,2023-07-23
PUNGGOL,4-ROOM,100.0,22.0,1996,509000.0,2019-12-23
HOUGANG,4-ROOM,122.5,12.0,1978,584000.0,2020-04-09
GEYLANG,3-ROOM,107.9,14.0,2008,570000.0,2018-12-11
TAMPINES,5-ROOM,98.6,13.0,1987,439000.0,2019-01-18
ANG MO KIO,4-ROOM,83.4,15.0,1975,288000.0,2019-09-07
JURONG WEST,3-ROOM,113.1,13.0,2006,576000.0,2023-05-11
HOUGANG,3-ROOM,48.0,21.0,1976,184000.0,2020-08-18
ANG MO KIO,3-ROOM,40.0,21.0,1989,200000.0,2021-06-13
YISHUN,3-ROOM,67.1,7.0,1979,253000.0,2019-07-05
PUNGGOL,3-ROOM,55.2,5.0,1994,202000.0,2021-01-16
PUNGGOL,3-ROOM,53.7,20.0,2014,276000.0,2017-03-02
PUNGGOL,5-ROOM,80.5,1.0,1984,302000.0,2020-10-04
JURONG WEST,4-ROOM,82.7,17.0,2010,418000.0,2017-04-09
GEYLANG,5-ROOM,70.7,22.0,1987,372000.0,2021-11-01
TAMPINES,3-ROOM,120.8,10.0,2001,499000.0,2023-10-08
GEYLANG,4-ROOM,107.1,2.0,1995,488000.0,2023-01-10
PUNGGOL,3-ROOM,64.9,22.0,1983,285000.0,2019-02-07
JURONG WEST,4-ROOM,106.2,27.0,2001,437000.0,2018-06-25
PUNGGOL,4-ROOM,97.2,5.0,1989,383000.0,2022-04-08
YISHUN,3-ROOM,54.6,7.0,1978,204000.0,2023-03-27
CLEMENTI,5-ROOM,97.2,18.0,1981,405000.0,2020-11-25
JURONG WEST,EXECUTIVE,151.2,7.0,2000,632000.0,2019-05-21
TAMPINES,3-ROOM,89.4,11.0,1978,315000.0,2019-04-27
PUNGGOL,3-ROOM,68.2,5.0,2003,219000.0,2018-03-13
HOUGANG,4-ROOM,99.5,15.0,2006,512000.0,2017-12-30
GEYLANG,4-ROOM,94.3,12.0,2002,389000.0,2018-08-12
BEDOK,3-ROOM,87.3,27.0,1997,445000.0,2017-01-05
WOODLANDS,4-ROOM,118.3,10.0,2005,500000.0,2022-09-18
BEDOK,3-ROOM,115.3,13.0,2006,548000.0,2018-09-02
YISHUN,3-ROOM,106.5,15.0,1988,509000.0,2022-09-03
ANG MO KIO,EXECUTIVE,97.2,1.0,1978,281000.0,2023-01-05
HOUGANG,3-ROOM,91.9,27.0,1985,406000.0,2018-10-05
CLEMENTI,EXECUTIVE,77.6,19.0,1986,356000.0,2020-08-26
GEYLANG,5-ROOM,84.8,7.0,1990,313000.0,2018-07-02
GEYLANG,3-ROOM,81.0,20.0,2006,318000.0,2019-11-26
TAMPINES,5-ROOM,81.9,28.0,2007,434000.0,2020-09-07
WOODLANDS,4-ROOM,82.0,4.0,1989,367000.0,2019-11-06
JURONG WEST,4-ROOM,108.7,18.0,1980,423000.0,2019-06-28
JURONG WEST,3-ROOM,89.1,6.0,1987,401000.0,2023-01-09
PUNGGOL,3-ROOM,118.0,3.0,1975,375000.0,2018-12-02
CLEMENTI,3-ROOM,60.9,19.0,1976,281000.0,2020-05-11
ANG MO KIO,5-ROOM,121.7,1.0,2007,539000.0,2018-03-19
GEYLANG,4-ROOM,93.5,2.0,1990,362000.0,2020-02-29
GEYLANG,3-ROOM,73.8,28.0,1983,302000.0,2019-08-24
JURONG WEST,3-ROOM,86.5,17.0,2000,405000.0,2018-09-25
BEDOK,5-ROOM,77.0,18.0,1982,319000.0,2017-09-02
WOODLANDS,3-ROOM,100.3,29.0,1987,426000.0,2023-01-13
WOODLANDS,4-ROOM,95.5,19.0,1993,409000.0,2023-01-26
BEDOK,5-ROOM,93.9,4.0,1994,490000.0,2022-06-26
JURONG WEST,3-ROOM,77.8,29.0,2002,439000.0,2019-06-19
YISHUN,3-ROOM,117.3,2.0,1977,494000.0,2020-12-17
CLEMENTI,5-ROOM,78.0,1.0,2013,325000.0,2023-08-27
YISHUN,3-ROOM,106.6,14.0,1988,495000.0,2022-11-15
BEDOK,5-ROOM,103.3,2.0,1994,471000.0,2023-06-30
JURONG WEST,5-ROOM,55.8,4.0,2002,217000.0,2018-01-31
JURONG WEST,4-ROOM,119.8,28.0,1981,579000.0,2023-06-19
YISHUN,4-ROOM,58.9,18.0,2003,290000.0,2018-08-06
PUNGGOL,EXECUTIVE,116.9,16.0,1989,532000.0,2023-10-25
ANG MO KIO,EXECUTIVE,49.3,14.0,1978,193000.0,2018-02-27
WOODLANDS,4-ROOM,122.7,28.0,1992,580000.0,2018-03-08
PUNGGOL,EXECUTIVE,109.0,12.0,1995,528000.0,2020-04-21
TAMPINES,5-ROOM,112.6,24.0,1987,454000.0,2019-01-31
GEYLANG,3-ROOM,76.5,17.0,1976,332000.0,2022-07-15
TAMPINES,3-ROOM,85.5,23.0,2000,449000.0,2023-04-22
BEDOK,3-ROOM,97.2,7.0,2011,414000.0,2019-01-10
PUNGGOL,4-ROOM,121.3,15.0,1992,533000.0,2021-09-24
BEDOK,4-ROOM,91.5,18.0,2003,406000.0,2018-04-21
TAMPINES,4-ROOM,62.0,21.0,1976,261000.0,2017-07-23
YISHUN,5-ROOM,123.2,24.0,2010,546000.0,2022-12-17
TAMPINES,3-ROOM,114.1,26.0,1991,550000.0,2021-08-07
GEYLANG,3-ROOM,104.3,12.0,1982,510000.0,2020-02-04
GEYLANG,4-ROOM,63.0,28.0,1979,346000.0,2021-11-16
PUNGGOL,4-ROOM,84.8,8.0,1992,348000.0,2017-09-21
HOUGANG,EXECUTIVE,122.9,19.0,1981,535000.0,2023-01-03
ANG MO KIO,4-ROOM,106.1,1.0,2009,429000.0,2021-09-09
WOODLANDS,3-ROOM,111.9,24.0,2004,579000.0,2021-04-04
TAMPINES,3-ROOM,123.3,3.0,2010,532000.0,2020-09-14
ANG MO KIO,EXECUTIVE,117.2,28.0,1998,549000.0,2023-05-11
WOODLANDS,5-ROOM,130.1,6.0,1984,537000.0,2019-03-19
WOODLANDS,3-ROOM,132.0,18.0,1999,616000.0,2018-02-17
PUNGGOL,4-ROOM,80.9,9.0,1977,307000.0,2017-08-19
CLEMENTI,4-ROOM,95.3,13.0,1995,472000.0,2019-12-06
YISHUN,4-ROOM,103.2,14.0,1977,487000.0,2022-01-24
CLEMENTI,3-ROOM,143.2,24.0,1999,711000.0,2021-12-05
WOODLANDS,5-ROOM,113.8,2.0,1987,478000.0,2018-10-08
CLEMENTI,3-ROOM,109.2,21.0,2006,547000.0,2019-03-02
JURONG WEST,5-ROOM,93.0,2.0,1992,370000.0,2017-05-13
GEYLANG,4-ROOM,128.6,28.0,1982,615000.0,2022-09-14
BEDOK,3-ROOM,57.9,17.0,1986,322000.0,2020-10-08
PUNGGOL,4-ROOM,94.3,26.0,2001,461000.0,2017-06-23
JURONG WEST,3-ROOM,88.2,25.0,1980,419000.0,2020-09-11
HOUGANG,4-ROOM,118.2,22.0,1989,556000.0,2023-12-24
YISHUN,4-ROOM,110.5,3.0,2003,489000.0,2018-08-12
JURONG WEST,4-ROOM,124.6,13.0,1995,504000.0,2017-06-24
BEDOK,3-ROOM,133.1,28.0,2002,588000.0,2020-01-31
ANG MO KIO,EXECUTIVE,80.6,10.0,1993,367000.0,2017-03-24
BEDOK,3-ROOM,84.9,17.0,2001,426000.0,2020-08-22
BEDOK,3-ROOM,78.8,14.0,1999,327000.0,2018-01-07
GEYLANG,3-ROOM,69.8,23.0,1994,412000.0,2019-04-26
TAMPINES,3-ROOM,120.8,15.0,1983,494000.0,2019-03-05
GEYLANG,4-ROOM,81.1,22.0,1983,322000.0,2018-09-06
BEDOK,3-ROOM,98.3,7.0,1996,436000.0,2019-12-13
CLEMENTI,4-ROOM,103.0,16.0,1981,519000.0,2019-09-14
PUNGGOL,5-ROOM,129.8,25.0,2000,695000.0,2023-04-22
JURONG WEST,EXECUTIVE,72.0,20.0,1993,362000.0,2020-08-22
TAMPINES,3-ROOM,69.0,10.0,1991,317000.0,2020-07-18
JURONG WEST,4-ROOM,117.2,28.0,1997,586000.0,2018-10-15
WOODLANDS,3-ROOM,143.2,14.0,1976,674000.0,2023-12-03
ANG MO KIO,4-ROOM,123.1,21.0,1994,614000.0,2020-03-06
YISHUN,3-ROOM,111.8,5.0,1985,449000.0,2022-09-23
YISHUN,4-ROOM,88.9,19.0,2012,391000.0,2019-07-04
TAMPINES,3-ROOM,98.6,22.0,2000,486000.0,2018-05-19
ANG MO KIO,3-ROOM,94.8,23.0,1983,455000.0,2020-06-19
CLEMENTI,4-ROOM,102.2,20.0,2012,495000.0,2023-06-10
CLEMENTI,3-ROOM,97.4,27.0,2004,480000.0,2022-12-25
CLEMENTI,3-ROOM,132.8,22.0,1995,642000.0,2020-10-24
GEYLANG,4-ROOM,91.7,3.0,2003,446000.0,2023-06-04
BEDOK,5-ROOM,80.1,14.0,1978,326000.0,2018-12-07
ANG MO KIO,4-ROOM,63.2,24.0,1998,292000.0,2020-03-25
CLEMENTI,3-ROOM,120.4,11.0,2010,569000.0,2021-01-08
ANG MO KIO,4-ROOM,52.4,21.0,2012,261000.0,2023-11-13
CLEMENTI,3-ROOM,111.6,26.0,1981,543000.0,2023-01-07
PUNGGOL,5-ROOM,99.4,10.0,1983,411000.0,2020-02-19
YISHUN,EXECUTIVE,127.0,9.0,2013,528000.0,2020-08-21
JURONG WEST,4-ROOM,103.3,13.0,2007,464000.0,2022-06-24
YISHUN,4-ROOM,138.8,25.0,2012,646000.0,2017-01-25
TAMPINES,4-ROOM,123.1,20.0,1979,587000.0,2018-11-24
TAMPINES,4-ROOM,85.3,23.0,2011,386000.0,2017-01-28
GEYLANG,5-ROOM,81.6,4.0,1997,386000.0,2023-06-06
HOUGANG,3-ROOM,58.0,8.0,2006,296000.0,2020-03-27
YISHUN,EXECUTIVE,110.9,7.0,1988,516000.0,2023-09-11
CLEMENTI,EXECUTIVE,55.0,8.0,2004,251000.0,2021-07-05
CLEMENTI,3-ROOM,55.8,26.0,1981,235000.0,2021-02-06
YISHUN,5-ROOM,121.8,5.0,1994,514000.0,2023-12-12
PUNGGOL,4-ROOM,69.8,21.0,2003,372000.0,2022-08-09
HOUGANG,4-ROOM,82.3,21.0,2010,459000.0,2018-07-18
JURONG WEST,5-ROOM,119.2,25.0,1989,549000.0,2023-08-05
GEYLANG,5-ROOM,126.1,15.0,1980,636000.0,2020-04-29
PUNGGOL,3-ROOM,40.0,4.0,1989,150000.0,2023-06-11
YISHUN,5-ROOM,91.3,11.0,1982,441000.0,2020-02-28
YISHUN,4-ROOM,65.8,22.0,1993,285000.0,2023-05-12
CLEMENTI,3-ROOM,72.6,13.0,2001,313000.0,2021-12-30
YISHUN,3-ROOM,91.4,22.0,1985,360000.0,2021-04-20
JURONG WEST,4-ROOM,116.3,8.0,1984,526000.0,2022-06-24
JURONG WEST,5-ROOM,110.3,4.0,2002,545000.0,2022-11-19
TAMPINES,4-ROOM,83.2,9.0,1983,369000.0,2022-10-04
TAMPINES,4-ROOM,116.4,10.0,1978,541000.0,2018-03-05
TAMPINES,4-ROOM,80.1,26.0,1987,393000.0,2021-11-30
HOUGANG,3-ROOM,91.0,1.0,2003,385000.0,2019-02-13
YISHUN,3-ROOM,108.6,21.0,1987,523000.0,2022-03-30
PUNGGOL,4-ROOM,80.6,2.0,1980,351000.0,2021-11-19
BEDOK,EXECUTIVE,68.3,2.0,2012,292000.0,2021-06-12
YISHUN,3-ROOM,78.2,4.0,1996,301000.0,2021-09-28
WOODLANDS,4-ROOM,110.6,6.0,1994,461000.0,2023-11-09
GEYLANG,5-ROOM,61.9,10.0,2001,251000.0,2018-01-22
JURONG WEST,4-ROOM,90.2,11.0,2000,392000.0,2022-08-25
PUNGGOL,3-ROOM,58.3,2.0,1976,150000.0,2023-02-05
WOODLANDS,4-ROOM,86.8,15.0,1999,401000.0,2023-04-22
BEDOK,4-ROOM,133.8,22.0,2012,628000.0,2019-05-29
PUNGGOL,3-ROOM,114.7,24.0,1983,492000.0,2019-09-27
GEYLANG,3-ROOM,83.0,24.0,1991,416000.0,2021-05-27
WOODLANDS,4-ROOM,86.1,26.0,2007,444000.0,2023-03-19
TAMPINES,4-ROOM,97.9,4.0,2005,423000.0,2021-06-05
CLEMENTI,5-ROOM,90.3,29.0,2007,450000.0,2020-05-10
WOODLANDS,3-ROOM,112.3,25.0,1986,611000.0,2021-01-02
GEYLANG,3-ROOM,113.8,29.0,1981,538000.0,2021-12-10
BEDOK,3-ROOM,90.1,28.0,1985,443000.0,2023-02-04
WOODLANDS,5-ROOM,108.2,27.0,2007,601000.0,2021-09-26
PUNGGOL,4-ROOM,109.0,2.0,2009,481000.0,2017-02-13
GEYLANG,3-ROOM,100.4,5.0,1990,444000.0,2022-10-31
WOODLANDS,3-ROOM,90.9,16.0,1990,476000.0,2020-06-08
PUNGGOL,5-ROOM,93.8,21.0,1977,438000.0,2020-11-28
YISHUN,3-ROOM,97.7,24.0,2011,523000.0,2022-11-11
CLEMENTI,3-ROOM,108.1,29.0,1990,569000.0,2021-08-24
CLEMENTI,5-ROOM,155.0,15.0,1999,680000.0,2017-12-06
GEYLANG,5-ROOM,138.7,4.0,2006,625000.0,2023-03-24
BEDOK,3-ROOM,93.2,18.0,1996,435000.0,2022-07-15
WOODLANDS,5-ROOM,158.1,4.0,2013,720000.0,2020-10-15
YISHUN,3-ROOM,123.5,1.0,1985,553000.0,2017-07-11
PUNGGOL,3-ROOM,75.9,19.0,2003,410000.0,2018-07-18
WOODLANDS,3-ROOM,76.9,3.0,1975,255000.0,2020-04-17
PUNGGOL,3-ROOM,65.8,15.0,2001,208000.0,2020-11-08
BEDOK,4-ROOM,72.4,26.0,2001,272000.0,2018-01-28
TAMPINES,5-ROOM,107.6,14.0,1999,464000.0,2018-10-01
JURONG WEST,3-ROOM,113.4,6.0,1989,519000.0,2017-03-29
JURONG WEST,5-ROOM,76.7,19.0,2005,444000.0,2018-07-26
BEDOK,5-ROOM,98.9,6.0,1981,421000.0,2019-07-16
YISHUN,3-ROOM,123.5,5.0,2013,600000.0,2023-03-25
CLEMENTI,3-ROOM,64.8,16.0,2005,273000.0,2023-03-28
ANG MO KIO,5-ROOM,103.0,18.0,1992,475000.0,2020-12-17
BEDOK,EXECUTIVE,120.2,15.0,2005,549000.0,2023-04-05
HOUGANG,3-ROOM,84.3,23.0,2011,469000.0,2019-03-31
CLEMENTI,5-ROOM,87.4,3.0,1990,242000.0,2023-02-11
TAMPINES,3-ROOM,95.9,3.0,1978,365000.0,2023-09-20
JURONG WEST,5-ROOM,97.2,20.0,2004,546000.0,2019-06-10
GEYLANG,3-ROOM,136.0,18.0,1993,690000.0,2021-09-06
TAMPINES,4-ROOM,67.2,8.0,2002,272000.0,2017-09-28
GEYLANG,4-ROOM,122.1,17.0,1993,469000.0,2018-09-11
WOODLANDS,5-ROOM,102.1,8.0,1983,434000.0,2021-01-26
CLEMENTI,4-ROOM,56.3,2.0,2002,197000.0,2018-10-18
PUNGGOL,4-ROOM,86.8,23.0,1977,303000.0,2022-11-26
YISHUN,5-ROOM,72.9,11.0,2004,308000.0,2019-10-02
CLEMENTI,3-ROOM,130.0,26.0,1988,575000.0,2021-07-04
HOUGANG,5-ROOM,90.7,27.0,2008,439000.0,2019-10-31
BEDOK,4-ROOM,115.0,1.0,2004,433000.0,2021-05-31
GEYLANG,5-ROOM,67.5,16.0,1976,237000.0,2018-12-09
ANG MO KIO,EXECUTIVE,101.1,21.0,1999,451000.0,2023-09-25
GEYLANG,3-ROOM,78.2,5.0,1975,262000.0,2021-02-05
CLEMENTI,5-ROOM,85.0,15.0,1986,339000.0,2017-05-23
WOODLANDS,5-ROOM,67.8,18.0,2011,383000.0,2021-04-26
ANG MO KIO,4-ROOM,105.7,9.0,1988,403000.0,2022-01-23
PUNGGOL,3-ROOM,94.3,1.0,2002,556000.0,2022-05-22
ANG MO KIO,4-ROOM,90.9,26.0,2011,412000.0,2019-02-11
HOUGANG,4-ROOM,112.6,10.0,2000,541000.0,2021-02-22
ANG MO KIO,5-ROOM,87.0,12.0,2003,413000.0,2019-12-13
PUNGGOL,3-ROOM,71.8,11.0,2010,329000.0,2023-09-12
BEDOK,5-ROOM,94.3,9.0,2003,462000.0,2017-09-02
PUNGGOL,4-ROOM,87.2,28.0,2005,482000.0,2021-07-11
JURONG WEST,4-ROOM,99.5,28.0,1988,436000.0,2020-05-01
YISHUN,EXECUTIVE,107.5,6.0,2014,491000.0,2018-01-03
HOUGANG,5-ROOM,124.7,11.0,1982,467000.0,2022-08-07
PUNGGOL,3-ROOM,108.4,2.0,2004,489000.0,2017-02-16
HOUGANG,3-ROOM,84.3,15.0,2012,470000.0,2021-08-07
JURONG WEST,5-ROOM,95.9,5.0,2010,392000.0,2020-01-09
WOODLANDS,4-ROOM,63.3,18.0,2014,273000.0,2021-07-03
WOODLANDS,4-ROOM,90.5,1.0,1984,300000.0,2018-09-02
YISHUN,4-ROOM,100.4,1.0,1983,430000.0,2021-05-29
GEYLANG,EXECUTIVE,125.2,29.0,1986,601000.0,2018-11-10
HOUGANG,5-ROOM,98.9,16.0,1983,434000.0,2018-08-26
GEYLANG,4-ROOM,112.9,21.0,1997,586000.0,2018-01-30
CLEMENTI,EXECUTIVE,69.5,21.0,1999,368000.0,2020-10-04
YISHUN,5-ROOM,119.1,13.0,2002,558000.0,2020-03-04
PUNGGOL,4-ROOM,101.1,8.0,1984,452000.0,2022-09-25
CLEMENTI,3-ROOM,141.5,24.0,2006,726000.0,2017-11-06
TAMPINES,3-ROOM,102.7,5.0,2014,495000.0,2022-04-29
WOODLANDS,EXECUTIVE,94.5,7.0,1983,378000.0,2023-09-22
HOUGANG,3-ROOM,94.6,14.0,1995,462000.0,2018-07-20
PUNGGOL,3-ROOM,88.5,17.0,2008,412000.0,2019-04-19
WOODLANDS,4-ROOM,98.8,27.0,1996,479000.0,2020-06-10
YISHUN,EXECUTIVE,140.1,28.0,2009,667000.0,2017-03-18
PUNGGOL,4-ROOM,98.9,12.0,2006,469000.0,2021-08-08
WOODLANDS,3-ROOM,97.1,15.0,1989,378000.0,2020-10-17
GEYLANG,4-ROOM,111.0,13.0,2012,515000.0,2017-09-15
ANG MO KIO,5-ROOM,103.0,27.0,2010,533000.0,2023-02-08
PUNGGOL,5-ROOM,105.7,9.0,1981,415000.0,2017-05-23
BEDOK,4-ROOM,58.2,25.0,1992,341000.0,2023-11-15
ANG MO KIO,3-ROOM,69.1,9.0,1989,277000.0,2018-02-10
YISHUN,4-ROOM,88.8,6.0,1992,334000.0,2023-07-07
PUNGGOL,3-ROOM,113.7,26.0,2003,618000.0,2020-09-01
YISHUN,5-ROOM,140.0,24.0,1995,725000.0,2022-06-28
BEDOK,4-ROOM,95.4,4.0,1987,415000.0,2022-08-01
JURONG WEST,4-ROOM,110.0,29.0,1984,567000.0,2020-09-29
CLEMENTI,5-ROOM,79.0,7.0,2009,306000.0,2023-04-26
CLEMENTI,3-ROOM,100.1,27.0,1977,449000.0,2018-03-12
TAMPINES,4-ROOM,110.8,5.0,1979,485000.0,2021-09-29
JURONG WEST,3-ROOM,97.7,10.0,1996,353000.0,2022-02-07
JURONG WEST,4-ROOM,89.8,27.0,1998,430000.0,2023-01-25
GEYLANG,4-ROOM,59.7,4.0,1978,220000.0,2017-03-29
TAMPINES,5-ROOM,92.1,24.0,1996,518000.0,2021-01-25
CLEMENTI,4-ROOM,96.9,20.0,1985,488000.0,2019-10-16
YISHUN,3-ROOM,112.1,3.0,1985,460000.0,2018-02-09
YISHUN,EXECUTIVE,106.6,6.0,1991,443000.0,2019-08-15
CLEMENTI,4-ROOM,87.8,3.0,2012,429000.0,2023-08-20
JURONG WEST,4-ROOM,85.5,3.0,1997,343000.0,2017-12-21
CLEMENTI,3-ROOM,80.6,13.0,1998,397000.0,2018-01-10
JURONG WEST,5-ROOM,97.1,27.0,1981,465000.0,2019-07-07
ANG MO KIO,5-ROOM,79.9,27.0,1982,311000.0,2017-08-23
PUNGGOL,5-ROOM,91.8,21.0,1975,403000.0,2017-08-26
TAMPINES,4-ROOM,75.1,5.0,2002,278000.0,2022-11-18
TAMPINES,4-ROOM,95.4,11.0,1989,356000.0,2021-04-01
WOODLANDS,3-ROOM,105.4,1.0,1978,422000.0,2023-07-26
PUNGGOL,3-ROOM,81.8,22.0,2005,444000.0,2020-08-31
JURONG WEST,4-ROOM,74.8,4.0,2013,371000.0,2021-06-16
TAMPINES,EXECUTIVE,90.5,5.0,2009,363000.0,2019-01-09
ANG MO KIO,4-ROOM,76.7,2.0,1995,293000.0,2019-02-12
JURONG WEST,3-ROOM,84.7,29.0,2013,432000.0,2023-04-22
WOODLANDS,4-ROOM,110.0,24.0,2012,539000.0,2022-11-16
HOUGANG,5-ROOM,87.8,2.0,1979,287000.0,2021-12-07
HOUGANG,5-ROOM,146.9,12.0,1986,666000.0,2019-08-21
ANG MO KIO,4-ROOM,98.4,12.0,1997,511000.0,2017-10-29
BEDOK,5-ROOM,79.6,3.0,1998,333000.0,2023-01-31
ANG MO KIO,5-ROOM,65.2,19.0,2012,351000.0,2019-01-31
ANG MO KIO,5-ROOM,115.2,16.0,1993,509000.0,2019-02-10
PUNGGOL,3-ROOM,89.7,14.0,1978,344000.0,2021-03-07
CLEMENTI,4-ROOM,77.7,22.0,1990,400000.0,2021-03-12
TAMPINES,4-ROOM,98.2,9.0,1998,516000.0,2023-12-04
CLEMENTI,EXECUTIVE,85.5,24.0,1979,343000.0,2017-12-01
JURONG WEST,4-ROOM,99.0,24.0,1991,451000.0,2022-10-01
HOUGANG,EXECUTIVE,93.5,21.0,1999,489000.0,2020-03-17
PUNGGOL,EXECUTIVE,107.0,20.0,2000,511000.0,2019-04-28
TAMPINES,EXECUTIVE,162.0,10.0,2011,827000.0,2017-08-16
WOODLANDS,4-ROOM,106.9,5.0,1995,415000.0,2018-04-12
TAMPINES,4-ROOM,95.0,26.0,2004,452000.0,2019-09-25
YISHUN,3-ROOM,90.1,6.0,1976,393000.0,2019-02-27
HOUGANG,5-ROOM,109.4,17.0,1983,491000.0,2021-01-22
PUNGGOL,4-ROOM,129.0,4.0,1993,507000.0,2021-07-28
WOODLANDS,5-ROOM,101.2,2.0,1997,416000.0,2017-02-08
HOUGANG,5-ROOM,67.4,18.0,2003,306000.0,2023-01-16
HOUGANG,3-ROOM,117.9,1.0,1977,419000.0,2020-11-08
TAMPINES,4-ROOM,95.9,14.0,1992,413000.0,2017-11-04
BEDOK,4-ROOM,112.2,15.0,2014,532000.0,2021-11-24
PUNGGOL,5-ROOM,93.6,6.0,1978,330000.0,2021-01-27
TAMPINES,4-ROOM,106.2,8.0,2000,488000.0,2020-09-27
HOUGANG,3-ROOM,55.2,17.0,1999,203000.0,2021-07-20
YISHUN,5-ROOM,127.4,25.0,2000,678000.0,2017-08-01
WOODLANDS,4-ROOM,96.8,24.0,1977,360000.0,2022-08-03
CLEMENTI,4-ROOM,79.0,12.0,1986,362000.0,2022-03-22
JURONG WEST,5-ROOM,72.4,20.0,2005,350000.0,2019-07-22
CLEMENTI,3-ROOM,53.1,13.0,1975,190000.0,2017-01-16
HOUGANG,4-ROOM,100.9,25.0,2000,434000.0,2023-09-03
JURONG WEST,5-ROOM,111.7,18.0,2009,500000.0,2021-07-22
YISHUN,3-ROOM,99.6,26.0,2011,496000.0,2022-08-13
WOODLANDS,3-ROOM,94.7,17.0,2003,486000.0,2022-10-29
ANG MO KIO,5-ROOM,40.0,14.0,1989,211000.0,2023-02-27
JURONG WEST,4-ROOM,89.4,18.0,2002,416000.0,2018-03-14
ANG MO KIO,EXECUTIVE,140.4,29.0,1986,637000.0,2019-08-01
CLEMENTI,4-ROOM,107.9,27.0,2004,519000.0,2021-05-05
TAMPINES,4-ROOM,96.2,24.0,1986,565000.0,2019-12-24
TAMPINES,5-ROOM,88.2,26.0,2005,456000.0,2022-08-28
HOUGANG,5-ROOM,113.1,18.0,2010,525000.0,2018-08-05
WOODLANDS,5-ROOM,77.3,26.0,1997,383000.0,2020-07-31
TAMPINES,4-ROOM,123.5,20.0,2012,582000.0,2020-04-25
PUNGGOL,4-ROOM,103.9,22.0,2009,568000.0,2023-12-10
ANG MO KIO,3-ROOM,125.0,7.0,1979,548000.0,2017-03-02
WOODLANDS,3-ROOM,81.5,8.0,1979,310000.0,2021-08-13
ANG MO KIO,4-ROOM,85.5,25.0,1991,376000.0,2017-04-02
JURONG WEST,4-ROOM,96.3,12.0,2007,421000.0,2019-10-29
CLEMENTI,4-ROOM,96.8,20.0,1977,439000.0,2020-11-15
GEYLANG,3-ROOM,157.2,22.0,1987,698000.0,2023-12-20
CLEMENTI,EXECUTIVE,67.4,13.0,1999,301000.0,2019-02-13
CLEMENTI,EXECUTIVE,89.8,3.0,1976,336000.0,2023-08-21
JURONG WEST,3-ROOM,113.0,25.0,2000,550000.0,2017-01-24
BEDOK,4-ROOM,63.2,19.0,1983,297000.0,2020-01-26
BEDOK,5-ROOM,85.9,25.0,1976,444000.0,2020-07-10
PUNGGOL,3-ROOM,112.9,19.0,1998,535000.0,2023-08-28
WOODLANDS,3-ROOM,103.3,16.0,2013,465000.0,2022-09-03
GEYLANG,4-ROOM,85.5,6.0,1988,336000.0,2019-02-15
PUNGGOL,5-ROOM,70.8,8.0,2012,317000.0,2022-12-20
HOUGANG,3-ROOM,98.9,7.0,1977,379000.0,2022-01-19
JURONG WEST,3-ROOM,101.8,26.0,1998,470000.0,2022-01-07
CLEMENTI,3-ROOM,88.2,7.0,2005,401000.0,2018-05-20
YISHUN,EXECUTIVE,112.3,23.0,2009,572000.0,2017-07-17
BEDOK,5-ROOM,53.9,14.0,2012,282000.0,2017-02-06
YISHUN,3-ROOM,115.2,12.0,2003,447000.0,2017-09-30
HOUGANG,5-ROOM,130.7,8.0,1990,515000.0,2019-09-29
JURONG WEST,EXECUTIVE,119.8,19.0,1984,558000.0,2019-11-27
ANG MO KIO,3-ROOM,76.9,10.0,1995,285000.0,2018-08-29
ANG MO KIO,3-ROOM,98.7,24.0,1993,447000.0,2020-12-21
PUNGGOL,EXECUTIVE,54.7,5.0,1982,258000.0,2019-03-03
JURONG WEST,4-ROOM,67.7,12.0,2005,334000.0,2022-08-10
WOODLANDS,EXECUTIVE,66.5,8.0,2014,332000.0,2018-01-06
WOODLANDS,4-ROOM,117.3,11.0,1988,462000.0,2023-10-05
PUNGGOL,3-ROOM,113.9,17.0,1987,431000.0,2019-02-01
WOODLANDS,3-ROOM,60.5,26.0,2004,309000.0,2018-12-11
CLEMENTI,5-ROOM,77.1,10.0,2001,358000.0,2019-08-09
CLEMENTI,4-ROOM,80.2,6.0,1991,324000.0,2021-05-07
ANG MO KIO,5-ROOM,115.6,28.0,1988,550000.0,2021-07-17
TAMPINES,4-ROOM,151.6,21.0,1985,704000.0,2017-03-05
CLEMENTI,3-ROOM,97.8,21.0,1991,429000.0,2020-01-04
YISHUN,4-ROOM,77.3,1.0,1977,270000.0,2023-09-23
CLEMENTI,4-ROOM,92.9,20.0,1983,491000.0,2021-08-10
JURONG WEST,4-ROOM,105.2,18.0,1987,470000.0,2022-04-07
WOODLANDS,5-ROOM,77.0,5.0,1988,384000.0,2020-06-03
BEDOK,3-ROOM,86.0,7.0,1987,328000.0,2018-09-17
HOUGANG,4-ROOM,91.5,18.0,1981,435000.0,2018-08-25
BEDOK,3-ROOM,147.9,16.0,1989,709000.0,2022-12-27
YISHUN,4-ROOM,41.6,3.0,1990,161000.0,2017-03-25
PUNGGOL,5-ROOM,97.5,26.0,2004,498000.0,2023-07-01
WOODLANDS,3-ROOM,68.4,21.0,2004,299000.0,2022-08-15
PUNGGOL,4-ROOM,72.3,12.0,1977,211000.0,2020-04-06
YISHUN,4-ROOM,89.7,5.0,1992,437000.0,2019-08-29
PUNGGOL,EXECUTIVE,84.0,11.0,1980,329000.0,2021-11-05
YISHUN,5-ROOM,104.0,12.0,2010,512000.0,2019-05-19
GEYLANG,5-ROOM,117.1,8.0,1983,435000.0,2020-09-22
TAMPINES,3-ROOM,54.6,24.0,1979,248000.0,2022-02-16
PUNGGOL,4-ROOM,87.9,13.0,1997,326000.0,2019-10-03
CLEMENTI,4-ROOM,62.5,19.0,1992,228000.0,2023-11-29
CLEMENTI,3-ROOM,118.7,3.0,2002,401000.0,2017-07-13
BEDOK,5-ROOM,100.1,13.0,2004,430000.0,2017-08-25
ANG MO KIO,EXECUTIVE,84.6,21.0,2010,387000.0,2022-07-16
ANG MO KIO,3-ROOM,119.0,24.0,2005,587000.0,2019-05-30
TAMPINES,3-ROOM,110.5,7.0,1989,486000.0,2023-06-20
ANG MO KIO,4-ROOM,121.4,22.0,1999,602000.0,2022-07-29
TAMPINES,5-ROOM,114.3,15.0,1981,545000.0,2020-04-24
HOUGANG,3-ROOM,115.0,14.0,2013,559000.0,2023-03-11
GEYLANG,EXECUTIVE,40.0,3.0,1987,150000.0,2018-01-25
TAMPINES,3-ROOM,77.4,16.0,1988,363000.0,2019-06-15
JURONG WEST,4-ROOM,121.4,7.0,1994,540000.0,2018-10-02
PUNGGOL,3-ROOM,130.0,18.0,2012,581000.0,2017-10-13
BEDOK,5-ROOM,120.4,8.0,1999,480000.0,2022-01-23
ANG MO KIO,EXECUTIVE,111.5,21.0,2005,559000.0,2023-02-27
BEDOK,3-ROOM,101.3,11.0,1982,390000.0,2022-03-21
ANG MO KIO,5-ROOM,40.0,2.0,1999,150000.0,2017-06-09
HOUGANG,3-ROOM,86.3,22.0,1992,314000.0,2018-03-01
PUNGGOL,4-ROOM,84.6,7.0,1984,340000.0,2023-04-18
GEYLANG,5-ROOM,130.6,2.0,1986,549000.0,2021-09-18
CLEMENTI,EXECUTIVE,80.2,26.0,2009,431000.0,2020-09-17
HOUGANG,3-ROOM,91.2,4.0,2013,374000.0,2018-10-23
WOODLANDS,5-ROOM,88.6,20.0,1989,333000.0,2017-09-16
GEYLANG,3-ROOM,106.5,1.0,1998,520000.0,2017-07-19
JURONG WEST,3-ROOM,82.8,10.0,2005,337000.0,2021-12-29
ANG MO KIO,3-ROOM,141.7,9.0,1978,565000.0,2023-08-25
TAMPINES,4-ROOM,70.2,12.0,2004,315000.0,2020-05-27
CLEMENTI,3-ROOM,78.9,11.0,1995,322000.0,2020-10-15
GEYLANG,3-ROOM,109.3,21.0,2009,472000.0,2018-02-08
CLEMENTI,4-ROOM,103.1,15.0,1999,454000.0,2017-01-14
TAMPINES,5-ROOM,106.8,18.0,2000,477000.0,2023-01-23
BEDOK,3-ROOM,116.1,23.0,2004,541000.0,2021-11-10
HOUGANG,3-ROOM,70.6,19.0,1986,408000.0,2023-11-16
TAMPINES,5-ROOM,144.0,2.0,1993,618000.0,2019-04-25
ANG MO KIO,4-ROOM,94.3,16.0,1993,531000.0,2023-04-27
YISHUN,3-ROOM,83.8,29.0,1975,369000.0,2018-07-22
CLEMENTI,4-ROOM,40.0,20.0,2007,299000.0,2019-11-23
CLEMENTI,4-ROOM,66.0,27.0,1999,372000.0,2017-04-29
ANG MO KIO,EXECUTIVE,126.4,5.0,1977,492000.0,2023-05-27
GEYLANG,3-ROOM,94.8,17.0,2007,416000.0,2019-10-03
HOUGANG,4-ROOM,100.0,11.0,2007,428000.0,2023-09-21
CLEMENTI,3-ROOM,121.2,16.0,1999,598000.0,2021-04-26
WOODLANDS,4-ROOM,90.2,8.0,2008,458000.0,2021-05-02
PUNGGOL,3-ROOM,47.6,17.0,1982,206000.0,2017-04-17
HOUGANG,5-ROOM,85.1,11.0,2002,428000.0,2023-01-07
TAMPINES,5-ROOM,49.3,2.0,1975,158000.0,2018-07-26
GEYLANG,4-ROOM,90.7,15.0,2008,431000.0,2017-09-15
CLEMENTI,5-ROOM,88.3,5.0,1990,359000.0,2018-01-01
CLEMENTI,4-ROOM,71.2,8.0,1982,244000.0,2020-06-04
WOODLANDS,3-ROOM,104.0,3.0,2014,408000.0,2021-04-18
CLEMENTI,5-ROOM,91.1,3.0,1997,309000.0,2019-01-29
PUNGGOL,4-ROOM,116.0,2.0,2012,440000.0,2017-03-23
HOUGANG,4-ROOM,104.7,1.0,2001,474000.0,2021-09-13
YISHUN,5-ROOM,94.3,16.0,1985,422000.0,2019-11-22
JURONG WEST,3-ROOM,62.6,6.0,1990,293000.0,2019-04-07
BEDOK,4-ROOM,73.7,20.0,2004,351000.0,2018-10-19
PUNGGOL,3-ROOM,78.0,5.0,1990,353000.0,2017-08-06
BEDOK,4-ROOM,104.1,10.0,2000,460000.0,2018-12-08
GEYLANG,4-ROOM,119.1,14.0,1988,566000.0,2017-09-03
TAMPINES,4-ROOM,62.7,7.0,1976,287000.0,2020-04-22
HOUGANG,3-ROOM,61.9,11.0,1988,269000.0,2023-09-11
CLEMENTI,EXECUTIVE,85.8,15.0,1996,435000.0,2019-05-10
GEYLANG,4-ROOM,55.8,15.0,2013,292000.0,2023-02-26
HOUGANG,4-ROOM,105.9,25.0,2008,539000.0,2020-08-11
BEDOK,3-ROOM,85.6,9.0,2006,443000.0,2021-12-04
YISHUN,5-ROOM,76.9,7.0,1991,286000.0,2019-12-05
WOODLANDS,4-ROOM,94.0,10.0,1991,429000.0,2022-10-31
HOUGANG,EXECUTIVE,165.4,16.0,2001,867000.0,2017-10-11
BEDOK,5-ROOM,40.0,5.0,1979,150000.0,2017-03-06
HOUGANG,5-ROOM,71.9,20.0,1995,401000.0,2017-05-19
PUNGGOL,4-ROOM,93.8,17.0,1983,423000.0,2017-08-23
WOODLANDS,5-ROOM,82.9,7.0,2006,312000.0,2018-07-03
ANG MO KIO,3-ROOM,40.0,26.0,1991,262000.0,2021-03-06
TAMPINES,4-ROOM,70.8,1.0,1994,257000.0,2022-03-12
TAMPINES,3-ROOM,125.7,1.0,1996,409000.0,2019-11-08
PUNGGOL,5-ROOM,104.4,11.0,1993,499000.0,2019-05-16
WOODLANDS,4-ROOM,81.2,25.0,1984,423000.0,2021-08-21
ANG MO KIO,3-ROOM,122.5,14.0,1995,550000.0,2019-07-05
BEDOK,3-ROOM,152.5,5.0,1975,582000.0,2021-04-25
TAMPINES,5-ROOM,76.3,28.0,1978,364000.0,2023-03-23
ANG MO KIO,4-ROOM,134.9,17.0,2010,684000.0,2019-02-23
BEDOK,3-ROOM,97.7,23.0,2009,416000.0,2020-09-30
ANG MO KIO,EXECUTIVE,86.5,21.0,1991,416000.0,2023-05-15
PUNGGOL,4-ROOM,77.3,14.0,1982,338000.0,2018-03-17
TAMPINES,3-ROOM,106.9,10.0,1993,457000.0,2021-05-15
WOODLANDS,5-ROOM,85.3,20.0,1980,439000.0,2017-10-03
TAMPINES,4-ROOM,67.8,25.0,1988,287000.0,2017-01-09
YISHUN,5-ROOM,87.2,1.0,1997,403000.0,2018-11-20
ANG MO KIO,EXECUTIVE,93.7,17.0,2011,463000.0,2022-08-27
HOUGANG,3-ROOM,82.1,12.0,1985,387000.0,2023-06-23
GEYLANG,3-ROOM,83.4,17.0,1987,341000.0,2020-07-25
GEYLANG,5-ROOM,51.8,21.0,1981,209000.0,2018-10-12
ANG MO KIO,5-ROOM,87.0,27.0,1991,356000.0,2020-04-28
HOUGANG,4-ROOM,107.2,27.0,1983,506000.0,2022-04-04
WOODLANDS,3-ROOM,119.0,11.0,1981,502000.0,2019-09-23
BEDOK,3-ROOM,113.5,23.0,1991,482000.0,2018-01-05
JURONG WEST,3-ROOM,145.0,5.0,2003,638000.0,2023-04-15
GEYLANG,5-ROOM,91.8,6.0,2001,424000.0,2018-02-15
BEDOK,5-ROOM,78.8,11.0,1980,384000.0,2022-05-19
GEYLANG,4-ROOM,135.5,15.0,2000,592000.0,2018-11-08
CLEMENTI,3-ROOM,64.6,21.0,2013,348000.0,2022-12-07
CLEMENTI,3-ROOM,128.5,7.0,2013,581000.0,2022-11-13
PUNGGOL,3-ROOM,115.8,16.0,1993,509000.0,2019-09-17
JURONG WEST,3-ROOM,73.6,6.0,2001,237000.0,2022-10-20
CLEMENTI,3-ROOM,91.0,23.0,1976,350000.0,2020-12-28
GEYLANG,EXECUTIVE,92.8,18.0,2009,460000.0,2019-01-30
BEDOK,3-ROOM,101.0,7.0,2000,523000.0,2019-09-25
JURONG WEST,4-ROOM,108.7,27.0,1992,534000.0,2021-03-22
ANG MO KIO,EXECUTIVE,127.4,12.0,1991,582000.0,2022-10-12
WOODLANDS,EXECUTIVE,106.7,5.0,1988,437000.0,2023-06-11
WOODLANDS,3-ROOM,103.8,25.0,2014,498000.0,2018-08-18
PUNGGOL,5-ROOM,117.5,24.0,1982,610000.0,2017-01-02
TAMPINES,5-ROOM,86.6,29.0,2001,478000.0,2021-03-10
JURONG WEST,5-ROOM,89.2,10.0,1998,493000.0,2023-10-24
PUNGGOL,4-ROOM,66.0,17.0,2011,337000.0,2020-11-09
BEDOK,4-ROOM,98.2,11.0,2006,455000.0,2023-08-11
WOODLANDS,3-ROOM,102.5,6.0,1975,383000.0,2020-06-14
JURONG WEST,5-ROOM,87.4,9.0,2003,400000.0,2018-11-10
TAMPINES,3-ROOM,102.2,14.0,1989,436000.0,2019-11-27
YISHUN,4-ROOM,78.9,23.0,1978,352000.0,2017-07-03
JURONG WEST,4-ROOM,102.7,23.0,2013,531000.0,2021-07-03
CLEMENTI,4-ROOM,114.7,9.0,1990,446000.0,2019-10-03
PUNGGOL,4-ROOM,136.4,26.0,2005,723000.0,2017-05-09
WOODLANDS,4-ROOM,92.6,14.0,2006,397000.0,2020-01-04
GEYLANG,3-ROOM,101.5,22.0,1986,476000.0,2021-12-07
TAMPINES,3-ROOM,105.6,27.0,1978,495000.0,2017-05-17
BEDOK,3-ROOM,89.0,19.0,1988,409000.0,2023-04-06
PUNGGOL,EXECUTIVE,89.2,1.0,1988,371000.0,2017-06-19
WOODLANDS,3-ROOM,102.5,15.0,2002,509000.0,2019-01-12
WOODLANDS,3-ROOM,93.0,24.0,2009,549000.0,2022-05-19
WOODLANDS,4-ROOM,62.6,23.0,2000,308000.0,2019-08-20
WOODLANDS,EXECUTIVE,88.7,5.0,1988,444000.0,2023-12-01
GEYLANG,5-ROOM,56.8,27.0,2006,314000.0,2018-11-14
ANG MO KIO,5-ROOM,105.7,7.0,1992,448000.0,2022-11-30
JURONG WEST,3-ROOM,87.0,4.0,2002,408000.0,2021-04-08
ANG MO KIO,4-ROOM,105.3,16.0,1982,433000.0,2017-09-25
ANG MO KIO,5-ROOM,111.5,22.0,1983,487000.0,2023-10-24
GEYLANG,EXECUTIVE,88.3,8.0,1991,394000.0,2021-06-07
YISHUN,4-ROOM,103.1,15.0,1981,418000.0,2019-04-28
JURONG WEST,3-ROOM,112.0,3.0,1978,422000.0,2023-03-22
TAMPINES,3-ROOM,80.6,22.0,1997,321000.0,2022-05-19
BEDOK,5-ROOM,106.8,5.0,1981,395000.0,2019-05-08
PUNGGOL,4-ROOM,67.8,29.0,1996,351000.0,2020-06-21
PUNGGOL,5-ROOM,65.4,20.0,1983,269000.0,2023-06-16
BEDOK,3-ROOM,90.1,4.0,2014,412000.0,2019-03-04
HOUGANG,3-ROOM,116.6,11.0,2009,509000.0,2021-07-31
WOODLANDS,5-ROOM,99.2,24.0,1990,484000.0,2022-04-26
PUNGGOL,4-ROOM,117.5,29.0,2000,598000.0,2022-09-12
BEDOK,5-ROOM,77.5,8.0,1995,262000.0,2022-02-06
PUNGGOL,4-ROOM,100.3,29.0,1992,479000.0,2021-07-19
HOUGANG,3-ROOM,65.3,4.0,1991,174000.0,2017-09-22
BEDOK,4-ROOM,112.5,15.0,2007,546000.0,2023-02-02
JURONG WEST,3-ROOM,107.0,23.0,1992,526000.0,2019-06-06
GEYLANG,4-ROOM,101.6,11.0,1994,508000.0,2020-12-06
CLEMENTI,4-ROOM,107.8,5.0,2009,485000.0,2017-01-02
HOUGANG,3-ROOM,117.9,11.0,1986,561000.0,2019-03-21
BEDOK,3-ROOM,101.9,28.0,1978,471000.0,2019-10-24
PUNGGOL,3-ROOM,105.2,29.0,1996,486000.0,2020-05-31
PUNGGOL,3-ROOM,66.5,22.0,1980,271000.0,2019-07-20
HOUGANG,EXECUTIVE,73.3,17.0,1977,326000.0,2022-05-17
TAMPINES,5-ROOM,82.1,27.0,2010,441000.0,2021-07-23
JURONG WEST,EXECUTIVE,92.6,23.0,1994,430000.0,2021-06-01
ANG MO KIO,5-ROOM,117.9,13.0,1976,496000.0,2021-04-28
CLEMENTI,3-ROOM,118.7,1.0,1979,478000.0,2020-07-18
YISHUN,4-ROOM,74.9,16.0,1981,356000.0,2018-01-13
CLEMENTI,4-ROOM,92.6,14.0,1980,420000.0,2022-04-05
TAMPINES,5-ROOM,80.2,27.0,1994,365000.0,2019-01-11
YISHUN,5-ROOM,129.0,15.0,2009,660000.0,2020-11-14
HOUGANG,4-ROOM,98.2,19.0,1979,457000.0,2023-04-08
TAMPINES,5-ROOM,117.7,6.0,2011,599000.0,2018-02-15
JURONG WEST,5-ROOM,117.4,11.0,2014,526000.0,2022-07-01
GEYLANG,4-ROOM,96.7,21.0,1979,493000.0,2018-02-26
BEDOK,3-ROOM,144.3,24.0,2004,798000.0,2022-10-11
CLEMENTI,3-ROOM,90.5,8.0,1990,413000.0,2020-07-05
BEDOK,EXECUTIVE,96.5,23.0,2013,488000.0,2023-09-14
PUNGGOL,3-ROOM,127.6,11.0,2004,659000.0,2017-10-10
BEDOK,4-ROOM,88.6,17.0,2003,406000.0,2018-02-06
TAMPINES,4-ROOM,122.1,29.0,1992,594000.0,2023-09-05
JURONG WEST,4-ROOM,109.2,7.0,2003,440000.0,2023-01-02
JURONG WEST,5-ROOM,88.1,25.0,1988,412000.0,2020-04-09
BEDOK,5-ROOM,77.8,2.0,1999,277000.0,2022-04-18
JURONG WEST,3-ROOM,98.7,1.0,1980,477000.0,2023-08-26
JURONG WEST,5-ROOM,135.3,15.0,1992,547000.0,2023-12-09
JURONG WEST,3-ROOM,94.4,22.0,1988,352000.0,2020-11-01
BEDOK,5-ROOM,52.8,4.0,2013,212000.0,2022-02-22
BEDOK,5-ROOM,51.1,20.0,1984,198000.0,2020-12-27
JURONG WEST,5-ROOM,77.8,24.0,1997,338000.0,2020-10-30
TAMPINES,5-ROOM,102.7,10.0,2004,391000.0,2023-12-16
JURONG WEST,4-ROOM,80.3,7.0,2007,326000.0,2017-08-08
WOODLANDS,4-ROOM,112.8,18.0,2007,481000.0,2023-04-08
HOUGANG,5-ROOM,125.4,11.0,2003,539000.0,2018-09-09
YISHUN,4-ROOM,87.6,18.0,1997,362000.0,2019-07-17
BEDOK,4-ROOM,74.3,6.0,2004,340000.0,2023-10-07
GEYLANG,5-ROOM,107.2,4.0,2000,439000.0,2022-02-28
PUNGGOL,4-ROOM,107.4,28.0,1978,536000.0,2021-07-15
ANG MO KIO,4-ROOM,76.2,9.0,1979,282000.0,2019-01-24
ANG MO KIO,EXECUTIVE,126.4,9.0,1984,559000.0,2019-08-10
YISHUN,4-ROOM,99.0,15.0,2010,420000.0,2022-01-26
WOODLANDS,4-ROOM,91.4,27.0,1993,481000.0,2018-10-20
CLEMENTI,4-ROOM,72.3,24.0,1989,254000.0,2017-04-19
CLEMENTI,EXECUTIVE,92.5,2.0,1984,379000.0,2023-04-19
CLEMENTI,4-ROOM,82.6,26.0,1982,376000.0,2019-07-23
GEYLANG,5-ROOM,99.1,23.0,2007,517000.0,2022-07-31
PUNGGOL,4-ROOM,81.2,14.0,1994,388000.0,2021-09-15
TAMPINES,3-ROOM,118.8,14.0,2000,535000.0,2022-03-22
HOUGANG,4-ROOM,83.8,19.0,1975,371000.0,2021-11-24
YISHUN,3-ROOM,134.2,16.0,1996,594000.0,2022-12-06
PUNGGOL,3-ROOM,80.0,19.0,2010,447000.0,2019-11-25
HOUGANG,4-ROOM,94.6,4.0,2001,438000.0,2020-08-16
HOUGANG,EXECUTIVE,97.2,6.0,1988,431000.0,2019-05-20
PUNGGOL,3-ROOM,90.4,2.0,2002,426000.0,2018-11-11
YISHUN,5-ROOM,97.0,1.0,1996,435000.0,2018-07-09
YISHUN,4-ROOM,107.2,23.0,1980,494000.0,2023-04-11
WOODLANDS,4-ROOM,61.5,10.0,1994,391000.0,2019-03-13
GEYLANG,3-ROOM,83.8,25.0,1991,422000.0,2023-03-02
ANG MO KIO,4-ROOM,84.3,6.0,1985,339000.0,2021-03-28
CLEMENTI,3-ROOM,97.9,14.0,2001,416000.0,2019-02-18
TAMPINES,4-ROOM,107.0,25.0,2001,595000.0,2022-04-24
JURONG WEST,4-ROOM,97.4,14.0,2007,489000.0,2018-12-10
GEYLANG,4-ROOM,40.0,7.0,1979,172000.0,2023-11-07
TAMPINES,EXECUTIVE,100.0,2.0,1993,429000.0,2019-06-10
YISHUN,3-ROOM,62.9,29.0,1988,405000.0,2021-08-11
TAMPINES,5-ROOM,67.8,3.0,2011,311000.0,2017-12-24
JURONG WEST,3-ROOM,85.9,10.0,1985,345000.0,2018-10-11
GEYLANG,4-ROOM,81.6,27.0,1992,468000.0,2019-04-21
HOUGANG,4-ROOM,52.4,4.0,2013,219000.0,2019-04-12
GEYLANG,4-ROOM,56.2,15.0,1977,171000.0,2023-09-15
CLEMENTI,5-ROOM,109.9,1.0,1979,391000.0,2023-04-16
ANG MO KIO,4-ROOM,141.9,13.0,1985,630000.0,2020-01-13
GEYLANG,4-ROOM,69.7,21.0,1976,295000.0,2021-08-26
JURONG WEST,5-ROOM,79.6,21.0,1992,296000.0,2021-10-31
ANG MO KIO,3-ROOM,105.0,17.0,2003,553000.0,2018-06-08
JURONG WEST,3-ROOM,121.1,15.0,1978,446000.0,2019-07-14
CLEMENTI,5-ROOM,122.4,15.0,1976,478000.0,2023-09-15
WOODLANDS,3-ROOM,91.5,23.0,1981,390000.0,2023-10-29
CLEMENTI,4-ROOM,125.4,16.0,2013,621000.0,2022-08-16
GEYLANG,4-ROOM,102.7,22.0,1977,530000.0,2020-09-23
JURONG WEST,EXECUTIVE,102.6,2.0,2011,475000.0,2020-06-12
CLEMENTI,4-ROOM,101.3,12.0,1978,433000.0,2023-03-23
TAMPINES,3-ROOM,70.6,29.0,1991,359000.0,2023-10-20
BEDOK,3-ROOM,76.5,19.0,1994,375000.0,2019-07-31
BEDOK,4-ROOM,61.1,24.0,1997,330000.0,2017-06-27
GEYLANG,4-ROOM,89.7,5.0,1984,328000.0,2020-02-17
PUNGGOL,4-ROOM,77.6,1.0,1982,272000.0,2019-08-12
JURONG WEST,5-ROOM,102.3,6.0,2010,502000.0,2023-07-15
WOODLANDS,EXECUTIVE,77.6,29.0,1981,393000.0,2023-03-22
CLEMENTI,5-ROOM,79.6,27.0,1981,396000.0,2023-07-28
JURONG WEST,EXECUTIVE,77.3,10.0,2006,293000.0,2018-02-06
YISHUN,5-ROOM,96.2,25.0,1985,386000.0,2017-10-12
CLEMENTI,4-ROOM,74.3,25.0,2010,440000.0,2023-09-02
GEYLANG,EXECUTIVE,117.5,21.0,2008,533000.0,2018-07-30
GEYLANG,5-ROOM,89.5,16.0,2003,486000.0,2023-07-19
BEDOK,4-ROOM,105.4,17.0,1980,482000.0,2019-10-15
CLEMENTI,EXECUTIVE,99.1,13.0,1999,559000.0,2020-04-09
CLEMENTI,3-ROOM,68.4,13.0,2002,316000.0,2023-06-28
CLEMENTI,5-ROOM,82.2,10.0,2014,352000.0,2018-09-01
CLEMENTI,EXECUTIVE,89.6,26.0,1975,456000.0,2021-12-27
JURONG WEST,4-ROOM,94.3,25.0,2002,531000.0,2020-03-07
YISHUN,4-ROOM,40.9,11.0,1980,150000.0,2017-07-08
ANG MO KIO,4-ROOM,119.3,23.0,1995,539000.0,2021-06-28
PUNGGOL,5-ROOM,69.5,6.0,1985,266000.0,2018-01-23
ANG MO KIO,3-ROOM,118.7,16.0,1979,591000.0,2019-08-27
JURONG WEST,4-ROOM,120.2,23.0,1980,488000.0,2020-08-08
YISHUN,4-ROOM,78.4,4.0,1986,382000.0,2019-07-25
WOODLANDS,3-ROOM,82.2,21.0,1993,419000.0,2023-06-07
JURONG WEST,3-ROOM,70.2,14.0,1983,317000.0,2023-12-22
PUNGGOL,4-ROOM,129.1,28.0,1989,618000.0,2021-05-29
HOUGANG,5-ROOM,111.4,7.0,1985,424000.0,2019-04-30
GEYLANG,4-ROOM,107.7,10.0,2005,583000.0,2019-12-28
TAMPINES,3-ROOM,68.7,12.0,2006,349000.0,2018-09-13
HOUGANG,5-ROOM,118.6,13.0,2011,520000.0,2019-06-06
JURONG WEST,3-ROOM,98.2,2.0,1999,423000.0,2022-05-21
GEYLANG,5-ROOM,148.3,8.0,1982,661000.0,2022-09-18
GEYLANG,4-ROOM,82.6,20.0,2009,385000.0,2021-04-21
BEDOK,EXECUTIVE,80.7,3.0,2010,307000.0,2023-12-22
JURONG WEST,4-ROOM,106.4,25.0,2005,492000.0,2018-11-19
HOUGANG,3-ROOM,74.0,9.0,2007,323000.0,2019-10-25
HOUGANG,3-ROOM,86.5,15.0,2002,423000.0,2023-05-01
YISHUN,3-ROOM,55.5,16.0,1984,327000.0,2018-04-05
CLEMENTI,4-ROOM,88.5,15.0,1976,387000.0,2020-11-12
HOUGANG,4-ROOM,89.7,13.0,1985,405000.0,2021-04-27
WOODLANDS,4-ROOM,95.5,22.0,1975,344000.0,2020-11-08
GEYLANG,3-ROOM,67.2,23.0,1998,343000.0,2023-06-26
ANG MO KIO,4-ROOM,91.6,10.0,2006,425000.0,2018-12-31
JURONG WEST,5-ROOM,77.5,13.0,1975,357000.0,2020-10-31
TAMPINES,5-ROOM,94.3,26.0,2001,275000.0,2020-07-20
PUNGGOL,5-ROOM,120.6,20.0,1980,557000.0,2018-06-03
BEDOK,4-ROOM,96.7,28.0,2002,509000.0,2022-05-29
YISHUN,4-ROOM,100.8,21.0,1986,495000.0,2020-03-20
ANG MO KIO,3-ROOM,75.0,2.0,1999,257000.0,2017-07-11
WOODLANDS,3-ROOM,85.7,11.0,2008,378000.0,2017-08-03
WOODLANDS,3-ROOM,114.1,2.0,2000,504000.0,2021-06-07
TAMPINES,5-ROOM,104.7,12.0,1976,455000.0,2018-01-04
PUNGGOL,3-ROOM,115.5,20.0,2008,580000.0,2020-02-01
CLEMENTI,5-ROOM,113.1,20.0,2007,544000.0,2020-11-17
WOODLANDS,3-ROOM,113.0,16.0,1982,464000.0,2019-09-27
TAMPINES,5-ROOM,118.9,4.0,1988,494000.0,2020-12-22
ANG MO KIO,4-ROOM,120.2,27.0,1980,538000.0,2022-04-30
YISHUN,3-ROOM,121.1,17.0,1994,627000.0,2018-12-18
WOODLANDS,EXECUTIVE,111.7,26.0,2003,549000.0,2022-08-10
BEDOK,EXECUTIVE,108.2,15.0,2005,494000.0,2018-07-10
CLEMENTI,5-ROOM,106.7,17.0,1992,531000.0,2023-01-10
PUNGGOL,3-ROOM,78.5,16.0,2013,422000.0,2022-12-11
BEDOK,3-ROOM,93.0,9.0,1994,403000.0,2020-07-31
HOUGANG,5-ROOM,121.2,2.0,2007,575000.0,2022-09-12
YISHUN,3-ROOM,72.3,8.0,2002,282000.0,2020-10-24
CLEMENTI,4-ROOM,106.6,25.0,1999,521000.0,2020-11-02
ANG MO KIO,3-ROOM,104.9,22.0,1977,494000.0,2021-09-01
PUNGGOL,EXECUTIVE,77.4,4.0,1989,217000.0,2022-04-14
CLEMENTI,4-ROOM,90.8,28.0,1980,444000.0,2018-02-09
ANG MO KIO,EXECUTIVE,111.4,28.0,1976,579000.0,2021-11-23
JURONG WEST,4-ROOM,66.0,18.0,2010,410000.0,2022-06-15
PUNGGOL,EXECUTIVE,95.5,27.0,1999,481000.0,2021-07-29
ANG MO KIO,3-ROOM,84.4,15.0,2010,430000.0,2022-11-01
ANG MO KIO,3-ROOM,57.8,19.0,1992,296000.0,2019-01-08
YISHUN,5-ROOM,79.8,22.0,1986,360000.0,2018-09-23
ANG MO KIO,EXECUTIVE,75.5,17.0,1987,271000.0,2022-03-18
CLEMENTI,4-ROOM,108.9,18.0,1983,518000.0,2023-11-08
ANG MO KIO,3-ROOM,87.0,25.0,1979,454000.0,2020-06-18
TAMPINES,EXECUTIVE,88.3,18.0,2011,415000.0,2020-04-19
CLEMENTI,EXECUTIVE,98.7,29.0,1993,510000.0,2022-05-04
HOUGANG,EXECUTIVE,102.7,12.0,2008,502000.0,2020-03-24
CLEMENTI,5-ROOM,96.2,6.0,1988,404000.0,2022-01-09
JURONG WEST,4-ROOM,119.1,29.0,1996,594000.0,2018-10-28
PUNGGOL,EXECUTIVE,86.9,23.0,1985,408000.0,2017-05-29
PUNGGOL,4-ROOM,87.1,5.0,1979,327000.0,2018-04-29
GEYLANG,4-ROOM,115.5,3.0,2011,442000.0,2019-06-02
BEDOK,4-ROOM,80.1,9.0,1998,283000.0,2019-03-04
BEDOK,4-ROOM,99.0,2.0,1978,368000.0,2021-09-24
JURONG WEST,EXECUTIVE,104.2,22.0,2006,467000.0,2022-12-07
PUNGGOL,4-ROOM,118.0,19.0,2001,591000.0,2023-12-11
JURONG WEST,5-ROOM,52.2,28.0,2014,294000.0,2023-01-05
ANG MO KIO,3-ROOM,88.1,5.0,1997,327000.0,2021-11-08
WOODLANDS,4-ROOM,133.4,24.0,1990,655000.0,2021-10-23
HOUGANG,4-ROOM,100.2,22.0,1998,554000.0,2020-11-16
ANG MO KIO,EXECUTIVE,90.5,28.0,2004,388000.0,2017-01-27
ANG MO KIO,3-ROOM,106.1,7.0,2000,411000.0,2018-06-12
GEYLANG,5-ROOM,82.4,24.0,1978,344000.0,2021-12-30
YISHUN,3-ROOM,70.7,23.0,1979,316000.0,2017-12-26
BEDOK,4-ROOM,81.4,15.0,1999,368000.0,2020-11-07
BEDOK,4-ROOM,111.0,18.0,2009,584000.0,2018-08-25
WOODLANDS,3-ROOM,113.7,20.0,2011,521000.0,2023-10-21
CLEMENTI,5-ROOM,61.7,13.0,1995,229000.0,2022-03-16
BEDOK,3-ROOM,83.9,11.0,1983,330000.0,2019-06-12
HOUGANG,4-ROOM,87.0,21.0,1981,376000.0,2023-03-01
PUNGGOL,3-ROOM,71.4,2.0,1980,282000.0,2023-10-20
BEDOK,4-ROOM,123.1,23.0,1993,550000.0,2023-12-20
YISHUN,4-ROOM,98.6,1.0,1998,483000.0,2020-04-09
GEYLANG,5-ROOM,95.4,27.0,1995,423000.0,2019-03-18
YISHUN,4-ROOM,90.4,8.0,1984,395000.0,2017-07-28
YISHUN,EXECUTIVE,97.7,17.0,2011,482000.0,2022-06-10
GEYLANG,5-ROOM,130.1,15.0,1984,596000.0,2022-03-09
PUNGGOL,3-ROOM,117.8,19.0,1995,563000.0,2017-12-07
ANG MO KIO,4-ROOM,133.3,2.0,2010,632000.0,2020-12-02
ANG MO KIO,4-ROOM,82.6,29.0,1985,369000.0,2020-01-31
BEDOK,5-ROOM,68.2,1.0,1988,256000.0,2023-05-29
CLEMENTI,5-ROOM,74.5,26.0,2009,436000.0,2019-12-28
ANG MO KIO,4-ROOM,66.1,17.0,1994,344000.0,2021-08-28
HOUGANG,5-ROOM,87.9,5.0,1996,387000.0,2023-07-28
YISHUN,4-ROOM,114.1,6.0,1991,451000.0,2018-04-26
CLEMENTI,5-ROOM,113.6,9.0,1995,490000.0,2021-06-08
TAMPINES,4-ROOM,133.0,6.0,1982,508000.0,2022-02-06
WOODLANDS,5-ROOM,88.7,26.0,1996,379000.0,2021-10-11
CLEMENTI,5-ROOM,102.0,3.0,2014,469000.0,2023-04-24
PUNGGOL,4-ROOM,94.3,29.0,1985,498000.0,2022-10-27
PUNGGOL,3-ROOM,104.3,4.0,1993,478000.0,2023-02-22
TAMPINES,EXECUTIVE,104.1,28.0,1982,504000.0,2022-09-26
HOUGANG,3-ROOM,131.6,19.0,1988,620000.0,2022-03-04
PUNGGOL,5-ROOM,92.8,8.0,2001,451000.0,2023-09-03
HOUGANG,3-ROOM,99.0,28.0,2002,470000.0,2023-01-10
PUNGGOL,4-ROOM,79.1,10.0,2012,326000.0,2021-09-14
WOODLANDS,5-ROOM,117.8,24.0,2010,538000.0,2022-08-08
HOUGANG,3-ROOM,106.9,15.0,1978,443000.0,2023-02-05
HOUGANG,3-ROOM,111.8,3.0,2014,530000.0,2020-05-19
ANG MO KIO,EXECUTIVE,57.5,2.0,2010,150000.0,2017-06-10
WOODLANDS,4-ROOM,90.1,8.0,1997,417000.0,2020-04-04
TAMPINES,5-ROOM,54.0,15.0,2014,246000.0,2017-02-21
ANG MO KIO,3-ROOM,146.9,3.0,1987,572000.0,2019-09-14
HOUGANG,4-ROOM,95.7,3.0,1999,426000.0,2021-09-20
HOUGANG,4-ROOM,89.9,29.0,1976,380000.0,2017-12-26
HOUGANG,3-ROOM,117.6,21.0,1980,557000.0,2021-06-05
PUNGGOL,4-ROOM,83.7,12.0,2008,304000.0,2021-03-27
HOUGANG,4-ROOM,84.7,6.0,1981,389000.0,2020-05-01
WOODLANDS,3-ROOM,76.1,2.0,1977,271000.0,2017-09-04
BEDOK,3-ROOM,62.3,22.0,1984,336000.0,2022-01-26
CLEMENTI,3-ROOM,118.4,7.0,1976,477000.0,2017-02-05
CLEMENTI,5-ROOM,109.4,11.0,1990,517000.0,2023-01-29
CLEMENTI,5-ROOM,73.8,21.0,1985,307000.0,2019-05-30
WOODLANDS,EXECUTIVE,91.9,9.0,1994,387000.0,2023-06-08
PUNGGOL,4-ROOM,106.6,29.0,1996,583000.0,2020-04-06
PUNGGOL,4-ROOM,106.1,7.0,2008,492000.0,2017-03-15
HOUGANG,5-ROOM,101.8,27.0,2002,548000.0,2018-03-09
BEDOK,EXECUTIVE,74.3,2.0,2014,330000.0,2019-09-21
HOUGANG,4-ROOM,89.1,9.0,1981,385000.0,2021-04-07
TAMPINES,5-ROOM,93.7,19.0,2002,566000.0,2019-05-12
GEYLANG,3-ROOM,78.9,26.0,1976,368000.0,2023-02-05
ANG MO KIO,5-ROOM,87.3,5.0,1991,347000.0,2020-01-10
JURONG WEST,4-ROOM,134.5,4.0,2014,647000.0,2023-02-26
CLEMENTI,3-ROOM,68.8,4.0,2005,265000.0,2018-12-01
YISHUN,3-ROOM,89.2,11.0,2001,467000.0,2019-01-11
BEDOK,5-ROOM,90.9,28.0,2012,477000.0,2022-01-04
JURONG WEST,5-ROOM,88.7,25.0,2013,484000.0,2021-09-22
YISHUN,4-ROOM,116.7,5.0,2007,484000.0,2017-03-03
CLEMENTI,5-ROOM,78.5,7.0,2008,381000.0,2021-06-30
ANG MO KIO,4-ROOM,61.0,19.0,1984,257000.0,2021-11-13
CLEMENTI,3-ROOM,109.3,23.0,1987,514000.0,2018-03-05
ANG MO KIO,4-ROOM,119.5,19.0,1993,522000.0,2023-12-29
TAMPINES,5-ROOM,64.7,4.0,1999,217000.0,2022-08-15
HOUGANG,3-ROOM,119.6,29.0,2011,573000.0,2021-07-05
BEDOK,4-ROOM,88.5,5.0,2013,346000.0,2020-02-09
WOODLANDS,4-ROOM,94.3,18.0,1994,368000.0,2023-08-12
GEYLANG,3-ROOM,43.7,13.0,1981,150000.0,2017-02-07
GEYLANG,3-ROOM,121.4,14.0,1984,483000.0,2019-06-21
ANG MO KIO,3-ROOM,111.7,27.0,1981,478000.0,2018-04-23
ANG MO KIO,4-ROOM,98.4,15.0,2001,450000.0,2020-02-19
TAMPINES,3-ROOM,136.4,3.0,2003,691000.0,2020-10-05
BEDOK,4-ROOM,71.5,14.0,1990,320000.0,2017-01-27
CLEMENTI,5-ROOM,67.2,4.0,2014,265000.0,2023-07-18
TAMPINES,3-ROOM,99.0,20.0,1983,485000.0,2023-08-27
WOODLANDS,5-ROOM,129.4,7.0,2014,637000.0,2022-10-20
HOUGANG,5-ROOM,123.7,22.0,1986,520000.0,2018-08-06
HOUGANG,3-ROOM,108.2,11.0,1997,465000.0,2021-10-17
PUNGGOL,EXECUTIVE,95.1,20.0,1983,376000.0,2021-02-13
HOUGANG,4-ROOM,74.2,17.0,2013,384000.0,2019-10-25
YISHUN,5-ROOM,89.0,8.0,2013,450000.0,2017-08-15
PUNGGOL,3-ROOM,93.0,19.0,2014,486000.0,2020-11-28
HOUGANG,5-ROOM,151.2,9.0,1998,668000.0,2023-10-02
GEYLANG,3-ROOM,85.3,10.0,2006,386000.0,2019-08-09
JURONG WEST,EXECUTIVE,125.5,21.0,1985,601000.0,2020-07-01
PUNGGOL,4-ROOM,107.6,20.0,1977,484000.0,2017-05-12
HOUGANG,5-ROOM,83.9,9.0,2002,329000.0,2017-12-18
YISHUN,4-ROOM,103.9,18.0,1979,499000.0,2022-06-19
TAMPINES,5-ROOM,102.3,3.0,2005,421000.0,2023-07-07
YISHUN,3-ROOM,114.5,17.0,1995,531000.0,2022-03-13
PUNGGOL,4-ROOM,74.6,10.0,2003,286000.0,2017-12-25
WOODLANDS,4-ROOM,72.0,22.0,1991,386000.0,2018-06-17
WOODLANDS,5-ROOM,72.2,13.0,2003,197000.0,2023-02-23
WOODLANDS,3-ROOM,95.2,14.0,1976,430000.0,2021-08-16
CLEMENTI,3-ROOM,118.2,18.0,2003,576000.0,2020-03-19
BEDOK,3-ROOM,85.5,16.0,2014,390000.0,2019-12-29
CLEMENTI,4-ROOM,122.6,17.0,1993,552000.0,2020-03-30
BEDOK,3-ROOM,97.2,10.0,1997,455000.0,2019-09-01
ANG MO KIO,EXECUTIVE,59.6,3.0,1992,259000.0,2019-08-16
TAMPINES,5-ROOM,94.3,8.0,1980,387000.0,2020-10-03
TAMPINES,3-ROOM,73.3,14.0,2003,410000.0,2021-11-27
JURONG WEST,3-ROOM,78.4,4.0,1979,287000.0,2017-11-05
YISHUN,5-ROOM,92.6,6.0,1998,385000.0,2023-01-02
GEYLANG,EXECUTIVE,63.6,12.0,2003,290000.0,2022-04-26
TAMPINES,5-ROOM,76.3,3.0,1992,269000.0,2023-12-14
YISHUN,4-ROOM,68.3,9.0,1982,241000.0,2019-04-03
GEYLANG,3-ROOM,105.4,24.0,1980,415000.0,2021-10-24
CLEMENTI,4-ROOM,119.1,10.0,2007,607000.0,2021-01-02
WOODLANDS,3-ROOM,101.9,19.0,2006,472000.0,2021-10-23
WOODLANDS,EXECUTIVE,149.5,24.0,1996,771000.0,2020-08-30
CLEMENTI,4-ROOM,76.0,15.0,1990,360000.0,2019-11-26
TAMPINES,3-ROOM,105.1,26.0,1986,466000.0,2019-06-24
YISHUN,3-ROOM,129.5,21.0,2000,602000.0,2019-07-02
YISHUN,4-ROOM,75.3,15.0,1985,370000.0,2023-06-23
ANG MO KIO,4-ROOM,87.3,1.0,2012,439000.0,2017-06-03
ANG MO KIO,4-ROOM,94.3,19.0,1993,556000.0,2023-02-03
CLEMENTI,5-ROOM,70.4,21.0,2012,325000.0,2018-01-23
PUNGGOL,EXECUTIVE,94.3,12.0,2012,594000.0,2023-03-15
WOODLANDS,3-ROOM,86.2,18.0,2003,485000.0,2018-09-22
CLEMENTI,3-ROOM,98.5,20.0,2006,487000.0,2022-10-15
YISHUN,4-ROOM,62.0,19.0,2013,299000.0,2020-11-20
JURONG WEST,5-ROOM,118.8,4.0,1975,492000.0,2017-03-04
PUNGGOL,EXECUTIVE,78.4,24.0,1984,380000.0,2022-08-20
JURONG WEST,5-ROOM,78.2,17.0,1983,346000.0,2019-10-18
WOODLANDS,5-ROOM,84.3,27.0,1987,437000.0,2019-06-07
WOODLANDS,3-ROOM,111.2,13.0,1996,518000.0,2020-05-08
HOUGANG,3-ROOM,94.5,9.0,1977,473000.0,2017-11-05
TAMPINES,EXECUTIVE,84.1,27.0,1975,390000.0,2020-09-29
GEYLANG,5-ROOM,79.8,12.0,1990,315000.0,2020-09-10
HOUGANG,3-ROOM,85.7,8.0,1980,314000.0,2023-02-28
ANG MO KIO,EXECUTIVE,90.2,4.0,1998,422000.0,2019-04-14
HOUGANG,3-ROOM,121.8,2.0,1978,429000.0,2017-02-09
GEYLANG,4-ROOM,82.2,12.0,2006,456000.0,2019-08-11
BEDOK,3-ROOM,78.0,2.0,1995,376000.0,2023-08-18
PUNGGOL,5-ROOM,135.2,18.0,1995,662000.0,2017-10-28
CLEMENTI,3-ROOM,103.1,6.0,2010,438000.0,2019-12-23
BEDOK,4-ROOM,99.8,26.0,2009,519000.0,2019-08-04
GEYLANG,4-ROOM,47.7,29.0,2014,263000.0,2018-02-02
WOODLANDS,4-ROOM,96.6,19.0,2010,464000.0,2020-08-03
CLEMENTI,4-ROOM,119.0,21.0,1993,601000.0,2019-03-21
JURONG WEST,3-ROOM,82.1,4.0,1999,349000.0,2019-10-21
TAMPINES,3-ROOM,79.9,13.0,1997,440000.0,2023-10-23
GEYLANG,4-ROOM,74.7,9.0,2010,364000.0,2017-10-29
WOODLANDS,3-ROOM,92.9,5.0,2010,383000.0,2022-12-04
HOUGANG,3-ROOM,75.9,10.0,1981,343000.0,2023-09-13
JURONG WEST,4-ROOM,90.2,24.0,2003,427000.0,2023-05-25
GEYLANG,EXECUTIVE,92.5,2.0,2003,428000.0,2021-02-03
GEYLANG,EXECUTIVE,101.5,28.0,2005,587000.0,2019-03-14
TAMPINES,5-ROOM,94.9,17.0,1983,342000.0,2017-05-10
ANG MO KIO,5-ROOM,123.4,18.0,1984,500000.0,2020-08-20
JURONG WEST,4-ROOM,102.0,2.0,1987,371000.0,2021-02-07
HOUGANG,5-ROOM,104.2,15.0,1980,473000.0,2018-04-19
CLEMENTI,4-ROOM,98.2,25.0,1975,474000.0,2020-03-10
GEYLANG,3-ROOM,96.2,18.0,1995,407000.0,2017-10-31
JURONG WEST,4-ROOM,87.3,16.0,1985,397000.0,2022-01-16
TAMPINES,3-ROOM,113.3,10.0,1989,531000.0,2019-05-15
PUNGGOL,3-ROOM,60.3,15.0,1987,214000.0,2022-04-17
BEDOK,4-ROOM,132.2,8.0,1994,628000.0,2021-10-01
HOUGANG,EXECUTIVE,100.0,23.0,1986,491000.0,2022-11-13
CLEMENTI,5-ROOM,121.9,2.0,1988,538000.0,2022-02-25
PUNGGOL,3-ROOM,116.0,24.0,2014,600000.0,2021-07-20
ANG MO KIO,EXECUTIVE,89.4,3.0,2002,329000.0,2020-05-07
CLEMENTI,4-ROOM,96.6,27.0,2003,483000.0,2020-10-13
TAMPINES,4-ROOM,101.2,15.0,1979,433000.0,2023-05-15
TAMPINES,3-ROOM,80.5,21.0,1994,392000.0,2019-02-19
TAMPINES,5-ROOM,99.7,16.0,2004,497000.0,2022-10-01
HOUGANG,4-ROOM,109.6,13.0,2006,530000.0,2020-07-10
BEDOK,3-ROOM,106.5,28.0,2009,596000.0,2017-03-10
GEYLANG,4-ROOM,105.2,17.0,2002,475000.0,2021-05-03
TAMPINES,3-ROOM,74.6,21.0,1995,385000.0,2020-07-05
BEDOK,EXECUTIVE,48.1,16.0,2009,276000.0,2017-03-10
CLEMENTI,5-ROOM,102.0,29.0,2012,570000.0,2023-05-15
BEDOK,3-ROOM,84.8,27.0,1984,392000.0,2022-03-26
HOUGANG,5-ROOM,81.5,18.0,1983,347000.0,2020-03-28
HOUGANG,3-ROOM,57.0,25.0,2013,409000.0,2020-12-04
ANG MO KIO,4-ROOM,139.3,29.0,2001,572000.0,2018-08-09
TAMPINES,4-ROOM,95.9,18.0,2008,469000.0,2019-05-24
BEDOK,3-ROOM,82.6,29.0,2011,427000.0,2021-05-25
GEYLANG,4-ROOM,58.5,4.0,1986,162000.0,2017-05-11
JURONG WEST,4-ROOM,149.2,4.0,1987,641000.0,2018-01-18
PUNGGOL,4-ROOM,90.3,3.0,1992,413000.0,2019-08-01
WOODLANDS,3-ROOM,71.7,12.0,1983,186000.0,2020-02-11
GEYLANG,5-ROOM,65.1,11.0,1994,266000.0,2020-12-22
BEDOK,EXECUTIVE,63.5,25.0,1984,251000.0,2019-06-30
TAMPINES,3-ROOM,110.1,16.0,2011,534000.0,2019-09-21
GEYLANG,4-ROOM,116.8,20.0,1986,511000.0,2022-07-19
TAMPINES,3-ROOM,87.8,10.0,1977,338000.0,2023-10-13
HOUGANG,5-ROOM,88.1,29.0,1988,373000.0,2023-10-26
JURONG WEST,EXECUTIVE,67.5,3.0,2003,360000.0,2021-01-29
PUNGGOL,4-ROOM,73.3,15.0,1993,448000.0,2022-09-03
TAMPINES,5-ROOM,91.0,11.0,1984,464000.0,2019-06-21
CLEMENTI,4-ROOM,92.6,11.0,1990,438000.0,2019-04-16
PUNGGOL,3-ROOM,68.6,18.0,2005,279000.0,2021-04-28
ANG MO KIO,4-ROOM,90.9,10.0,1979,391000.0,2023-02-25
CLEMENTI,4-ROOM,84.7,7.0,2007,380000.0,2020-01-27
HOUGANG,EXECUTIVE,75.4,26.0,1997,375000.0,2021-11-23
YISHUN,4-ROOM,82.6,1.0,1999,312000.0,2018-05-30
YISHUN,5-ROOM,69.6,10.0,1982,227000.0,2018-10-30
ANG MO KIO,3-ROOM,117.8,26.0,1995,551000.0,2022-04-13
GEYLANG,3-ROOM,68.1,29.0,2005,363000.0,2021-03-14
HOUGANG,EXECUTIVE,110.8,26.0,2000,534000.0,2021-03-21
PUNGGOL,3-ROOM,125.8,6.0,2010,622000.0,2021-06-07
HOUGANG,4-ROOM,101.0,1.0,2014,467000.0,2021-05-05
ANG MO KIO,3-ROOM,94.2,2.0,2007,376000.0,2017-02-19
TAMPINES,3-ROOM,106.5,12.0,1975,469000.0,2021-05-21
JURONG WEST,4-ROOM,106.4,2.0,2004,484000.0,2020-01-06
YISHUN,5-ROOM,86.7,20.0,2013,429000.0,2022-02-18
GEYLANG,4-ROOM,86.0,16.0,1985,317000.0,2019-12-25
ANG MO KIO,4-ROOM,71.4,24.0,2003,319000.0,2020-07-31
PUNGGOL,3-ROOM,94.3,10.0,1995,375000.0,2021-10-25
ANG MO KIO,3-ROOM,93.7,23.0,1984,530000.0,2019-12-12
YISHUN,EXECUTIVE,62.7,29.0,1976,293000.0,2022-05-20
HOUGANG,4-ROOM,71.0,8.0,2005,333000.0,2020-01-14
PUNGGOL,4-ROOM,114.6,1.0,1981,474000.0,2018-08-31
JURONG WEST,5-ROOM,77.4,12.0,1990,275000.0,2019-05-19
PUNGGOL,EXECUTIVE,62.0,5.0,1996,249000.0,2017-07-09
CLEMENTI,5-ROOM,100.5,5.0,1993,380000.0,2020-10-13
CLEMENTI,5-ROOM,107.5,26.0,2003,470000.0,2019-10-17
CLEMENTI,3-ROOM,68.7,5.0,1989,257000.0,2018-10-22
ANG MO KIO,5-ROOM,123.8,1.0,2008,562000.0,2019-01-29
PUNGGOL,5-ROOM,93.4,26.0,2000,422000.0,2021-04-06
PUNGGOL,5-ROOM,135.4,26.0,1975,697000.0,2018-07-09
PUNGGOL,3-ROOM,116.5,19.0,1996,513000.0,2020-11-22
BEDOK,4-ROOM,90.3,21.0,2004,424000.0,2022-05-26
TAMPINES,5-ROOM,97.2,17.0,2000,433000.0,2023-11-25
CLEMENTI,4-ROOM,88.2,23.0,1991,420000.0,2019-08-21
YISHUN,5-ROOM,84.8,14.0,2014,366000.0,2023-07-05
TAMPINES,4-ROOM,83.4,17.0,1977,351000.0,2022-08-06
ANG MO KIO,4-ROOM,137.8,16.0,1985,666000.0,2019-06-23
YISHUN,5-ROOM,91.0,22.0,2004,473000.0,2021-08-31
ANG MO KIO,4-ROOM,83.5,4.0,2008,385000.0,2023-08-05
CLEMENTI,4-ROOM,90.0,7.0,1978,361000.0,2023-08-25
WOODLANDS,4-ROOM,130.7,24.0,1998,590000.0,2023-03-11
BEDOK,5-ROOM,120.2,26.0,1998,581000.0,2021-04-10
ANG MO KIO,3-ROOM,99.5,22.0,1992,379000.0,2017-06-01
GEYLANG,4-ROOM,58.8,7.0,1996,249000.0,2023-06-06
BEDOK,EXECUTIVE,127.5,15.0,2012,572000.0,2022-07-18
WOODLANDS,4-ROOM,121.2,5.0,1996,551000.0,2021-09-10
YISHUN,3-ROOM,82.6,21.0,1991,392000.0,2019-04-08
ANG MO KIO,3-ROOM,68.9,9.0,1988,267000.0,2021-08-28
JURONG WEST,4-ROOM,90.3,10.0,2001,452000.0,2018-02-21
GEYLANG,5-ROOM,81.1,28.0,2011,439000.0,2021-02-09
PUNGGOL,EXECUTIVE,73.4,7.0,1999,284000.0,2017-07-30
YISHUN,4-ROOM,96.0,6.0,1994,417000.0,2018-03-28
WOODLANDS,5-ROOM,83.4,12.0,2014,255000.0,2018-02-19
HOUGANG,4-ROOM,86.1,26.0,1984,401000.0,2023-10-09
WOODLANDS,EXECUTIVE,87.0,13.0,2013,347000.0,2021-07-02
GEYLANG,4-ROOM,117.2,26.0,1999,561000.0,2019-03-20
GEYLANG,3-ROOM,58.6,26.0,2013,238000.0,2017-04-08
WOODLANDS,5-ROOM,100.4,22.0,1989,438000.0,2021-10-17
HOUGANG,EXECUTIVE,63.9,2.0,1995,231000.0,2019-02-11
GEYLANG,4-ROOM,92.1,3.0,1981,287000.0,2022-07-11
BEDOK,4-ROOM,87.1,29.0,2005,468000.0,2019-03-02
TAMPINES,EXECUTIVE,84.3,20.0,2007,388000.0,2022-07-13
GEYLANG,EXECUTIVE,49.1,11.0,1977,161000.0,2017-05-01
JURONG WEST,5-ROOM,85.0,1.0,1981,295000.0,2019-02-08
GEYLANG,4-ROOM,117.6,8.0,1996,496000.0,2022-02-03
JURONG WEST,5-ROOM,133.9,12.0,2010,656000.0,2019-06-01
TAMPINES,4-ROOM,82.9,4.0,2014,375000.0,2022-07-12
BEDOK,3-ROOM,93.3,15.0,2001,411000.0,2021-12-19
TAMPINES,4-ROOM,131.5,22.0,2001,650000.0,2020-02-19
HOUGANG,3-ROOM,87.1,3.0,1983,403000.0,2023-08-02
TAMPINES,3-ROOM,100.4,28.0,2013,561000.0,2021-06-22
YISHUN,4-ROOM,57.4,20.0,1981,291000.0,2022-11-09
ANG MO KIO,5-ROOM,103.4,4.0,2001,419000.0,2021-01-04
HOUGANG,4-ROOM,104.0,10.0,2007,528000.0,2018-05-03
GEYLANG,3-ROOM,53.9,27.0,2009,270000.0,2019-11-13
BEDOK,3-ROOM,63.7,23.0,1977,283000.0,2018-03-08
JURONG WEST,5-ROOM,58.7,24.0,2006,312000.0,2019-05-13
PUNGGOL,4-ROOM,97.6,24.0,2013,571000.0,2021-05-14
HOUGANG,4-ROOM,62.7,27.0,1996,275000.0,2022-08-28
YISHUN,4-ROOM,83.9,29.0,1984,503000.0,2020-09-02
HOUGANG,4-ROOM,81.0,9.0,1992,318000.0,2023-01-27
JURONG WEST,5-ROOM,124.4,17.0,1992,560000.0,2021-09-05
PUNGGOL,5-ROOM,59.9,9.0,2012,201000.0,2021-04-14
PUNGGOL,3-ROOM,107.6,18.0,2008,489000.0,2020-02-28
WOODLANDS,3-ROOM,128.7,3.0,2007,552000.0,2023-01-27
BEDOK,3-ROOM,99.5,5.0,1976,347000.0,2023-12-04
TAMPINES,4-ROOM,78.9,7.0,1998,340000.0,2020-08-30
JURONG WEST,3-ROOM,111.8,3.0,1987,408000.0,2019-02-17
WOODLANDS,5-ROOM,108.1,26.0,1999,512000.0,2019-11-12
WOODLANDS,3-ROOM,72.6,21.0,1978,363000.0,2023-11-14
PUNGGOL,3-ROOM,100.9,29.0,1988,469000.0,2022-12-08
BEDOK,EXECUTIVE,112.3,3.0,1991,464000.0,2019-06-15
ANG MO KIO,3-ROOM,134.0,15.0,1994,642000.0,2019-01-18
TAMPINES,4-ROOM,70.5,17.0,2005,381000.0,2020-02-29
JURONG WEST,EXECUTIVE,82.2,19.0,2006,319000.0,2018-02-28
GEYLANG,EXECUTIVE,59.4,25.0,2009,343000.0,2023-11-26
CLEMENTI,5-ROOM,78.8,12.0,1991,376000.0,2018-07-24
GEYLANG,5-ROOM,66.2,13.0,2004,293000.0,2020-01-19
HOUGANG,4-ROOM,111.2,13.0,1998,412000.0,2017-03-20
BEDOK,5-ROOM,123.0,5.0,2008,557000.0,2023-04-23
ANG MO KIO,5-ROOM,89.7,29.0,1986,487000.0,2019-07-25
HOUGANG,4-ROOM,92.3,10.0,2013,356000.0,2019-08-05
WOODLANDS,3-ROOM,93.3,25.0,2008,436000.0,2017-07-09
ANG MO KIO,EXECUTIVE,93.8,22.0,2007,385000.0,2018-09-28
ANG MO KIO,4-ROOM,93.7,12.0,2006,445000.0,2021-03-10
BEDOK,5-ROOM,75.4,25.0,1999,356000.0,2020-04-12
ANG MO KIO,3-ROOM,88.3,26.0,2009,438000.0,2020-02-03
HOUGANG,EXECUTIVE,79.2,27.0,2011,479000.0,2018-02-20
WOODLANDS,5-ROOM,89.3,14.0,1991,365000.0,2021-04-28
JURONG WEST,4-ROOM,144.7,1.0,2008,648000.0,2020-05-16
HOUGANG,4-ROOM,114.2,26.0,1975,528000.0,2021-04-05
PUNGGOL,5-ROOM,101.2,26.0,1992,500000.0,2021-08-22
ANG MO KIO,5-ROOM,111.3,27.0,1975,452000.0,2019-04-16
HOUGANG,EXECUTIVE,64.2,29.0,1996,313000.0,2023-02-18
WOODLANDS,3-ROOM,77.0,4.0,1981,281000.0,2023-01-24
ANG MO KIO,5-ROOM,78.3,11.0,1978,295000.0,2018-08-21
ANG MO KIO,4-ROOM,82.7,21.0,2005,408000.0,2017-12-11
YISHUN,4-ROOM,83.9,21.0,2014,348000.0,2018-03-17
GEYLANG,3-ROOM,89.1,22.0,1989,450000.0,2023-04-27
PUNGGOL,5-ROOM,106.9,11.0,1981,562000.0,2022-07-08
WOODLANDS,4-ROOM,101.5,24.0,1992,499000.0,2017-06-08
HOUGANG,4-ROOM,81.6,7.0,2009,401000.0,2017-02-04
HOUGANG,4-ROOM,111.8,7.0,2011,544000.0,2021-06-10
CLEMENTI,3-ROOM,100.6,28.0,1985,450000.0,2019-03-26
JURONG WEST,5-ROOM,98.2,2.0,1986,364000.0,2023-10-10
HOUGANG,EXECUTIVE,103.5,20.0,1989,502000.0,2023-10-30
YISHUN,3-ROOM,129.3,24.0,2002,639000.0,2018-01-09
GEYLANG,3-ROOM,100.1,22.0,2007,422000.0,2018-01-22
WOODLANDS,4-ROOM,89.7,7.0,2007,335000.0,2021-01-02
CLEMENTI,EXECUTIVE,103.5,4.0,2003,436000.0,2023-06-17
TAMPINES,4-ROOM,120.4,9.0,1987,428000.0,2019-08-14
JURONG WEST,3-ROOM,107.5,9.0,1976,435000.0,2019-09-02
CLEMENTI,4-ROOM,69.6,3.0,2014,388000.0,2023-01-10
ANG MO KIO,3-ROOM,117.0,2.0,1999,454000.0,2019-03-11
HOUGANG,3-ROOM,100.1,22.0,1975,514000.0,2023-11-17
BEDOK,3-ROOM,102.5,1.0,1978,361000.0,2018-12-29
TAMPINES,4-ROOM,94.3,26.0,1980,356000.0,2017-09-07
TAMPINES,3-ROOM,93.0,20.0,2001,498000.0,2023-09-24
CLEMENTI,4-ROOM,82.8,20.0,2013,418000.0,2018-05-04
BEDOK,3-ROOM,53.8,8.0,2010,212000.0,2017-02-08
HOUGANG,EXECUTIVE,59.0,1.0,1985,213000.0,2019-12-18
TAMPINES,3-ROOM,68.7,25.0,1983,330000.0,2023-11-26
PUNGGOL,4-ROOM,126.4,3.0,2001,576000.0,2017-11-17
BEDOK,4-ROOM,117.6,29.0,2005,596000.0,2017-02-01
YISHUN,3-ROOM,139.4,20.0,2008,607000.0,2018-09-17
ANG MO KIO,3-ROOM,71.9,20.0,1976,346000.0,2023-02-10
WOODLANDS,3-ROOM,112.7,9.0,2012,505000.0,2017-03-23
BEDOK,5-ROOM,94.4,12.0,1991,378000.0,2018-09-06
WOODLANDS,4-ROOM,90.4,18.0,2001,365000.0,2018-10-07
WOODLANDS,3-ROOM,78.0,9.0,2007,309000.0,2022-05-28
YISHUN,5-ROOM,67.2,5.0,1976,208000.0,2018-01-09
WOODLANDS,4-ROOM,56.6,14.0,1982,235000.0,2021-08-25
GEYLANG,4-ROOM,73.7,6.0,1995,287000.0,2019-10-21
TAMPINES,3-ROOM,98.7,28.0,1983,413000.0,2022-04-19
BEDOK,4-ROOM,118.6,8.0,1981,555000.0,2019-11-16
TAMPINES,3-ROOM,100.4,27.0,1994,506000.0,2019-11-07
TAMPINES,4-ROOM,140.7,11.0,2006,590000.0,2018-04-18
CLEMENTI,5-ROOM,86.4,26.0,2001,499000.0,2022-05-07
JURONG WEST,4-ROOM,109.8,21.0,2014,452000.0,2023-01-22
TAMPINES,3-ROOM,81.0,18.0,1981,392000.0,2019-01-28
HOUGANG,3-ROOM,89.8,6.0,1999,368000.0,2018-12-21
PUNGGOL,5-ROOM,95.9,11.0,2006,376000.0,2019-03-19
HOUGANG,3-ROOM,110.9,21.0,1998,588000.0,2020-02-27
YISHUN,4-ROOM,90.6,5.0,1980,308000.0,2023-11-24
TAMPINES,3-ROOM,97.4,17.0,1988,446000.0,2019-03-28
ANG MO KIO,4-ROOM,49.5,4.0,2014,229000.0,2020-12-26
JURONG WEST,4-ROOM,80.5,22.0,1988,440000.0,2019-06-09
JURONG WEST,3-ROOM,89.7,12.0,1988,345000.0,2018-03-11
TAMPINES,4-ROOM,107.6,14.0,1980,467000.0,2021-11-01
CLEMENTI,4-ROOM,106.1,7.0,2005,483000.0,2019-04-09
ANG MO KIO,4-ROOM,127.9,29.0,1985,597000.0,2018-07-21
WOODLANDS,3-ROOM,87.4,25.0,1983,412000.0,2018-12-24
CLEMENTI,5-ROOM,76.4,6.0,1994,261000.0,2017-11-23
BEDOK,EXECUTIVE,118.5,19.0,1979,509000.0,2020-03-30
ANG MO KIO,3-ROOM,109.0,15.0,1981,405000.0,2020-02-26
TAMPINES,3-ROOM,40.0,2.0,1982,150000.0,2020-01-20
PUNGGOL,3-ROOM,103.2,24.0,1996,525000.0,2021-02-01
YISHUN,5-ROOM,110.2,15.0,1976,467000.0,2020-12-26
JURONG WEST,4-ROOM,90.1,24.0,1976,486000.0,2018-12-13
BEDOK,5-ROOM,143.6,10.0,1997,731000.0,2020-10-30
TAMPINES,5-ROOM,98.0,15.0,1976,460000.0,2018-02-07
HOUGANG,5-ROOM,98.8,6.0,2009,449000.0,2018-10-06
GEYLANG,5-ROOM,40.0,23.0,1976,158000.0,2020-05-06
ANG MO KIO,4-ROOM,129.5,21.0,2012,553000.0,2020-12-12
JURONG WEST,4-ROOM,111.1,23.0,1988,546000.0,2018-10-10
TAMPINES,4-ROOM,47.5,25.0,1991,166000.0,2022-01-22
ANG MO KIO,5-ROOM,79.7,20.0,2014,455000.0,2023-05-15
ANG MO KIO,4-ROOM,62.9,15.0,1975,262000.0,2021-12-04
BEDOK,4-ROOM,102.8,1.0,1990,413000.0,2020-08-04
CLEMENTI,5-ROOM,68.4,23.0,1988,338000.0,2021-09-06
WOODLANDS,5-ROOM,120.2,7.0,1981,512000.0,2023-10-03
TAMPINES,3-ROOM,108.5,16.0,2007,531000.0,2020-06-12
WOODLANDS,EXECUTIVE,102.4,26.0,1979,478000.0,2022-03-25
TAMPINES,4-ROOM,116.0,29.0,2006,596000.0,2017-12-04
WOODLANDS,3-ROOM,111.8,3.0,2011,479000.0,2018-01-15
CLEMENTI,3-ROOM,75.3,29.0,2007,415000.0,2017-08-29
TAMPINES,4-ROOM,83.8,14.0,2013,476000.0,2023-12-13
TAMPINES,3-ROOM,75.8,7.0,1976,316000.0,2022-12-18
HOUGANG,5-ROOM,104.6,13.0,1979,444000.0,2022-11-06
TAMPINES,3-ROOM,65.9,9.0,1979,235000.0,2019-02-01
HOUGANG,3-ROOM,109.2,4.0,1997,475000.0,2019-11-11
GEYLANG,4-ROOM,92.7,22.0,2013,436000.0,2019-03-04
HOUGANG,5-ROOM,84.7,8.0,1986,347000.0,2019-05-25
YISHUN,4-ROOM,107.7,15.0,2013,552000.0,2021-03-25
CLEMENTI,5-ROOM,77.5,5.0,2013,406000.0,2023-01-25
HOUGANG,4-ROOM,110.2,9.0,1999,483000.0,2020-07-20
GEYLANG,4-ROOM,112.3,3.0,2003,553000.0,2020-02-11
WOODLANDS,4-ROOM,83.9,18.0,1981,424000.0,2018-06-26
CLEMENTI,3-ROOM,116.4,14.0,2011,477000.0,2017-08-16
WOODLANDS,4-ROOM,110.3,24.0,2006,557000.0,2019-02-07
PUNGGOL,3-ROOM,106.8,1.0,1990,475000.0,2018-08-02
JURONG WEST,4-ROOM,128.0,6.0,1981,548000.0,2018-04-12
CLEMENTI,4-ROOM,87.4,27.0,2006,426000.0,2018-01-13
BEDOK,EXECUTIVE,83.3,3.0,1991,296000.0,2017-01-23
TAMPINES,3-ROOM,64.2,15.0,1984,358000.0,2017-11-07
WOODLANDS,3-ROOM,119.9,5.0,1989,471000.0,2021-03-25
CLEMENTI,4-ROOM,86.0,25.0,2004,448000.0,2022-03-08
YISHUN,3-ROOM,105.1,7.0,2002,477000.0,2020-10-09
WOODLANDS,5-ROOM,97.8,28.0,1978,480000.0,2023-11-28
BEDOK,4-ROOM,94.3,18.0,1999,559000.0,2020-05-01
ANG MO KIO,4-ROOM,69.3,6.0,2001,315000.0,2022-01-24
TAMPINES,4-ROOM,91.5,16.0,1986,344000.0,2018-05-08
JURONG WEST,3-ROOM,151.5,18.0,1997,644000.0,2021-10-19
ANG MO KIO,4-ROOM,136.2,3.0,1993,559000.0,2017-03-11
HOUGANG,4-ROOM,99.0,20.0,2004,525000.0,2021-11-01
WOODLANDS,4-ROOM,54.8,29.0,2007,327000.0,2019-10-07
GEYLANG,3-ROOM,121.0,17.0,2010,626000.0,2021-09-29
PUNGGOL,EXECUTIVE,102.7,18.0,2002,513000.0,2020-11-11
TAMPINES,3-ROOM,109.4,27.0,1999,550000.0,2022-12-20
HOUGANG,3-ROOM,106.4,9.0,1976,512000.0,2021-09-10
ANG MO KIO,3-ROOM,99.7,29.0,1976,451000.0,2020-08-19
ANG MO KIO,3-ROOM,65.6,10.0,2012,302000.0,2022-02-02
PUNGGOL,3-ROOM,106.6,3.0,1995,528000.0,2017-12-29
TAMPINES,4-ROOM,140.9,3.0,1980,613000.0,2020-06-11
WOODLANDS,EXECUTIVE,78.5,6.0,2000,290000.0,2021-12-23
YISHUN,3-ROOM,60.0,16.0,2000,259000.0,2023-07-29
YISHUN,4-ROOM,105.7,23.0,2007,507000.0,2017-02-09
GEYLANG,4-ROOM,82.2,24.0,2012,472000.0,2017-07-31
CLEMENTI,4-ROOM,101.3,6.0,1983,450000.0,2022-05-28
HOUGANG,4-ROOM,111.1,18.0,1987,539000.0,2021-08-28
PUNGGOL,3-ROOM,97.6,15.0,1980,470000.0,2018-08-13
YISHUN,4-ROOM,78.5,5.0,2014,315000.0,2019-08-30
JURONG WEST,4-ROOM,87.6,3.0,1998,371000.0,2018-02-17
TAMPINES,4-ROOM,104.8,22.0,2010,476000.0,2023-01-04
ANG MO KIO,3-ROOM,105.1,7.0,2012,504000.0,2020-08-11
JURONG WEST,5-ROOM,90.6,4.0,1992,374000.0,2020-02-27
GEYLANG,3-ROOM,64.2,15.0,2014,358000.0,2017-05-22
JURONG WEST,EXECUTIVE,126.8,17.0,1978,461000.0,2017-07-11
TAMPINES,EXECUTIVE,86.6,14.0,1986,332000.0,2019-12-28
CLEMENTI,4-ROOM,91.9,13.0,1990,435000.0,2023-11-18
JURONG WEST,5-ROOM,77.7,11.0,2014,325000.0,2022-09-22
BEDOK,3-ROOM,64.2,1.0,1981,167000.0,2019-06-02
JURONG WEST,5-ROOM,112.8,28.0,1985,471000.0,2017-10-28
JURONG WEST,5-ROOM,73.9,13.0,2005,260000.0,2023-05-19
PUNGGOL,3-ROOM,53.6,10.0,1976,251000.0,2017-11-03
GEYLANG,3-ROOM,115.5,10.0,2003,567000.0,2022-03-20
BEDOK,EXECUTIVE,118.8,24.0,1976,490000.0,2018-03-09
BEDOK,4-ROOM,93.4,3.0,1985,416000.0,2017-01-17
TAMPINES,4-ROOM,43.0,19.0,1993,150000.0,2018-10-01
PUNGGOL,5-ROOM,75.3,16.0,1986,353000.0,2019-07-25
HOUGANG,EXECUTIVE,57.8,17.0,2013,315000.0,2018-04-02
JURONG WEST,5-ROOM,83.2,24.0,1979,406000.0,2023-07-04
PUNGGOL,4-ROOM,137.7,22.0,1975,582000.0,2021-10-16
BEDOK,5-ROOM,96.7,5.0,1975,460000.0,2022-12-23
ANG MO KIO,3-ROOM,95.1,7.0,1976,397000.0,2017-11-30
GEYLANG,5-ROOM,87.8,7.0,1997,425000.0,2019-03-27
PUNGGOL,4-ROOM,66.9,24.0,1975,291000.0,2020-11-25
YISHUN,4-ROOM,125.7,11.0,1992,596000.0,2017-03-03
GEYLANG,EXECUTIVE,123.6,8.0,1997,598000.0,2019-03-13
TAMPINES,EXECUTIVE,85.3,4.0,2002,369000.0,2022-01-04
TAMPINES,EXECUTIVE,59.0,13.0,1980,318000.0,2022-10-30
BEDOK,4-ROOM,120.3,15.0,1986,489000.0,2017-04-03
WOODLANDS,4-ROOM,105.1,12.0,1998,428000.0,2021-08-25
CLEMENTI,3-ROOM,93.4,15.0,1992,369000.0,2019-08-27
HOUGANG,4-ROOM,96.7,2.0,1979,379000.0,2023-10-22
BEDOK,3-ROOM,87.4,13.0,1980,378000.0,2022-08-25
PUNGGOL,3-ROOM,128.0,28.0,2014,558000.0,2019-10-13
TAMPINES,3-ROOM,98.0,12.0,2007,464000.0,2017-07-22
JURONG WEST,3-ROOM,109.1,16.0,2009,530000.0,2018-09-19
YISHUN,3-ROOM,133.7,8.0,2003,621000.0,2021-04-11
CLEMENTI,4-ROOM,97.4,8.0,1978,340000.0,2023-06-11
HOUGANG,4-ROOM,87.5,27.0,1976,428000.0,2023-02-16
ANG MO KIO,5-ROOM,119.1,3.0,2000,530000.0,2018-08-22
JURONG WEST,4-ROOM,83.7,4.0,1988,344000.0,2023-03-03
TAMPINES,4-ROOM,145.9,13.0,1989,658000.0,2019-09-01
CLEMENTI,5-ROOM,84.3,21.0,1975,399000.0,2018-03-06
ANG MO KIO,4-ROOM,77.1,29.0,1977,366000.0,2021-12-08
GEYLANG,3-ROOM,92.5,28.0,2000,480000.0,2018-06-29
GEYLANG,4-ROOM,73.9,23.0,1980,311000.0,2017-08-28
YISHUN,4-ROOM,89.7,8.0,2008,412000.0,2023-12-14
ANG MO KIO,4-ROOM,96.4,17.0,1981,451000.0,2020-05-25
PUNGGOL,3-ROOM,96.6,26.0,1994,450000.0,2019-06-15
TAMPINES,4-ROOM,97.5,28.0,2008,545000.0,2020-09-12
YISHUN,3-ROOM,94.3,6.0,1976,455000.0,2023-08-19
JURONG WEST,3-ROOM,113.2,9.0,1987,465000.0,2021-08-09
JURONG WEST,4-ROOM,101.2,1.0,1981,351000.0,2017-12-12
YISHUN,5-ROOM,91.7,9.0,2005,397000.0,2019-11-03
ANG MO KIO,5-ROOM,120.4,19.0,1975,517000.0,2020-05-10
YISHUN,EXECUTIVE,81.9,23.0,2005,391000.0,2019-03-29
PUNGGOL,4-ROOM,62.4,26.0,1990,360000.0,2022-08-18
PUNGGOL,4-ROOM,88.3,2.0,1994,350000.0,2021-06-02
YISHUN,4-ROOM,134.0,18.0,2003,628000.0,2017-12-12
GEYLANG,4-ROOM,119.3,17.0,1995,501000.0,2022-05-17
WOODLANDS,3-ROOM,108.9,21.0,1995,477000.0,2018-12-15
GEYLANG,3-ROOM,63.3,23.0,1993,222000.0,2017-03-02
CLEMENTI,EXECUTIVE,106.4,9.0,1983,437000.0,2017-06-12
YISHUN,EXECUTIVE,79.4,28.0,1983,385000.0,2021-10-11
WOODLANDS,5-ROOM,105.9,2.0,1987,447000.0,2021-03-10
TAMPINES,4-ROOM,68.0,2.0,2003,327000.0,2017-06-02
WOODLANDS,4-ROOM,89.6,12.0,1984,331000.0,2019-01-21
TAMPINES,5-ROOM,61.6,26.0,1985,276000.0,2020-12-03
CLEMENTI,3-ROOM,74.3,14.0,1991,368000.0,2020-08-02
HOUGANG,3-ROOM,94.3,9.0,1991,599000.0,2019-06-16
BEDOK,5-ROOM,112.0,26.0,1987,524000.0,2017-07-08
ANG MO KIO,3-ROOM,117.8,16.0,2008,597000.0,2019-06-09
ANG MO KIO,5-ROOM,113.0,23.0,2013,540000.0,2020-12-15
TAMPINES,3-ROOM,123.3,10.0,1999,537000.0,2022-07-28
ANG MO KIO,5-ROOM,93.2,18.0,2010,456000.0,2017-03-11
GEYLANG,3-ROOM,100.4,7.0,2003,405000.0,2021-05-12
HOUGANG,5-ROOM,78.5,24.0,1977,354000.0,2018-03-02
BEDOK,5-ROOM,109.3,12.0,1984,476000.0,2023-10-28
TAMPINES,5-ROOM,92.0,4.0,1981,375000.0,2022-02-10
PUNGGOL,3-ROOM,57.9,29.0,2001,301000.0,2022-11-29
HOUGANG,4-ROOM,163.8,3.0,1992,631000.0,2019-10-05
HOUGANG,EXECUTIVE,105.1,10.0,1989,461000.0,2019-07-29
ANG MO KIO,3-ROOM,130.7,11.0,1981,518000.0,2019-11-22
TAMPINES,4-ROOM,120.3,27.0,1991,586000.0,2020-09-09
ANG MO KIO,5-ROOM,58.9,28.0,2013,309000.0,2022-08-02
TAMPINES,4-ROOM,118.3,7.0,1994,541000.0,2021-09-19
HOUGANG,4-ROOM,84.2,18.0,2013,430000.0,2023-04-27
YISHUN,4-ROOM,114.7,21.0,1996,564000.0,2018-03-02
CLEMENTI,3-ROOM,94.7,22.0,1977,417000.0,2020-09-14
CLEMENTI,3-ROOM,75.5,3.0,2006,308000.0,2021-04-29
TAMPINES,4-ROOM,124.0,19.0,2007,578000.0,2018-12-22
HOUGANG,4-ROOM,124.8,5.0,2007,579000.0,2020-06-20
GEYLANG,3-ROOM,72.5,19.0,2008,356000.0,2021-10-14
BEDOK,3-ROOM,81.7,1.0,1996,329000.0,2023-11-30
PUNGGOL,5-ROOM,112.3,27.0,1994,447000.0,2017-07-09
YISHUN,4-ROOM,121.2,18.0,1990,525000.0,2020-01-17
GEYLANG,3-ROOM,79.1,26.0,2005,391000.0,2019-09-11
CLEMENTI,5-ROOM,106.8,18.0,1997,614000.0,2023-03-04
ANG MO KIO,5-ROOM,112.4,17.0,2008,564000.0,2019-06-14
BEDOK,3-ROOM,45.7,7.0,1983,189000.0,2021-05-13
YISHUN,3-ROOM,86.1,21.0,2000,417000.0,2021-06-25
BEDOK,EXECUTIVE,63.9,12.0,1999,269000.0,2017-06-15
WOODLANDS,3-ROOM,73.0,1.0,1977,274000.0,2020-10-14
YISHUN,4-ROOM,80.0,3.0,2003,328000.0,2023-07-27
JURONG WEST,4-ROOM,96.9,28.0,1977,467000.0,2017-01-15
WOODLANDS,3-ROOM,110.7,12.0,2011,445000.0,2021-10-02
BEDOK,EXECUTIVE,93.7,1.0,1986,384000.0,2021-07-04
TAMPINES,EXECUTIVE,85.1,15.0,1997,345000.0,2017-06-29
GEYLANG,5-ROOM,97.9,8.0,1981,402000.0,2017-01-16
PUNGGOL,4-ROOM,99.7,3.0,1988,407000.0,2019-11-07
YISHUN,3-ROOM,114.2,27.0,1998,520000.0,2020-08-05
HOUGANG,3-ROOM,71.5,22.0,1993,351000.0,2018-09-24
GEYLANG,4-ROOM,97.4,26.0,1997,435000.0,2022-01-15
GEYLANG,4-ROOM,91.2,16.0,1975,388000.0,2017-07-05
HOUGANG,4-ROOM,135.2,3.0,1999,561000.0,2017-05-23
WOODLANDS,3-ROOM,79.7,10.0,2006,356000.0,2020-11-02
WOODLANDS,3-ROOM,99.5,27.0,2006,515000.0,2020-12-06
CLEMENTI,3-ROOM,76.1,9.0,2013,357000.0,2018-06-03
CLEMENTI,4-ROOM,112.2,14.0,1982,595000.0,2017-06-01
TAMPINES,3-ROOM,114.9,18.0,2006,557000.0,2020-03-29
JURONG WEST,4-ROOM,132.6,13.0,1983,629000.0,2018-07-13
BEDOK,4-ROOM,79.3,5.0,2009,359000.0,2017-03-05
HOUGANG,EXECUTIVE,113.6,18.0,1982,485000.0,2022-07-12
ANG MO KIO,3-ROOM,103.1,25.0,2006,529000.0,2019-06-30
BEDOK,3-ROOM,104.3,1.0,1992,402000.0,2020-04-04
YISHUN,5-ROOM,76.0,3.0,1995,393000.0,2022-02-01
JURONG WEST,4-ROOM,115.5,3.0,1976,490000.0,2020-04-13
BEDOK,4-ROOM,78.1,27.0,1983,384000.0,2021-06-28
ANG MO KIO,5-ROOM,115.9,9.0,1994,451000.0,2019-12-15
PUNGGOL,4-ROOM,74.6,25.0,2001,437000.0,2021-04-24
HOUGANG,3-ROOM,90.2,21.0,1983,404000.0,2018-05-29
TAMPINES,4-ROOM,94.3,27.0,2007,439000.0,2021-04-22
PUNGGOL,4-ROOM,105.5,12.0,2001,435000.0,2023-09-24
BEDOK,3-ROOM,98.6,21.0,1983,503000.0,2018-02-14
CLEMENTI,EXECUTIVE,101.6,21.0,1979,454000.0,2020-05-16
YISHUN,5-ROOM,139.7,28.0,1991,663000.0,2022-01-01
BEDOK,5-ROOM,103.5,18.0,1997,518000.0,2017-06-03
ANG MO KIO,3-ROOM,84.7,10.0,2010,393000.0,2020-07-19
BEDOK,4-ROOM,74.5,19.0,1987,289000.0,2017-01-07
TAMPINES,3-ROOM,97.0,27.0,1988,413000.0,2018-06-08
PUNGGOL,3-ROOM,84.2,2.0,2000,373000.0,2018-10-29
CLEMENTI,4-ROOM,87.8,18.0,2014,542000.0,2020-08-04
CLEMENTI,5-ROOM,122.5,4.0,2009,536000.0,2017-12-06
ANG MO KIO,5-ROOM,135.4,19.0,1979,628000.0,2020-05-05
TAMPINES,3-ROOM,91.5,5.0,1979,355000.0,2020-11-03
GEYLANG,4-ROOM,106.1,16.0,2002,485000.0,2018-03-25
PUNGGOL,4-ROOM,87.4,2.0,1987,343000.0,2019-03-30
YISHUN,5-ROOM,83.6,24.0,1982,338000.0,2020-08-17
WOODLANDS,4-ROOM,86.8,2.0,1996,372000.0,2020-03-21
WOODLANDS,4-ROOM,63.9,1.0,2012,281000.0,2022-06-07
TAMPINES,5-ROOM,71.7,10.0,2013,364000.0,2018-08-13
JURONG WEST,4-ROOM,102.9,15.0,2009,401000.0,2022-06-02
ANG MO KIO,3-ROOM,108.5,22.0,2009,467000.0,2020-07-20
WOODLANDS,EXECUTIVE,70.4,16.0,1986,229000.0,2023-01-18
TAMPINES,5-ROOM,70.1,5.0,1990,229000.0,2019-02-05
CLEMENTI,4-ROOM,118.4,13.0,2005,464000.0,2019-10-13
PUNGGOL,3-ROOM,140.1,16.0,2001,608000.0,2017-08-16
WOODLANDS,5-ROOM,98.1,22.0,1999,492000.0,2019-09-02
CLEMENTI,3-ROOM,83.2,20.0,1984,366000.0,2021-12-28
YISHUN,4-ROOM,82.8,9.0,2000,392000.0,2020-11-25
WOODLANDS,5-ROOM,78.7,22.0,1985,342000.0,2020-07-12
GEYLANG,5-ROOM,124.5,7.0,2012,558000.0,2019-05-02
GEYLANG,4-ROOM,103.8,27.0,1992,585000.0,2021-01-29
WOODLANDS,3-ROOM,89.9,21.0,1977,383000.0,2020-11-17
CLEMENTI,EXECUTIVE,84.2,18.0,2004,447000.0,2022-04-04
PUNGGOL,5-ROOM,82.7,2.0,1983,320000.0,2021-04-30
YISHUN,5-ROOM,131.4,9.0,2005,591000.0,2021-03-13
CLEMENTI,4-ROOM,126.9,1.0,2002,555000.0,2020-06-22
ANG MO KIO,4-ROOM,108.0,25.0,1996,505000.0,2023-03-29
HOUGANG,3-ROOM,125.5,29.0,2014,591000.0,2017-01-20
WOODLANDS,EXECUTIVE,111.3,16.0,2000,461000.0,2022-08-02
TAMPINES,5-ROOM,77.6,5.0,1977,261000.0,2020-04-29
CLEMENTI,4-ROOM,121.4,26.0,2013,557000.0,2021-06-15
PUNGGOL,3-ROOM,96.7,7.0,1976,302000.0,2019-09-06
TAMPINES,3-ROOM,123.3,20.0,1992,500000.0,2018-04-15
WOODLANDS,4-ROOM,117.0,29.0,2013,613000.0,2019-12-24
GEYLANG,3-ROOM,95.1,15.0,2013,478000.0,2023-11-23
TAMPINES,5-ROOM,95.7,24.0,2010,481000.0,2020-03-27
YISHUN,3-ROOM,106.0,21.0,1998,537000.0,2019-08-07
BEDOK,4-ROOM,45.1,20.0,1978,181000.0,2023-10-03
JURONG WEST,5-ROOM,94.6,4.0,2011,409000.0,2022-03-10
HOUGANG,4-ROOM,85.6,18.0,1995,362000.0,2019-08-08
HOUGANG,3-ROOM,105.7,7.0,2009,501000.0,2017-09-02
GEYLANG,3-ROOM,92.8,19.0,2014,431000.0,2022-12-14
YISHUN,EXECUTIVE,111.1,9.0,2007,482000.0,2020-12-20
JURONG WEST,3-ROOM,87.4,19.0,1994,406000.0,2019-01-08
CLEMENTI,4-ROOM,94.2,24.0,1998,410000.0,2020-11-23
BEDOK,3-ROOM,98.2,11.0,1982,434000.0,2017-08-01
GEYLANG,5-ROOM,74.9,17.0,2009,402000.0,2020-04-12
PUNGGOL,4-ROOM,110.6,3.0,1977,455000.0,2020-03-10
TAMPINES,5-ROOM,88.8,15.0,1999,401000.0,2022-08-06
PUNGGOL,3-ROOM,93.7,28.0,1975,484000.0,2017-07-05
PUNGGOL,3-ROOM,58.9,9.0,2013,267000.0,2018-10-12
YISHUN,3-ROOM,118.5,14.0,1977,489000.0,2020-07-20
TAMPINES,4-ROOM,94.1,1.0,1990,442000.0,2020-05-23
CLEMENTI,3-ROOM,104.8,23.0,1999,548000.0,2018-01-08
GEYLANG,3-ROOM,58.0,17.0,2014,328000.0,2017-04-02
WOODLANDS,4-ROOM,89.0,27.0,1976,410000.0,2022-06-07
HOUGANG,5-ROOM,108.2,20.0,2013,573000.0,2020-06-23
PUNGGOL,4-ROOM,115.0,11.0,2000,540000.0,2022-10-01
HOUGANG,4-ROOM,141.5,25.0,1996,619000.0,2017-07-10
GEYLANG,4-ROOM,112.7,6.0,2013,568000.0,2023-07-17
ANG MO KIO,4-ROOM,53.3,21.0,1986,221000.0,2022-04-20
PUNGGOL,4-ROOM,69.0,15.0,2003,292000.0,2017-11-26
WOODLANDS,5-ROOM,85.9,25.0,1982,383000.0,2017-05-27
PUNGGOL,3-ROOM,86.0,8.0,1990,343000.0,2021-01-01
YISHUN,4-ROOM,113.0,7.0,2005,509000.0,2019-01-18
WOODLANDS,3-ROOM,80.1,22.0,1987,387000.0,2022-11-01
HOUGANG,EXECUTIVE,84.9,27.0,1978,364000.0,2018-08-08
GEYLANG,4-ROOM,115.7,17.0,1990,479000.0,2023-07-24
PUNGGOL,4-ROOM,76.3,28.0,1984,350000.0,2023-07-01
YISHUN,3-ROOM,103.8,4.0,1996,443000.0,2022-06-18
JURONG WEST,5-ROOM,111.2,6.0,1978,488000.0,2023-04-13
CLEMENTI,3-ROOM,141.3,11.0,1990,609000.0,2018-07-06
JURONG WEST,3-ROOM,141.3,17.0,1995,682000.0,2021-02-26
BEDOK,4-ROOM,89.0,18.0,2014,420000.0,2022-05-30
HOUGANG,4-ROOM,90.5,19.0,1988,377000.0,2021-03-29
GEYLANG,5-ROOM,72.4,17.0,2000,379000.0,2019-02-07
TAMPINES,4-ROOM,103.2,7.0,1988,383000.0,2017-08-09
BEDOK,5-ROOM,85.0,5.0,1991,325000.0,2018-07-24
GEYLANG,3-ROOM,95.8,28.0,1978,477000.0,2019-09-26
YISHUN,5-ROOM,51.2,20.0,1995,311000.0,2017-08-05
TAMPINES,4-ROOM,98.5,25.0,1986,476000.0,2018-10-19
JURONG WEST,3-ROOM,64.7,4.0,1998,239000.0,2019-11-08
GEYLANG,4-ROOM,71.7,8.0,2008,304000.0,2020-10-21
GEYLANG,4-ROOM,90.1,14.0,2002,309000.0,2019-10-28
CLEMENTI,5-ROOM,70.3,24.0,1994,321000.0,2021-08-03
JURONG WEST,3-ROOM,68.2,17.0,1989,219000.0,2022-10-22
TAMPINES,4-ROOM,137.5,28.0,1978,624000.0,2019-02-03
BEDOK,EXECUTIVE,84.8,9.0,2009,440000.0,2018-03-15
BEDOK,4-ROOM,93.4,16.0,1989,500000.0,2021-12-11
CLEMENTI,4-ROOM,101.8,18.0,2006,405000.0,2018-04-11
PUNGGOL,5-ROOM,106.6,6.0,1988,459000.0,2017-05-25
CLEMENTI,EXECUTIVE,115.3,16.0,2004,520000.0,2021-01-08
PUNGGOL,5-ROOM,102.6,5.0,2002,426000.0,2018-09-27
CLEMENTI,4-ROOM,87.0,3.0,1990,423000.0,2022-06-06
WOODLANDS,3-ROOM,79.3,5.0,2006,306000.0,2020-08-25
PUNGGOL,4-ROOM,51.5,1.0,2004,191000.0,2021-06-22
WOODLANDS,3-ROOM,109.4,20.0,1994,503000.0,2022-03-29
JURONG WEST,5-ROOM,94.3,3.0,1992,451000.0,2018-08-17
JURONG WEST,3-ROOM,86.6,8.0,1977,282000.0,2023-10-25
PUNGGOL,3-ROOM,110.2,28.0,2000,543000.0,2019-10-10
ANG MO KIO,4-ROOM,111.9,19.0,1986,503000.0,2020-03-17
ANG MO KIO,5-ROOM,90.2,6.0,1986,373000.0,2019-12-10
ANG MO KIO,5-ROOM,99.6,17.0,1981,330000.0,2023-01-25
WOODLANDS,3-ROOM,64.7,2.0,1999,259000.0,2019-06-24
YISHUN,3-ROOM,98.5,25.0,2008,448000.0,2023-08-19
YISHUN,3-ROOM,110.1,7.0,2010,486000.0,2018-11-13
PUNGGOL,3-ROOM,112.9,14.0,2013,543000.0,2018-02-08
YISHUN,EXECUTIVE,116.0,27.0,2002,500000.0,2020-09-26
CLEMENTI,5-ROOM,96.0,20.0,1980,463000.0,2020-10-02
JURONG WEST,4-ROOM,77.9,14.0,2012,269000.0,2017-01-28
WOODLANDS,3-ROOM,107.4,14.0,1990,527000.0,2021-01-11
JURONG WEST,4-ROOM,141.6,2.0,1984,691000.0,2017-10-13
TAMPINES,3-ROOM,116.1,17.0,1979,492000.0,2023-04-16
WOODLANDS,5-ROOM,87.8,27.0,2007,440000.0,2023-04-02
GEYLANG,5-ROOM,75.8,8.0,1978,303000.0,2020-07-08
ANG MO KIO,3-ROOM,62.0,24.0,1995,228000.0,2023-04-08
PUNGGOL,3-ROOM,114.6,24.0,2012,585000.0,2019-08-18
GEYLANG,4-ROOM,57.1,10.0,1984,183000.0,2022-11-23
JURONG WEST,5-ROOM,108.9,9.0,1983,482000.0,2018-10-18
TAMPINES,3-ROOM,95.8,10.0,2004,426000.0,2018-12-07
BEDOK,4-ROOM,136.4,18.0,1975,591000.0,2020-03-14
HOUGANG,EXECUTIVE,111.8,21.0,1999,525000.0,2023-11-07
CLEMENTI,3-ROOM,77.1,5.0,1976,285000.0,2019-04-19
GEYLANG,4-ROOM,89.3,7.0,2004,331000.0,2023-10-31
PUNGGOL,4-ROOM,75.1,21.0,1985,358000.0,2023-12-05
CLEMENTI,5-ROOM,81.6,5.0,1979,280000.0,2017-05-19
CLEMENTI,EXECUTIVE,98.0,6.0,2009,378000.0,2017-05-05
CLEMENTI,EXECUTIVE,111.9,4.0,1977,424000.0,2018-03-18
BEDOK,3-ROOM,92.5,14.0,2008,369000.0,2019-05-04
YISHUN,4-ROOM,104.4,2.0,1993,428000.0,2023-01-27
HOUGANG,3-ROOM,71.1,22.0,1984,375000.0,2019-01-31
WOODLANDS,4-ROOM,148.0,26.0,1986,616000.0,2020-12-08
WOODLANDS,3-ROOM,147.7,5.0,2002,594000.0,2018-08-09
BEDOK,EXECUTIVE,103.7,4.0,2006,453000.0,2023-11-07
YISHUN,3-ROOM,88.2,22.0,2007,460000.0,2022-01-09
WOODLANDS,3-ROOM,101.9,26.0,2005,511000.0,2017-08-09
HOUGANG,5-ROOM,102.6,19.0,2007,442000.0,2017-01-25
BEDOK,5-ROOM,76.4,14.0,1983,333000.0,2021-08-07
TAMPINES,4-ROOM,75.3,13.0,2003,380000.0,2017-04-26
WOODLANDS,4-ROOM,124.7,7.0,1985,551000.0,2023-09-12
PUNGGOL,5-ROOM,98.5,4.0,1980,384000.0,2018-01-26
PUNGGOL,4-ROOM,112.4,17.0,1985,483000.0,2017-04-23
ANG MO KIO,3-ROOM,109.7,5.0,2014,501000.0,2023-04-18
JURONG WEST,5-ROOM,67.6,14.0,2014,311000.0,2020-12-07
JURONG WEST,5-ROOM,81.7,18.0,1977,333000.0,2017-10-26
TAMPINES,3-ROOM,100.6,19.0,1995,476000.0,2019-11-28
JURONG WEST,4-ROOM,112.1,7.0,1981,435000.0,2022-08-30
TAMPINES,3-ROOM,118.9,7.0,1989,529000.0,2017-03-15
JURONG WEST,3-ROOM,81.9,4.0,1986,304000.0,2023-06-29
ANG MO KIO,4-ROOM,101.6,15.0,2003,438000.0,2017-07-28
CLEMENTI,3-ROOM,68.2,11.0,2003,367000.0,2022-03-25
HOUGANG,EXECUTIVE,70.9,3.0,1999,336000.0,2018-04-28
WOODLANDS,5-ROOM,112.4,9.0,2005,432000.0,2020-03-25
ANG MO KIO,5-ROOM,106.8,13.0,2007,524000.0,2023-03-13
GEYLANG,5-ROOM,110.0,27.0,2003,486000.0,2019-10-25
YISHUN,4-ROOM,146.7,2.0,1975,631000.0,2020-01-07
YISHUN,4-ROOM,78.9,18.0,1994,324000.0,2020-09-19
BEDOK,4-ROOM,74.7,25.0,1987,340000.0,2022-05-06
BEDOK,5-ROOM,111.0,28.0,2011,550000.0,2022-08-20
CLEMENTI,5-ROOM,100.7,4.0,2000,416000.0,2021-02-28
CLEMENTI,EXECUTIVE,95.0,6.0,2000,404000.0,2021-04-01
TAMPINES,EXECUTIVE,91.7,3.0,1997,408000.0,2023-02-06
BEDOK,5-ROOM,99.1,27.0,1998,538000.0,2018-11-20
GEYLANG,4-ROOM,103.6,25.0,2002,552000.0,2018-09-04
JURONG WEST,4-ROOM,51.7,19.0,2013,293000.0,2019-10-19
CLEMENTI,5-ROOM,93.7,15.0,1995,395000.0,2021-07-03
BEDOK,4-ROOM,75.8,1.0,1984,333000.0,2018-12-09
JURONG WEST,4-ROOM,40.0,28.0,1984,224000.0,2018-06-09
WOODLANDS,4-ROOM,87.8,10.0,1993,351000.0,2019-08-08
WOODLANDS,4-ROOM,107.4,17.0,2014,500000.0,2018-10-23
JURONG WEST,3-ROOM,86.9,11.0,1987,377000.0,2018-01-14
GEYLANG,4-ROOM,64.7,22.0,1990,261000.0,2017-10-29
GEYLANG,3-ROOM,83.6,7.0,1986,360000.0,2021-11-20
TAMPINES,4-ROOM,93.5,7.0,1999,509000.0,2022-12-06
CLEMENTI,EXECUTIVE,118.3,27.0,1989,563000.0,2020-05-07
YISHUN,3-ROOM,104.9,17.0,1984,403000.0,2023-04-04
BEDOK,4-ROOM,93.6,17.0,1995,436000.0,2018-04-13
YISHUN,5-ROOM,92.6,13.0,2003,427000.0,2019-05-20
PUNGGOL,4-ROOM,120.3,14.0,2006,535000.0,2018-08-03
WOODLANDS,4-ROOM,119.0,29.0,1988,601000.0,2019-03-30
GEYLANG,5-ROOM,123.1,14.0,1996,627000.0,2019-03-26
JURONG WEST,5-ROOM,113.3,28.0,1983,530000.0,2022-01-16
BEDOK,5-ROOM,70.2,23.0,1992,272000.0,2020-11-28
GEYLANG,4-ROOM,130.6,1.0,1991,560000.0,2017-10-17
