town,flat_type,floor_area_sqm,storey,lease_commence,resale_price,sale_date,floor_area_sqm.1
ANG MO KIO,EXECUTIVE,86.8,27.0,1992,"$430,000",2017-08-01,86.8
HOUGANG,5-ROOM,98.6,23.0,1991,"$467,000",02/09/2017,98.6
TAMPINES,5-ROOM,72.4,1.0,2003,"$349,000",08/07/2023,72.4
YISHUN,4-ROOM,108.9,15.0,1988,"$482,000",23/05/2019,108.9
WOODLANDS,3-ROOM,100.2,19.0,1975,"$425,000",2019-07-05,100.2
GEYLANG,4-ROOM,77.8,2.0,1990,"$266,000",2023-02-23,77.8
YISHUN,4-ROOM,119.2,19.0,1977,"$456,000",18/04/2023,119.2
BEDOK,3-ROOM,46.0,14.0,2001,"$189,000",2019-08-27,46.0
HOUGANG,3-ROOM,79.1,3.0,1975,"$333,000",19/06/2018,79.1
GEYLANG,5-ROOM,88.3,22.0,1975,"$391,000",04/09/2019,88.3
BEDOK,3-ROOM,85.4,4.0,2011,"$325,000",2020-05-13,85.4
GEYLANG,5-ROOM,118.7,8.0,1978,"$467,000",17/06/2020,118.7
HOUGANG,3-ROOM,109.5,2.0,1991,"$421,000",15/05/2018,109.5
WOODLANDS,3-ROOM,129.5,17.0,2006,"$613,000",16/10/2017,129.5
WOODLANDS,5-ROOM,83.4,24.0,1997,"$405,000",02/09/2022,83.4
BEDOK,3-ROOM,83.7,24.0,2001,"$422,000",2019-11-19,83.7
CLEMENTI,4-ROOM,96.2,12.0,2003,"$414,000",20/08/2018,96.2
WOODLANDS,5-ROOM,103.5,20.0,1989,"$466,000",06/04/2022,103.5
PUNGGOL,4-ROOM,92.4,13.0,1976,"$384,000",24/07/2018,92.4
BEDOK,3-ROOM,117.8,22.0,1988,"$507,000",03/10/2019,117.8
WOODLANDS,3-ROOM,92.4,11.0,1977,"$372,000",2019-09-28,92.4
WOODLANDS,4-ROOM,92.5,21.0,1976,"$441,000",2017-02-18,92.5
PUNGGOL,4-ROOM,87.1,19.0,2006,"$466,000",05/01/2022,87.1
CLEMENTI,4-ROOM,80.7,19.0,1980,"$329,000",2019-12-23,80.7
GEYLANG,EXECUTIVE,110.9,26.0,1995,"$531,000",2022-05-09,110.9
CLEMENTI,5-ROOM,85.6,14.0,1990,"$447,000",2023-01-07,85.6
CLEMENTI,3-ROOM,66.7,8.0,2008,"$348,000",10/06/2018,66.7
JURONG WEST,3-ROOM,112.5,28.0,1975,"$495,000",2019-03-15,112.5
BEDOK,4-ROOM,97.2,15.0,2004,"$495,000",06/01/2023,97.2
ANG MO KIO,4-ROOM,131.9,27.0,1988,"$636,000",2018-06-24,131.9
YISHUN,3-ROOM,119.8,16.0,1992,"$574,000",26/10/2021,119.8
TAMPINES,4-ROOM,91.1,10.0,2011,"$402,000",2020-04-15,91.1
BEDOK,4-ROOM,81.8,8.0,1980,"$377,000",2019-05-24,81.8
GEYLANG,5-ROOM,90.8,1.0,1981,"$307,000",01/08/2017,90.8
ANG MO KIO,5-ROOM,105.3,6.0,1983,"$430,000",2020-08-08,105.3
YISHUN,5-ROOM,92.3,4.0,1993,"$405,000",2018-11-06,92.3
ANG MO KIO,EXECUTIVE,79.4,9.0,1999,"$379,000",16/12/2021,79.4
JURONG WEST,4-ROOM,125.5,24.0,1978,"$531,000",13/05/2020,125.5
HOUGANG,4-ROOM,81.5,27.0,1997,"$514,000",18/10/2017,81.5
CLEMENTI,3-ROOM,97.1,21.0,2007,"$484,000",2023-11-12,97.1
PUNGGOL,4-ROOM,63.8,12.0,1994,"$325,000",2017-12-26,63.8
WOODLANDS,3-ROOM,100.1,24.0,1981,"$459,000",2019-12-20,100.1
WOODLANDS,4-ROOM,81.2,5.0,1985,"$358,000",2017-02-15,81.2
WOODLANDS,4-ROOM,40.0,1.0,2008,"$150,000",2017-05-15,40.0
GEYLANG,5-ROOM,84.8,29.0,1987,"$394,000",2019-09-29,84.8
GEYLANG,4-ROOM,62.2,23.0,1977,"$241,000",2022-03-15,62.2
HOUGANG,4-ROOM,55.6,12.0,2001,"$237,000",05/06/2019,55.6
HOUGANG,3-ROOM,137.4,23.0,1992,"$631,000",2022-11-07,137.4
ANG MO KIO,3-ROOM,57.0,29.0,1994,"$301,000",2020-08-04,57.0
YISHUN,3-ROOM,83.7,18.0,1986,"$288,000",28/11/2019,83.7
GEYLANG,4-ROOM,68.0,3.0,1994,"$254,000",2022-06-12,68.0
WOODLANDS,4-ROOM,56.0,5.0,2013,"$311,000",2020-05-16,56.0
TAMPINES,4-ROOM,107.6,13.0,1995,"$392,000",2021-09-09,107.6
JURONG WEST,4-ROOM,93.0,24.0,2013,"$460,000",14/03/2017,93.0
BEDOK,5-ROOM,107.4,10.0,2006,"$485,000",2019-11-24,107.4
WOODLANDS,5-ROOM,104.5,18.0,1990,"$415,000",27/05/2018,104.5
TAMPINES,5-ROOM,94.2,27.0,1990,"$466,000",30/12/2021,94.2
BEDOK,4-ROOM,96.4,7.0,1993,"$396,000",2022-10-11,96.4
TAMPINES,3-ROOM,109.0,20.0,1983,"$517,000",2023-04-04,109.0
PUNGGOL,5-ROOM,78.8,1.0,1994,"$381,000",2020-11-18,78.8
HOUGANG,4-ROOM,44.1,3.0,1983,"$150,000",30/11/2018,44.1
ANG MO KIO,4-ROOM,141.6,22.0,1979,"$631,000",2021-06-03,141.6
JURONG WEST,5-ROOM,132.8,9.0,2007,"$652,000",16/04/2021,132.8
BEDOK,3-ROOM,112.7,5.0,2006,"$471,000",2022-05-27,112.7
GEYLANG,3-ROOM,126.4,29.0,1982,"$580,000",02/07/2017,126.4
WOODLANDS,4-ROOM,83.2,27.0,2001,"$469,000",05/08/2023,83.2
HOUGANG,5-ROOM,131.2,10.0,1990,"$547,000",13/11/2022,131.2
GEYLANG,4-ROOM,93.4,5.0,1985,"$444,000",19/06/2017,93.4
ANG MO KIO,EXECUTIVE,90.5,1.0,1988,"$342,000",04/11/2021,90.5
JURONG WEST,4-ROOM,85.8,22.0,1975,"$385,000",26/03/2017,85.8
YISHUN,4-ROOM,68.9,2.0,2004,"$273,000",2017-08-17,68.9
YISHUN,EXECUTIVE,129.9,14.0,2006,"$587,000",30/03/2019,129.9
ANG MO KIO,4-ROOM,118.2,11.0,2001,"$535,000",27/08/2017,118.2
HOUGANG,3-ROOM,83.5,22.0,1983,"$340,000",2021-09-01,83.5
BEDOK,EXECUTIVE,88.1,26.0,1988,"$421,000",2019-08-26,88.1
WOODLANDS,4-ROOM,120.7,26.0,1984,"$578,000",2017-11-23,120.7
YISHUN,3-ROOM,97.1,22.0,1989,"$433,000",2017-05-02,97.1
GEYLANG,5-ROOM,67.3,7.0,1987,"$239,000",21/01/2019,67.3
WOODLANDS,5-ROOM,96.6,1.0,1994,"$360,000",23/04/2019,96.6
WOODLANDS,4-ROOM,94.9,5.0,2009,"$407,000",2022-12-13,94.9
WOODLANDS,EXECUTIVE,110.0,19.0,2007,"$611,000",06/10/2018,110.0
PUNGGOL,4-ROOM,125.8,23.0,1978,"$560,000",2018-08-02,125.8
PUNGGOL,4-ROOM,82.6,10.0,1979,"$403,000",08/02/2022,82.6
PUNGGOL,3-ROOM,104.7,22.0,2014,"$538,000",24/11/2020,104.7
JURONG WEST,4-ROOM,80.5,20.0,1998,"$403,000",28/02/2017,80.5
TAMPINES,3-ROOM,73.5,18.0,1981,"$340,000",2022-11-26,73.5
HOUGANG,4-ROOM,114.1,12.0,1999,"$495,000",2021-08-13,114.1
BEDOK,3-ROOM,141.9,11.0,1995,"$598,000",2019-12-12,141.9
PUNGGOL,5-ROOM,110.3,29.0,1983,"$445,000",2019-03-06,110.3
ANG MO KIO,5-ROOM,95.2,11.0,1980,"$469,000",2017-09-06,95.2
ANG MO KIO,5-ROOM,78.3,2.0,1981,"$236,000",2020-12-01,78.3
YISHUN,3-ROOM,113.5,17.0,1980,"$421,000",27/10/2020,113.5
CLEMENTI,4-ROOM,93.5,7.0,2001,"$411,000",2017-02-24,93.5
JURONG WEST,4-ROOM,85.2,4.0,2006,"$388,000",2018-05-10,85.2
YISHUN,5-ROOM,50.5,29.0,1991,"$256,000",2022-03-06,50.5
ANG MO KIO,3-ROOM,95.0,26.0,2013,"$573,000",18/01/2018,95.0
CLEMENTI,5-ROOM,103.8,8.0,2011,"$484,000",2023-03-01,103.8
WOODLANDS,4-ROOM,75.1,28.0,1993,"$397,000",2022-06-02,75.1
CLEMENTI,4-ROOM,73.0,2.0,1978,"$282,000",06/11/2019,73.0
GEYLANG,4-ROOM,106.7,6.0,2013,"$471,000",09/07/2018,106.7
HOUGANG,5-ROOM,67.6,29.0,2009,"$357,000",20/08/2022,67.6
ANG MO KIO,4-ROOM,100.3,19.0,2013,"$491,000",2018-11-01,100.3
WOODLANDS,3-ROOM,123.8,6.0,1997,"$505,000",2020-08-26,123.8
TAMPINES,3-ROOM,123.9,26.0,1999,"$538,000",2017-08-09,123.9
YISHUN,EXECUTIVE,95.2,19.0,2003,"$469,000",2020-06-22,95.2
JURONG WEST,4-ROOM,117.1,26.0,1975,"$470,000",08/06/2019,117.1
WOODLANDS,3-ROOM,91.4,15.0,1997,"$446,000",2018-02-22,91.4
WOODLANDS,5-ROOM,109.6,5.0,1993,"$435,000",2019-07-12,109.6
WOODLANDS,3-ROOM,116.0,4.0,1989,"$484,000",2019-01-22,116.0
HOUGANG,5-ROOM,126.5,28.0,1991,"$591,000",23/05/2020,126.5
CLEMENTI,3-ROOM,140.4,21.0,2014,"$667,000",16/03/2017,140.4
GEYLANG,3-ROOM,101.4,27.0,2014,"$474,000",01/03/2017,101.4
BEDOK,4-ROOM,101.1,1.0,2014,"$404,000",11/08/2017,101.1
ANG MO KIO,4-ROOM,96.4,9.0,1998,"$477,000",2019-09-09,96.4
JURONG WEST,EXECUTIVE,129.6,11.0,1987,"$553,000",21/03/2020,129.6
TAMPINES,3-ROOM,40.0,23.0,2008,"$276,000",06/05/2017,40.0
GEYLANG,EXECUTIVE,79.1,4.0,2008,"$345,000",24/03/2022,79.1
YISHUN,3-ROOM,128.9,22.0,1987,"$629,000",20/10/2021,128.9
GEYLANG,5-ROOM,86.0,3.0,1997,"$369,000",23/12/2021,86.0
JURONG WEST,3-ROOM,91.6,10.0,2014,"$349,000",02/09/2019,91.6
BEDOK,4-ROOM,100.1,28.0,1994,"$483,000",18/02/2020,100.1
GEYLANG,3-ROOM,87.9,29.0,1997,"$443,000",2023-08-21,87.9
CLEMENTI,3-ROOM,69.9,18.0,1998,"$317,000",09/04/2018,69.9
CLEMENTI,3-ROOM,88.7,27.0,2006,"$449,000",2021-11-15,88.7
WOODLANDS,3-ROOM,74.5,29.0,2005,"$442,000",2020-03-15,74.5
TAMPINES,5-ROOM,118.9,12.0,1979,"$488,000",24/06/2022,118.9
CLEMENTI,3-ROOM,85.7,5.0,1985,"$397,000",2018-09-16,85.7
HOUGANG,EXECUTIVE,76.0,15.0,1994,"$424,000",2017-04-15,76.0
HOUGANG,5-ROOM,47.7,19.0,2014,"$294,000",2022-09-05,47.7
CLEMENTI,3-ROOM,113.6,7.0,1983,"$408,000",2021-06-27,113.6
PUNGGOL,4-ROOM,112.1,22.0,1987,"$559,000",2017-09-07,112.1
GEYLANG,4-ROOM,113.7,15.0,1991,"$566,000",2018-04-22,113.7
GEYLANG,5-ROOM,77.0,28.0,1989,"$382,000",28/06/2018,77.0
CLEMENTI,4-ROOM,97.5,13.0,1984,"$465,000",2023-05-18,97.5
HOUGANG,4-ROOM,101.0,15.0,1981,"$505,000",2022-12-16,101.0
HOUGANG,3-ROOM,89.4,4.0,1979,"$424,000",10/12/2017,89.4
PUNGGOL,5-ROOM,66.9,24.0,1982,"$327,000",23/12/2019,66.9
PUNGGOL,5-ROOM,51.8,12.0,1975,"$264,000",09/12/2019,51.8
CLEMENTI,3-ROOM,104.2,12.0,2004,"$479,000",23/02/2017,104.2
BEDOK,3-ROOM,119.9,6.0,2004,"$484,000",12/07/2023,119.9
BEDOK,5-ROOM,84.8,11.0,2001,"$317,000",2021-07-19,84.8
YISHUN,4-ROOM,93.5,7.0,2011,"$433,000",06/02/2019,93.5
BEDOK,5-ROOM,129.3,24.0,2004,"$635,000",28/04/2021,129.3
CLEMENTI,4-ROOM,50.0,12.0,1976,"$241,000",2018-04-02,50.0
PUNGGOL,4-ROOM,43.9,28.0,1990,"$229,000",2023-11-12,43.9
CLEMENTI,5-ROOM,85.4,15.0,2011,"$399,000",23/06/2021,85.4
BEDOK,EXECUTIVE,109.8,26.0,1997,"$632,000",30/03/2021,109.8
JURONG WEST,4-ROOM,110.0,9.0,2000,"$466,000",2018-09-01,110.0
YISHUN,4-ROOM,43.6,9.0,1976,"$159,000",16/01/2019,43.6
TAMPINES,3-ROOM,100.3,20.0,2006,"$492,000",25/02/2019,100.3
HOUGANG,3-ROOM,88.4,9.0,1998,"$423,000",2017-05-25,88.4
HOUGANG,3-ROOM,78.6,11.0,2014,"$412,000",2017-02-25,78.6
YISHUN,4-ROOM,113.4,11.0,2004,"$539,000",2020-07-02,113.4
JURONG WEST,3-ROOM,104.7,20.0,1979,"$497,000",28/08/2020,104.7
HOUGANG,5-ROOM,85.0,23.0,1998,"$366,000",2020-05-18,85.0
JURONG WEST,5-ROOM,93.6,10.0,1976,"$444,000",29/03/2020,93.6
TAMPINES,4-ROOM,63.7,7.0,1990,"$225,000",2017-04-18,63.7
ANG MO KIO,5-ROOM,98.7,12.0,1990,"$381,000",2023-03-15,98.7
GEYLANG,3-ROOM,126.8,25.0,1979,"$584,000",2018-09-23,126.8
YISHUN,5-ROOM,,15.0,1991,"$307,000",2020-10-13,
TAMPINES,4-ROOM,145.1,13.0,1982,"$576,000",25/11/2021,145.1
WOODLANDS,3-ROOM,82.4,20.0,1999,"$457,000",24/06/2018,82.4
BEDOK,4-ROOM,88.5,28.0,1993,"$437,000",26/12/2021,88.5
WOODLANDS,EXECUTIVE,46.6,4.0,1985,"$170,000",21/07/2020,46.6
HOUGANG,3-ROOM,80.2,28.0,1976,"$389,000",2023-03-06,80.2
PUNGGOL,4-ROOM,115.3,25.0,1981,"$555,000",06/06/2018,115.3
JURONG WEST,3-ROOM,59.0,26.0,1985,"$324,000",2021-01-12,59.0
HOUGANG,5-ROOM,82.3,20.0,2000,"$374,000",2020-07-12,82.3
TAMPINES,3-ROOM,92.8,10.0,2013,"$401,000",12/12/2017,92.8
YISHUN,3-ROOM,82.6,27.0,2003,"$457,000",06/02/2021,82.6
WOODLANDS,3-ROOM,86.9,15.0,2004,"$394,000",15/12/2019,86.9
CLEMENTI,5-ROOM,94.7,8.0,1998,"$358,000",09/02/2021,94.7
BEDOK,5-ROOM,100.6,26.0,1989,"$475,000",2018-10-20,100.6
ANG MO KIO,4-ROOM,87.3,25.0,2005,"$503,000",2019-12-10,87.3
WOODLANDS,3-ROOM,125.7,7.0,1994,"$547,000",17/03/2021,125.7
BEDOK,4-ROOM,122.3,13.0,1979,"$508,000",2022-11-11,122.3
WOODLANDS,3-ROOM,102.9,16.0,2001,"$474,000",2017-06-12,102.9
TAMPINES,5-ROOM,87.8,5.0,2003,"$401,000",09/09/2017,87.8
CLEMENTI,4-ROOM,43.2,10.0,1979,"$150,000",27/02/2020,43.2
TAMPINES,EXECUTIVE,103.5,25.0,1977,"$412,000",2018-08-21,103.5
ANG MO KIO,4-ROOM,94.1,18.0,1995,"$394,000",2019-01-17,94.1
BEDOK,EXECUTIVE,141.3,8.0,1986,"$685,000",04/01/2023,141.3
BEDOK,3-ROOM,92.3,24.0,1996,"$447,000",06/08/2021,92.3
GEYLANG,5-ROOM,112.5,2.0,2009,"$432,000",17/02/2023,112.5
HOUGANG,3-ROOM,79.7,4.0,2002,"$342,000",30/04/2019,79.7
HOUGANG,4-ROOM,108.9,20.0,1981,"$396,000",07/11/2020,108.9
CLEMENTI,4-ROOM,146.9,21.0,2007,"$645,000",22/07/2020,146.9
GEYLANG,3-ROOM,97.2,29.0,2004,"$513,000",2020-11-26,97.2
HOUGANG,4-ROOM,88.6,5.0,1995,"$408,000",07/09/2022,88.6
BEDOK,4-ROOM,73.7,22.0,2000,"$414,000",2018-04-21,73.7
HOUGANG,5-ROOM,107.3,17.0,2008,"$528,000",2021-09-01,107.3
ANG MO KIO,5-ROOM,137.9,14.0,1991,"$621,000",2022-03-19,137.9
PUNGGOL,4-ROOM,119.8,23.0,2005,"$558,000",2023-05-03,119.8
GEYLANG,5-ROOM,95.4,18.0,2013,"$486,000",2021-12-02,95.4
ANG MO KIO,4-ROOM,112.9,25.0,1983,"$541,000",2021-04-04,112.9
JURONG WEST,4-ROOM,97.0,2.0,2001,"$468,000",10/05/2017,97.0
TAMPINES,5-ROOM,92.1,22.0,2010,"$531,000",10/08/2019,92.1
CLEMENTI,4-ROOM,89.7,17.0,1979,"$362,000",2018-10-20,89.7
ANG MO KIO,3-ROOM,105.4,15.0,1984,"$503,000",21/02/2021,105.4
CLEMENTI,EXECUTIVE,104.3,26.0,1999,"$538,000",2021-07-27,104.3
CLEMENTI,3-ROOM,110.1,10.0,2007,"$548,000",19/06/2018,110.1
YISHUN,EXECUTIVE,130.8,22.0,2006,"$701,000",2018-11-01,130.8
ANG MO KIO,3-ROOM,123.2,22.0,2007,"$511,000",2020-11-12,123.2
CLEMENTI,4-ROOM,70.0,8.0,2004,"$256,000",2019-07-25,70.0
CLEMENTI,4-ROOM,66.1,28.0,2014,"$353,000",2017-08-11,66.1
PUNGGOL,4-ROOM,102.7,28.0,2003,"$482,000",18/03/2022,102.7
TAMPINES,4-ROOM,134.6,5.0,1975,"$479,000",2017-01-26,134.6
BEDOK,3-ROOM,92.1,9.0,1987,"$383,000",2020-05-03,92.1
WOODLANDS,4-ROOM,100.6,24.0,1975,"$429,000",29/05/2018,100.6
BEDOK,3-ROOM,84.5,17.0,1980,"$304,000",12/12/2022,84.5
JURONG WEST,4-ROOM,94.8,27.0,2012,"$457,000",2018-06-15,94.8
PUNGGOL,5-ROOM,51.2,9.0,1984,"$205,000",2019-11-08,51.2
PUNGGOL,EXECUTIVE,68.1,23.0,1994,"$317,000",2023-11-05,68.1
JURONG WEST,EXECUTIVE,99.9,27.0,1984,"$517,000",2022-01-11,99.9
HOUGANG,3-ROOM,73.4,15.0,1991,"$342,000",17/06/2018,73.4
PUNGGOL,5-ROOM,82.9,11.0,1999,"$431,000",2022-01-01,82.9
CLEMENTI,3-ROOM,74.7,12.0,1998,"$288,000",2019-01-08,74.7
PUNGGOL,4-ROOM,87.6,22.0,2011,"$418,000",15/03/2021,87.6
BEDOK,5-ROOM,108.5,12.0,2014,"$544,000",2020-02-04,108.5
TAMPINES,5-ROOM,120.8,10.0,2003,"$546,000",09/03/2023,120.8
CLEMENTI,5-ROOM,103.8,19.0,2005,"$502,000",2023-06-24,103.8
WOODLANDS,4-ROOM,90.9,26.0,1978,"$487,000",2021-05-01,90.9
BEDOK,5-ROOM,70.6,1.0,2000,"$220,000",2017-12-02,70.6
YISHUN,4-ROOM,90.0,29.0,1981,"$415,000",21/09/2022,90.0
GEYLANG,5-ROOM,104.8,29.0,2001,"$553,000",2018-01-17,104.8
YISHUN,4-ROOM,102.2,24.0,1997,"$504,000",21/07/2018,102.2
CLEMENTI,3-ROOM,57.1,3.0,2013,"$260,000",2021-11-24,57.1
PUNGGOL,4-ROOM,128.5,28.0,1988,"$607,000",08/04/2017,128.5
BEDOK,5-ROOM,103.7,11.0,1993,"$410,000",01/01/2019,103.7
GEYLANG,5-ROOM,86.5,10.0,1998,"$474,000",2022-02-08,86.5
WOODLANDS,4-ROOM,123.2,1.0,2014,"$525,000",2017-06-12,123.2
WOODLANDS,3-ROOM,87.4,13.0,1981,"$343,000",2022-01-28,87.4
PUNGGOL,5-ROOM,97.9,1.0,2002,"$401,000",21/07/2022,97.9
JURONG WEST,5-ROOM,100.0,13.0,1997,"$483,000",2022-12-04,100.0
BEDOK,4-ROOM,82.1,18.0,2009,"$387,000",2017-06-15,82.1
WOODLANDS,4-ROOM,81.0,16.0,1975,"$354,000",2019-06-25,81.0
HOUGANG,5-ROOM,86.5,9.0,1981,"$353,000",2023-12-23,86.5
GEYLANG,4-ROOM,86.5,22.0,2002,"$383,000",17/03/2023,86.5
JURONG WEST,4-ROOM,110.9,11.0,1994,"$490,000",06/09/2022,110.9
PUNGGOL,5-ROOM,130.2,19.0,2014,"$619,000",29/11/2022,130.2
WOODLANDS,5-ROOM,103.3,7.0,1991,"$392,000",03/12/2019,103.3
GEYLANG,4-ROOM,115.5,9.0,1981,"$454,000",2022-08-19,115.5
JURONG WEST,5-ROOM,127.2,15.0,2011,"$644,000",14/05/2019,127.2
HOUGANG,3-ROOM,110.4,25.0,2011,"$511,000",22/04/2019,110.4
PUNGGOL,4-ROOM,91.9,15.0,2001,"$433,000",2017-07-06,91.9
ANG MO KIO,3-ROOM,61.1,5.0,1977,"$213,000",2019-04-26,61.1
WOODLANDS,3-ROOM,112.5,29.0,1981,"$456,000",2023-03-03,112.5
CLEMENTI,5-ROOM,85.9,12.0,2000,"$402,000",2022-06-01,85.9
PUNGGOL,5-ROOM,84.7,27.0,1994,"$358,000",2017-10-10,84.7
CLEMENTI,5-ROOM,141.9,3.0,1978,"$603,000",2019-12-18,141.9
GEYLANG,3-ROOM,88.8,28.0,1996,"$409,000",2017-05-21,88.8
BEDOK,4-ROOM,78.2,28.0,1995,"$432,000",2019-12-07,78.2
YISHUN,4-ROOM,91.4,6.0,1992,"$332,000",09/03/2023,91.4
WOODLANDS,3-ROOM,106.3,5.0,1988,"$412,000",25/10/2019,106.3
GEYLANG,5-ROOM,101.7,16.0,1975,"$403,000",08/01/2019,101.7
ANG MO KIO,5-ROOM,91.8,4.0,1987,"$361,000",2023-10-11,91.8
GEYLANG,4-ROOM,105.3,28.0,1992,"$553,000",07/04/2023,105.3
BEDOK,4-ROOM,118.0,29.0,1983,"$595,000",18/06/2017,118.0
BEDOK,5-ROOM,82.2,23.0,2013,"$459,000",2022-02-25,82.2
BEDOK,5-ROOM,116.0,7.0,2014,"$572,000",21/08/2020,116.0
GEYLANG,3-ROOM,65.5,15.0,2008,"$347,000",21/04/2017,65.5
PUNGGOL,5-ROOM,102.3,8.0,1993,"$437,000",04/12/2020,102.3
BEDOK,4-ROOM,89.3,22.0,2002,"$477,000",2017-12-29,89.3
YISHUN,4-ROOM,110.1,18.0,1984,"$467,000",16/04/2017,110.1
GEYLANG,EXECUTIVE,70.9,5.0,2009,"$307,000",21/01/2018,70.9
CLEMENTI,EXECUTIVE,111.7,14.0,1984,"$483,000",10/06/2020,111.7
CLEMENTI,4-ROOM,76.9,11.0,2001,"$336,000",11/08/2018,76.9
WOODLANDS,4-ROOM,98.9,1.0,2009,"$381,000",2019-11-16,98.9
ANG MO KIO,3-ROOM,92.0,13.0,2008,"$448,000",2023-02-16,92.0
PUNGGOL,5-ROOM,87.1,18.0,1991,"$462,000",2020-09-26,87.1
CLEMENTI,5-ROOM,75.8,2.0,2013,"$333,000",01/08/2023,75.8
HOUGANG,4-ROOM,50.0,20.0,1987,"$207,000",14/09/2020,50.0
BEDOK,5-ROOM,74.2,6.0,1975,"$313,000",04/04/2020,74.2
PUNGGOL,4-ROOM,59.3,16.0,1993,"$245,000",2018-10-09,59.3
BEDOK,3-ROOM,110.8,20.0,1989,"$535,000",17/02/2021,110.8
ANG MO KIO,3-ROOM,63.3,19.0,1995,"$310,000",15/09/2022,63.3
ANG MO KIO,3-ROOM,83.6,7.0,1995,"$324,000",17/07/2018,83.6
PUNGGOL,EXECUTIVE,116.0,15.0,1984,"$488,000",30/10/2018,116.0
BEDOK,5-ROOM,100.4,28.0,2014,"$540,000",2023-04-10,100.4
GEYLANG,4-ROOM,142.6,23.0,1985,"$711,000",2017-11-08,142.6
GEYLANG,3-ROOM,104.4,8.0,1981,"$401,000",04/10/2019,104.4
HOUGANG,5-ROOM,78.5,7.0,2013,"$326,000",2020-09-28,78.5
HOUGANG,4-ROOM,99.0,7.0,1990,"$437,000",01/02/2021,99.0
CLEMENTI,5-ROOM,97.4,24.0,1997,"$468,000",2019-04-27,97.4
PUNGGOL,4-ROOM,68.3,,1985,"$272,000",16/12/2022,68.3
GEYLANG,4-ROOM,120.2,7.0,1985,"$585,000",10/02/2023,120.2
GEYLANG,3-ROOM,118.8,6.0,2011,"$548,000",19/10/2020,118.8
BEDOK,5-ROOM,115.1,5.0,1978,"$494,000",10/08/2020,115.1
YISHUN,3-ROOM,120.2,1.0,1994,"$553,000",2023-12-16,120.2
CLEMENTI,5-ROOM,71.4,24.0,2006,"$415,000",2019-05-13,71.4
PUNGGOL,3-ROOM,111.5,3.0,2009,"$470,000",2022-05-10,111.5
JURONG WEST,4-ROOM,123.4,7.0,1998,"$525,000",13/06/2021,123.4
PUNGGOL,EXECUTIVE,82.3,18.0,2002,"$407,000",2018-04-14,82.3
PUNGGOL,4-ROOM,76.4,24.0,1982,"$320,000",2023-04-23,76.4
HOUGANG,4-ROOM,116.7,14.0,2008,"$587,000",2021-03-23,116.7
WOODLANDS,4-ROOM,126.1,19.0,1993,"$507,000",2017-01-03,126.1
HOUGANG,4-ROOM,,5.0,2014,"$479,000",2017-01-07,
WOODLANDS,3-ROOM,40.0,1.0,1986,"$180,000",02/12/2019,40.0
HOUGANG,3-ROOM,108.4,26.0,1996,"$489,000",19/07/2023,108.4
BEDOK,4-ROOM,82.7,6.0,1991,"$344,000",2022-11-15,82.7
GEYLANG,5-ROOM,79.4,25.0,2010,"$394,000",20/07/2018,79.4
GEYLANG,3-ROOM,91.0,8.0,1983,"$311,000",03/10/2020,91.0
GEYLANG,3-ROOM,118.4,15.0,1982,"$523,000",2020-03-16,118.4
YISHUN,4-ROOM,80.1,12.0,1991,"$297,000",2017-03-05,80.1
JURONG WEST,3-ROOM,91.1,27.0,2013,"$471,000",2023-09-05,91.1
WOODLANDS,5-ROOM,66.5,17.0,1987,"$319,000",2020-01-02,66.5
TAMPINES,3-ROOM,64.0,7.0,1977,"$261,000",06/01/2022,64.0
WOODLANDS,3-ROOM,81.9,16.0,2006,"$320,000",2018-10-24,81.9
CLEMENTI,4-ROOM,72.9,10.0,2011,"$361,000",2023-09-21,72.9
JURONG WEST,4-ROOM,74.1,16.0,2008,"$342,000",2020-09-05,74.1
PUNGGOL,4-ROOM,88.7,11.0,1986,"$302,000",21/03/2020,88.7
PUNGGOL,4-ROOM,101.6,9.0,1992,"$408,000",01/09/2020,101.6
CLEMENTI,4-ROOM,98.1,28.0,1976,"$473,000",2017-04-28,98.1
TAMPINES,4-ROOM,126.2,8.0,1991,"$500,000",2021-11-11,126.2
GEYLANG,4-ROOM,99.1,24.0,2005,"$491,000",17/05/2022,99.1
JURONG WEST,4-ROOM,120.7,28.0,2008,"$566,000",2018-07-17,120.7
ANG MO KIO,3-ROOM,114.7,14.0,2008,"$526,000",2020-04-17,114.7
BEDOK,5-ROOM,123.7,9.0,2002,"$508,000",2020-03-07,123.7
WOODLANDS,4-ROOM,102.3,10.0,1987,"$390,000",2018-09-26,102.3
ANG MO KIO,4-ROOM,70.6,7.0,2004,"$260,000",2019-06-28,70.6
CLEMENTI,4-ROOM,71.3,23.0,2011,"$311,000",25/11/2022,71.3
BEDOK,3-ROOM,92.3,20.0,1986,"$394,000",01/01/2022,92.3
WOODLANDS,3-ROOM,94.5,11.0,1985,"$366,000",2023-06-13,94.5
BEDOK,4-ROOM,92.7,3.0,1986,"$319,000",2017-12-26,92.7
GEYLANG,4-ROOM,78.9,26.0,1985,"$368,000",24/11/2022,78.9
HOUGANG,4-ROOM,115.6,16.0,1975,"$468,000",2020-03-17,115.6
BEDOK,3-ROOM,,20.0,2002,"$373,000",21/08/2018,
BEDOK,3-ROOM,133.3,8.0,1992,"$601,000",30/11/2017,133.3
HOUGANG,3-ROOM,68.0,16.0,2013,"$306,000",20/02/2020,68.0
GEYLANG,EXECUTIVE,91.7,10.0,1978,"$317,000",2017-11-04,91.7
ANG MO KIO,3-ROOM,69.8,14.0,2011,"$312,000",2019-07-24,69.8
HOUGANG,3-ROOM,119.8,6.0,2001,"$564,000",2019-09-02,119.8
PUNGGOL,5-ROOM,106.7,9.0,2013,"$385,000",2023-04-08,106.7
WOODLANDS,3-ROOM,64.3,26.0,2014,"$351,000",13/07/2019,64.3
YISHUN,3-ROOM,126.0,12.0,2002,"$613,000",2018-03-31,126.0
HOUGANG,4-ROOM,113.2,1.0,2012,"$504,000",2019-06-30,113.2
BEDOK,5-ROOM,73.5,9.0,1986,"$324,000",23/09/2017,73.5
JURONG WEST,3-ROOM,91.0,3.0,2010,"$371,000",2019-01-08,91.0
PUNGGOL,3-ROOM,71.9,19.0,1988,"$346,000",01/09/2021,71.9
CLEMENTI,4-ROOM,79.6,13.0,1990,"$350,000",19/01/2017,79.6
YISHUN,4-ROOM,99.4,26.0,2003,"$511,000",11/03/2020,99.4
CLEMENTI,4-ROOM,107.7,26.0,1998,"$463,000",06/05/2017,107.7
HOUGANG,EXECUTIVE,57.6,2.0,1977,"$236,000",26/01/2018,57.6
ANG MO KIO,4-ROOM,89.5,6.0,2005,"$360,000",2021-03-01,89.5
YISHUN,4-ROOM,89.6,19.0,1990,"$380,000",2017-08-19,89.6
YISHUN,3-ROOM,76.1,21.0,1995,"$382,000",01/12/2020,76.1
GEYLANG,5-ROOM,96.4,7.0,2014,"$424,000",22/09/2017,96.4
TAMPINES,4-ROOM,101.1,25.0,2009,"$546,000",2017-09-07,101.1
WOODLANDS,3-ROOM,90.3,5.0,2009,"$392,000",10/08/2020,90.3
TAMPINES,4-ROOM,104.1,29.0,1983,"$474,000",2020-05-02,104.1
JURONG WEST,3-ROOM,107.8,23.0,2012,"$510,000",06/02/2020,107.8
TAMPINES,3-ROOM,91.0,14.0,1979,"$336,000",2019-12-31,91.0
CLEMENTI,5-ROOM,65.0,4.0,2006,"$270,000",12/03/2020,65.0
TAMPINES,3-ROOM,99.5,10.0,2009,"$402,000",2022-11-19,99.5
WOODLANDS,5-ROOM,82.8,16.0,1999,"$472,000",2020-01-09,82.8
YISHUN,3-ROOM,110.7,5.0,2013,"$571,000",28/02/2017,110.7
YISHUN,4-ROOM,111.8,13.0,2011,"$502,000",15/02/2017,111.8
JURONG WEST,4-ROOM,69.7,29.0,1986,"$387,000",01/12/2019,69.7
BEDOK,3-ROOM,89.2,11.0,2005,"$420,000",15/04/2022,89.2
BEDOK,5-ROOM,88.3,5.0,1982,"$315,000",03/02/2018,88.3
HOUGANG,3-ROOM,99.0,25.0,1998,"$444,000",2017-06-26,99.0
BEDOK,4-ROOM,77.6,7.0,1992,"$275,000",2023-12-08,77.6
YISHUN,EXECUTIVE,135.4,20.0,1981,"$581,000",27/07/2020,135.4
BEDOK,4-ROOM,100.4,10.0,1987,"$530,000",31/10/2021,100.4
WOODLANDS,3-ROOM,140.3,12.0,1988,"$552,000",2021-09-25,140.3
TAMPINES,EXECUTIVE,106.4,20.0,1978,"$451,000",19/05/2022,106.4
BEDOK,3-ROOM,92.1,25.0,1990,"$461,000",2021-09-03,92.1
TAMPINES,5-ROOM,88.2,20.0,1975,"$360,000",2021-06-20,88.2
BEDOK,3-ROOM,124.5,27.0,1987,"$590,000",03/08/2021,124.5
CLEMENTI,4-ROOM,84.7,9.0,1994,"$398,000",09/11/2021,84.7
BEDOK,4-ROOM,77.5,11.0,1980,"$290,000",2019-07-29,77.5
ANG MO KIO,5-ROOM,57.7,14.0,1991,"$262,000",17/09/2018,57.7
ANG MO KIO,EXECUTIVE,55.5,26.0,1995,"$294,000",08/01/2017,55.5
PUNGGOL,3-ROOM,74.0,1.0,1980,"$327,000",2021-03-24,74.0
TAMPINES,4-ROOM,99.6,27.0,1979,"$407,000",20/12/2017,99.6
TAMPINES,EXECUTIVE,75.6,22.0,2012,"$396,000",2023-07-11,75.6
BEDOK,5-ROOM,131.9,16.0,2002,"$637,000",20/10/2022,131.9
ANG MO KIO,5-ROOM,76.6,11.0,2002,"$363,000",29/01/2020,76.6
JURONG WEST,4-ROOM,90.8,21.0,2000,"$454,000",15/10/2017,90.8
JURONG WEST,5-ROOM,96.3,15.0,1987,"$434,000",2021-02-06,96.3
WOODLANDS,4-ROOM,110.1,6.0,1995,"$518,000",10/09/2018,110.1
JURONG WEST,4-ROOM,64.8,16.0,1999,"$323,000",2021-07-10,64.8
PUNGGOL,3-ROOM,86.5,2.0,1985,"$386,000",23/06/2020,86.5
TAMPINES,3-ROOM,75.3,11.0,1982,"$311,000",2018-11-18,75.3
YISHUN,3-ROOM,86.6,22.0,2007,"$426,000",03/01/2023,86.6
WOODLANDS,3-ROOM,121.8,25.0,1992,"$575,000",2018-08-27,121.8
PUNGGOL,4-ROOM,90.6,10.0,1981,"$434,000",2018-07-19,90.6
PUNGGOL,3-ROOM,119.9,4.0,1994,"$491,000",2023-04-14,119.9
GEYLANG,3-ROOM,132.7,1.0,1987,"$561,000",2021-10-09,132.7
PUNGGOL,5-ROOM,69.8,26.0,2011,"$393,000",18/12/2022,69.8
JURONG WEST,5-ROOM,74.2,19.0,2014,"$295,000",21/09/2021,74.2
PUNGGOL,5-ROOM,88.8,5.0,1983,"$347,000",17/02/2018,88.8
JURONG WEST,4-ROOM,124.6,15.0,1989,"$516,000",2017-10-14,124.6
WOODLANDS,3-ROOM,81.1,6.0,1989,"$282,000",2019-05-29,81.1
BEDOK,5-ROOM,93.7,13.0,2004,"$400,000",04/03/2023,93.7
HOUGANG,5-ROOM,113.3,20.0,1994,"$528,000",2017-05-25,113.3
GEYLANG,EXECUTIVE,123.2,28.0,2001,"$621,000",2023-02-24,123.2
JURONG WEST,4-ROOM,63.8,24.0,1997,"$284,000",06/09/2018,63.8
GEYLANG,4-ROOM,112.7,8.0,2003,"$494,000",01/08/2018,112.7
PUNGGOL,5-ROOM,105.7,21.0,1977,"$465,000",08/08/2019,105.7
TAMPINES,4-ROOM,72.6,23.0,1993,"$380,000",2021-01-27,72.6
WOODLANDS,3-ROOM,85.7,16.0,2001,"$450,000",2020-10-11,85.7
WOODLANDS,3-ROOM,59.7,16.0,1992,"$300,000",26/04/2021,59.7
PUNGGOL,4-ROOM,87.2,10.0,1979,"$355,000",08/04/2020,87.2
PUNGGOL,5-ROOM,72.2,23.0,1980,"$307,000",2020-10-23,72.2
GEYLANG,5-ROOM,46.4,12.0,1998,"$166,000",2017-02-24,46.4
PUNGGOL,3-ROOM,99.5,26.0,2013,"$515,000",16/10/2019,99.5
BEDOK,5-ROOM,83.1,3.0,1994,"$327,000",2022-03-10,83.1
TAMPINES,EXECUTIVE,75.0,27.0,1990,"$397,000",28/02/2017,75.0
GEYLANG,3-ROOM,97.5,16.0,2003,"$423,000",30/11/2023,97.5
WOODLANDS,3-ROOM,76.0,19.0,2011,"$366,000",07/10/2022,76.0
PUNGGOL,4-ROOM,84.7,15.0,2012,"$409,000",2021-04-22,84.7
JURONG WEST,3-ROOM,90.6,24.0,2009,"$422,000",2021-01-09,90.6
BEDOK,5-ROOM,101.9,2.0,2011,"$377,000",09/01/2017,101.9
HOUGANG,5-ROOM,86.4,24.0,1990,"$457,000",17/02/2023,86.4
CLEMENTI,3-ROOM,107.6,19.0,1977,"$578,000",05/05/2022,107.6
HOUGANG,4-ROOM,82.1,21.0,1984,"$360,000",02/05/2022,82.1
JURONG WEST,5-ROOM,78.2,16.0,1987,"$319,000",18/05/2022,78.2
BEDOK,4-ROOM,87.0,11.0,1982,"$350,000",2019-04-25,87.0
JURONG WEST,3-ROOM,102.2,18.0,1998,"$508,000",2018-02-22,102.2
BEDOK,5-ROOM,107.8,8.0,1981,"$463,000",16/03/2020,107.8
PUNGGOL,4-ROOM,118.8,8.0,1998,"$508,000",18/01/2020,118.8
GEYLANG,3-ROOM,84.8,16.0,1987,"$369,000",08/11/2023,84.8
BEDOK,4-ROOM,100.9,27.0,1976,"$441,000",2017-06-15,100.9
GEYLANG,5-ROOM,94.0,8.0,1983,"$342,000",2017-05-08,94.0
TAMPINES,3-ROOM,100.5,9.0,2012,"$418,000",2018-12-16,100.5
JURONG WEST,5-ROOM,87.1,3.0,1978,"$345,000",2023-05-31,87.1
JURONG WEST,3-ROOM,88.6,29.0,2004,"$380,000",14/09/2020,88.6
HOUGANG,4-ROOM,137.3,18.0,2002,"$667,000",17/04/2022,137.3
ANG MO KIO,4-ROOM,92.4,28.0,1986,"$450,000",2023-05-13,92.4
JURONG WEST,4-ROOM,120.6,20.0,1995,"$564,000",21/10/2023,120.6
GEYLANG,4-ROOM,85.1,12.0,1977,"$386,000",01/03/2023,85.1
PUNGGOL,4-ROOM,78.8,15.0,2005,"$322,000",11/11/2021,78.8
WOODLANDS,5-ROOM,118.9,25.0,2003,"$594,000",2020-01-02,118.9
CLEMENTI,3-ROOM,83.2,9.0,1979,"$268,000",2017-09-16,83.2
GEYLANG,5-ROOM,119.7,13.0,2012,"$530,000",06/09/2019,119.7
WOODLANDS,3-ROOM,54.0,14.0,1978,"$234,000",2018-04-04,54.0
TAMPINES,5-ROOM,78.9,23.0,1999,"$403,000",2017-07-10,78.9
TAMPINES,4-ROOM,116.7,3.0,1978,"$463,000",10/01/2019,116.7
JURONG WEST,5-ROOM,62.0,9.0,1977,"$231,000",2019-04-08,62.0
WOODLANDS,5-ROOM,142.7,18.0,1987,"$615,000",2021-04-09,142.7
PUNGGOL,4-ROOM,106.7,28.0,2004,"$604,000",2021-10-23,106.7
TAMPINES,4-ROOM,100.7,15.0,1991,"$404,000",26/08/2022,100.7
GEYLANG,3-ROOM,93.1,19.0,2013,"$479,000",26/12/2020,93.1
JURONG WEST,4-ROOM,95.7,29.0,1996,"$495,000",23/07/2023,95.7
BEDOK,5-ROOM,65.5,16.0,1979,"$261,000",17/10/2018,65.5
BEDOK,3-ROOM,65.7,28.0,2006,"$321,000",22/05/2020,65.7
BEDOK,5-ROOM,60.9,3.0,2005,"$217,000",06/12/2018,60.9
TAMPINES,5-ROOM,73.2,3.0,2009,"$284,000",05/02/2023,73.2
BEDOK,5-ROOM,96.5,2.0,2009,"$438,000",07/03/2020,96.5
CLEMENTI,3-ROOM,98.7,28.0,2013,"$597,000",16/09/2018,98.7
JURONG WEST,5-ROOM,104.4,1.0,1976,"$379,000",21/04/2020,104.4
BEDOK,4-ROOM,73.7,6.0,1981,"$315,000",2019-01-09,73.7
CLEMENTI,5-ROOM,136.6,26.0,2003,"$628,000",05/04/2023,136.6
YISHUN,3-ROOM,121.9,19.0,2014,"$615,000",22/07/2017,121.9
ANG MO KIO,4-ROOM,130.0,7.0,2002,"$525,000",02/12/2023,130.0
HOUGANG,5-ROOM,50.4,25.0,1985,"$249,000",2021-04-19,50.4
GEYLANG,5-ROOM,65.7,9.0,1991,"$256,000",2018-09-16,65.7
HOUGANG,3-ROOM,79.1,14.0,2003,"$337,000",15/01/2022,79.1
WOODLANDS,3-ROOM,78.8,7.0,2006,"$374,000",05/01/2023,78.8
ANG MO KIO,3-ROOM,75.0,27.0,2014,"$402,000",18/02/2019,75.0
ANG MO KIO,4-ROOM,104.1,12.0,1999,"$460,000",08/12/2021,104.1
BEDOK,EXECUTIVE,82.0,10.0,2010,"$435,000",2019-08-17,82.0
JURONG WEST,3-ROOM,73.1,20.0,2009,"$354,000",2018-10-24,73.1
PUNGGOL,EXECUTIVE,84.3,23.0,1980,"$388,000",07/01/2023,84.3
CLEMENTI,EXECUTIVE,98.2,17.0,1984,"$401,000",29/11/2018,98.2
TAMPINES,5-ROOM,104.0,8.0,1998,"$435,000",05/04/2018,104.0
TAMPINES,3-ROOM,119.7,17.0,1998,"$521,000",2023-05-14,119.7
CLEMENTI,3-ROOM,138.7,21.0,1977,"$662,000",12/12/2023,138.7
PUNGGOL,3-ROOM,58.1,22.0,2008,"$332,000",29/01/2018,58.1
WOODLANDS,4-ROOM,89.3,29.0,1996,"$507,000",2020-01-01,89.3
PUNGGOL,4-ROOM,136.4,4.0,2013,"$585,000",27/01/2018,136.4
BEDOK,3-ROOM,73.3,7.0,2001,"$287,000",2023-09-25,73.3
HOUGANG,4-ROOM,78.0,10.0,2009,"$322,000",17/08/2018,78.0
JURONG WEST,5-ROOM,129.2,8.0,2004,"$596,000",05/01/2021,129.2
BEDOK,4-ROOM,117.7,3.0,1987,"$471,000",2020-10-10,117.7
HOUGANG,5-ROOM,88.4,21.0,2009,"$440,000",10/10/2018,88.4
GEYLANG,4-ROOM,70.6,14.0,2013,"$338,000",2022-06-21,70.6
PUNGGOL,4-ROOM,112.4,13.0,2002,"$494,000",02/04/2017,112.4
PUNGGOL,4-ROOM,62.5,5.0,2009,"$234,000",2019-07-17,62.5
GEYLANG,5-ROOM,96.5,20.0,1975,"$431,000",2017-09-06,96.5
GEYLANG,5-ROOM,157.1,5.0,2000,"$677,000",31/10/2022,157.1
WOODLANDS,3-ROOM,63.1,6.0,1998,"$309,000",2021-03-23,63.1
CLEMENTI,3-ROOM,75.1,24.0,2004,"$354,000",12/11/2017,75.1
JURONG WEST,5-ROOM,83.0,27.0,1998,"$457,000",2023-01-22,83.0
GEYLANG,3-ROOM,70.6,14.0,1978,"$295,000",2020-11-28,70.6
YISHUN,3-ROOM,111.4,1.0,1983,"$485,000",16/10/2020,111.4
YISHUN,4-ROOM,93.5,29.0,1989,"$415,000",27/12/2021,93.5
JURONG WEST,3-ROOM,107.5,10.0,2004,"$436,000",04/05/2017,107.5
PUNGGOL,5-ROOM,131.6,22.0,2014,"$601,000",08/09/2023,131.6
CLEMENTI,4-ROOM,89.9,6.0,1975,"$359,000",23/09/2019,89.9
ANG MO KIO,3-ROOM,116.2,25.0,1978,"$517,000",24/11/2018,116.2
ANG MO KIO,EXECUTIVE,109.9,7.0,1989,"$433,000",2018-12-23,109.9
JURONG WEST,5-ROOM,111.7,6.0,1976,"$453,000",2022-12-08,111.7
ANG MO KIO,5-ROOM,40.0,3.0,2010,"$193,000",2022-10-03,40.0
BEDOK,5-ROOM,138.9,23.0,2006,"$670,000",07/06/2017,138.9
TAMPINES,3-ROOM,112.6,5.0,1976,"$475,000",29/04/2023,112.6
HOUGANG,4-ROOM,57.7,9.0,2009,"$223,000",2020-07-22,57.7
YISHUN,3-ROOM,119.4,7.0,1989,"$441,000",15/01/2020,119.4
PUNGGOL,4-ROOM,78.7,28.0,1999,"$429,000",2022-08-16,78.7
ANG MO KIO,4-ROOM,95.4,23.0,2007,"$439,000",11/11/2023,95.4
WOODLANDS,3-ROOM,106.3,23.0,1979,"$505,000",2019-07-10,106.3
YISHUN,5-ROOM,81.5,5.0,2003,"$379,000",2023-07-12,81.5
ANG MO KIO,3-ROOM,124.5,14.0,2008,"$555,000",02/02/2022,124.5
JURONG WEST,5-ROOM,99.8,25.0,2005,"$526,000",2021-01-12,99.8
YISHUN,5-ROOM,72.4,10.0,1988,"$222,000",2021-09-07,72.4
GEYLANG,5-ROOM,77.2,12.0,1996,"$360,000",2022-03-13,77.2
HOUGANG,4-ROOM,98.1,25.0,1992,"$508,000",2020-11-09,98.1
WOODLANDS,4-ROOM,98.1,29.0,1982,"$521,000",12/03/2020,98.1
PUNGGOL,3-ROOM,93.2,8.0,1984,"$399,000",09/10/2021,93.2
WOODLANDS,3-ROOM,82.0,24.0,1983,"$369,000",2019-10-26,82.0
GEYLANG,4-ROOM,120.0,21.0,1978,"$458,000",04/12/2023,120.0
TAMPINES,EXECUTIVE,119.2,15.0,2007,"$511,000",31/07/2023,119.2
TAMPINES,3-ROOM,64.5,18.0,2003,"$342,000",01/11/2019,64.5
BEDOK,5-ROOM,111.5,11.0,2010,"$479,000",2020-02-04,111.5
HOUGANG,5-ROOM,47.9,27.0,2014,"$293,000",25/08/2020,47.9
BEDOK,3-ROOM,84.0,4.0,1981,"$324,000",14/06/2020,84.0
TAMPINES,3-ROOM,106.6,6.0,1989,"$453,000",2020-10-18,106.6
WOODLANDS,EXECUTIVE,122.5,5.0,1977,"$459,000",11/03/2020,122.5
WOODLANDS,5-ROOM,,15.0,2000,"$412,000",2023-02-03,
JURONG WEST,3-ROOM,102.8,19.0,1976,"$439,000",2019-03-14,102.8
TAMPINES,3-ROOM,97.8,26.0,2014,"$451,000",14/03/2022,97.8
CLEMENTI,3-ROOM,105.0,6.0,1989,"$503,000",2020-08-27,105.0
HOUGANG,3-ROOM,86.8,10.0,1989,"$256,000",2019-09-13,86.8
PUNGGOL,4-ROOM,109.5,29.0,1979,"$580,000",16/03/2022,109.5
JURONG WEST,3-ROOM,113.3,24.0,2010,"$602,000",17/09/2018,113.3
GEYLANG,5-ROOM,111.7,14.0,2006,"$491,000",2021-07-27,111.7
JURONG WEST,5-ROOM,90.7,5.0,1997,"$362,000",2021-11-23,90.7
TAMPINES,3-ROOM,79.8,22.0,2011,"$371,000",2023-08-26,79.8
GEYLANG,3-ROOM,,7.0,1998,"$481,000",07/05/2017,
HOUGANG,3-ROOM,63.7,26.0,1987,"$268,000",2017-08-10,63.7
WOODLANDS,3-ROOM,92.8,20.0,2005,"$492,000",23/06/2023,92.8
CLEMENTI,3-ROOM,80.7,13.0,1996,"$374,000",2022-01-09,80.7
ANG MO KIO,5-ROOM,69.5,15.0,2005,"$332,000",2019-02-26,69.5
HOUGANG,5-ROOM,97.3,1.0,1986,"$413,000",16/08/2019,97.3
PUNGGOL,4-ROOM,85.5,15.0,2010,"$376,000",2018-01-30,85.5
TAMPINES,5-ROOM,101.2,3.0,1992,"$422,000",28/03/2020,101.2
BEDOK,5-ROOM,107.3,22.0,2000,"$534,000",18/08/2023,107.3
HOUGANG,4-ROOM,110.5,12.0,1993,"$476,000",02/04/2019,110.5
HOUGANG,5-ROOM,83.4,16.0,1996,"$312,000",01/06/2023,83.4
BEDOK,4-ROOM,114.2,9.0,2013,"$449,000",24/01/2023,114.2
ANG MO KIO,3-ROOM,48.3,24.0,1978,"$239,000",20/04/2021,48.3
TAMPINES,5-ROOM,93.3,25.0,1996,"$465,000",21/09/2017,93.3
GEYLANG,5-ROOM,83.4,2.0,1989,"$340,000",19/05/2018,83.4
TAMPINES,4-ROOM,88.7,10.0,1983,"$371,000",05/09/2023,88.7
TAMPINES,EXECUTIVE,57.8,21.0,1986,"$313,000",2020-02-15,57.8
TAMPINES,4-ROOM,103.8,11.0,2010,"$465,000",07/01/2021,103.8
ANG MO KIO,5-ROOM,71.6,2.0,1977,"$305,000",29/05/2020,71.6
TAMPINES,4-ROOM,89.6,18.0,1998,"$462,000",04/11/2018,89.6
GEYLANG,3-ROOM,59.2,15.0,1996,"$245,000",19/04/2022,59.2
PUNGGOL,4-ROOM,108.1,18.0,1978,"$494,000",2017-10-08,108.1
WOODLANDS,3-ROOM,110.3,20.0,1987,"$516,000",08/01/2022,110.3
GEYLANG,EXECUTIVE,48.8,1.0,1994,"$201,000",2020-03-14,48.8
GEYLANG,5-ROOM,125.3,19.0,1980,"$563,000",2023-05-12,125.3
BEDOK,3-ROOM,84.9,7.0,1998,"$340,000",2018-08-02,84.9
JURONG WEST,3-ROOM,127.5,20.0,1989,"$655,000",2017-05-05,127.5
YISHUN,5-ROOM,89.1,11.0,1976,"$326,000",2018-11-29,89.1
HOUGANG,4-ROOM,65.8,4.0,2008,"$169,000",2019-11-27,65.8
JURONG WEST,5-ROOM,65.7,11.0,2012,"$250,000",04/09/2023,65.7
CLEMENTI,4-ROOM,90.9,26.0,1996,"$420,000",07/08/2022,90.9
BEDOK,5-ROOM,88.1,7.0,1993,"$370,000",19/01/2022,88.1
PUNGGOL,4-ROOM,132.9,16.0,1994,"$535,000",2022-11-09,132.9
CLEMENTI,4-ROOM,53.1,10.0,2011,"$187,000",27/01/2019,53.1
CLEMENTI,3-ROOM,87.8,25.0,2008,"$491,000",05/11/2022,87.8
WOODLANDS,5-ROOM,113.3,18.0,2009,"$584,000",2019-02-10,113.3
PUNGGOL,5-ROOM,125.6,7.0,1982,"$517,000",2023-07-02,125.6
HOUGANG,EXECUTIVE,104.3,15.0,2001,"$463,000",2021-10-30,104.3
BEDOK,3-ROOM,107.2,12.0,1993,"$475,000",2017-06-18,107.2
ANG MO KIO,3-ROOM,115.1,9.0,1989,"$515,000",2019-04-05,115.1
JURONG WEST,5-ROOM,109.2,15.0,2000,"$560,000",02/10/2022,109.2
CLEMENTI,3-ROOM,85.9,19.0,1980,"$396,000",14/11/2020,85.9
TAMPINES,4-ROOM,63.9,8.0,1984,"$237,000",25/01/2018,63.9
CLEMENTI,5-ROOM,74.6,20.0,2013,"$411,000",24/02/2018,74.6
YISHUN,3-ROOM,110.2,7.0,2010,"$478,000",19/08/2017,110.2
TAMPINES,4-ROOM,82.0,8.0,1995,"$411,000",13/05/2020,82.0
HOUGANG,EXECUTIVE,55.7,12.0,1999,"$262,000",21/12/2021,55.7
WOODLANDS,3-ROOM,57.5,27.0,1982,"$328,000",2017-07-18,57.5
BEDOK,5-ROOM,100.7,1.0,2009,"$465,000",07/01/2022,100.7
ANG MO KIO,4-ROOM,107.3,9.0,2007,"$483,000",2021-10-02,107.3
GEYLANG,5-ROOM,77.9,11.0,1994,"$367,000",18/07/2018,77.9
PUNGGOL,4-ROOM,89.5,20.0,1988,"$422,000",15/02/2020,89.5
WOODLANDS,5-ROOM,91.2,10.0,2001,"$440,000",2022-12-30,91.2
ANG MO KIO,4-ROOM,94.5,13.0,2004,"$428,000",2022-03-31,94.5
TAMPINES,3-ROOM,89.8,24.0,2008,"$508,000",14/06/2019,89.8
BEDOK,5-ROOM,96.1,26.0,1991,"$461,000",2023-02-09,96.1
GEYLANG,4-ROOM,105.0,20.0,2003,"$520,000",03/10/2023,105.0
CLEMENTI,5-ROOM,85.7,13.0,1998,"$380,000",2018-03-07,85.7
WOODLANDS,4-ROOM,83.9,7.0,1996,"$392,000",19/04/2020,83.9
CLEMENTI,5-ROOM,125.6,17.0,1990,"$604,000",28/06/2017,125.6
WOODLANDS,4-ROOM,70.2,3.0,2009,"$300,000",2019-07-02,70.2
JURONG WEST,4-ROOM,89.7,22.0,1992,"$433,000",25/11/2017,89.7
PUNGGOL,5-ROOM,110.2,8.0,1988,"$492,000",08/09/2022,110.2
WOODLANDS,3-ROOM,76.9,20.0,1999,"$388,000",20/02/2018,76.9
CLEMENTI,4-ROOM,131.2,18.0,1994,"$570,000",2023-03-20,131.2
HOUGANG,4-ROOM,85.9,10.0,1998,"$453,000",2021-11-01,85.9
WOODLANDS,3-ROOM,70.1,28.0,2014,"$386,000",08/10/2023,70.1
CLEMENTI,5-ROOM,74.7,7.0,1999,"$346,000",2020-11-13,74.7
CLEMENTI,4-ROOM,72.2,17.0,2014,"$397,000",2021-04-05,72.2
YISHUN,3-ROOM,81.1,3.0,1979,"$310,000",15/10/2019,81.1
WOODLANDS,4-ROOM,88.8,19.0,2001,"$380,000",2021-09-10,88.8
HOUGANG,3-ROOM,105.3,18.0,1998,"$470,000",18/12/2017,105.3
PUNGGOL,5-ROOM,81.6,8.0,1991,"$375,000",2022-07-04,81.6
HOUGANG,4-ROOM,89.3,13.0,2014,"$466,000",20/04/2019,89.3
YISHUN,4-ROOM,93.6,13.0,2010,"$473,000",24/08/2018,93.6
TAMPINES,3-ROOM,117.9,24.0,1975,"$513,000",27/03/2023,117.9
GEYLANG,4-ROOM,98.3,16.0,2014,"$473,000",2019-06-09,98.3
GEYLANG,4-ROOM,64.3,25.0,1997,"$425,000",2018-09-21,64.3
GEYLANG,5-ROOM,127.5,12.0,1991,"$568,000",19/09/2022,127.5
JURONG WEST,5-ROOM,81.3,24.0,1996,"$438,000",2023-08-18,81.3
GEYLANG,4-ROOM,88.1,2.0,2009,"$380,000",2022-02-10,88.1
TAMPINES,5-ROOM,125.1,26.0,1982,"$563,000",27/09/2017,125.1
TAMPINES,4-ROOM,86.6,17.0,1988,"$403,000",2023-05-13,86.6
BEDOK,3-ROOM,121.4,4.0,2012,"$524,000",04/08/2021,121.4
ANG MO KIO,3-ROOM,80.4,12.0,2003,"$346,000",2021-01-02,80.4
JURONG WEST,EXECUTIVE,84.8,28.0,2003,"$469,000",2018-07-26,84.8
BEDOK,5-ROOM,85.3,8.0,2008,"$397,000",25/11/2021,85.3
WOODLANDS,3-ROOM,87.1,22.0,1985,"$420,000",2023-04-01,87.1
WOODLANDS,3-ROOM,83.5,12.0,1977,"$287,000",24/12/2019,83.5
BEDOK,3-ROOM,109.8,24.0,1984,"$562,000",01/01/2017,109.8
WOODLANDS,3-ROOM,90.7,9.0,1996,"$339,000",23/05/2021,90.7
TAMPINES,4-ROOM,92.9,16.0,1979,"$506,000",07/11/2022,92.9
JURONG WEST,3-ROOM,81.9,19.0,1988,"$344,000",14/10/2021,81.9
WOODLANDS,3-ROOM,134.4,11.0,1978,"$547,000",21/02/2023,134.4
PUNGGOL,4-ROOM,142.1,18.0,2013,"$651,000",13/12/2019,142.1
WOODLANDS,3-ROOM,65.9,18.0,1991,"$259,000",2019-10-27,65.9
ANG MO KIO,4-ROOM,91.1,16.0,1987,"$396,000",02/07/2021,91.1
YISHUN,EXECUTIVE,103.5,20.0,2007,"$501,000",2021-05-06,103.5
BEDOK,EXECUTIVE,112.5,4.0,1988,"$501,000",15/07/2018,112.5
YISHUN,3-ROOM,104.3,11.0,1998,"$383,000",13/05/2023,104.3
GEYLANG,EXECUTIVE,62.1,7.0,2011,"$283,000",2023-05-01,62.1
CLEMENTI,4-ROOM,83.6,29.0,1984,"$399,000",2019-01-28,83.6
ANG MO KIO,3-ROOM,69.2,23.0,2003,"$316,000",05/02/2018,69.2
CLEMENTI,3-ROOM,130.2,15.0,1981,"$560,000",05/12/2022,130.2
PUNGGOL,4-ROOM,95.4,25.0,1993,"$490,000",2019-10-03,95.4
HOUGANG,4-ROOM,78.8,12.0,2012,"$363,000",2022-04-08,78.8
ANG MO KIO,3-ROOM,112.1,8.0,1978,"$446,000",12/10/2017,112.1
YISHUN,4-ROOM,81.1,6.0,1995,"$314,000",14/09/2017,81.1
JURONG WEST,EXECUTIVE,122.2,6.0,2001,"$570,000",2017-06-23,122.2
TAMPINES,5-ROOM,101.6,2.0,1995,"$412,000",2019-07-23,101.6
PUNGGOL,4-ROOM,81.5,18.0,1989,"$353,000",06/04/2023,81.5
JURONG WEST,4-ROOM,100.2,16.0,2014,"$548,000",2022-06-01,100.2
TAMPINES,4-ROOM,70.5,3.0,1992,"$347,000",2018-01-05,70.5
PUNGGOL,4-ROOM,129.0,6.0,2001,"$571,000",2020-04-11,129.0
ANG MO KIO,4-ROOM,118.3,24.0,1984,"$543,000",2021-08-02,118.3
HOUGANG,4-ROOM,100.7,20.0,1979,"$452,000",2020-04-05,100.7
ANG MO KIO,EXECUTIVE,105.7,24.0,1982,"$553,000",10/04/2022,105.7
WOODLANDS,3-ROOM,106.7,18.0,1993,"$388,000",04/02/2022,106.7
ANG MO KIO,3-ROOM,148.3,12.0,1987,"$644,000",10/11/2023,148.3
PUNGGOL,3-ROOM,110.8,21.0,1992,"$470,000",2018-10-11,110.8
TAMPINES,3-ROOM,85.9,18.0,2013,"$431,000",02/11/2019,85.9
HOUGANG,5-ROOM,86.5,5.0,2013,"$401,000",06/01/2017,86.5
JURONG WEST,5-ROOM,84.3,7.0,1977,"$310,000",01/12/2020,84.3
WOODLANDS,3-ROOM,117.8,11.0,2003,"$486,000",02/06/2018,117.8
CLEMENTI,5-ROOM,110.6,17.0,2006,"$523,000",20/05/2018,110.6
CLEMENTI,3-ROOM,117.9,21.0,1992,"$548,000",2021-04-09,117.9
BEDOK,5-ROOM,119.1,6.0,1996,"$607,000",31/01/2021,119.1
HOUGANG,3-ROOM,75.1,27.0,1975,"$401,000",2023-01-01,75.1
ANG MO KIO,3-ROOM,79.4,3.0,2006,"$449,000",2019-08-05,79.4
ANG MO KIO,3-ROOM,100.8,20.0,2007,"$458,000",21/05/2022,100.8
BEDOK,3-ROOM,119.0,11.0,1986,"$510,000",2021-07-21,119.0
YISHUN,4-ROOM,132.7,15.0,1975,"$596,000",2017-01-03,132.7
ANG MO KIO,4-ROOM,129.1,26.0,1986,"$652,000",05/01/2019,129.1
TAMPINES,4-ROOM,116.9,2.0,2011,"$489,000",2023-07-12,116.9
ANG MO KIO,5-ROOM,121.3,17.0,2005,"$554,000",26/07/2018,121.3
CLEMENTI,5-ROOM,75.3,21.0,1992,"$357,000",25/10/2021,75.3
GEYLANG,5-ROOM,91.9,28.0,1985,"$449,000",10/02/2018,91.9
JURONG WEST,4-ROOM,92.9,29.0,1981,"$422,000",2018-12-25,92.9
JURONG WEST,5-ROOM,89.4,1.0,1997,"$309,000",2023-08-01,89.4
TAMPINES,5-ROOM,48.1,28.0,1979,"$301,000",2019-09-18,48.1
PUNGGOL,5-ROOM,114.0,22.0,2001,"$598,000",2018-07-11,114.0
JURONG WEST,EXECUTIVE,84.6,20.0,1986,"$357,000",2019-07-07,84.6
WOODLANDS,3-ROOM,87.4,27.0,1987,"$346,000",04/05/2019,87.4
PUNGGOL,3-ROOM,124.4,14.0,1980,"$532,000",23/11/2018,124.4
PUNGGOL,5-ROOM,80.1,21.0,2005,"$367,000",2018-01-01,80.1
BEDOK,5-ROOM,130.6,12.0,1976,"$579,000",24/01/2021,130.6
HOUGANG,3-ROOM,118.4,9.0,1985,"$543,000",2021-12-20,118.4
HOUGANG,EXECUTIVE,67.8,9.0,1975,"$165,000",2018-02-24,67.8
CLEMENTI,4-ROOM,102.2,17.0,1985,"$522,000",2018-09-16,102.2
YISHUN,4-ROOM,103.2,27.0,1984,"$533,000",2018-06-04,103.2
GEYLANG,5-ROOM,68.3,4.0,2011,"$259,000",01/12/2019,68.3
TAMPINES,4-ROOM,60.3,4.0,1994,"$231,000",29/05/2021,60.3
JURONG WEST,5-ROOM,91.0,24.0,1989,"$356,000",2019-08-08,91.0
WOODLANDS,5-ROOM,83.9,18.0,1985,"$357,000",2017-02-01,83.9
TAMPINES,5-ROOM,99.5,26.0,2013,"$546,000",08/03/2023,99.5
CLEMENTI,3-ROOM,87.1,26.0,2000,"$420,000",2020-05-27,87.1
JURONG WEST,5-ROOM,110.2,20.0,1980,"$427,000",03/02/2019,110.2
GEYLANG,4-ROOM,116.5,25.0,1999,"$604,000",2023-10-31,116.5
JURONG WEST,5-ROOM,96.6,19.0,2006,"$501,000",2020-11-24,96.6
WOODLANDS,5-ROOM,122.3,21.0,2005,"$627,000",17/08/2018,122.3
CLEMENTI,4-ROOM,125.8,11.0,2014,"$542,000",26/08/2017,125.8
ANG MO KIO,4-ROOM,95.0,4.0,1979,"$385,000",2023-10-28,95.0
HOUGANG,EXECUTIVE,77.7,15.0,2008,"$347,000",18/05/2021,77.7
ANG MO KIO,5-ROOM,101.7,15.0,1987,"$454,000",13/01/2022,101.7
BEDOK,4-ROOM,96.7,18.0,1996,"$504,000",16/05/2020,96.7
PUNGGOL,4-ROOM,90.3,6.0,1976,"$353,000",2023-07-17,90.3
ANG MO KIO,3-ROOM,108.7,21.0,1995,"$473,000",2018-05-01,108.7
TAMPINES,EXECUTIVE,107.1,10.0,1994,"$442,000",2021-07-25,107.1
WOODLANDS,4-ROOM,113.4,24.0,2012,"$488,000",06/01/2018,113.4
BEDOK,4-ROOM,109.0,17.0,1997,"$490,000",21/10/2022,109.0
JURONG WEST,5-ROOM,103.5,22.0,1986,"$505,000",14/11/2017,103.5
BEDOK,3-ROOM,85.1,1.0,1983,"$307,000",2023-03-19,85.1
JURONG WEST,4-ROOM,106.5,26.0,1985,"$519,000",2023-04-11,106.5
HOUGANG,5-ROOM,98.2,10.0,2005,"$429,000",18/01/2018,98.2
TAMPINES,EXECUTIVE,80.2,1.0,2004,"$317,000",27/01/2022,80.2
GEYLANG,5-ROOM,130.5,22.0,2007,"$706,000",2020-12-01,130.5
ANG MO KIO,3-ROOM,71.7,15.0,2002,"$270,000",2019-05-21,71.7
WOODLANDS,4-ROOM,93.9,28.0,1975,"$394,000",31/05/2019,93.9
ANG MO KIO,4-ROOM,60.6,9.0,2012,"$227,000",15/11/2021,60.6
HOUGANG,3-ROOM,79.5,24.0,2006,"$445,000",27/02/2017,79.5
YISHUN,4-ROOM,61.0,14.0,2009,"$271,000",23/11/2022,61.0
YISHUN,4-ROOM,120.3,19.0,2014,"$611,000",18/07/2017,120.3
TAMPINES,4-ROOM,114.4,20.0,1985,"$575,000",19/01/2019,114.4
TAMPINES,EXECUTIVE,70.8,2.0,1982,"$258,000",2023-06-17,70.8
CLEMENTI,3-ROOM,40.0,23.0,2008,"$162,000",25/09/2021,40.0
CLEMENTI,3-ROOM,40.0,1.0,1995,"$150,000",2021-02-04,40.0
CLEMENTI,3-ROOM,116.1,14.0,1989,"$608,000",2019-11-16,116.1
ANG MO KIO,3-ROOM,115.6,18.0,2007,"$598,000",2018-09-09,115.6
HOUGANG,4-ROOM,60.4,16.0,1983,"$223,000",17/11/2019,60.4
WOODLANDS,4-ROOM,125.7,27.0,1983,"$574,000",01/07/2018,125.7
YISHUN,5-ROOM,92.5,1.0,1988,"$356,000",2022-03-09,92.5
ANG MO KIO,5-ROOM,109.7,25.0,2014,"$512,000",2023-08-17,109.7
WOODLANDS,EXECUTIVE,97.3,17.0,2012,"$472,000",27/09/2017,97.3
YISHUN,EXECUTIVE,99.6,20.0,2011,"$495,000",2019-12-30,99.6
TAMPINES,3-ROOM,85.6,11.0,1997,"$455,000",23/04/2022,85.6
PUNGGOL,5-ROOM,73.2,15.0,1994,"$339,000",2020-05-24,73.2
YISHUN,5-ROOM,68.6,13.0,2003,"$385,000",29/10/2019,68.6
YISHUN,4-ROOM,82.9,18.0,1993,"$401,000",2022-10-24,82.9
GEYLANG,5-ROOM,110.8,11.0,2012,"$433,000",19/02/2022,110.8
HOUGANG,4-ROOM,84.4,2.0,2002,"$351,000",12/09/2017,84.4
GEYLANG,4-ROOM,87.6,8.0,2004,"$372,000",2021-08-25,87.6
YISHUN,3-ROOM,125.2,14.0,1978,"$522,000",25/01/2023,125.2
GEYLANG,3-ROOM,59.0,3.0,1980,"$221,000",17/04/2019,59.0
HOUGANG,4-ROOM,94.4,10.0,2010,"$459,000",11/02/2023,94.4
TAMPINES,4-ROOM,113.1,2.0,2009,"$466,000",2018-07-11,113.1
ANG MO KIO,4-ROOM,140.5,16.0,2008,"$651,000",2022-01-02,140.5
BEDOK,4-ROOM,98.5,11.0,2007,"$379,000",26/12/2019,98.5
JURONG WEST,3-ROOM,62.4,11.0,1997,"$307,000",2017-04-24,62.4
HOUGANG,3-ROOM,48.5,11.0,2013,"$202,000",20/07/2021,48.5
GEYLANG,4-ROOM,56.0,23.0,2002,"$215,000",07/06/2020,56.0
JURONG WEST,4-ROOM,103.1,21.0,1988,"$589,000",07/03/2023,103.1
BEDOK,3-ROOM,93.9,6.0,1984,"$389,000",13/10/2023,93.9
ANG MO KIO,3-ROOM,68.9,3.0,2011,"$313,000",23/06/2021,68.9
ANG MO KIO,3-ROOM,84.7,27.0,2007,"$451,000",2017-08-04,84.7
YISHUN,4-ROOM,52.8,9.0,1983,"$234,000",11/12/2023,52.8
ANG MO KIO,4-ROOM,83.0,20.0,2005,"$459,000",2017-10-26,83.0
WOODLANDS,4-ROOM,123.8,1.0,1996,"$481,000",2021-02-24,123.8
ANG MO KIO,4-ROOM,68.9,17.0,2014,"$356,000",2018-12-31,68.9
WOODLANDS,5-ROOM,54.9,16.0,2003,"$330,000",2019-06-27,54.9
YISHUN,EXECUTIVE,83.4,26.0,2009,"$418,000",2022-11-19,83.4
JURONG WEST,EXECUTIVE,82.2,4.0,2005,"$355,000",2021-03-03,82.2
CLEMENTI,EXECUTIVE,94.9,2.0,1975,"$392,000",05/10/2019,94.9
YISHUN,4-ROOM,117.1,11.0,2001,"$510,000",2021-10-24,117.1
ANG MO KIO,3-ROOM,78.7,2.0,2014,"$324,000",18/06/2021,78.7
HOUGANG,3-ROOM,100.5,8.0,1988,"$443,000",18/02/2020,100.5
PUNGGOL,5-ROOM,83.7,29.0,1981,"$423,000",2021-04-29,83.7
YISHUN,3-ROOM,86.3,1.0,2003,"$358,000",2017-11-20,86.3
JURONG WEST,5-ROOM,112.0,18.0,1980,"$420,000",2018-10-30,112.0
JURONG WEST,4-ROOM,115.0,4.0,1977,"$469,000",2021-06-14,115.0
CLEMENTI,3-ROOM,59.9,23.0,1987,"$290,000",26/03/2020,59.9
GEYLANG,5-ROOM,88.4,15.0,1985,"$441,000",2022-10-08,88.4
CLEMENTI,4-ROOM,97.3,23.0,1991,"$477,000",02/09/2018,97.3
WOODLANDS,3-ROOM,136.5,18.0,1988,"$621,000",2019-09-13,136.5
HOUGANG,4-ROOM,94.9,3.0,1990,"$383,000",05/04/2020,94.9
BEDOK,4-ROOM,119.3,28.0,1982,"$560,000",27/04/2021,119.3
HOUGANG,3-ROOM,63.3,11.0,1978,"$261,000",2022-01-05,63.3
JURONG WEST,3-ROOM,79.2,16.0,2002,"$346,000",08/01/2020,79.2
GEYLANG,4-ROOM,41.2,29.0,1996,"$289,000",16/07/2022,41.2
CLEMENTI,3-ROOM,126.6,25.0,1983,"$543,000",2023-04-05,126.6
WOODLANDS,5-ROOM,107.1,20.0,1983,"$536,000",2021-11-25,107.1
JURONG WEST,4-ROOM,113.8,14.0,1981,"$528,000",2023-08-30,113.8
BEDOK,4-ROOM,141.1,17.0,1995,"$558,000",15/10/2023,141.1
YISHUN,4-ROOM,102.1,7.0,2002,"$518,000",2017-10-26,102.1
JURONG WEST,EXECUTIVE,114.2,4.0,2007,"$507,000",2019-04-14,114.2
GEYLANG,4-ROOM,97.9,15.0,1994,"$415,000",2023-02-21,97.9
GEYLANG,EXECUTIVE,128.6,7.0,2003,"$622,000",2021-11-04,128.6
CLEMENTI,EXECUTIVE,123.5,13.0,1979,"$455,000",2022-08-29,123.5
CLEMENTI,4-ROOM,141.4,11.0,1976,"$567,000",2023-07-06,141.4
WOODLANDS,5-ROOM,108.3,22.0,1978,"$520,000",2017-01-16,108.3
WOODLANDS,5-ROOM,85.3,15.0,1981,"$376,000",10/01/2018,85.3
WOODLANDS,5-ROOM,119.7,14.0,2002,"$535,000",30/01/2022,119.7
TAMPINES,5-ROOM,90.4,3.0,2002,"$400,000",2018-07-24,90.4
GEYLANG,4-ROOM,106.4,17.0,2013,"$489,000",2019-12-18,106.4
JURONG WEST,EXECUTIVE,109.4,26.0,1997,"$572,000",2022-04-21,109.4
HOUGANG,5-ROOM,104.4,23.0,1981,"$471,000",2020-09-11,104.4
HOUGANG,3-ROOM,88.3,9.0,2012,"$410,000",07/04/2019,88.3
PUNGGOL,5-ROOM,104.3,28.0,1993,"$572,000",2017-08-22,104.3
BEDOK,3-ROOM,149.4,16.0,2012,"$664,000",18/10/2017,149.4
ANG MO KIO,EXECUTIVE,46.8,10.0,2007,"$186,000",17/03/2021,46.8
CLEMENTI,4-ROOM,152.8,11.0,1989,"$592,000",17/06/2021,152.8
YISHUN,3-ROOM,109.9,27.0,2002,"$595,000",28/01/2018,109.9
TAMPINES,4-ROOM,94.2,29.0,2002,"$428,000",06/09/2017,94.2
BEDOK,5-ROOM,87.9,15.0,1998,"$371,000",2020-06-06,87.9
CLEMENTI,4-ROOM,80.0,8.0,2014,"$333,000",12/01/2023,80.0
PUNGGOL,EXECUTIVE,112.6,26.0,1992,"$532,000",2021-07-13,112.6
GEYLANG,4-ROOM,77.0,10.0,1992,"$332,000",31/01/2018,77.0
YISHUN,5-ROOM,81.9,19.0,1981,"$375,000",27/03/2023,81.9
PUNGGOL,EXECUTIVE,90.9,24.0,1995,"$406,000",18/03/2018,90.9
GEYLANG,4-ROOM,109.1,23.0,1998,"$537,000",09/07/2018,109.1
YISHUN,4-ROOM,123.6,10.0,1977,"$472,000",06/06/2021,123.6
GEYLANG,5-ROOM,112.5,24.0,1984,"$439,000",2019-11-28,112.5
TAMPINES,4-ROOM,62.2,20.0,2006,"$301,000",06/08/2018,62.2
GEYLANG,4-ROOM,75.8,7.0,2000,"$295,000",2017-04-19,75.8
CLEMENTI,3-ROOM,125.1,20.0,1989,"$538,000",02/04/2018,125.1
WOODLANDS,5-ROOM,95.2,8.0,1991,"$406,000",13/03/2019,95.2
WOODLANDS,3-ROOM,108.1,15.0,2009,"$505,000",2019-10-27,108.1
BEDOK,4-ROOM,81.2,28.0,2013,"$363,000",03/08/2022,81.2
YISHUN,4-ROOM,64.1,27.0,1985,"$283,000",2017-12-12,64.1
TAMPINES,EXECUTIVE,114.3,22.0,2013,"$563,000",2019-03-15,114.3
BEDOK,4-ROOM,77.2,14.0,1985,"$288,000",2018-12-27,77.2
BEDOK,EXECUTIVE,137.2,13.0,1986,"$564,000",2023-08-29,137.2
WOODLANDS,EXECUTIVE,86.9,3.0,1977,"$391,000",2017-05-18,86.9
ANG MO KIO,4-ROOM,71.6,28.0,1993,"$347,000",11/02/2022,71.6
HOUGANG,3-ROOM,94.9,12.0,1980,"$346,000",2017-11-23,94.9
PUNGGOL,3-ROOM,75.3,21.0,2000,"$376,000",2017-08-28,75.3
HOUGANG,4-ROOM,136.9,8.0,2006,"$658,000",2022-07-22,136.9
GEYLANG,4-ROOM,90.0,3.0,1977,"$299,000",2018-12-17,90.0
TAMPINES,EXECUTIVE,92.3,28.0,2000,"$463,000",04/12/2021,92.3
BEDOK,5-ROOM,54.4,28.0,2008,"$292,000",2023-05-10,54.4
ANG MO KIO,EXECUTIVE,116.8,2.0,2004,"$507,000",04/07/2021,116.8
PUNGGOL,3-ROOM,124.9,19.0,1987,"$508,000",28/02/2021,124.9
PUNGGOL,4-ROOM,104.9,26.0,2002,"$476,000",2023-12-18,104.9
ANG MO KIO,3-ROOM,106.3,12.0,2014,"$550,000",08/03/2021,106.3
WOODLANDS,4-ROOM,70.1,26.0,1982,"$327,000",12/02/2022,70.1
ANG MO KIO,5-ROOM,112.4,9.0,1983,"$442,000",2020-03-16,112.4
TAMPINES,3-ROOM,70.0,11.0,1981,"$238,000",13/01/2023,70.0
TAMPINES,4-ROOM,83.2,27.0,1984,"$455,000",2020-12-25,83.2
WOODLANDS,3-ROOM,95.8,16.0,1986,"$406,000",2017-04-18,95.8
BEDOK,3-ROOM,70.8,14.0,2008,"$305,000",2020-06-19,70.8
GEYLANG,5-ROOM,74.7,28.0,1977,"$404,000",30/08/2020,74.7
ANG MO KIO,4-ROOM,109.8,22.0,1996,"$508,000",2018-01-20,109.8
CLEMENTI,4-ROOM,74.3,27.0,1987,"$377,000",2017-10-26,74.3
BEDOK,4-ROOM,88.1,29.0,1978,"$461,000",26/01/2018,88.1
PUNGGOL,3-ROOM,137.4,19.0,1986,"$646,000",28/08/2018,137.4
TAMPINES,5-ROOM,84.0,9.0,1993,"$353,000",2023-03-05,84.0
ANG MO KIO,5-ROOM,64.1,2.0,1975,"$168,000",27/05/2022,64.1
TAMPINES,3-ROOM,61.8,24.0,1985,"$231,000",07/01/2023,61.8
HOUGANG,5-ROOM,82.7,10.0,1976,"$324,000",29/11/2017,82.7
ANG MO KIO,3-ROOM,100.8,25.0,1987,"$456,000",22/03/2022,100.8
YISHUN,5-ROOM,139.9,7.0,1987,"$576,000",2023-09-01,139.9
TAMPINES,4-ROOM,69.0,6.0,2008,"$333,000",26/08/2019,69.0
HOUGANG,3-ROOM,70.1,20.0,1993,"$273,000",2019-09-26,70.1
CLEMENTI,4-ROOM,107.8,5.0,1983,"$448,000",13/10/2023,107.8
YISHUN,5-ROOM,,4.0,1987,"$428,000",06/01/2023,
YISHUN,3-ROOM,81.3,9.0,1976,"$317,000",15/11/2017,81.3
TAMPINES,4-ROOM,72.5,22.0,1998,"$297,000",04/07/2020,72.5
JURONG WEST,3-ROOM,85.9,22.0,2007,"$464,000",2023-02-27,85.9
JURONG WEST,4-ROOM,136.2,6.0,1980,"$589,000",12/01/2021,136.2
WOODLANDS,EXECUTIVE,110.6,13.0,1992,"$530,000",2023-05-04,110.6
YISHUN,4-ROOM,95.1,2.0,1993,"$434,000",25/01/2020,95.1
BEDOK,4-ROOM,59.5,5.0,1996,"$201,000",2018-08-30,59.5
YISHUN,4-ROOM,49.9,14.0,2006,"$204,000",28/02/2019,49.9
TAMPINES,5-ROOM,111.9,12.0,1992,"$452,000",22/08/2018,111.9
HOUGANG,EXECUTIVE,99.6,15.0,1985,"$386,000",2022-07-12,99.6
TAMPINES,3-ROOM,111.6,19.0,1986,"$548,000",18/07/2023,111.6
BEDOK,3-ROOM,40.0,9.0,1988,"$170,000",2022-10-19,40.0
HOUGANG,4-ROOM,91.0,5.0,2000,"$384,000",14/01/2020,91.0
PUNGGOL,3-ROOM,114.0,22.0,1982,"$552,000",22/03/2023,114.0
WOODLANDS,3-ROOM,124.4,8.0,1997,"$515,000",03/10/2022,124.4
PUNGGOL,3-ROOM,130.8,26.0,2008,"$663,000",25/01/2017,130.8
ANG MO KIO,4-ROOM,133.8,24.0,2003,"$648,000",22/11/2023,133.8
TAMPINES,4-ROOM,99.4,21.0,2008,"$512,000",2019-03-05,99.4
JURONG WEST,4-ROOM,131.9,27.0,2007,"$684,000",20/01/2022,131.9
JURONG WEST,EXECUTIVE,99.1,10.0,1992,"$420,000",2017-01-04,99.1
WOODLANDS,5-ROOM,126.9,2.0,2003,"$523,000",2021-07-07,126.9
BEDOK,4-ROOM,71.6,22.0,1981,"$368,000",11/12/2020,71.6
TAMPINES,5-ROOM,113.5,3.0,2000,"$432,000",08/09/2020,113.5
GEYLANG,5-ROOM,89.4,26.0,2010,"$468,000",2022-01-02,89.4
YISHUN,4-ROOM,107.0,20.0,2012,"$505,000",14/04/2023,107.0
GEYLANG,3-ROOM,100.8,25.0,1991,"$497,000",2018-03-07,100.8
GEYLANG,4-ROOM,107.1,6.0,2013,"$472,000",2022-07-04,107.1
ANG MO KIO,3-ROOM,92.2,7.0,1990,"$422,000",2021-10-14,92.2
WOODLANDS,4-ROOM,103.2,16.0,1990,"$374,000",24/01/2020,103.2
TAMPINES,4-ROOM,83.0,15.0,1977,"$381,000",2017-10-22,83.0
PUNGGOL,5-ROOM,72.8,14.0,2014,"$329,000",25/02/2018,72.8
WOODLANDS,5-ROOM,91.6,27.0,1996,"$453,000",13/09/2023,91.6
GEYLANG,4-ROOM,119.9,25.0,2002,"$587,000",27/03/2023,119.9
BEDOK,EXECUTIVE,120.6,13.0,1991,"$565,000",2021-09-17,120.6
HOUGANG,4-ROOM,55.3,29.0,2005,"$317,000",11/12/2020,55.3
TAMPINES,5-ROOM,93.1,25.0,1988,"$400,000",2018-06-07,93.1
WOODLANDS,3-ROOM,102.3,26.0,1991,"$419,000",16/06/2020,102.3
PUNGGOL,5-ROOM,89.7,29.0,1990,"$460,000",21/04/2018,89.7
HOUGANG,3-ROOM,67.5,26.0,2009,"$367,000",29/10/2022,67.5
WOODLANDS,4-ROOM,82.1,19.0,2005,"$353,000",2019-10-28,82.1
BEDOK,5-ROOM,130.7,15.0,1984,"$588,000",06/04/2020,130.7
TAMPINES,5-ROOM,105.2,2.0,1984,"$432,000",2022-05-18,105.2
CLEMENTI,4-ROOM,93.4,19.0,1978,"$391,000",02/05/2021,93.4
HOUGANG,4-ROOM,94.2,9.0,1989,"$363,000",2017-01-01,94.2
PUNGGOL,4-ROOM,94.5,10.0,2009,"$406,000",2018-05-02,94.5
TAMPINES,4-ROOM,82.0,28.0,2003,"$418,000",2021-02-07,82.0
BEDOK,4-ROOM,96.1,24.0,1988,"$432,000",2017-08-16,96.1
YISHUN,5-ROOM,114.5,8.0,1986,"$384,000",2020-04-09,114.5
GEYLANG,5-ROOM,48.5,3.0,2002,"$204,000",2020-11-08,48.5
JURONG WEST,3-ROOM,81.4,26.0,1990,"$504,000",2020-09-11,81.4
BEDOK,5-ROOM,112.2,3.0,1983,"$457,000",2019-03-15,112.2
YISHUN,4-ROOM,116.2,27.0,2003,"$592,000",2022-06-19,116.2
YISHUN,3-ROOM,85.4,23.0,1976,"$383,000",30/10/2019,85.4
JURONG WEST,4-ROOM,73.0,4.0,2003,"$292,000",18/12/2021,73.0
TAMPINES,5-ROOM,75.2,2.0,1997,"$255,000",25/04/2022,75.2
YISHUN,5-ROOM,47.7,9.0,1990,"$205,000",01/08/2017,47.7
JURONG WEST,4-ROOM,146.8,14.0,1985,"$650,000",2017-09-12,146.8
BEDOK,4-ROOM,125.6,14.0,1985,"$498,000",2019-05-09,125.6
BEDOK,4-ROOM,120.6,22.0,1978,"$573,000",13/02/2017,120.6
TAMPINES,3-ROOM,85.1,17.0,1978,"$343,000",2017-04-16,85.1
PUNGGOL,EXECUTIVE,109.5,15.0,1996,"$528,000",15/03/2021,109.5
ANG MO KIO,3-ROOM,89.5,26.0,1982,"$515,000",02/05/2017,89.5
TAMPINES,3-ROOM,73.1,18.0,2002,"$341,000",09/12/2019,73.1
PUNGGOL,3-ROOM,93.7,9.0,1987,"$410,000",2021-01-15,93.7
PUNGGOL,5-ROOM,84.3,28.0,2005,"$429,000",27/01/2020,84.3
HOUGANG,3-ROOM,65.3,9.0,2004,"$321,000",01/09/2021,65.3
HOUGANG,5-ROOM,99.5,11.0,2006,"$409,000",19/12/2023,99.5
GEYLANG,5-ROOM,94.9,20.0,2002,"$466,000",2020-11-23,94.9
JURONG WEST,5-ROOM,124.3,18.0,1982,"$578,000",27/03/2021,124.3
HOUGANG,4-ROOM,95.9,14.0,1978,"$339,000",27/04/2021,95.9
TAMPINES,4-ROOM,95.1,6.0,2000,"$457,000",07/04/2019,95.1
WOODLANDS,4-ROOM,81.3,12.0,2000,"$363,000",2021-05-30,81.3
YISHUN,4-ROOM,76.4,13.0,1977,"$360,000",08/01/2021,76.4
BEDOK,4-ROOM,85.3,2.0,1987,"$299,000",11/06/2019,85.3
JURONG WEST,3-ROOM,78.3,26.0,1992,"$416,000",2019-12-08,78.3
PUNGGOL,EXECUTIVE,71.9,27.0,1992,"$358,000",31/12/2018,71.9
WOODLANDS,4-ROOM,102.1,29.0,2007,"$541,000",2020-10-26,102.1
PUNGGOL,4-ROOM,115.4,3.0,1992,"$510,000",16/02/2021,115.4
BEDOK,4-ROOM,81.3,9.0,2007,"$346,000",27/03/2022,81.3
TAMPINES,5-ROOM,102.6,19.0,2011,"$562,000",20/03/2020,102.6
TAMPINES,4-ROOM,125.7,10.0,2012,"$617,000",2017-06-20,125.7
GEYLANG,4-ROOM,118.8,13.0,1976,"$472,000",2020-03-18,118.8
TAMPINES,4-ROOM,122.1,24.0,1979,"$518,000",07/02/2021,122.1
TAMPINES,3-ROOM,131.2,9.0,1997,"$575,000",19/11/2023,131.2
GEYLANG,3-ROOM,96.2,12.0,2000,"$382,000",2018-01-01,96.2
TAMPINES,4-ROOM,47.9,16.0,1991,"$260,000",30/12/2023,47.9
CLEMENTI,3-ROOM,90.5,21.0,2003,"$450,000",2021-03-19,90.5
ANG MO KIO,5-ROOM,77.5,16.0,1995,"$370,000",2018-03-11,77.5
WOODLANDS,3-ROOM,96.6,1.0,1981,"$336,000",23/01/2021,96.6
WOODLANDS,3-ROOM,102.7,25.0,2005,"$526,000",30/09/2023,102.7
JURONG WEST,EXECUTIVE,136.2,26.0,1982,"$687,000",08/07/2019,136.2
WOODLANDS,4-ROOM,56.3,13.0,1980,"$220,000",09/02/2018,56.3
WOODLANDS,3-ROOM,114.0,21.0,1975,"$485,000",17/02/2017,114.0
PUNGGOL,5-ROOM,99.1,6.0,1980,"$408,000",16/07/2021,99.1
PUNGGOL,3-ROOM,94.6,7.0,2011,"$412,000",2019-01-28,94.6
HOUGANG,EXECUTIVE,134.5,8.0,1994,"$563,000",2019-03-05,134.5
GEYLANG,5-ROOM,106.5,21.0,1993,"$553,000",2019-10-04,106.5
YISHUN,3-ROOM,96.2,7.0,1994,"$410,000",2023-03-07,96.2
CLEMENTI,4-ROOM,116.9,21.0,1996,"$563,000",15/03/2019,116.9
GEYLANG,4-ROOM,76.1,28.0,2009,"$390,000",2018-04-03,76.1
TAMPINES,3-ROOM,82.3,20.0,2013,"$376,000",31/12/2017,82.3
GEYLANG,EXECUTIVE,113.9,15.0,2000,"$467,000",2022-08-17,113.9
BEDOK,4-ROOM,102.4,17.0,2000,"$537,000",20/04/2017,102.4
GEYLANG,4-ROOM,88.8,21.0,2000,"$424,000",2023-11-11,88.8
YISHUN,3-ROOM,123.8,18.0,1985,"$559,000",08/08/2019,123.8
YISHUN,5-ROOM,,23.0,1995,"$428,000",02/09/2020,
JURONG WEST,4-ROOM,76.8,3.0,2002,"$314,000",2021-03-31,76.8
ANG MO KIO,3-ROOM,154.1,11.0,1991,"$667,000",21/09/2018,154.1
GEYLANG,4-ROOM,130.7,5.0,2014,"$564,000",19/12/2020,130.7
BEDOK,4-ROOM,97.6,13.0,2001,"$516,000",07/08/2020,97.6
JURONG WEST,5-ROOM,99.5,18.0,2011,"$453,000",2020-07-05,99.5
YISHUN,4-ROOM,73.1,2.0,2000,"$268,000",25/05/2020,73.1
WOODLANDS,4-ROOM,91.7,13.0,2009,"$453,000",2021-06-02,91.7
YISHUN,5-ROOM,110.8,18.0,1977,"$493,000",27/06/2019,110.8
PUNGGOL,4-ROOM,91.1,7.0,2006,"$386,000",2021-09-18,91.1
CLEMENTI,5-ROOM,64.3,25.0,1997,"$347,000",10/11/2019,64.3
PUNGGOL,4-ROOM,68.1,13.0,2006,"$346,000",2018-06-07,68.1
CLEMENTI,4-ROOM,101.6,19.0,2014,"$461,000",2023-07-12,101.6
JURONG WEST,3-ROOM,89.0,12.0,1984,"$341,000",2022-09-09,89.0
CLEMENTI,4-ROOM,101.7,21.0,2001,"$470,000",10/07/2018,101.7
JURONG WEST,3-ROOM,126.9,18.0,2010,"$593,000",18/01/2017,126.9
JURONG WEST,4-ROOM,118.5,17.0,2009,"$553,000",2017-01-11,118.5
CLEMENTI,5-ROOM,62.6,19.0,1995,"$311,000",18/10/2023,62.6
ANG MO KIO,4-ROOM,98.1,27.0,2008,"$482,000",15/06/2017,98.1
CLEMENTI,5-ROOM,101.7,23.0,1981,"$399,000",2021-11-26,101.7
TAMPINES,3-ROOM,72.1,16.0,2014,"$418,000",2023-06-18,72.1
CLEMENTI,4-ROOM,126.0,21.0,2005,"$560,000",2020-09-06,126.0
YISHUN,3-ROOM,83.7,3.0,1997,"$361,000",2018-11-10,83.7
BEDOK,3-ROOM,138.0,1.0,1995,"$612,000",2017-07-31,138.0
GEYLANG,3-ROOM,89.3,23.0,2001,"$509,000",2017-01-25,89.3
ANG MO KIO,5-ROOM,114.8,22.0,2013,"$560,000",04/03/2020,114.8
CLEMENTI,4-ROOM,49.9,6.0,1995,"$235,000",2022-05-28,49.9
JURONG WEST,5-ROOM,109.4,17.0,1990,"$537,000",23/10/2021,109.4
GEYLANG,3-ROOM,91.1,24.0,1998,"$462,000",01/01/2021,91.1
JURONG WEST,3-ROOM,106.8,21.0,2007,"$522,000",2022-10-08,106.8
CLEMENTI,4-ROOM,114.8,2.0,1994,"$469,000",2021-09-17,114.8
HOUGANG,5-ROOM,86.8,23.0,1980,"$435,000",25/10/2021,86.8
TAMPINES,4-ROOM,128.8,6.0,2009,"$540,000",2020-04-21,128.8
ANG MO KIO,4-ROOM,107.9,14.0,2013,"$484,000",27/08/2023,107.9
ANG MO KIO,3-ROOM,98.9,24.0,1975,"$463,000",19/06/2023,98.9
GEYLANG,3-ROOM,89.1,26.0,2006,"$503,000",22/03/2021,89.1
HOUGANG,5-ROOM,103.9,3.0,1980,"$462,000",02/09/2020,103.9
TAMPINES,4-ROOM,102.7,5.0,1993,"$396,000",20/02/2021,102.7
YISHUN,4-ROOM,89.7,13.0,1996,"$378,000",18/10/2021,89.7
PUNGGOL,5-ROOM,115.3,28.0,2010,"$607,000",2020-04-09,115.3
BEDOK,4-ROOM,104.4,27.0,1979,"$423,000",2018-10-14,104.4
CLEMENTI,EXECUTIVE,76.9,7.0,2014,"$379,000",30/10/2022,76.9
JURONG WEST,4-ROOM,109.2,17.0,1995,"$490,000",2019-01-08,109.2
JURONG WEST,5-ROOM,91.4,10.0,2003,"$483,000",18/03/2018,91.4
HOUGANG,3-ROOM,125.2,6.0,2010,"$578,000",05/10/2022,125.2
YISHUN,5-ROOM,139.3,27.0,1998,"$652,000",12/08/2021,139.3
YISHUN,3-ROOM,94.7,24.0,2001,"$373,000",12/03/2021,94.7
YISHUN,EXECUTIVE,57.8,8.0,2014,"$289,000",28/08/2021,57.8
GEYLANG,4-ROOM,89.9,6.0,2011,"$402,000",27/12/2019,89.9
PUNGGOL,4-ROOM,114.6,15.0,1994,"$583,000",2023-10-11,114.6
YISHUN,EXECUTIVE,59.2,19.0,1998,"$339,000",13/05/2020,59.2
BEDOK,4-ROOM,58.5,14.0,1980,"$224,000",2017-03-21,58.5
BEDOK,5-ROOM,103.8,13.0,1987,"$521,000",11/05/2018,103.8
ANG MO KIO,4-ROOM,114.7,16.0,1995,"$560,000",14/01/2020,114.7
HOUGANG,EXECUTIVE,87.3,8.0,2010,"$408,000",16/07/2020,87.3
CLEMENTI,EXECUTIVE,85.9,7.0,1977,"$361,000",20/05/2018,85.9
YISHUN,EXECUTIVE,68.6,17.0,1992,"$247,000",2017-12-08,68.6
PUNGGOL,5-ROOM,59.7,9.0,2012,"$238,000",2021-08-19,59.7
GEYLANG,3-ROOM,60.1,25.0,1987,"$297,000",19/07/2022,60.1
GEYLANG,5-ROOM,78.9,12.0,1981,"$344,000",05/08/2017,78.9
HOUGANG,5-ROOM,105.4,21.0,2000,"$516,000",2023-05-10,105.4
WOODLANDS,4-ROOM,103.0,28.0,1991,"$559,000",2023-06-30,103.0
ANG MO KIO,3-ROOM,83.3,5.0,2006,"$382,000",2018-03-29,83.3
BEDOK,EXECUTIVE,81.9,18.0,2010,"$400,000",2020-07-22,81.9
CLEMENTI,4-ROOM,113.2,17.0,1984,"$552,000",2019-02-16,113.2
HOUGANG,5-ROOM,114.8,21.0,1976,"$539,000",30/10/2022,114.8
ANG MO KIO,3-ROOM,111.8,21.0,1992,"$501,000",2019-02-17,111.8
ANG MO KIO,EXECUTIVE,105.0,20.0,2004,"$452,000",01/03/2018,105.0
GEYLANG,4-ROOM,68.0,5.0,1983,"$252,000",2023-11-15,68.0
YISHUN,5-ROOM,123.1,25.0,2009,"$609,000",2023-01-06,123.1
BEDOK,4-ROOM,123.1,5.0,1983,"$519,000",2019-04-28,123.1
TAMPINES,4-ROOM,101.0,17.0,1999,"$505,000",2019-12-19,101.0
ANG MO KIO,4-ROOM,116.2,10.0,2006,"$599,000",2019-06-15,116.2
CLEMENTI,3-ROOM,80.8,10.0,2000,"$405,000",10/07/2022,80.8
GEYLANG,4-ROOM,58.6,4.0,2006,"$250,000",05/08/2017,58.6
GEYLANG,4-ROOM,74.3,2.0,1991,"$352,000",2020-02-02,74.3
BEDOK,3-ROOM,96.4,12.0,2004,"$452,000",06/04/2018,96.4
HOUGANG,5-ROOM,94.6,23.0,2006,"$585,000",2021-10-23,94.6
TAMPINES,5-ROOM,113.6,21.0,1983,"$504,000",2017-02-16,113.6
HOUGANG,EXECUTIVE,72.4,3.0,2008,"$340,000",2020-06-05,72.4
YISHUN,EXECUTIVE,70.0,11.0,2006,"$311,000",2019-12-22,70.0
ANG MO KIO,5-ROOM,141.9,12.0,2007,"$666,000",17/06/2018,141.9
CLEMENTI,EXECUTIVE,73.1,21.0,2012,"$329,000",2023-05-14,73.1
TAMPINES,4-ROOM,62.6,9.0,1996,"$263,000",2018-07-28,62.6
YISHUN,3-ROOM,85.8,22.0,2004,"$412,000",23/05/2021,85.8
PUNGGOL,4-ROOM,,25.0,1985,"$575,000",06/10/2018,
GEYLANG,4-ROOM,77.8,5.0,1980,"$324,000",2022-07-26,77.8
WOODLANDS,3-ROOM,97.9,11.0,1987,"$396,000",12/03/2019,97.9
BEDOK,4-ROOM,129.7,4.0,2003,"$540,000",2020-02-28,129.7
JURONG WEST,3-ROOM,89.9,7.0,1988,"$373,000",10/06/2018,89.9
JURONG WEST,5-ROOM,72.2,20.0,1977,"$366,000",28/05/2020,72.2
GEYLANG,4-ROOM,114.6,24.0,2009,"$541,000",2023-09-01,114.6
CLEMENTI,EXECUTIVE,81.4,27.0,2014,"$489,000",02/08/2021,81.4
HOUGANG,5-ROOM,95.4,10.0,2014,"$479,000",30/03/2021,95.4
WOODLANDS,5-ROOM,119.9,6.0,2001,"$544,000",14/03/2018,119.9
GEYLANG,4-ROOM,71.7,8.0,2005,"$326,000",06/12/2017,71.7
HOUGANG,4-ROOM,72.1,11.0,2000,"$331,000",2020-01-24,72.1
ANG MO KIO,EXECUTIVE,104.7,29.0,2009,"$494,000",23/01/2022,104.7
BEDOK,4-ROOM,152.6,18.0,1996,"$682,000",09/07/2021,152.6
BEDOK,5-ROOM,91.0,1.0,2005,"$406,000",2021-05-16,91.0
BEDOK,5-ROOM,70.2,1.0,2003,"$253,000",2018-10-02,70.2
ANG MO KIO,4-ROOM,105.8,22.0,2000,"$522,000",2021-12-12,105.8
CLEMENTI,4-ROOM,119.2,3.0,2014,"$542,000",21/04/2020,119.2
JURONG WEST,3-ROOM,99.3,4.0,2008,"$446,000",2020-01-21,99.3
JURONG WEST,4-ROOM,67.0,22.0,2003,"$316,000",2020-11-29,67.0
YISHUN,3-ROOM,85.5,1.0,2011,"$387,000",10/02/2017,85.5
TAMPINES,3-ROOM,59.2,4.0,1981,"$195,000",27/07/2017,59.2
BEDOK,3-ROOM,102.4,20.0,1998,"$420,000",11/09/2017,102.4
GEYLANG,4-ROOM,82.7,10.0,1999,"$292,000",2021-04-24,82.7
CLEMENTI,3-ROOM,79.5,29.0,1993,"$414,000",15/08/2021,79.5
HOUGANG,3-ROOM,131.5,22.0,1992,"$643,000",2022-12-14,131.5
JURONG WEST,3-ROOM,105.4,16.0,1980,"$435,000",16/07/2019,105.4
CLEMENTI,3-ROOM,54.8,1.0,2002,"$229,000",16/01/2021,54.8
ANG MO KIO,3-ROOM,97.2,20.0,1995,"$446,000",2019-05-21,97.2
TAMPINES,5-ROOM,78.8,6.0,2012,"$402,000",2019-03-24,78.8
ANG MO KIO,3-ROOM,61.7,19.0,1992,"$351,000",12/01/2021,61.7
PUNGGOL,4-ROOM,78.3,19.0,2006,"$411,000",2017-01-18,78.3
BEDOK,3-ROOM,100.0,27.0,1996,"$503,000",2017-05-14,100.0
PUNGGOL,5-ROOM,85.0,4.0,1976,"$321,000",2023-10-10,85.0
PUNGGOL,5-ROOM,107.9,2.0,2007,"$474,000",25/03/2019,107.9
BEDOK,4-ROOM,71.4,18.0,1975,"$349,000",2023-02-01,71.4
WOODLANDS,3-ROOM,118.7,19.0,1991,"$485,000",25/10/2020,118.7
BEDOK,4-ROOM,91.0,13.0,1996,"$480,000",2018-05-29,91.0
PUNGGOL,4-ROOM,97.0,20.0,2011,"$464,000",2020-12-26,97.0
GEYLANG,5-ROOM,148.6,10.0,1994,"$683,000",14/10/2019,148.6
PUNGGOL,4-ROOM,98.3,22.0,1984,"$466,000",2021-12-01,98.3
JURONG WEST,3-ROOM,73.9,26.0,2007,"$334,000",02/08/2020,73.9
JURONG WEST,5-ROOM,81.4,24.0,1991,"$315,000",08/05/2020,81.4
YISHUN,3-ROOM,107.5,11.0,1977,"$465,000",22/11/2021,107.5
BEDOK,EXECUTIVE,105.1,3.0,2012,"$462,000",05/08/2020,105.1
GEYLANG,5-ROOM,45.0,26.0,1980,"$255,000",2019-10-17,45.0
WOODLANDS,5-ROOM,78.4,3.0,1997,"$345,000",30/10/2018,78.4
JURONG WEST,3-ROOM,114.8,10.0,1992,"$492,000",2021-07-27,114.8
ANG MO KIO,3-ROOM,80.2,13.0,1975,"$338,000",2019-02-18,80.2
GEYLANG,EXECUTIVE,104.6,26.0,1991,"$534,000",26/06/2020,104.6
YISHUN,3-ROOM,103.6,5.0,2008,"$482,000",2023-09-29,103.6
YISHUN,3-ROOM,80.7,13.0,2000,"$371,000",2018-11-14,80.7
JURONG WEST,5-ROOM,83.9,4.0,1980,"$324,000",03/09/2019,83.9
HOUGANG,4-ROOM,87.7,4.0,1979,"$355,000",2021-09-28,87.7
BEDOK,5-ROOM,66.7,8.0,1994,"$343,000",2019-06-25,66.7
GEYLANG,3-ROOM,65.0,3.0,2009,"$246,000",20/03/2022,65.0
PUNGGOL,4-ROOM,119.5,27.0,2000,"$602,000",2023-03-11,119.5
JURONG WEST,3-ROOM,83.1,20.0,1984,"$421,000",16/09/2019,83.1
GEYLANG,3-ROOM,101.0,22.0,1984,"$439,000",18/12/2022,101.0
WOODLANDS,5-ROOM,103.6,6.0,1994,"$438,000",03/10/2023,103.6
GEYLANG,4-ROOM,129.6,1.0,2009,"$546,000",24/12/2018,129.6
JURONG WEST,4-ROOM,60.5,5.0,1991,"$170,000",2023-05-15,60.5
HOUGANG,5-ROOM,63.5,6.0,1993,"$291,000",2019-10-11,63.5
JURONG WEST,4-ROOM,104.1,14.0,1979,"$414,000",2021-07-17,104.1
ANG MO KIO,3-ROOM,78.4,5.0,2003,"$331,000",07/11/2018,78.4
JURONG WEST,4-ROOM,76.8,13.0,1989,"$365,000",2022-07-21,76.8
YISHUN,5-ROOM,91.8,11.0,1979,"$371,000",2019-05-28,91.8
HOUGANG,EXECUTIVE,121.9,28.0,1975,"$584,000",2021-02-07,121.9
PUNGGOL,4-ROOM,101.8,15.0,1989,"$513,000",14/11/2021,101.8
GEYLANG,4-ROOM,72.5,24.0,1985,"$281,000",2019-01-10,72.5
TAMPINES,EXECUTIVE,73.1,6.0,1995,"$308,000",21/06/2017,73.1
BEDOK,4-ROOM,126.0,5.0,1998,"$514,000",17/08/2020,126.0
YISHUN,5-ROOM,105.0,29.0,1981,"$509,000",2020-01-10,105.0
HOUGANG,4-ROOM,85.9,17.0,2008,"$409,000",29/07/2018,85.9
GEYLANG,5-ROOM,95.1,8.0,1983,"$353,000",2021-08-25,95.1
TAMPINES,4-ROOM,67.4,28.0,1976,"$308,000",02/10/2018,67.4
TAMPINES,4-ROOM,46.4,28.0,2002,"$244,000",09/01/2018,46.4
GEYLANG,4-ROOM,98.7,11.0,1986,"$320,000",2021-07-11,98.7
JURONG WEST,3-ROOM,96.3,10.0,2014,"$483,000",2022-08-14,96.3
CLEMENTI,5-ROOM,132.3,25.0,1978,"$622,000",2018-03-20,132.3
WOODLANDS,3-ROOM,60.5,18.0,2012,"$316,000",2018-03-22,60.5
PUNGGOL,3-ROOM,110.8,14.0,1991,"$520,000",20/09/2023,110.8
CLEMENTI,5-ROOM,61.5,15.0,1993,"$234,000",01/04/2021,61.5
YISHUN,3-ROOM,114.0,29.0,1975,"$500,000",2021-06-12,114.0
HOUGANG,4-ROOM,107.9,19.0,2006,"$551,000",2023-02-19,107.9
BEDOK,EXECUTIVE,63.0,11.0,1987,"$262,000",2019-06-13,63.0
GEYLANG,5-ROOM,111.4,1.0,1975,"$436,000",04/12/2022,111.4
HOUGANG,3-ROOM,70.5,8.0,1991,"$352,000",2022-02-16,70.5
TAMPINES,3-ROOM,104.2,7.0,2008,"$407,000",2021-09-03,104.2
BEDOK,5-ROOM,73.8,26.0,1985,"$316,000",2017-07-14,73.8
CLEMENTI,4-ROOM,72.7,3.0,1975,"$324,000",28/12/2018,72.7
WOODLANDS,5-ROOM,124.3,28.0,1980,"$585,000",2021-02-02,124.3
TAMPINES,3-ROOM,74.6,22.0,1975,"$343,000",2021-02-01,74.6
TAMPINES,5-ROOM,84.6,6.0,1977,"$361,000",2021-08-13,84.6
YISHUN,5-ROOM,144.5,24.0,2003,"$710,000",2022-06-01,144.5
JURONG WEST,3-ROOM,65.3,12.0,2012,"$340,000",2017-12-24,65.3
BEDOK,4-ROOM,94.9,28.0,1996,"$483,000",2019-04-20,94.9
TAMPINES,5-ROOM,49.0,12.0,2014,"$255,000",2022-09-21,49.0
WOODLANDS,5-ROOM,87.6,2.0,1981,"$298,000",2017-06-12,87.6
YISHUN,3-ROOM,69.3,24.0,2003,"$324,000",23/04/2023,69.3
PUNGGOL,3-ROOM,95.2,11.0,1987,"$401,000",20/12/2018,95.2
PUNGGOL,3-ROOM,126.2,9.0,1998,"$511,000",2019-09-26,126.2
PUNGGOL,5-ROOM,95.0,23.0,2008,"$520,000",02/06/2023,95.0
GEYLANG,EXECUTIVE,82.5,20.0,1975,"$405,000",2019-08-16,82.5
CLEMENTI,3-ROOM,89.9,20.0,1980,"$365,000",2021-04-19,89.9
BEDOK,5-ROOM,131.0,14.0,2012,"$650,000",14/07/2017,131.0
CLEMENTI,5-ROOM,161.7,22.0,2007,"$766,000",2020-04-17,161.7
YISHUN,4-ROOM,125.4,9.0,2000,"$636,000",26/07/2019,125.4
CLEMENTI,5-ROOM,119.3,8.0,1993,"$558,000",10/02/2021,119.3
WOODLANDS,4-ROOM,117.5,11.0,1983,"$449,000",31/12/2021,117.5
TAMPINES,3-ROOM,53.7,4.0,1979,"$150,000",2017-04-07,53.7
CLEMENTI,3-ROOM,121.9,19.0,2002,"$593,000",2023-10-06,121.9
YISHUN,4-ROOM,120.6,23.0,2006,"$586,000",2020-03-24,120.6
TAMPINES,5-ROOM,111.5,9.0,1982,"$403,000",2022-02-01,111.5
ANG MO KIO,5-ROOM,124.4,21.0,2003,"$559,000",22/04/2021,124.4
GEYLANG,4-ROOM,114.1,2.0,1999,"$507,000",2021-04-30,114.1
PUNGGOL,3-ROOM,82.3,7.0,2008,"$373,000",12/11/2022,82.3
ANG MO KIO,4-ROOM,82.9,1.0,2006,"$294,000",19/12/2021,82.9
HOUGANG,EXECUTIVE,91.1,29.0,2011,"$529,000",2020-10-19,91.1
TAMPINES,5-ROOM,100.4,26.0,2013,"$516,000",2023-06-14,100.4
ANG MO KIO,3-ROOM,80.6,22.0,2003,"$372,000",2021-09-25,80.6
CLEMENTI,4-ROOM,84.8,25.0,1988,"$419,000",09/02/2019,84.8
CLEMENTI,5-ROOM,67.5,15.0,1998,"$339,000",2020-01-19,67.5
JURONG WEST,4-ROOM,82.5,3.0,2009,"$292,000",2021-05-16,82.5
WOODLANDS,4-ROOM,93.5,1.0,1978,"$389,000",26/04/2017,93.5
JURONG WEST,3-ROOM,88.5,17.0,2005,"$354,000",25/03/2018,88.5
YISHUN,4-ROOM,118.4,27.0,2000,"$609,000",06/03/2023,118.4
GEYLANG,3-ROOM,130.6,19.0,1986,"$683,000",06/11/2022,130.6
CLEMENTI,4-ROOM,113.0,1.0,2007,"$528,000",08/10/2021,113.0
HOUGANG,4-ROOM,148.0,7.0,2006,"$643,000",23/09/2019,148.0
GEYLANG,4-ROOM,115.5,13.0,1995,"$568,000",16/02/2017,115.5
PUNGGOL,EXECUTIVE,76.0,22.0,1976,"$321,000",27/09/2020,76.0
YISHUN,4-ROOM,113.5,17.0,2002,"$470,000",2017-04-25,113.5
PUNGGOL,3-ROOM,85.4,8.0,2007,"$342,000",2022-03-18,85.4
ANG MO KIO,3-ROOM,42.6,13.0,1999,"$269,000",2018-04-26,42.6
CLEMENTI,4-ROOM,109.7,4.0,1977,"$372,000",13/09/2023,109.7
JURONG WEST,3-ROOM,106.5,25.0,1985,"$496,000",2021-03-19,106.5
JURONG WEST,4-ROOM,73.3,16.0,1976,"$291,000",02/01/2019,73.3
CLEMENTI,EXECUTIVE,95.4,5.0,2012,"$433,000",14/01/2021,95.4
WOODLANDS,4-ROOM,77.1,5.0,1988,"$304,000",23/02/2021,77.1
JURONG WEST,5-ROOM,127.9,17.0,2008,"$593,000",2017-09-16,127.9
ANG MO KIO,4-ROOM,77.6,13.0,1996,"$326,000",27/06/2017,77.6
ANG MO KIO,5-ROOM,124.2,16.0,1994,"$640,000",14/09/2020,124.2
HOUGANG,4-ROOM,92.6,12.0,1998,"$440,000",17/03/2020,92.6
BEDOK,5-ROOM,101.3,2.0,2008,"$454,000",2019-02-14,101.3
JURONG WEST,4-ROOM,121.0,14.0,1989,"$539,000",2021-06-04,121.0
BEDOK,4-ROOM,75.4,25.0,1999,"$371,000",2020-08-30,75.4
ANG MO KIO,4-ROOM,117.6,15.0,2012,"$484,000",2018-07-29,117.6
JURONG WEST,3-ROOM,105.4,24.0,2010,"$522,000",2020-12-24,105.4
ANG MO KIO,5-ROOM,79.7,9.0,2010,"$399,000",16/10/2020,79.7
YISHUN,3-ROOM,86.9,11.0,1975,"$371,000",2018-10-11,86.9
YISHUN,4-ROOM,96.9,9.0,1995,"$387,000",2018-09-23,96.9
GEYLANG,5-ROOM,57.4,28.0,2005,"$297,000",12/12/2019,57.4
GEYLANG,5-ROOM,77.5,13.0,1977,"$312,000",2021-07-05,77.5
CLEMENTI,3-ROOM,74.4,2.0,1975,"$223,000",2020-03-01,74.4
GEYLANG,5-ROOM,96.3,18.0,1994,"$368,000",23/02/2022,96.3
CLEMENTI,3-ROOM,96.9,25.0,1979,"$450,000",19/08/2022,96.9
BEDOK,4-ROOM,101.6,15.0,1979,"$382,000",08/11/2019,101.6
PUNGGOL,4-ROOM,121.6,19.0,2007,"$579,000",04/08/2017,121.6
TAMPINES,3-ROOM,124.5,16.0,2004,"$588,000",04/09/2021,124.5
BEDOK,4-ROOM,118.9,29.0,1980,"$567,000",2017-11-09,118.9
CLEMENTI,5-ROOM,93.5,21.0,1996,"$372,000",14/08/2017,93.5
JURONG WEST,4-ROOM,95.9,10.0,2007,"$477,000",20/01/2020,95.9
JURONG WEST,4-ROOM,112.9,15.0,1987,"$518,000",14/10/2019,112.9
HOUGANG,EXECUTIVE,,7.0,1980,"$312,000",2022-08-23,
TAMPINES,4-ROOM,134.5,4.0,1977,"$545,000",02/07/2018,134.5
GEYLANG,3-ROOM,74.7,9.0,1979,"$210,000",03/04/2023,74.7
ANG MO KIO,3-ROOM,90.6,29.0,2012,"$463,000",29/04/2020,90.6
TAMPINES,4-ROOM,89.7,14.0,1986,"$362,000",2018-12-19,89.7
JURONG WEST,4-ROOM,117.7,23.0,1988,"$575,000",2019-06-13,117.7
JURONG WEST,5-ROOM,64.7,7.0,1983,"$285,000",2022-10-13,64.7
JURONG WEST,4-ROOM,57.0,21.0,1982,"$311,000",2020-01-23,57.0
BEDOK,EXECUTIVE,80.2,17.0,2011,"$369,000",19/07/2023,80.2
PUNGGOL,4-ROOM,85.3,20.0,1999,"$377,000",2019-08-07,85.3
BEDOK,4-ROOM,102.0,3.0,1992,"$358,000",2023-10-04,102.0
ANG MO KIO,4-ROOM,101.8,1.0,1994,"$455,000",01/08/2021,101.8
GEYLANG,3-ROOM,90.6,10.0,2007,"$383,000",2023-03-20,90.6
WOODLANDS,3-ROOM,96.4,9.0,1975,"$373,000",2020-07-16,96.4
ANG MO KIO,3-ROOM,69.7,25.0,2007,"$416,000",2018-02-09,69.7
JURONG WEST,5-ROOM,90.4,4.0,2009,"$316,000",04/06/2021,90.4
CLEMENTI,5-ROOM,77.9,16.0,2006,"$356,000",2021-09-12,77.9
GEYLANG,3-ROOM,88.2,15.0,1997,"$409,000",31/03/2019,88.2
GEYLANG,4-ROOM,113.5,6.0,1998,"$458,000",28/10/2018,113.5
GEYLANG,3-ROOM,89.6,15.0,1991,"$417,000",06/08/2019,89.6
BEDOK,4-ROOM,117.4,3.0,1977,"$466,000",2020-06-13,117.4
CLEMENTI,4-ROOM,120.4,28.0,1987,"$624,000",2018-07-26,120.4
ANG MO KIO,4-ROOM,100.8,29.0,1984,"$476,000",18/09/2021,100.8
HOUGANG,4-ROOM,71.2,17.0,2007,"$285,000",07/04/2021,71.2
BEDOK,3-ROOM,118.6,16.0,1976,"$545,000",24/06/2019,118.6
GEYLANG,4-ROOM,82.7,15.0,1991,"$350,000",2022-07-10,82.7
HOUGANG,3-ROOM,66.6,20.0,2011,"$341,000",05/03/2017,66.6
BEDOK,3-ROOM,92.1,23.0,2010,"$524,000",2023-08-16,92.1
ANG MO KIO,5-ROOM,89.8,23.0,1976,"$420,000",08/12/2019,89.8
GEYLANG,4-ROOM,102.6,28.0,1986,"$509,000",2020-01-11,102.6
PUNGGOL,5-ROOM,90.8,26.0,1980,"$442,000",2021-09-29,90.8
WOODLANDS,5-ROOM,122.1,21.0,1996,"$607,000",21/08/2021,122.1
HOUGANG,3-ROOM,109.6,19.0,1981,"$484,000",14/07/2020,109.6
TAMPINES,4-ROOM,66.8,5.0,2002,"$356,000",30/07/2022,66.8
ANG MO KIO,4-ROOM,74.6,29.0,2006,"$414,000",10/11/2021,74.6
HOUGANG,5-ROOM,85.9,5.0,2004,"$452,000",2023-09-13,85.9
JURONG WEST,4-ROOM,128.0,9.0,2014,"$589,000",29/10/2022,128.0
WOODLANDS,4-ROOM,86.8,23.0,2008,"$402,000",03/09/2021,86.8
WOODLANDS,5-ROOM,70.8,13.0,2008,"$389,000",2019-07-31,70.8
TAMPINES,5-ROOM,100.7,24.0,1995,"$504,000",2019-08-17,100.7
WOODLANDS,EXECUTIVE,86.5,15.0,2001,"$443,000",08/09/2018,86.5
PUNGGOL,3-ROOM,101.1,23.0,2000,"$500,000",24/02/2022,101.1
BEDOK,5-ROOM,146.2,11.0,1999,"$655,000",2017-11-07,146.2
GEYLANG,5-ROOM,110.4,18.0,2011,"$479,000",30/04/2018,110.4
BEDOK,3-ROOM,85.5,6.0,1993,"$346,000",28/03/2020,85.5
BEDOK,4-ROOM,123.6,9.0,1989,"$483,000",2022-05-12,123.6
HOUGANG,3-ROOM,66.9,7.0,1989,"$249,000",04/04/2021,66.9
PUNGGOL,5-ROOM,83.9,9.0,1988,"$338,000",18/05/2017,83.9
WOODLANDS,3-ROOM,104.1,29.0,2009,"$565,000",2020-06-17,104.1
HOUGANG,4-ROOM,107.2,25.0,2000,"$530,000",23/03/2017,107.2
WOODLANDS,3-ROOM,82.7,28.0,1995,"$398,000",26/02/2021,82.7
HOUGANG,EXECUTIVE,124.5,24.0,1989,"$541,000",25/07/2022,124.5
BEDOK,4-ROOM,104.1,28.0,2013,"$590,000",2023-04-21,104.1
BEDOK,3-ROOM,75.2,14.0,1983,"$389,000",03/11/2022,75.2
ANG MO KIO,5-ROOM,121.5,15.0,1975,"$504,000",2019-06-13,121.5
GEYLANG,4-ROOM,49.6,18.0,1989,"$185,000",26/02/2023,49.6
TAMPINES,4-ROOM,69.0,11.0,2013,"$270,000",2023-03-07,69.0
GEYLANG,5-ROOM,59.7,26.0,2003,"$382,000",27/01/2021,59.7
JURONG WEST,4-ROOM,108.3,3.0,1997,"$493,000",24/08/2020,108.3
TAMPINES,3-ROOM,72.8,5.0,1979,"$196,000",2021-12-05,72.8
CLEMENTI,5-ROOM,80.5,8.0,2001,"$404,000",2018-03-10,80.5
CLEMENTI,5-ROOM,66.7,6.0,2014,"$347,000",2019-08-13,66.7
TAMPINES,4-ROOM,91.4,19.0,2006,"$413,000",20/04/2023,91.4
HOUGANG,EXECUTIVE,105.2,20.0,1992,"$515,000",20/08/2017,105.2
HOUGANG,3-ROOM,84.9,26.0,2014,"$401,000",29/10/2018,84.9
ANG MO KIO,3-ROOM,103.1,12.0,1994,"$376,000",2018-04-18,103.1
CLEMENTI,3-ROOM,96.5,12.0,1994,"$464,000",2017-01-25,96.5
WOODLANDS,4-ROOM,72.2,15.0,2009,"$335,000",2020-10-02,72.2
GEYLANG,4-ROOM,97.9,28.0,2006,"$506,000",05/11/2019,97.9
PUNGGOL,4-ROOM,66.5,23.0,2001,"$380,000",2022-03-26,66.5
CLEMENTI,3-ROOM,81.2,16.0,1996,"$374,000",2018-01-24,81.2
CLEMENTI,3-ROOM,50.7,21.0,1977,"$254,000",2023-03-28,50.7
WOODLANDS,4-ROOM,83.5,3.0,2007,"$445,000",25/07/2017,83.5
ANG MO KIO,3-ROOM,95.0,7.0,1987,"$477,000",2019-07-13,95.0
ANG MO KIO,3-ROOM,79.3,20.0,1995,"$437,000",2021-11-02,79.3
HOUGANG,4-ROOM,118.9,10.0,1992,"$524,000",12/10/2018,118.9
PUNGGOL,4-ROOM,126.0,26.0,2008,"$645,000",2022-02-11,126.0
JURONG WEST,4-ROOM,113.8,14.0,2010,"$530,000",20/03/2023,113.8
CLEMENTI,3-ROOM,78.3,10.0,1997,"$301,000",03/01/2021,78.3
HOUGANG,3-ROOM,79.1,19.0,1992,"$386,000",05/03/2021,79.1
PUNGGOL,4-ROOM,83.5,9.0,1978,"$339,000",19/09/2019,83.5
GEYLANG,5-ROOM,105.2,7.0,1977,"$450,000",2023-04-19,105.2
JURONG WEST,4-ROOM,96.9,12.0,1993,"$447,000",2019-03-27,96.9
PUNGGOL,4-ROOM,90.1,12.0,2002,"$376,000",2023-09-08,90.1
CLEMENTI,4-ROOM,97.3,9.0,1997,"$383,000",2023-06-01,97.3
WOODLANDS,5-ROOM,98.0,23.0,1988,"$417,000",27/10/2018,98.0
PUNGGOL,3-ROOM,78.5,9.0,2005,"$373,000",2023-10-17,78.5
HOUGANG,EXECUTIVE,84.0,14.0,2008,"$415,000",2021-06-15,84.0
BEDOK,5-ROOM,69.8,10.0,1979,"$294,000",08/09/2022,69.8
WOODLANDS,4-ROOM,96.4,19.0,2005,"$495,000",21/09/2020,96.4
YISHUN,4-ROOM,85.5,17.0,1998,"$417,000",2021-08-23,85.5
JURONG WEST,4-ROOM,53.0,16.0,1992,"$161,000",2018-12-23,53.0
CLEMENTI,5-ROOM,131.9,7.0,2014,"$578,000",2017-05-05,131.9
CLEMENTI,5-ROOM,57.1,28.0,1998,"$333,000",2022-04-04,57.1
HOUGANG,5-ROOM,88.5,20.0,1998,"$458,000",13/01/2021,88.5
CLEMENTI,3-ROOM,125.6,2.0,2002,"$515,000",30/09/2021,125.6
HOUGANG,3-ROOM,49.4,29.0,2003,"$294,000",2021-05-23,49.4
TAMPINES,5-ROOM,56.6,26.0,1989,"$328,000",17/05/2021,56.6
PUNGGOL,3-ROOM,104.2,28.0,1994,"$512,000",27/02/2023,104.2
BEDOK,5-ROOM,40.0,2.0,1994,"$150,000",2017-11-29,40.0
WOODLANDS,5-ROOM,90.2,10.0,1981,"$334,000",2022-12-05,90.2
PUNGGOL,3-ROOM,135.6,14.0,2005,"$667,000",2021-03-23,135.6
HOUGANG,3-ROOM,83.0,8.0,2008,"$356,000",27/11/2022,83.0
TAMPINES,5-ROOM,107.4,7.0,2005,"$502,000",13/06/2018,107.4
HOUGANG,EXECUTIVE,124.4,24.0,2005,"$657,000",2023-10-27,124.4
ANG MO KIO,3-ROOM,112.0,27.0,2000,"$557,000",16/06/2023,112.0
WOODLANDS,4-ROOM,76.6,3.0,1991,"$269,000",22/04/2018,76.6
BEDOK,4-ROOM,89.3,10.0,1983,"$412,000",26/02/2020,89.3
HOUGANG,3-ROOM,110.0,2.0,2004,"$545,000",2019-04-30,110.0
WOODLANDS,4-ROOM,132.8,10.0,1994,"$501,000",2019-06-23,132.8
WOODLANDS,3-ROOM,118.2,20.0,1981,"$505,000",09/08/2019,118.2
BEDOK,4-ROOM,93.6,3.0,1994,"$442,000",2018-04-13,93.6
HOUGANG,4-ROOM,95.1,18.0,1975,"$349,000",2022-11-15,95.1
GEYLANG,4-ROOM,109.9,25.0,2005,"$502,000",10/12/2020,109.9
WOODLANDS,EXECUTIVE,94.6,8.0,2011,"$429,000",05/10/2019,94.6
JURONG WEST,4-ROOM,101.5,21.0,1978,"$392,000",2018-02-28,101.5
HOUGANG,4-ROOM,81.2,14.0,1982,"$402,000",2021-12-17,81.2
ANG MO KIO,3-ROOM,76.9,24.0,2008,"$408,000",06/03/2019,76.9
BEDOK,3-ROOM,69.6,24.0,1991,"$359,000",2019-11-25,69.6
WOODLANDS,3-ROOM,106.5,13.0,1977,"$415,000",2019-08-13,106.5
JURONG WEST,3-ROOM,78.7,5.0,1980,"$254,000",2019-01-27,78.7
ANG MO KIO,3-ROOM,103.4,22.0,2009,"$566,000",2022-12-20,103.4
YISHUN,EXECUTIVE,91.5,25.0,1999,"$407,000",21/05/2023,91.5
HOUGANG,5-ROOM,107.6,26.0,1995,"$490,000",2021-10-01,107.6
BEDOK,4-ROOM,94.1,7.0,1989,"$403,000",04/09/2018,94.1
BEDOK,5-ROOM,92.9,20.0,1980,"$401,000",2019-03-04,92.9
JURONG WEST,4-ROOM,96.2,29.0,1975,"$437,000",2021-07-25,96.2
WOODLANDS,3-ROOM,101.6,17.0,2012,"$443,000",16/09/2019,101.6
BEDOK,4-ROOM,60.9,2.0,2007,"$327,000",28/01/2021,60.9
PUNGGOL,4-ROOM,118.9,3.0,2000,"$480,000",17/10/2023,118.9
TAMPINES,3-ROOM,93.1,14.0,1994,"$424,000",2021-01-18,93.1
PUNGGOL,4-ROOM,90.6,17.0,2003,"$462,000",14/04/2017,90.6
CLEMENTI,3-ROOM,135.1,24.0,1992,"$654,000",2019-03-28,135.1
BEDOK,4-ROOM,107.1,12.0,1978,"$440,000",2017-08-25,107.1
JURONG WEST,4-ROOM,91.5,19.0,1975,"$406,000",19/09/2022,91.5
CLEMENTI,3-ROOM,128.6,1.0,2012,"$575,000",11/04/2021,128.6
PUNGGOL,4-ROOM,98.0,20.0,2014,"$481,000",08/07/2020,98.0
JURONG WEST,4-ROOM,94.5,12.0,1975,"$372,000",2021-11-11,94.5
GEYLANG,3-ROOM,96.8,10.0,1979,"$393,000",31/08/2021,96.8
PUNGGOL,3-ROOM,89.3,18.0,2014,"$516,000",18/05/2018,89.3
TAMPINES,5-ROOM,92.0,6.0,1992,"$404,000",19/05/2019,92.0
CLEMENTI,5-ROOM,107.7,18.0,2002,"$418,000",20/09/2023,107.7
HOUGANG,4-ROOM,66.4,1.0,1993,"$231,000",2022-03-30,66.4
GEYLANG,5-ROOM,87.9,11.0,1986,"$354,000",08/10/2018,87.9
YISHUN,5-ROOM,91.0,1.0,1991,"$395,000",26/06/2018,91.0
CLEMENTI,3-ROOM,125.5,24.0,2005,"$609,000",2022-10-12,125.5
GEYLANG,5-ROOM,80.4,20.0,1988,"$362,000",17/10/2018,80.4
WOODLANDS,4-ROOM,72.4,24.0,1999,"$351,000",29/09/2021,72.4
WOODLANDS,3-ROOM,73.8,11.0,2008,"$276,000",29/10/2019,73.8
TAMPINES,5-ROOM,96.1,3.0,1980,"$380,000",01/05/2023,96.1
PUNGGOL,4-ROOM,138.7,26.0,1976,"$632,000",12/08/2018,138.7
JURONG WEST,3-ROOM,144.3,23.0,2003,"$671,000",2019-12-23,144.3
TAMPINES,5-ROOM,89.4,18.0,1989,"$426,000",2023-02-22,89.4
JURONG WEST,4-ROOM,62.3,28.0,2012,"$352,000",12/01/2017,62.3
BEDOK,4-ROOM,91.2,1.0,2003,"$431,000",2017-08-12,91.2
JURONG WEST,3-ROOM,105.5,19.0,1991,"$463,000",19/03/2020,105.5
CLEMENTI,EXECUTIVE,81.5,19.0,2012,"$409,000",2017-12-06,81.5
YISHUN,4-ROOM,126.4,21.0,1994,"$571,000",21/04/2020,126.4
GEYLANG,4-ROOM,116.0,27.0,1989,"$558,000",16/04/2020,116.0
BEDOK,3-ROOM,99.2,22.0,2002,"$529,000",26/09/2019,99.2
GEYLANG,5-ROOM,132.9,1.0,1979,"$478,000",28/06/2020,132.9
HOUGANG,EXECUTIVE,121.2,14.0,1979,"$548,000",07/04/2023,121.2
GEYLANG,EXECUTIVE,93.1,11.0,2004,"$498,000",2017-02-16,93.1
GEYLANG,4-ROOM,59.6,23.0,2012,"$242,000",2017-08-20,59.6
CLEMENTI,EXECUTIVE,69.8,11.0,2011,"$363,000",2022-02-21,69.8
PUNGGOL,3-ROOM,68.6,3.0,2008,"$273,000",16/02/2019,68.6
BEDOK,5-ROOM,157.2,22.0,2012,"$755,000",27/11/2022,157.2
TAMPINES,3-ROOM,85.1,13.0,1979,"$371,000",2020-12-10,85.1
GEYLANG,5-ROOM,74.1,8.0,2008,"$268,000",01/10/2019,74.1
HOUGANG,4-ROOM,90.9,8.0,1983,"$291,000",24/01/2023,90.9
BEDOK,4-ROOM,137.4,29.0,1978,"$553,000",12/02/2021,137.4
BEDOK,5-ROOM,108.6,16.0,1988,"$509,000",2019-03-11,108.6
ANG MO KIO,EXECUTIVE,122.4,15.0,1978,"$578,000",12/09/2020,122.4
CLEMENTI,4-ROOM,94.5,4.0,2009,"$456,000",2023-06-18,94.5
ANG MO KIO,4-ROOM,64.1,13.0,2011,"$322,000",15/02/2022,64.1
YISHUN,EXECUTIVE,69.9,11.0,1997,"$355,000",29/03/2017,69.9
YISHUN,4-ROOM,91.3,19.0,1982,"$401,000",02/07/2020,91.3
CLEMENTI,5-ROOM,48.0,12.0,1996,"$203,000",2018-05-08,48.0
PUNGGOL,4-ROOM,105.2,14.0,1980,"$370,000",05/01/2020,105.2
TAMPINES,4-ROOM,67.0,17.0,2000,"$271,000",11/06/2020,67.0
CLEMENTI,3-ROOM,59.1,8.0,2009,"$269,000",26/12/2022,59.1
CLEMENTI,3-ROOM,144.8,25.0,1985,"$724,000",18/03/2018,144.8
BEDOK,4-ROOM,84.0,5.0,1990,"$388,000",2023-09-12,84.0
ANG MO KIO,3-ROOM,72.0,23.0,1981,"$350,000",2018-11-17,72.0
PUNGGOL,3-ROOM,105.1,28.0,2009,"$518,000",2017-06-28,105.1
TAMPINES,3-ROOM,74.5,27.0,1989,"$373,000",2018-02-27,74.5
WOODLANDS,5-ROOM,50.1,19.0,1988,"$238,000",2018-05-15,50.1
YISHUN,4-ROOM,87.6,18.0,1985,"$401,000",2023-04-06,87.6
WOODLANDS,4-ROOM,75.1,28.0,2004,"$342,000",09/09/2020,75.1
ANG MO KIO,5-ROOM,69.2,13.0,1975,"$311,000",15/08/2017,69.2
YISHUN,4-ROOM,91.0,26.0,1985,"$374,000",12/11/2020,91.0
GEYLANG,5-ROOM,94.3,25.0,1986,"$479,000",26/06/2020,94.3
YISHUN,5-ROOM,114.8,18.0,1977,"$532,000",06/03/2022,114.8
WOODLANDS,EXECUTIVE,120.7,28.0,2008,"$556,000",2020-06-04,120.7
HOUGANG,5-ROOM,104.6,1.0,1978,"$451,000",2019-03-03,104.6
BEDOK,4-ROOM,74.8,17.0,1996,"$293,000",10/07/2023,74.8
PUNGGOL,4-ROOM,109.1,19.0,1978,"$513,000",14/04/2017,109.1
TAMPINES,4-ROOM,104.7,3.0,2011,"$506,000",2017-10-14,104.7
HOUGANG,3-ROOM,79.8,10.0,1976,"$338,000",21/11/2022,79.8
WOODLANDS,3-ROOM,92.3,24.0,1982,"$397,000",2022-11-21,92.3
WOODLANDS,3-ROOM,126.2,14.0,2001,"$546,000",16/12/2021,126.2
TAMPINES,5-ROOM,105.5,29.0,1987,"$476,000",2023-03-29,105.5
JURONG WEST,5-ROOM,137.6,23.0,1983,"$659,000",06/05/2017,137.6
BEDOK,3-ROOM,82.4,10.0,2006,"$332,000",11/12/2017,82.4
CLEMENTI,3-ROOM,84.7,19.0,1981,"$340,000",16/04/2020,84.7
PUNGGOL,4-ROOM,92.4,19.0,1989,"$393,000",12/05/2018,92.4
BEDOK,4-ROOM,119.9,14.0,2009,"$537,000",08/09/2018,119.9
CLEMENTI,3-ROOM,119.9,2.0,2009,"$523,000",2023-10-30,119.9
BEDOK,EXECUTIVE,89.1,18.0,1997,"$373,000",2019-08-03,89.1
TAMPINES,EXECUTIVE,98.3,29.0,2006,"$526,000",12/09/2022,98.3
GEYLANG,3-ROOM,94.4,26.0,2000,"$430,000",27/11/2020,94.4
ANG MO KIO,4-ROOM,116.0,4.0,2014,"$503,000",01/03/2017,116.0
CLEMENTI,4-ROOM,106.7,24.0,1984,"$507,000",2023-09-13,106.7
CLEMENTI,3-ROOM,111.8,27.0,1983,"$574,000",2021-09-18,111.8
GEYLANG,3-ROOM,107.3,27.0,1982,"$545,000",2019-05-06,107.3
ANG MO KIO,EXECUTIVE,62.9,15.0,1985,"$254,000",01/04/2020,62.9
WOODLANDS,3-ROOM,80.2,14.0,1980,"$291,000",30/12/2017,80.2
GEYLANG,4-ROOM,57.9,5.0,1992,"$264,000",30/03/2019,57.9
CLEMENTI,3-ROOM,104.3,19.0,1988,"$544,000",2022-10-18,104.3
BEDOK,EXECUTIVE,103.6,7.0,2012,"$494,000",2020-10-07,103.6
TAMPINES,3-ROOM,63.1,13.0,1976,"$256,000",26/05/2020,63.1
BEDOK,4-ROOM,89.3,14.0,1982,"$389,000",2021-03-12,89.3
HOUGANG,4-ROOM,106.7,28.0,1998,"$525,000",24/05/2017,106.7
JURONG WEST,4-ROOM,126.5,8.0,1976,"$489,000",14/05/2018,126.5
CLEMENTI,EXECUTIVE,67.6,3.0,1996,"$315,000",09/12/2019,67.6
HOUGANG,4-ROOM,64.7,29.0,1976,"$291,000",05/10/2017,64.7
WOODLANDS,3-ROOM,47.5,16.0,1976,"$191,000",05/01/2020,47.5
HOUGANG,3-ROOM,91.4,7.0,1987,"$365,000",2019-04-21,91.4
WOODLANDS,4-ROOM,77.8,5.0,1987,"$239,000",2019-12-28,77.8
GEYLANG,3-ROOM,101.0,7.0,1984,"$361,000",12/10/2020,101.0
CLEMENTI,3-ROOM,98.0,8.0,2008,"$490,000",2019-12-27,98.0
GEYLANG,5-ROOM,85.8,15.0,1982,"$365,000",05/05/2022,85.8
TAMPINES,3-ROOM,77.1,15.0,1977,"$331,000",2021-12-05,77.1
JURONG WEST,4-ROOM,186.3,25.0,1983,"$895,000",08/10/2021,186.3
CLEMENTI,4-ROOM,53.4,3.0,1986,"$199,000",03/04/2018,53.4
CLEMENTI,EXECUTIVE,94.3,21.0,1997,"$484,000",2018-05-15,94.3
GEYLANG,5-ROOM,70.8,11.0,1986,"$285,000",2020-11-25,70.8
GEYLANG,3-ROOM,53.8,21.0,2006,"$298,000",03/03/2019,53.8
GEYLANG,4-ROOM,103.9,11.0,2007,"$430,000",2022-07-05,103.9
CLEMENTI,3-ROOM,95.6,19.0,2014,"$483,000",05/02/2021,95.6
ANG MO KIO,5-ROOM,119.4,11.0,2012,"$650,000",2020-03-31,119.4
GEYLANG,EXECUTIVE,89.9,20.0,1980,"$428,000",08/10/2021,89.9
BEDOK,5-ROOM,120.0,12.0,1997,"$543,000",24/07/2020,120.0
YISHUN,EXECUTIVE,69.4,1.0,1992,"$281,000",21/10/2019,69.4
ANG MO KIO,4-ROOM,50.0,1.0,2001,"$200,000",06/02/2023,50.0
WOODLANDS,EXECUTIVE,78.4,5.0,2008,"$362,000",2017-02-01,78.4
ANG MO KIO,5-ROOM,105.7,1.0,1982,"$436,000",04/02/2019,105.7
CLEMENTI,3-ROOM,134.5,19.0,1987,"$657,000",20/04/2022,134.5
BEDOK,5-ROOM,86.5,4.0,1987,"$351,000",24/01/2022,86.5
ANG MO KIO,3-ROOM,61.0,22.0,2014,"$441,000",2020-06-26,61.0
GEYLANG,5-ROOM,98.7,17.0,1986,"$401,000",2017-02-18,98.7
TAMPINES,3-ROOM,101.0,15.0,1978,"$438,000",2017-08-11,101.0
CLEMENTI,4-ROOM,117.5,7.0,1999,"$554,000",30/10/2018,117.5
HOUGANG,5-ROOM,106.9,15.0,1999,"$471,000",06/03/2020,106.9
YISHUN,4-ROOM,118.3,18.0,1990,"$496,000",2021-03-21,118.3
ANG MO KIO,5-ROOM,76.7,8.0,1997,"$312,000",2021-02-23,76.7
CLEMENTI,5-ROOM,66.1,28.0,2004,"$345,000",04/10/2023,66.1
YISHUN,4-ROOM,112.0,12.0,2006,"$515,000",20/12/2022,112.0
YISHUN,5-ROOM,105.5,14.0,1992,"$473,000",2017-09-17,105.5
HOUGANG,4-ROOM,118.7,7.0,1991,"$506,000",16/11/2018,118.7
WOODLANDS,3-ROOM,87.8,10.0,2007,"$344,000",2021-07-04,87.8
WOODLANDS,3-ROOM,106.9,20.0,2003,"$517,000",23/03/2023,106.9
TAMPINES,4-ROOM,72.3,14.0,1988,"$341,000",2023-10-24,72.3
TAMPINES,4-ROOM,94.0,24.0,1985,"$459,000",2017-09-25,94.0
JURONG WEST,3-ROOM,80.8,8.0,2001,"$325,000",2017-11-05,80.8
BEDOK,4-ROOM,105.4,28.0,1999,"$516,000",12/05/2021,105.4
HOUGANG,5-ROOM,99.4,26.0,2007,"$478,000",2020-01-07,99.4
HOUGANG,5-ROOM,96.1,4.0,1991,"$368,000",28/07/2020,96.1
WOODLANDS,3-ROOM,101.9,29.0,1993,"$522,000",25/09/2018,101.9
YISHUN,3-ROOM,97.2,16.0,2010,"$405,000",2021-03-07,97.2
JURONG WEST,4-ROOM,96.0,5.0,2012,"$404,000",2023-01-01,96.0
TAMPINES,EXECUTIVE,86.9,3.0,1990,"$414,000",18/05/2017,86.9
YISHUN,5-ROOM,133.0,7.0,2012,"$643,000",30/06/2023,133.0
CLEMENTI,5-ROOM,89.0,4.0,2004,"$390,000",09/01/2020,89.0
TAMPINES,3-ROOM,70.4,26.0,1980,"$361,000",2021-09-30,70.4
ANG MO KIO,3-ROOM,105.1,9.0,1997,"$473,000",2023-12-09,105.1
CLEMENTI,3-ROOM,73.7,21.0,1995,"$353,000",16/09/2021,73.7
CLEMENTI,5-ROOM,96.3,26.0,2005,"$538,000",01/07/2019,96.3
CLEMENTI,3-ROOM,83.7,6.0,1976,"$364,000",07/07/2023,83.7
WOODLANDS,3-ROOM,72.0,21.0,2009,"$383,000",31/10/2019,72.0
TAMPINES,3-ROOM,94.1,10.0,1991,"$363,000",29/11/2022,94.1
JURONG WEST,4-ROOM,115.3,28.0,1986,"$568,000",2019-02-17,115.3
HOUGANG,4-ROOM,158.0,26.0,1986,"$738,000",2017-04-15,158.0
YISHUN,4-ROOM,82.6,4.0,2002,"$307,000",12/12/2023,82.6
ANG MO KIO,3-ROOM,59.1,15.0,1982,"$260,000",23/05/2019,59.1
BEDOK,3-ROOM,83.5,16.0,2010,"$329,000",2019-04-07,83.5
GEYLANG,5-ROOM,112.4,14.0,1996,"$471,000",2022-07-30,112.4
HOUGANG,3-ROOM,114.7,9.0,2003,"$499,000",23/06/2017,114.7
CLEMENTI,3-ROOM,99.5,21.0,2012,"$467,000",26/10/2023,99.5
ANG MO KIO,3-ROOM,88.4,17.0,1985,"$441,000",2023-05-28,88.4
ANG MO KIO,EXECUTIVE,98.3,16.0,1990,"$412,000",2022-01-03,98.3
TAMPINES,3-ROOM,97.4,15.0,2014,"$481,000",2017-06-07,97.4
CLEMENTI,5-ROOM,126.5,16.0,1980,"$569,000",2020-02-02,126.5
PUNGGOL,3-ROOM,136.0,3.0,1996,"$494,000",2021-09-29,136.0
TAMPINES,5-ROOM,95.6,20.0,2005,"$511,000",2017-10-26,95.6
HOUGANG,4-ROOM,130.2,23.0,2014,"$629,000",26/06/2020,130.2
GEYLANG,4-ROOM,103.8,13.0,1991,"$450,000",2018-09-14,103.8
ANG MO KIO,3-ROOM,98.2,25.0,1997,"$451,000",26/09/2021,98.2
HOUGANG,5-ROOM,89.7,18.0,1989,"$424,000",14/02/2023,89.7
GEYLANG,4-ROOM,132.3,13.0,1984,"$574,000",02/08/2020,132.3
TAMPINES,3-ROOM,113.0,20.0,1984,"$500,000",20/05/2020,113.0
BEDOK,4-ROOM,67.2,16.0,2004,"$289,000",2023-03-25,67.2
TAMPINES,3-ROOM,98.6,7.0,1975,"$480,000",15/05/2022,98.6
JURONG WEST,3-ROOM,54.5,14.0,1977,"$263,000",12/05/2023,54.5
PUNGGOL,4-ROOM,98.2,21.0,2006,"$462,000",2019-05-10,98.2
PUNGGOL,3-ROOM,83.0,23.0,1986,"$406,000",2021-12-05,83.0
PUNGGOL,4-ROOM,105.9,7.0,1994,"$471,000",15/03/2017,105.9
JURONG WEST,4-ROOM,85.3,7.0,2002,"$352,000",2021-07-18,85.3
BEDOK,4-ROOM,104.4,21.0,1984,"$452,000",2018-04-15,104.4
WOODLANDS,4-ROOM,89.7,23.0,1994,"$430,000",2018-08-10,89.7
GEYLANG,3-ROOM,67.7,22.0,2007,"$349,000",2020-02-02,67.7
BEDOK,5-ROOM,85.0,6.0,1987,"$402,000",13/03/2019,85.0
YISHUN,4-ROOM,59.3,22.0,1976,"$278,000",2023-12-05,59.3
JURONG WEST,5-ROOM,91.0,16.0,1975,"$386,000",2023-10-29,91.0
HOUGANG,5-ROOM,77.5,9.0,2012,"$427,000",17/08/2018,77.5
ANG MO KIO,4-ROOM,69.8,1.0,1985,"$209,000",2021-03-01,69.8
TAMPINES,5-ROOM,110.3,6.0,1982,"$407,000",2023-04-11,110.3
ANG MO KIO,4-ROOM,105.4,10.0,2006,"$552,000",2019-04-02,105.4
YISHUN,5-ROOM,59.0,26.0,2011,"$310,000",27/12/2021,59.0
GEYLANG,4-ROOM,,13.0,1997,"$363,000",2017-12-05,
GEYLANG,3-ROOM,92.2,2.0,1994,"$359,000",04/12/2019,92.2
HOUGANG,4-ROOM,58.8,2.0,1981,"$272,000",2023-07-23,58.8
BEDOK,5-ROOM,107.6,17.0,1990,"$439,000",25/05/2021,107.6
TAMPINES,4-ROOM,78.7,26.0,1990,"$342,000",03/01/2017,78.7
YISHUN,3-ROOM,95.1,16.0,2007,"$474,000",2017-11-30,95.1
ANG MO KIO,4-ROOM,100.3,12.0,2008,"$468,000",2023-11-28,100.3
WOODLANDS,5-ROOM,82.9,2.0,1983,"$248,000",2019-10-28,82.9
HOUGANG,4-ROOM,84.8,11.0,2001,"$433,000",29/06/2020,84.8
TAMPINES,3-ROOM,134.4,19.0,1996,"$617,000",2019-07-26,134.4
PUNGGOL,3-ROOM,128.6,8.0,2013,"$564,000",2019-04-19,128.6
BEDOK,5-ROOM,50.9,1.0,1994,"$191,000",2020-03-16,50.9
YISHUN,3-ROOM,96.7,1.0,1975,"$352,000",12/08/2019,96.7
JURONG WEST,EXECUTIVE,94.1,5.0,2010,"$396,000",2019-11-10,94.1
TAMPINES,3-ROOM,62.6,7.0,2002,"$304,000",09/10/2021,62.6
PUNGGOL,5-ROOM,67.5,7.0,1990,"$272,000",2017-10-08,67.5
JURONG WEST,4-ROOM,83.7,17.0,1988,"$313,000",19/07/2023,83.7
WOODLANDS,3-ROOM,106.7,14.0,2002,"$486,000",2019-08-24,106.7
CLEMENTI,4-ROOM,99.7,8.0,2005,"$506,000",13/07/2023,99.7
GEYLANG,3-ROOM,106.6,9.0,1976,"$429,000",16/12/2023,106.6
GEYLANG,3-ROOM,95.7,11.0,2011,"$375,000",2023-12-04,95.7
HOUGANG,3-ROOM,113.4,14.0,2003,"$495,000",09/02/2019,113.4
PUNGGOL,EXECUTIVE,90.5,18.0,1992,"$361,000",2017-01-22,90.5
JURONG WEST,4-ROOM,103.7,29.0,2011,"$579,000",2019-04-09,103.7
HOUGANG,5-ROOM,72.7,28.0,1998,"$417,000",2017-05-16,72.7
PUNGGOL,4-ROOM,148.1,4.0,2005,"$644,000",12/04/2018,148.1
HOUGANG,3-ROOM,123.8,21.0,1998,"$501,000",2017-06-13,123.8
GEYLANG,4-ROOM,115.8,16.0,1985,"$494,000",26/02/2018,115.8
ANG MO KIO,5-ROOM,,29.0,1976,"$526,000",09/09/2018,
WOODLANDS,EXECUTIVE,75.7,24.0,1990,"$364,000",03/12/2021,75.7
JURONG WEST,5-ROOM,56.6,4.0,1987,"$213,000",2023-04-06,56.6
HOUGANG,4-ROOM,78.5,20.0,1979,"$316,000",31/07/2023,78.5
PUNGGOL,4-ROOM,111.2,18.0,1999,"$492,000",09/10/2017,111.2
PUNGGOL,4-ROOM,,3.0,1978,"$288,000",2023-09-14,
ANG MO KIO,4-ROOM,79.6,24.0,2011,"$433,000",2017-08-12,79.6
PUNGGOL,4-ROOM,83.4,18.0,1992,"$381,000",2019-10-20,83.4
YISHUN,3-ROOM,93.3,5.0,1993,"$419,000",09/11/2022,93.3
WOODLANDS,3-ROOM,98.9,2.0,2008,"$433,000",2019-11-20,98.9
YISHUN,EXECUTIVE,77.3,26.0,1976,"$301,000",19/11/2022,77.3
WOODLANDS,5-ROOM,113.6,6.0,1976,"$412,000",03/10/2017,113.6
CLEMENTI,3-ROOM,76.9,15.0,2013,"$304,000",2019-08-02,76.9
HOUGANG,EXECUTIVE,143.0,23.0,1992,"$660,000",16/08/2021,143.0
GEYLANG,5-ROOM,113.3,13.0,2006,"$527,000",2018-12-19,113.3
WOODLANDS,5-ROOM,93.6,5.0,1981,"$397,000",2023-06-06,93.6
CLEMENTI,3-ROOM,73.9,25.0,1999,"$386,000",20/11/2022,73.9
BEDOK,4-ROOM,106.6,3.0,2013,"$521,000",27/12/2018,106.6
BEDOK,5-ROOM,107.9,23.0,1989,"$500,000",11/05/2019,107.9
WOODLANDS,4-ROOM,98.3,14.0,2010,"$503,000",2017-11-30,98.3
TAMPINES,3-ROOM,91.6,18.0,2008,"$462,000",2018-03-31,91.6
CLEMENTI,3-ROOM,112.9,11.0,2009,"$514,000",15/10/2017,112.9
HOUGANG,4-ROOM,98.4,6.0,1994,"$426,000",2017-06-22,98.4
YISHUN,4-ROOM,129.8,6.0,2004,"$575,000",21/12/2022,129.8
ANG MO KIO,3-ROOM,92.4,25.0,1977,"$413,000",2020-07-04,92.4
TAMPINES,EXECUTIVE,95.3,12.0,1985,"$436,000",03/02/2018,95.3
HOUGANG,3-ROOM,58.1,16.0,1993,"$247,000",28/04/2018,58.1
JURONG WEST,4-ROOM,114.8,14.0,1984,"$545,000",2018-09-04,114.8
YISHUN,4-ROOM,76.9,26.0,1982,"$337,000",06/03/2022,76.9
TAMPINES,5-ROOM,122.9,5.0,1998,"$474,000",22/07/2019,122.9
JURONG WEST,4-ROOM,110.9,15.0,2009,"$508,000",2017-03-17,110.9
JURONG WEST,4-ROOM,111.5,12.0,2005,"$478,000",17/05/2019,111.5
PUNGGOL,3-ROOM,86.0,29.0,1995,"$460,000",06/12/2017,86.0
GEYLANG,4-ROOM,111.8,8.0,2008,"$478,000",2021-08-29,111.8
BEDOK,4-ROOM,122.1,22.0,1998,"$655,000",12/06/2022,122.1
YISHUN,3-ROOM,88.7,20.0,1976,"$430,000",08/09/2020,88.7
ANG MO KIO,4-ROOM,83.9,3.0,2001,"$298,000",2023-07-21,83.9
PUNGGOL,3-ROOM,142.2,21.0,2008,"$636,000",11/10/2020,142.2
TAMPINES,3-ROOM,115.8,2.0,1976,"$499,000",2018-08-08,115.8
BEDOK,5-ROOM,84.3,19.0,1998,"$413,000",19/12/2023,84.3
ANG MO KIO,4-ROOM,124.3,1.0,1991,"$557,000",2017-08-21,124.3
JURONG WEST,3-ROOM,58.8,28.0,2009,"$301,000",14/03/2019,58.8
PUNGGOL,3-ROOM,123.8,19.0,1999,"$600,000",2021-10-01,123.8
HOUGANG,5-ROOM,113.6,5.0,1975,"$433,000",17/08/2018,113.6
WOODLANDS,3-ROOM,104.6,23.0,2011,"$492,000",21/08/2022,104.6
CLEMENTI,3-ROOM,120.3,3.0,1987,"$479,000",18/02/2017,120.3
TAMPINES,EXECUTIVE,102.8,12.0,2003,"$503,000",2018-02-19,102.8
TAMPINES,3-ROOM,106.7,1.0,2004,"$446,000",2022-02-25,106.7
WOODLANDS,5-ROOM,100.8,8.0,2001,"$402,000",2018-05-11,100.8
BEDOK,3-ROOM,110.2,18.0,2001,"$540,000",11/05/2023,110.2
ANG MO KIO,EXECUTIVE,105.5,12.0,2006,"$559,000",08/10/2021,105.5
JURONG WEST,EXECUTIVE,78.1,7.0,1980,"$270,000",2021-12-01,78.1
HOUGANG,EXECUTIVE,135.4,14.0,1997,"$631,000",14/08/2019,135.4
BEDOK,4-ROOM,113.5,15.0,2004,"$468,000",14/05/2023,113.5
YISHUN,5-ROOM,108.1,28.0,2006,"$578,000",2020-09-19,108.1
JURONG WEST,4-ROOM,55.6,13.0,2006,"$233,000",27/04/2021,55.6
CLEMENTI,4-ROOM,69.9,9.0,1986,"$327,000",2019-12-30,69.9
JURONG WEST,4-ROOM,92.9,18.0,1985,"$377,000",2023-09-29,92.9
HOUGANG,4-ROOM,107.6,20.0,1995,"$569,000",07/07/2018,107.6
BEDOK,EXECUTIVE,76.0,14.0,2005,"$334,000",04/11/2019,76.0
TAMPINES,5-ROOM,135.5,23.0,1988,"$625,000",2020-08-01,135.5
ANG MO KIO,4-ROOM,84.2,29.0,1994,"$472,000",25/11/2021,84.2
BEDOK,EXECUTIVE,90.4,19.0,1976,"$325,000",08/10/2023,90.4
BEDOK,3-ROOM,106.1,13.0,2012,"$450,000",11/03/2022,106.1
PUNGGOL,4-ROOM,50.0,1.0,2009,"$171,000",29/10/2020,50.0
TAMPINES,EXECUTIVE,94.5,10.0,1983,"$393,000",28/04/2017,94.5
WOODLANDS,5-ROOM,70.1,18.0,1993,"$286,000",2023-05-01,70.1
GEYLANG,4-ROOM,124.7,3.0,1992,"$624,000",2021-04-30,124.7
YISHUN,3-ROOM,101.1,23.0,2003,"$471,000",30/07/2018,101.1
ANG MO KIO,5-ROOM,60.1,1.0,1999,"$304,000",2017-03-04,60.1
PUNGGOL,4-ROOM,107.1,6.0,1987,"$465,000",05/03/2020,107.1
ANG MO KIO,4-ROOM,71.1,25.0,2010,"$347,000",10/02/2019,71.1
BEDOK,4-ROOM,74.8,14.0,2013,"$353,000",01/06/2021,74.8
HOUGANG,4-ROOM,82.2,7.0,2003,"$302,000",2018-07-26,82.2
JURONG WEST,5-ROOM,92.3,10.0,1975,"$399,000",2019-10-06,92.3
GEYLANG,4-ROOM,125.1,12.0,1978,"$518,000",20/02/2022,125.1
CLEMENTI,3-ROOM,94.8,7.0,1980,"$341,000",2017-11-10,94.8
JURONG WEST,EXECUTIVE,71.4,10.0,1997,"$326,000",19/11/2018,71.4
PUNGGOL,3-ROOM,63.3,9.0,1983,"$248,000",2022-09-05,63.3
HOUGANG,EXECUTIVE,64.5,11.0,2001,"$296,000",2022-05-16,64.5
PUNGGOL,EXECUTIVE,93.6,24.0,2011,"$562,000",2022-10-02,93.6
CLEMENTI,3-ROOM,77.6,27.0,1994,"$322,000",2022-01-10,77.6
CLEMENTI,3-ROOM,,20.0,2013,"$450,000",2018-08-03,
HOUGANG,3-ROOM,77.7,27.0,1980,"$407,000",2017-02-21,77.7
ANG MO KIO,5-ROOM,128.1,2.0,1989,"$483,000",16/12/2022,128.1
ANG MO KIO,5-ROOM,107.1,28.0,1977,"$551,000",04/08/2020,107.1
BEDOK,3-ROOM,120.1,16.0,1976,"$549,000",27/01/2023,120.1
HOUGANG,3-ROOM,104.4,23.0,1975,"$461,000",2020-06-22,104.4
TAMPINES,3-ROOM,104.1,2.0,1994,"$373,000",15/04/2021,104.1
PUNGGOL,EXECUTIVE,87.1,10.0,1987,"$368,000",16/07/2017,87.1
CLEMENTI,5-ROOM,82.8,8.0,1984,"$373,000",2021-02-08,82.8
CLEMENTI,5-ROOM,88.0,15.0,1976,"$340,000",2018-06-30,88.0
BEDOK,3-ROOM,84.6,26.0,2012,"$313,000",17/06/2019,84.6
WOODLANDS,5-ROOM,58.9,14.0,1976,"$221,000",2020-02-11,58.9
ANG MO KIO,4-ROOM,108.1,26.0,2003,"$590,000",23/04/2017,108.1
BEDOK,3-ROOM,72.2,14.0,1991,"$273,000",09/07/2018,72.2
PUNGGOL,5-ROOM,127.8,23.0,1993,"$599,000",2017-06-22,127.8
GEYLANG,4-ROOM,109.3,28.0,2000,"$554,000",11/07/2019,109.3
HOUGANG,4-ROOM,88.9,13.0,1994,"$391,000",2020-02-14,88.9
GEYLANG,3-ROOM,134.0,8.0,1976,"$540,000",2023-06-25,134.0
JURONG WEST,5-ROOM,130.4,24.0,1986,"$610,000",12/05/2018,130.4
TAMPINES,3-ROOM,53.7,23.0,2011,"$396,000",01/05/2017,53.7
YISHUN,3-ROOM,119.0,22.0,1982,"$519,000",22/12/2018,119.0
JURONG WEST,5-ROOM,139.0,28.0,2002,"$682,000",02/11/2023,139.0
WOODLANDS,3-ROOM,80.0,5.0,1985,"$378,000",2023-04-20,80.0
ANG MO KIO,4-ROOM,123.2,26.0,1996,"$628,000",17/07/2023,123.2
HOUGANG,3-ROOM,123.7,24.0,1986,"$684,000",2021-08-31,123.7
GEYLANG,4-ROOM,99.9,11.0,2006,"$426,000",24/02/2023,99.9
TAMPINES,5-ROOM,89.0,21.0,1989,"$379,000",31/12/2022,89.0
WOODLANDS,4-ROOM,105.4,19.0,1999,"$467,000",2019-04-18,105.4
BEDOK,4-ROOM,117.6,19.0,1997,"$529,000",2021-08-25,117.6
HOUGANG,4-ROOM,101.2,16.0,1975,"$406,000",2019-06-01,101.2
GEYLANG,4-ROOM,117.2,15.0,1993,"$524,000",01/10/2023,117.2
TAMPINES,4-ROOM,72.2,8.0,1979,"$305,000",2021-02-15,72.2
TAMPINES,5-ROOM,83.8,16.0,1994,"$348,000",31/01/2022,83.8
HOUGANG,5-ROOM,114.3,11.0,1983,"$542,000",2022-02-28,114.3
PUNGGOL,4-ROOM,87.4,17.0,2012,"$417,000",2019-06-16,87.4
BEDOK,5-ROOM,111.8,21.0,1990,"$559,000",2021-07-19,111.8
JURONG WEST,EXECUTIVE,107.1,15.0,2003,"$483,000",2019-11-29,107.1
PUNGGOL,3-ROOM,71.8,12.0,1983,"$353,000",2018-07-10,71.8
PUNGGOL,3-ROOM,110.3,28.0,1976,"$501,000",2022-10-10,110.3
HOUGANG,4-ROOM,94.9,14.0,1978,"$413,000",31/08/2020,94.9
TAMPINES,4-ROOM,86.4,19.0,2002,"$387,000",2021-11-04,86.4
PUNGGOL,5-ROOM,97.5,23.0,1997,"$463,000",27/08/2020,97.5
YISHUN,5-ROOM,88.1,9.0,1984,"$399,000",07/08/2017,88.1
JURONG WEST,EXECUTIVE,102.3,22.0,1999,"$499,000",26/07/2019,102.3
PUNGGOL,4-ROOM,76.8,8.0,1981,"$290,000",23/02/2017,76.8
TAMPINES,3-ROOM,112.2,13.0,1980,"$520,000",2019-07-06,112.2
YISHUN,5-ROOM,76.7,18.0,1995,"$426,000",2018-12-09,76.7
HOUGANG,3-ROOM,77.2,4.0,1988,"$327,000",2017-06-21,77.2
TAMPINES,4-ROOM,76.8,13.0,2012,"$299,000",14/01/2022,76.8
GEYLANG,4-ROOM,99.4,18.0,2008,"$553,000",13/10/2020,99.4
PUNGGOL,3-ROOM,86.2,10.0,1975,"$319,000",2023-12-10,86.2
HOUGANG,EXECUTIVE,89.6,19.0,1993,"$372,000",2022-12-27,89.6
BEDOK,3-ROOM,127.1,2.0,2010,"$512,000",2023-01-06,127.1
HOUGANG,EXECUTIVE,79.6,15.0,1990,"$370,000",28/07/2021,79.6
PUNGGOL,EXECUTIVE,,5.0,1990,"$334,000",2023-08-04,
BEDOK,4-ROOM,104.0,7.0,1988,"$380,000",2019-04-26,104.0
CLEMENTI,5-ROOM,77.8,16.0,1999,"$354,000",2023-09-01,77.8
PUNGGOL,5-ROOM,69.3,20.0,2003,"$342,000",2021-04-08,69.3
CLEMENTI,5-ROOM,123.0,24.0,2001,"$605,000",19/07/2021,123.0
WOODLANDS,5-ROOM,68.8,6.0,1980,"$312,000",13/11/2017,68.8
TAMPINES,4-ROOM,80.2,13.0,1979,"$368,000",2018-06-18,80.2
CLEMENTI,5-ROOM,121.4,28.0,2010,"$604,000",2019-04-09,121.4
BEDOK,3-ROOM,105.2,2.0,2009,"$485,000",2020-09-05,105.2
CLEMENTI,3-ROOM,76.5,17.0,1985,"$340,000",2021-06-18,76.5
PUNGGOL,5-ROOM,74.3,28.0,2007,"$428,000",10/06/2022,74.3
BEDOK,4-ROOM,86.3,28.0,2006,"$519,000",2023-03-28,86.3
JURONG WEST,3-ROOM,68.8,13.0,1995,"$292,000",2022-12-31,68.8
YISHUN,5-ROOM,64.1,15.0,1998,"$354,000",05/07/2020,64.1
TAMPINES,4-ROOM,85.6,13.0,1975,"$346,000",2018-04-08,85.6
PUNGGOL,5-ROOM,80.5,18.0,2003,"$410,000",2021-11-30,80.5
HOUGANG,4-ROOM,153.4,22.0,1989,"$687,000",2019-10-21,153.4
TAMPINES,4-ROOM,122.9,2.0,2001,"$483,000",2018-05-12,122.9
BEDOK,4-ROOM,67.6,23.0,1988,"$314,000",2018-07-20,67.6
WOODLANDS,3-ROOM,79.5,11.0,1999,"$391,000",2020-12-21,79.5
PUNGGOL,4-ROOM,89.8,9.0,1987,"$324,000",14/02/2020,89.8
GEYLANG,3-ROOM,58.7,9.0,1988,"$164,000",20/07/2021,58.7
BEDOK,EXECUTIVE,74.0,18.0,1984,"$264,000",2023-06-27,74.0
PUNGGOL,4-ROOM,114.8,9.0,1996,"$486,000",18/11/2019,114.8
YISHUN,4-ROOM,66.9,26.0,1985,"$312,000",2018-04-13,66.9
TAMPINES,5-ROOM,102.4,23.0,2009,"$516,000",03/09/2019,102.4
JURONG WEST,5-ROOM,128.9,6.0,1975,"$539,000",13/05/2020,128.9
YISHUN,EXECUTIVE,103.9,9.0,1998,"$512,000",07/04/2020,103.9
CLEMENTI,3-ROOM,102.5,18.0,1986,"$423,000",17/06/2021,102.5
YISHUN,5-ROOM,109.3,19.0,2003,"$499,000",2023-11-09,109.3
YISHUN,5-ROOM,98.9,8.0,1979,"$432,000",2023-07-02,98.9
CLEMENTI,4-ROOM,67.6,28.0,1983,"$351,000",08/02/2019,67.6
JURONG WEST,3-ROOM,71.6,19.0,1997,"$332,000",23/08/2018,71.6
WOODLANDS,3-ROOM,86.0,1.0,1989,"$372,000",2019-02-03,86.0
HOUGANG,EXECUTIVE,144.5,17.0,1999,"$633,000",2020-12-20,144.5
HOUGANG,3-ROOM,71.8,26.0,2007,"$393,000",18/05/2022,71.8
GEYLANG,4-ROOM,118.5,28.0,2012,"$677,000",2021-03-31,118.5
JURONG WEST,EXECUTIVE,118.0,12.0,2009,"$545,000",23/06/2020,118.0
PUNGGOL,4-ROOM,69.7,13.0,1988,"$314,000",2018-06-25,69.7
HOUGANG,4-ROOM,83.9,2.0,2006,"$365,000",2019-02-08,83.9
PUNGGOL,4-ROOM,101.8,2.0,1994,"$431,000",01/06/2020,101.8
CLEMENTI,3-ROOM,82.4,25.0,1990,"$376,000",2021-02-27,82.4
BEDOK,4-ROOM,101.9,15.0,2007,"$415,000",2017-04-09,101.9
WOODLANDS,4-ROOM,124.4,9.0,1987,"$535,000",18/12/2020,124.4
WOODLANDS,5-ROOM,134.8,18.0,1988,"$593,000",2019-10-05,134.8
GEYLANG,3-ROOM,89.2,26.0,1987,"$492,000",2023-08-12,89.2
PUNGGOL,4-ROOM,61.1,21.0,2013,"$307,000",2017-03-16,61.1
JURONG WEST,4-ROOM,75.6,28.0,2000,"$339,000",17/02/2023,75.6
JURONG WEST,5-ROOM,99.7,28.0,1981,"$432,000",29/11/2018,99.7
YISHUN,4-ROOM,87.4,23.0,1984,"$384,000",30/09/2018,87.4
GEYLANG,3-ROOM,89.1,4.0,1993,"$366,000",13/11/2023,89.1
GEYLANG,3-ROOM,107.0,7.0,2005,"$492,000",23/02/2022,107.0
HOUGANG,4-ROOM,59.0,7.0,1989,"$279,000",08/08/2022,59.0
GEYLANG,3-ROOM,87.0,6.0,2002,"$374,000",2017-12-31,87.0
GEYLANG,3-ROOM,98.9,10.0,2003,"$383,000",2023-03-01,98.9
YISHUN,3-ROOM,121.5,4.0,1981,"$589,000",2023-07-01,121.5
HOUGANG,EXECUTIVE,55.6,22.0,2003,"$300,000",11/07/2019,55.6
TAMPINES,5-ROOM,80.4,16.0,1984,"$306,000",2019-06-19,80.4
HOUGANG,EXECUTIVE,92.6,23.0,2008,"$463,000",03/09/2022,92.6
GEYLANG,5-ROOM,121.0,3.0,1995,"$518,000",2018-02-25,121.0
ANG MO KIO,4-ROOM,117.4,22.0,2003,"$473,000",28/04/2018,117.4
TAMPINES,EXECUTIVE,64.5,29.0,1987,"$317,000",20/04/2018,64.5
JURONG WEST,5-ROOM,122.5,26.0,2004,"$582,000",2019-05-30,122.5
JURONG WEST,4-ROOM,68.5,4.0,1980,"$246,000",2023-07-06,68.5
WOODLANDS,3-ROOM,81.4,9.0,2014,"$341,000",30/08/2021,81.4
TAMPINES,4-ROOM,85.2,18.0,2009,"$418,000",2020-02-01,85.2
JURONG WEST,4-ROOM,111.4,6.0,2003,"$425,000",21/06/2023,111.4
BEDOK,4-ROOM,75.4,5.0,2014,"$375,000",2018-07-13,75.4
YISHUN,4-ROOM,144.2,21.0,1994,"$651,000",02/05/2021,144.2
BEDOK,5-ROOM,85.3,1.0,1991,"$319,000",2022-07-04,85.3
BEDOK,3-ROOM,63.4,5.0,2007,"$270,000",10/06/2017,63.4
BEDOK,5-ROOM,62.2,19.0,1983,"$313,000",11/08/2022,62.2
HOUGANG,4-ROOM,79.3,19.0,2010,"$427,000",2022-05-15,79.3
BEDOK,3-ROOM,103.7,4.0,2006,"$465,000",24/05/2020,103.7
WOODLANDS,EXECUTIVE,102.6,24.0,1983,"$404,000",22/11/2023,102.6
PUNGGOL,4-ROOM,98.6,29.0,2011,"$512,000",2019-06-11,98.6
YISHUN,3-ROOM,117.7,12.0,1998,"$465,000",2017-03-06,117.7
CLEMENTI,4-ROOM,57.5,7.0,1989,"$206,000",2021-08-23,57.5
ANG MO KIO,5-ROOM,85.5,27.0,1984,"$437,000",2020-07-03,85.5
ANG MO KIO,3-ROOM,79.4,19.0,2009,"$441,000",2017-06-16,79.4
PUNGGOL,3-ROOM,93.3,3.0,2004,"$352,000",2023-02-28,93.3
CLEMENTI,3-ROOM,102.4,11.0,2008,"$407,000",14/10/2022,102.4
JURONG WEST,4-ROOM,100.0,6.0,2014,"$449,000",2019-08-13,100.0
GEYLANG,EXECUTIVE,96.2,29.0,2013,"$509,000",2017-08-11,96.2
YISHUN,3-ROOM,100.3,2.0,2013,"$439,000",2020-09-22,100.3
JURONG WEST,4-ROOM,89.2,17.0,1977,"$484,000",21/09/2019,89.2
TAMPINES,4-ROOM,80.0,18.0,2014,"$368,000",2019-06-21,80.0
HOUGANG,3-ROOM,40.0,13.0,2006,"$222,000",2021-09-23,40.0
PUNGGOL,3-ROOM,117.6,27.0,1996,"$562,000",2019-11-14,117.6
YISHUN,4-ROOM,120.6,17.0,2009,"$616,000",2020-08-20,120.6
YISHUN,4-ROOM,112.4,6.0,2014,"$466,000",24/05/2019,112.4
BEDOK,4-ROOM,90.9,23.0,2011,"$413,000",06/05/2018,90.9
ANG MO KIO,4-ROOM,125.0,19.0,2014,"$633,000",2023-10-15,125.0
HOUGANG,5-ROOM,95.2,11.0,1987,"$351,000",2023-08-13,95.2
ANG MO KIO,4-ROOM,66.7,9.0,1976,"$280,000",29/12/2020,66.7
PUNGGOL,3-ROOM,63.9,19.0,2010,"$387,000",2021-05-19,63.9
PUNGGOL,3-ROOM,75.7,20.0,2001,"$399,000",2020-06-15,75.7
TAMPINES,4-ROOM,71.8,24.0,1994,"$231,000",11/05/2017,71.8
HOUGANG,3-ROOM,107.0,24.0,1991,"$494,000",22/11/2017,107.0
WOODLANDS,3-ROOM,101.2,29.0,1984,"$500,000",21/05/2021,101.2
CLEMENTI,5-ROOM,118.7,12.0,2014,"$557,000",09/02/2019,118.7
JURONG WEST,3-ROOM,81.5,7.0,2006,"$373,000",2017-01-22,81.5
JURONG WEST,4-ROOM,119.9,29.0,1991,"$631,000",2019-04-08,119.9
PUNGGOL,3-ROOM,63.5,6.0,1999,"$227,000",05/02/2021,63.5
BEDOK,EXECUTIVE,72.3,10.0,2003,"$415,000",2023-06-21,72.3
GEYLANG,5-ROOM,82.6,8.0,1984,"$353,000",2021-03-29,82.6
JURONG WEST,3-ROOM,109.9,22.0,2008,"$593,000",11/01/2018,109.9
BEDOK,5-ROOM,74.3,15.0,1991,"$286,000",2021-01-13,74.3
JURONG WEST,3-ROOM,103.8,7.0,2011,"$458,000",21/02/2022,103.8
YISHUN,3-ROOM,100.4,28.0,2001,"$504,000",28/10/2019,100.4
PUNGGOL,3-ROOM,82.0,20.0,1978,"$271,000",2023-09-29,82.0
YISHUN,5-ROOM,109.8,24.0,1986,"$484,000",19/03/2019,109.8
CLEMENTI,EXECUTIVE,124.1,12.0,1997,"$517,000",2021-05-17,124.1
CLEMENTI,3-ROOM,105.0,5.0,1985,"$403,000",2023-12-21,105.0
ANG MO KIO,4-ROOM,106.3,21.0,1983,"$403,000",03/09/2022,106.3
PUNGGOL,4-ROOM,107.0,28.0,1999,"$536,000",18/02/2021,107.0
YISHUN,4-ROOM,132.1,9.0,1995,"$535,000",04/06/2020,132.1
PUNGGOL,4-ROOM,71.3,22.0,2011,"$364,000",2021-04-17,71.3
ANG MO KIO,4-ROOM,72.1,11.0,1989,"$273,000",30/05/2021,72.1
TAMPINES,3-ROOM,117.1,3.0,1993,"$518,000",29/05/2017,117.1
ANG MO KIO,4-ROOM,118.4,9.0,2010,"$568,000",18/10/2018,118.4
JURONG WEST,5-ROOM,93.0,7.0,1996,"$418,000",08/12/2021,93.0
WOODLANDS,4-ROOM,116.8,20.0,1991,"$546,000",2019-07-21,116.8
GEYLANG,EXECUTIVE,58.7,2.0,1992,"$202,000",25/02/2022,58.7
CLEMENTI,EXECUTIVE,92.7,21.0,2003,"$452,000",2023-01-22,92.7
HOUGANG,4-ROOM,82.4,7.0,1992,"$339,000",2017-04-17,82.4
TAMPINES,EXECUTIVE,117.3,27.0,1977,"$549,000",01/02/2017,117.3
BEDOK,3-ROOM,89.3,19.0,1987,"$402,000",17/02/2021,89.3
YISHUN,3-ROOM,111.1,18.0,2006,"$506,000",12/11/2022,111.1
WOODLANDS,3-ROOM,80.2,15.0,1979,"$280,000",04/08/2023,80.2
GEYLANG,EXECUTIVE,,29.0,2013,"$381,000",30/10/2019,
ANG MO KIO,5-ROOM,89.0,12.0,1980,"$392,000",29/06/2021,89.0
TAMPINES,4-ROOM,85.3,7.0,2010,"$442,000",2018-10-26,85.3
JURONG WEST,5-ROOM,116.0,18.0,2014,"$531,000",26/02/2017,116.0
JURONG WEST,EXECUTIVE,68.4,19.0,2006,"$363,000",2020-01-01,68.4
TAMPINES,5-ROOM,98.9,14.0,1994,"$429,000",23/08/2020,98.9
TAMPINES,4-ROOM,93.8,25.0,2001,"$420,000",2018-01-01,93.8
TAMPINES,3-ROOM,118.3,4.0,1985,"$483,000",15/12/2023,118.3
JURONG WEST,EXECUTIVE,78.2,4.0,2006,"$270,000",2022-02-23,78.2
YISHUN,3-ROOM,109.8,7.0,1975,"$457,000",2022-08-24,109.8
YISHUN,EXECUTIVE,,6.0,1990,"$409,000",17/11/2022,
YISHUN,EXECUTIVE,97.4,5.0,1984,"$359,000",2023-12-11,97.4
TAMPINES,EXECUTIVE,87.0,6.0,2007,"$383,000",24/12/2019,87.0
BEDOK,3-ROOM,58.1,25.0,1979,"$283,000",16/02/2023,58.1
ANG MO KIO,4-ROOM,95.6,6.0,1985,"$400,000",29/02/2020,95.6
HOUGANG,5-ROOM,81.1,9.0,2008,"$400,000",29/06/2018,81.1
YISHUN,3-ROOM,105.1,14.0,1988,"$464,000",07/01/2023,105.1
WOODLANDS,3-ROOM,84.0,4.0,2001,"$379,000",13/04/2022,84.0
BEDOK,4-ROOM,81.0,7.0,2001,"$351,000",2020-01-20,81.0
PUNGGOL,4-ROOM,50.8,21.0,1995,"$209,000",30/12/2021,50.8
HOUGANG,4-ROOM,136.7,23.0,1995,"$648,000",11/01/2019,136.7
PUNGGOL,4-ROOM,93.0,3.0,1996,"$326,000",2021-01-04,93.0
BEDOK,EXECUTIVE,77.0,12.0,2001,"$377,000",27/02/2020,77.0
HOUGANG,4-ROOM,116.4,13.0,2012,"$565,000",20/02/2023,116.4
TAMPINES,5-ROOM,93.5,20.0,2007,"$436,000",2023-07-07,93.5
ANG MO KIO,5-ROOM,75.2,21.0,2002,"$312,000",2021-04-08,75.2
JURONG WEST,3-ROOM,86.2,28.0,1995,"$442,000",01/07/2017,86.2
BEDOK,5-ROOM,100.0,16.0,1993,"$459,000",2020-04-22,100.0
BEDOK,4-ROOM,170.6,24.0,1990,"$834,000",14/08/2018,170.6
CLEMENTI,5-ROOM,118.1,11.0,1979,"$530,000",11/06/2023,118.1
HOUGANG,4-ROOM,92.1,26.0,1988,"$488,000",2021-02-12,92.1
BEDOK,3-ROOM,82.3,7.0,1975,"$375,000",05/08/2021,82.3
GEYLANG,4-ROOM,101.4,1.0,1993,"$460,000",20/12/2020,101.4
PUNGGOL,3-ROOM,91.1,2.0,1986,"$371,000",2020-05-19,91.1
YISHUN,5-ROOM,143.9,29.0,1980,"$797,000",2018-02-07,143.9
YISHUN,5-ROOM,91.9,10.0,1991,"$367,000",2022-10-29,91.9
GEYLANG,3-ROOM,73.8,13.0,1991,"$337,000",02/08/2019,73.8
WOODLANDS,4-ROOM,109.9,25.0,1990,"$513,000",2017-10-11,109.9
HOUGANG,EXECUTIVE,98.8,26.0,1993,"$560,000",31/10/2022,98.8
CLEMENTI,4-ROOM,95.5,6.0,1980,"$340,000",2022-04-11,95.5
GEYLANG,3-ROOM,87.6,24.0,2008,"$438,000",2023-01-28,87.6
PUNGGOL,4-ROOM,111.8,8.0,1995,"$437,000",2020-07-15,111.8
HOUGANG,3-ROOM,86.6,21.0,2011,"$392,000",07/04/2023,86.6
GEYLANG,EXECUTIVE,96.9,24.0,2004,"$464,000",2022-09-21,96.9
PUNGGOL,4-ROOM,123.0,12.0,1994,"$522,000",23/05/2023,123.0
YISHUN,3-ROOM,57.3,4.0,1985,"$249,000",15/09/2021,57.3
YISHUN,3-ROOM,67.3,20.0,1996,"$355,000",01/04/2018,67.3
TAMPINES,5-ROOM,97.4,2.0,2013,"$385,000",2018-02-13,97.4
WOODLANDS,3-ROOM,116.4,24.0,2008,"$591,000",26/06/2019,116.4
GEYLANG,4-ROOM,89.8,21.0,1977,"$366,000",14/04/2020,89.8
JURONG WEST,4-ROOM,66.4,29.0,1991,"$369,000",2020-07-01,66.4
ANG MO KIO,5-ROOM,104.0,2.0,1975,"$374,000",2018-06-13,104.0
CLEMENTI,4-ROOM,106.0,27.0,2004,"$533,000",2019-12-27,106.0
CLEMENTI,3-ROOM,116.3,10.0,2007,"$567,000",14/09/2023,116.3
GEYLANG,EXECUTIVE,104.9,15.0,2010,"$481,000",07/08/2022,104.9
TAMPINES,3-ROOM,105.7,15.0,1986,"$447,000",24/04/2019,105.7
BEDOK,4-ROOM,82.4,3.0,2002,"$392,000",05/12/2022,82.4
CLEMENTI,4-ROOM,87.2,11.0,1977,"$362,000",03/12/2021,87.2
GEYLANG,4-ROOM,87.3,7.0,1977,"$375,000",2021-08-16,87.3
TAMPINES,3-ROOM,40.0,14.0,1985,"$155,000",2023-05-24,40.0
HOUGANG,5-ROOM,154.0,8.0,1978,"$603,000",17/02/2021,154.0
TAMPINES,3-ROOM,103.8,23.0,1994,"$531,000",2022-11-02,103.8
HOUGANG,4-ROOM,100.2,25.0,2014,"$553,000",02/04/2018,100.2
PUNGGOL,4-ROOM,40.0,23.0,1979,"$188,000",03/12/2023,40.0
BEDOK,3-ROOM,77.7,15.0,1990,"$311,000",2018-12-12,77.7
GEYLANG,5-ROOM,103.7,14.0,1977,"$448,000",24/05/2017,103.7
ANG MO KIO,4-ROOM,72.6,5.0,1975,"$265,000",2018-09-11,72.6
CLEMENTI,5-ROOM,87.6,16.0,2001,"$378,000",03/02/2017,87.6
ANG MO KIO,4-ROOM,127.4,14.0,2001,"$579,000",05/09/2021,127.4
BEDOK,4-ROOM,105.5,2.0,2006,"$445,000",13/02/2017,105.5
BEDOK,5-ROOM,87.2,5.0,1976,"$268,000",01/09/2018,87.2
PUNGGOL,4-ROOM,97.2,3.0,2003,"$423,000",02/02/2019,97.2
BEDOK,3-ROOM,97.1,21.0,1996,"$443,000",21/06/2022,97.1
BEDOK,3-ROOM,68.4,16.0,1996,"$328,000",23/05/2020,68.4
CLEMENTI,4-ROOM,107.9,17.0,1980,"$446,000",2019-04-17,107.9
ANG MO KIO,3-ROOM,100.0,5.0,2005,"$421,000",2017-09-07,100.0
BEDOK,5-ROOM,105.1,6.0,1997,"$454,000",2019-03-14,105.1
BEDOK,4-ROOM,100.0,12.0,1982,"$391,000",12/06/2017,100.0
JURONG WEST,5-ROOM,67.0,8.0,2007,"$351,000",10/02/2017,67.0
YISHUN,4-ROOM,80.5,8.0,1985,"$335,000",2017-03-18,80.5
GEYLANG,4-ROOM,64.5,23.0,1997,"$311,000",27/10/2021,64.5
TAMPINES,5-ROOM,75.9,4.0,2003,"$278,000",24/01/2019,75.9
BEDOK,5-ROOM,81.2,28.0,1995,"$435,000",2020-06-19,81.2
GEYLANG,3-ROOM,106.8,2.0,1988,"$411,000",25/10/2021,106.8
ANG MO KIO,4-ROOM,96.1,24.0,1988,"$392,000",2021-01-24,96.1
WOODLANDS,4-ROOM,75.8,16.0,2004,"$364,000",2017-05-16,75.8
CLEMENTI,3-ROOM,40.0,24.0,1979,"$150,000",22/06/2018,40.0
GEYLANG,3-ROOM,88.3,7.0,1986,"$359,000",22/09/2021,88.3
ANG MO KIO,3-ROOM,136.8,6.0,1990,"$594,000",17/08/2019,136.8
ANG MO KIO,3-ROOM,91.6,22.0,1975,"$458,000",20/05/2023,91.6
BEDOK,4-ROOM,113.3,16.0,2002,"$517,000",02/08/2023,113.3
HOUGANG,5-ROOM,105.6,21.0,1994,"$515,000",2021-06-25,105.6
WOODLANDS,4-ROOM,48.1,8.0,1994,"$200,000",22/06/2019,48.1
JURONG WEST,3-ROOM,137.1,7.0,1999,"$582,000",26/02/2017,137.1
BEDOK,4-ROOM,83.8,17.0,1980,"$343,000",15/06/2017,83.8
ANG MO KIO,3-ROOM,81.0,8.0,1993,"$357,000",09/12/2021,81.0
WOODLANDS,3-ROOM,114.4,17.0,2014,"$564,000",17/05/2020,114.4
GEYLANG,4-ROOM,126.3,6.0,2004,"$517,000",2019-07-14,126.3
HOUGANG,4-ROOM,97.1,28.0,2000,"$478,000",2023-10-10,97.1
WOODLANDS,3-ROOM,77.7,7.0,2010,"$354,000",28/07/2019,77.7
WOODLANDS,4-ROOM,133.4,11.0,1993,"$600,000",2019-02-02,133.4
JURONG WEST,5-ROOM,94.6,4.0,1978,"$374,000",2017-02-28,94.6
HOUGANG,4-ROOM,112.3,13.0,1977,"$531,000",2019-12-03,112.3
WOODLANDS,4-ROOM,57.1,2.0,2008,"$194,000",2022-02-23,57.1
JURONG WEST,3-ROOM,105.9,16.0,2010,"$469,000",2023-01-21,105.9
PUNGGOL,3-ROOM,84.8,23.0,1988,"$413,000",05/08/2019,84.8
BEDOK,4-ROOM,107.7,17.0,1997,"$538,000",24/07/2019,107.7
HOUGANG,5-ROOM,86.9,5.0,2005,"$364,000",24/02/2022,86.9
CLEMENTI,EXECUTIVE,116.4,2.0,2009,"$525,000",11/10/2020,116.4
YISHUN,3-ROOM,95.4,20.0,1976,"$386,000",2023-03-26,95.4
BEDOK,4-ROOM,78.2,19.0,1986,"$306,000",16/11/2018,78.2
TAMPINES,3-ROOM,67.3,28.0,1984,"$308,000",25/01/2022,67.3
PUNGGOL,3-ROOM,121.1,7.0,2004,"$560,000",2018-03-08,121.1
ANG MO KIO,4-ROOM,86.0,19.0,1977,"$362,000",2019-09-20,86.0
JURONG WEST,4-ROOM,110.5,23.0,1989,"$455,000",15/02/2019,110.5
JURONG WEST,4-ROOM,119.0,7.0,2000,"$537,000",01/05/2018,119.0
ANG MO KIO,4-ROOM,82.7,15.0,2005,"$437,000",18/11/2019,82.7
GEYLANG,3-ROOM,76.9,22.0,1997,"$280,000",20/09/2023,76.9
TAMPINES,5-ROOM,106.3,25.0,1981,"$500,000",2021-11-27,106.3
PUNGGOL,3-ROOM,94.3,3.0,2002,"$386,000",17/03/2021,94.3
YISHUN,4-ROOM,69.5,24.0,1995,"$318,000",2017-02-12,69.5
BEDOK,3-ROOM,85.0,13.0,1999,"$350,000",25/11/2017,85.0
ANG MO KIO,EXECUTIVE,88.9,22.0,1993,"$475,000",2023-03-11,88.9
CLEMENTI,4-ROOM,92.9,13.0,2002,"$443,000",20/09/2019,92.9
JURONG WEST,4-ROOM,80.6,26.0,2002,"$440,000",2023-10-12,80.6
BEDOK,5-ROOM,40.0,17.0,2013,"$211,000",13/10/2022,40.0
ANG MO KIO,3-ROOM,152.0,26.0,1987,"$664,000",2021-10-02,152.0
PUNGGOL,5-ROOM,65.2,20.0,2006,"$351,000",2023-01-04,65.2
GEYLANG,4-ROOM,75.8,21.0,1984,"$371,000",24/08/2017,75.8
HOUGANG,3-ROOM,87.6,12.0,2008,"$440,000",2021-02-22,87.6
HOUGANG,4-ROOM,115.8,4.0,1979,"$487,000",08/10/2021,115.8
TAMPINES,3-ROOM,124.0,1.0,1978,"$470,000",2017-06-14,124.0
WOODLANDS,5-ROOM,79.3,21.0,1989,"$393,000",20/08/2023,79.3
BEDOK,5-ROOM,111.0,20.0,1980,"$552,000",28/05/2023,111.0
BEDOK,5-ROOM,116.9,16.0,1979,"$486,000",2021-08-23,116.9
HOUGANG,5-ROOM,81.0,10.0,1982,"$353,000",2023-05-25,81.0
JURONG WEST,4-ROOM,40.0,1.0,1999,"$150,000",09/01/2020,40.0
WOODLANDS,EXECUTIVE,42.9,24.0,2003,"$215,000",12/11/2023,42.9
YISHUN,5-ROOM,103.5,28.0,2002,"$511,000",2022-03-23,103.5
HOUGANG,4-ROOM,92.2,11.0,1979,"$394,000",2023-11-08,92.2
HOUGANG,3-ROOM,94.2,6.0,2008,"$472,000",2019-06-11,94.2
TAMPINES,3-ROOM,121.5,20.0,2012,"$509,000",22/03/2023,121.5
HOUGANG,3-ROOM,138.6,27.0,1979,"$642,000",23/09/2023,138.6
TAMPINES,4-ROOM,79.8,16.0,1993,"$399,000",06/01/2021,79.8
TAMPINES,EXECUTIVE,90.6,8.0,2000,"$387,000",02/03/2017,90.6
YISHUN,3-ROOM,95.5,16.0,1984,"$411,000",2021-04-30,95.5
YISHUN,3-ROOM,101.7,24.0,1980,"$416,000",2018-02-22,101.7
HOUGANG,EXECUTIVE,46.7,22.0,2007,"$275,000",2022-04-23,46.7
HOUGANG,4-ROOM,63.0,29.0,2001,"$361,000",22/12/2018,63.0
JURONG WEST,4-ROOM,82.5,27.0,1988,"$422,000",2021-06-21,82.5
ANG MO KIO,3-ROOM,126.5,5.0,1981,"$540,000",2019-03-01,126.5
TAMPINES,5-ROOM,101.7,9.0,2009,"$428,000",29/10/2021,101.7
TAMPINES,4-ROOM,40.0,20.0,2006,"$172,000",2021-11-09,40.0
TAMPINES,3-ROOM,109.8,7.0,2013,"$516,000",10/12/2017,109.8
BEDOK,5-ROOM,97.0,20.0,1979,"$495,000",02/08/2022,97.0
PUNGGOL,5-ROOM,100.9,4.0,2004,"$455,000",2021-09-13,100.9
ANG MO KIO,3-ROOM,146.3,10.0,2005,"$704,000",01/10/2019,146.3
JURONG WEST,3-ROOM,114.7,4.0,1991,"$500,000",2017-08-31,114.7
TAMPINES,3-ROOM,105.2,24.0,1990,"$502,000",2019-05-19,105.2
TAMPINES,4-ROOM,,23.0,1988,"$422,000",31/12/2022,
TAMPINES,4-ROOM,101.6,19.0,1988,"$476,000",2019-07-03,101.6
GEYLANG,5-ROOM,78.6,25.0,2000,"$364,000",2018-11-28,78.6
WOODLANDS,EXECUTIVE,92.8,24.0,1999,"$450,000",08/10/2020,92.8
BEDOK,5-ROOM,63.0,25.0,2012,"$371,000",2020-10-23,63.0
TAMPINES,4-ROOM,85.9,15.0,1997,"$344,000",2021-12-10,85.9
CLEMENTI,4-ROOM,81.1,15.0,1976,"$433,000",2017-08-25,81.1
BEDOK,4-ROOM,78.3,23.0,1982,"$360,000",2019-12-11,78.3
BEDOK,4-ROOM,98.1,23.0,2010,"$471,000",16/07/2023,98.1
ANG MO KIO,5-ROOM,150.8,1.0,1975,"$599,000",24/12/2023,150.8
PUNGGOL,3-ROOM,92.2,22.0,1984,"$441,000",25/09/2021,92.2
YISHUN,4-ROOM,86.2,28.0,1984,"$449,000",05/08/2022,86.2
ANG MO KIO,5-ROOM,93.1,20.0,2006,"$415,000",2017-01-10,93.1
ANG MO KIO,5-ROOM,95.3,16.0,1975,"$388,000",2018-07-28,95.3
GEYLANG,4-ROOM,108.5,8.0,1980,"$413,000",06/02/2020,108.5
WOODLANDS,4-ROOM,116.5,8.0,1975,"$494,000",26/08/2022,116.5
YISHUN,3-ROOM,77.7,8.0,1987,"$283,000",2018-12-29,77.7
BEDOK,5-ROOM,118.7,2.0,1994,"$487,000",2021-08-01,118.7
PUNGGOL,3-ROOM,84.9,25.0,1993,"$387,000",2018-04-17,84.9
BEDOK,4-ROOM,130.0,22.0,1983,"$569,000",2023-09-12,130.0
ANG MO KIO,3-ROOM,91.3,11.0,1991,"$428,000",2022-01-07,91.3
BEDOK,3-ROOM,86.8,19.0,2005,"$361,000",05/02/2018,86.8
PUNGGOL,3-ROOM,97.8,8.0,1990,"$460,000",2022-12-16,97.8
BEDOK,5-ROOM,,21.0,1977,"$234,000",03/02/2023,
BEDOK,3-ROOM,107.3,7.0,1981,"$476,000",2018-06-15,107.3
PUNGGOL,5-ROOM,60.1,14.0,1978,"$247,000",22/04/2023,60.1
BEDOK,3-ROOM,83.1,26.0,1991,"$373,000",25/06/2022,83.1
HOUGANG,5-ROOM,94.8,29.0,2002,"$458,000",01/02/2018,94.8
PUNGGOL,4-ROOM,91.7,12.0,1995,"$342,000",21/02/2019,91.7
WOODLANDS,3-ROOM,107.7,1.0,2010,"$439,000",13/01/2020,107.7
WOODLANDS,4-ROOM,80.0,22.0,1993,"$460,000",25/02/2020,80.0
JURONG WEST,5-ROOM,104.9,1.0,1982,"$399,000",20/02/2018,104.9
BEDOK,4-ROOM,116.6,19.0,1984,"$573,000",2023-09-30,116.6
TAMPINES,4-ROOM,106.7,18.0,1989,"$481,000",2018-01-25,106.7
YISHUN,4-ROOM,47.6,24.0,2003,"$193,000",2021-01-31,47.6
GEYLANG,4-ROOM,102.0,21.0,1978,"$549,000",2023-11-30,102.0
GEYLANG,EXECUTIVE,79.1,21.0,2013,"$377,000",2019-05-11,79.1
PUNGGOL,3-ROOM,58.7,10.0,1982,"$223,000",2017-02-27,58.7
ANG MO KIO,5-ROOM,101.8,22.0,1994,"$534,000",15/01/2021,101.8
PUNGGOL,3-ROOM,81.9,16.0,2006,"$357,000",30/10/2018,81.9
HOUGANG,4-ROOM,88.4,26.0,2006,"$383,000",15/12/2021,88.4
TAMPINES,4-ROOM,82.1,1.0,2008,"$394,000",2020-08-23,82.1
ANG MO KIO,5-ROOM,126.9,15.0,2003,"$574,000",2020-05-29,126.9
PUNGGOL,4-ROOM,122.1,19.0,2012,"$586,000",2017-04-03,122.1
WOODLANDS,4-ROOM,75.1,6.0,1993,"$370,000",08/05/2020,75.1
ANG MO KIO,3-ROOM,95.3,24.0,2007,"$491,000",2023-10-14,95.3
BEDOK,4-ROOM,98.6,3.0,2005,"$359,000",16/01/2017,98.6
GEYLANG,5-ROOM,70.8,16.0,2010,"$311,000",03/05/2022,70.8
HOUGANG,3-ROOM,126.1,7.0,2003,"$642,000",04/05/2020,126.1
ANG MO KIO,4-ROOM,97.9,17.0,1977,"$407,000",25/03/2021,97.9
WOODLANDS,3-ROOM,87.7,11.0,1981,"$415,000",15/12/2019,87.7
BEDOK,3-ROOM,141.3,2.0,1983,"$556,000",2018-07-10,141.3
BEDOK,5-ROOM,110.2,27.0,1979,"$544,000",23/09/2020,110.2
GEYLANG,4-ROOM,98.1,22.0,1983,"$411,000",09/10/2017,98.1
CLEMENTI,3-ROOM,121.7,15.0,2012,"$602,000",2019-06-15,121.7
BEDOK,3-ROOM,97.6,26.0,2008,"$503,000",05/12/2019,97.6
ANG MO KIO,4-ROOM,87.6,12.0,2002,"$394,000",2023-07-04,87.6
GEYLANG,4-ROOM,90.3,26.0,2008,"$435,000",06/03/2019,90.3
ANG MO KIO,3-ROOM,81.3,16.0,1990,"$357,000",2017-02-19,81.3
WOODLANDS,5-ROOM,92.3,6.0,1975,"$363,000",16/02/2021,92.3
JURONG WEST,4-ROOM,109.2,18.0,2002,"$496,000",11/11/2017,109.2
WOODLANDS,4-ROOM,77.2,13.0,2010,"$349,000",29/01/2019,77.2
HOUGANG,4-ROOM,79.3,20.0,1984,"$344,000",17/07/2022,79.3
YISHUN,3-ROOM,80.2,1.0,1990,"$272,000",2021-05-23,80.2
PUNGGOL,5-ROOM,91.5,8.0,2004,"$442,000",04/05/2023,91.5
JURONG WEST,3-ROOM,105.8,22.0,1980,"$488,000",17/08/2018,105.8
BEDOK,3-ROOM,98.0,21.0,1984,"$464,000",2020-11-02,98.0
TAMPINES,4-ROOM,115.0,10.0,1978,"$430,000",03/07/2019,115.0
YISHUN,5-ROOM,116.0,27.0,2003,"$575,000",2019-01-03,116.0
ANG MO KIO,5-ROOM,113.5,10.0,2004,"$483,000",2022-07-11,113.5
YISHUN,3-ROOM,99.3,22.0,1985,"$484,000",30/05/2020,99.3
JURONG WEST,3-ROOM,76.5,4.0,2005,"$337,000",2020-01-02,76.5
TAMPINES,3-ROOM,92.6,21.0,1984,"$509,000",2022-01-08,92.6
YISHUN,5-ROOM,136.5,1.0,1983,"$567,000",2022-09-29,136.5
YISHUN,5-ROOM,98.4,24.0,1986,"$481,000",15/11/2021,98.4
BEDOK,5-ROOM,73.1,9.0,1985,"$327,000",2021-07-06,73.1
BEDOK,4-ROOM,132.7,15.0,2006,"$545,000",2017-10-23,132.7
HOUGANG,4-ROOM,98.6,6.0,2009,"$420,000",2021-09-20,98.6
ANG MO KIO,3-ROOM,79.5,24.0,1998,"$378,000",2017-10-19,79.5
BEDOK,4-ROOM,143.8,28.0,1975,"$713,000",16/04/2017,143.8
JURONG WEST,5-ROOM,85.7,4.0,1979,"$300,000",19/12/2021,85.7
PUNGGOL,3-ROOM,133.6,5.0,2014,"$589,000",2021-08-13,133.6
WOODLANDS,4-ROOM,92.6,25.0,2011,"$452,000",07/05/2021,92.6
HOUGANG,5-ROOM,64.1,14.0,2000,"$296,000",2021-07-22,64.1
WOODLANDS,4-ROOM,40.0,27.0,1984,"$150,000",2023-07-16,40.0
WOODLANDS,3-ROOM,111.1,24.0,1997,"$542,000",2018-08-26,111.1
GEYLANG,3-ROOM,74.2,8.0,1990,"$256,000",2018-09-24,74.2
YISHUN,EXECUTIVE,77.0,5.0,1994,"$303,000",11/08/2022,77.0
CLEMENTI,5-ROOM,74.8,10.0,1985,"$224,000",2021-05-25,74.8
JURONG WEST,3-ROOM,49.5,11.0,2009,"$246,000",2019-08-28,49.5
ANG MO KIO,5-ROOM,86.0,7.0,1997,"$361,000",25/12/2018,86.0
YISHUN,4-ROOM,67.6,13.0,1989,"$298,000",29/11/2022,67.6
CLEMENTI,5-ROOM,83.1,11.0,2013,"$325,000",2017-09-08,83.1
HOUGANG,3-ROOM,110.5,27.0,1983,"$446,000",11/10/2021,110.5
ANG MO KIO,5-ROOM,110.6,19.0,2008,"$505,000",02/04/2020,110.6
GEYLANG,4-ROOM,72.8,28.0,2004,"$378,000",2021-06-20,72.8
ANG MO KIO,3-ROOM,84.1,8.0,2012,"$409,000",10/06/2021,84.1
GEYLANG,3-ROOM,106.8,10.0,1998,"$498,000",15/02/2017,106.8
YISHUN,4-ROOM,92.6,11.0,1990,"$443,000",2019-03-20,92.6
PUNGGOL,4-ROOM,97.8,10.0,1987,"$406,000",2023-09-05,97.8
TAMPINES,5-ROOM,79.9,16.0,2001,"$332,000",15/09/2021,79.9
HOUGANG,4-ROOM,110.8,20.0,1985,"$527,000",2023-04-01,110.8
GEYLANG,4-ROOM,119.7,22.0,1981,"$502,000",2020-06-14,119.7
JURONG WEST,4-ROOM,81.3,1.0,1984,"$274,000",2017-04-05,81.3
TAMPINES,EXECUTIVE,81.6,1.0,2002,"$385,000",15/06/2020,81.6
TAMPINES,3-ROOM,72.8,1.0,2006,"$260,000",30/09/2021,72.8
ANG MO KIO,4-ROOM,101.5,10.0,2013,"$464,000",18/10/2023,101.5
TAMPINES,5-ROOM,91.4,14.0,1996,"$417,000",21/08/2017,91.4
PUNGGOL,3-ROOM,110.6,15.0,1979,"$473,000",2019-03-27,110.6
WOODLANDS,4-ROOM,106.2,1.0,1975,"$324,000",2019-10-01,106.2
JURONG WEST,5-ROOM,124.5,13.0,1985,"$547,000",2020-12-25,124.5
GEYLANG,EXECUTIVE,117.6,9.0,1995,"$502,000",06/06/2022,117.6
HOUGANG,3-ROOM,86.0,5.0,1982,"$368,000",2021-11-20,86.0
BEDOK,3-ROOM,94.0,9.0,1984,"$289,000",02/08/2019,94.0
ANG MO KIO,5-ROOM,109.3,27.0,1996,"$498,000",25/03/2021,109.3
WOODLANDS,4-ROOM,121.9,11.0,1999,"$500,000",11/06/2022,121.9
HOUGANG,3-ROOM,81.5,23.0,2011,"$459,000",2019-09-11,81.5
TAMPINES,5-ROOM,98.5,5.0,1979,"$343,000",05/02/2020,98.5
CLEMENTI,4-ROOM,114.7,6.0,1996,"$458,000",23/02/2022,114.7
JURONG WEST,4-ROOM,87.8,24.0,2003,"$532,000",2020-08-23,87.8
ANG MO KIO,3-ROOM,111.7,25.0,2007,"$532,000",06/08/2019,111.7
TAMPINES,4-ROOM,87.6,20.0,1981,"$424,000",2020-08-25,87.6
BEDOK,3-ROOM,64.9,25.0,1985,"$281,000",12/05/2018,64.9
BEDOK,5-ROOM,126.0,2.0,1989,"$571,000",23/10/2021,126.0
CLEMENTI,3-ROOM,126.3,13.0,2005,"$604,000",2020-08-13,126.3
CLEMENTI,EXECUTIVE,105.9,19.0,1978,"$497,000",2021-04-05,105.9
YISHUN,4-ROOM,97.6,14.0,1979,"$408,000",13/09/2017,97.6
HOUGANG,4-ROOM,118.9,22.0,1992,"$504,000",2022-05-03,118.9
ANG MO KIO,4-ROOM,95.1,29.0,2000,"$549,000",17/12/2021,95.1
CLEMENTI,3-ROOM,65.6,8.0,1989,"$166,000",21/11/2021,65.6
JURONG WEST,5-ROOM,93.0,3.0,2013,"$378,000",12/01/2023,93.0
TAMPINES,EXECUTIVE,136.1,16.0,2014,"$662,000",05/05/2020,136.1
JURONG WEST,3-ROOM,87.6,20.0,1997,"$468,000",2018-04-09,87.6
PUNGGOL,4-ROOM,140.7,19.0,1993,"$548,000",2021-12-23,140.7
PUNGGOL,3-ROOM,78.4,20.0,2003,"$321,000",2017-12-08,78.4
PUNGGOL,5-ROOM,70.4,9.0,2002,"$321,000",21/05/2022,70.4
WOODLANDS,3-ROOM,65.4,6.0,1996,"$307,000",03/10/2020,65.4
WOODLANDS,4-ROOM,106.6,1.0,1983,"$464,000",26/01/2023,106.6
PUNGGOL,4-ROOM,87.6,1.0,1981,"$352,000",2020-08-04,87.6
JURONG WEST,5-ROOM,92.4,16.0,1983,"$460,000",11/04/2021,92.4
WOODLANDS,5-ROOM,100.5,4.0,1992,"$373,000",20/11/2017,100.5
HOUGANG,3-ROOM,82.5,19.0,1999,"$361,000",2022-06-03,82.5
JURONG WEST,EXECUTIVE,118.4,17.0,2008,"$567,000",27/09/2021,118.4
PUNGGOL,5-ROOM,109.4,28.0,1978,"$508,000",2022-01-29,109.4
GEYLANG,EXECUTIVE,102.1,2.0,2012,"$416,000",2021-02-21,102.1
WOODLANDS,5-ROOM,70.3,16.0,1985,"$297,000",09/11/2020,70.3
HOUGANG,3-ROOM,95.7,29.0,1987,"$469,000",2019-07-30,95.7
TAMPINES,5-ROOM,86.9,28.0,1985,"$368,000",2019-08-25,86.9
ANG MO KIO,4-ROOM,58.3,2.0,1994,"$156,000",2017-05-31,58.3
TAMPINES,4-ROOM,80.0,29.0,1982,"$331,000",08/01/2023,80.0
BEDOK,4-ROOM,113.8,25.0,2005,"$532,000",2022-12-11,113.8
TAMPINES,4-ROOM,80.7,22.0,2006,"$422,000",20/03/2018,80.7
HOUGANG,4-ROOM,125.8,1.0,1991,"$539,000",2017-05-13,125.8
GEYLANG,3-ROOM,73.9,24.0,1998,"$356,000",2023-07-14,73.9
HOUGANG,4-ROOM,99.5,13.0,2009,"$499,000",2017-10-24,99.5
TAMPINES,5-ROOM,86.2,21.0,2001,"$390,000",2017-04-21,86.2
CLEMENTI,EXECUTIVE,114.6,28.0,1989,"$487,000",2017-04-03,114.6
GEYLANG,3-ROOM,83.1,17.0,1997,"$388,000",2019-04-29,83.1
TAMPINES,5-ROOM,95.8,6.0,1975,"$394,000",19/09/2018,95.8
HOUGANG,3-ROOM,75.5,20.0,1990,"$369,000",2022-12-20,75.5
BEDOK,4-ROOM,77.6,13.0,1986,"$306,000",16/11/2017,77.6
PUNGGOL,3-ROOM,61.4,22.0,1981,"$312,000",15/01/2017,61.4
WOODLANDS,5-ROOM,92.7,11.0,1986,"$349,000",29/03/2020,92.7
BEDOK,3-ROOM,129.2,15.0,1999,"$604,000",2023-11-09,129.2
YISHUN,4-ROOM,72.8,11.0,2010,"$353,000",04/01/2023,72.8
HOUGANG,5-ROOM,107.1,28.0,1976,"$501,000",04/02/2020,107.1
JURONG WEST,EXECUTIVE,81.6,20.0,1998,"$318,000",24/03/2023,81.6
BEDOK,5-ROOM,82.6,17.0,1985,"$301,000",01/03/2017,82.6
TAMPINES,3-ROOM,96.0,26.0,2002,"$461,000",03/07/2019,96.0
JURONG WEST,4-ROOM,98.6,23.0,2000,"$502,000",13/01/2023,98.6
JURONG WEST,3-ROOM,77.2,16.0,1991,"$379,000",2018-09-04,77.2
PUNGGOL,3-ROOM,123.5,2.0,1985,"$475,000",2018-01-12,123.5
WOODLANDS,4-ROOM,66.0,26.0,1986,"$249,000",23/05/2022,66.0
ANG MO KIO,5-ROOM,95.2,20.0,1992,"$442,000",18/11/2022,95.2
GEYLANG,4-ROOM,98.2,2.0,1995,"$391,000",2022-11-25,98.2
TAMPINES,3-ROOM,92.8,10.0,1995,"$408,000",2022-02-25,92.8
TAMPINES,4-ROOM,118.6,16.0,2004,"$575,000",2021-02-05,118.6
JURONG WEST,EXECUTIVE,152.8,28.0,2008,"$734,000",02/03/2022,152.8
ANG MO KIO,5-ROOM,97.1,27.0,1998,"$470,000",30/09/2022,97.1
JURONG WEST,5-ROOM,96.3,11.0,1979,"$441,000",2018-12-24,96.3
CLEMENTI,4-ROOM,101.7,15.0,2000,"$469,000",2018-03-11,101.7
WOODLANDS,5-ROOM,127.3,14.0,1975,"$551,000",2019-12-02,127.3
ANG MO KIO,EXECUTIVE,111.9,26.0,1975,"$514,000",2018-05-20,111.9
JURONG WEST,4-ROOM,107.9,3.0,2014,"$481,000",2019-10-07,107.9
YISHUN,4-ROOM,73.8,12.0,2012,"$318,000",12/07/2023,73.8
HOUGANG,4-ROOM,91.3,21.0,1977,"$390,000",05/03/2022,91.3
CLEMENTI,3-ROOM,76.8,16.0,1981,"$297,000",2019-03-14,76.8
WOODLANDS,EXECUTIVE,104.2,3.0,2001,"$461,000",2023-04-02,104.2
GEYLANG,3-ROOM,54.6,12.0,1979,"$258,000",18/06/2017,54.6
BEDOK,EXECUTIVE,96.4,4.0,1983,"$325,000",2023-03-04,96.4
HOUGANG,5-ROOM,,22.0,1986,"$535,000",22/03/2020,
ANG MO KIO,5-ROOM,74.9,6.0,2005,"$309,000",15/03/2017,74.9
YISHUN,4-ROOM,107.6,4.0,2014,"$477,000",2020-02-01,107.6
WOODLANDS,3-ROOM,99.0,5.0,2008,"$491,000",2022-07-31,99.0
TAMPINES,5-ROOM,92.2,12.0,1997,"$401,000",2018-09-10,92.2
WOODLANDS,5-ROOM,79.7,1.0,1992,"$375,000",05/03/2018,79.7
ANG MO KIO,4-ROOM,130.0,15.0,1996,"$552,000",26/01/2020,130.0
JURONG WEST,EXECUTIVE,92.1,20.0,1986,"$392,000",11/03/2020,92.1
BEDOK,3-ROOM,80.2,5.0,1998,"$325,000",2019-03-28,80.2
WOODLANDS,5-ROOM,94.8,12.0,1987,"$450,000",2019-11-23,94.8
ANG MO KIO,3-ROOM,106.0,19.0,2002,"$520,000",27/07/2020,106.0
BEDOK,3-ROOM,99.8,6.0,2001,"$491,000",2020-11-12,99.8
HOUGANG,EXECUTIVE,90.3,11.0,2007,"$352,000",22/02/2017,90.3
CLEMENTI,4-ROOM,65.9,23.0,2005,"$366,000",2023-08-21,65.9
GEYLANG,4-ROOM,93.3,6.0,1988,"$396,000",18/12/2022,93.3
WOODLANDS,4-ROOM,117.8,14.0,1991,"$570,000",2023-03-29,117.8
YISHUN,EXECUTIVE,52.0,22.0,1982,"$160,000",19/10/2019,52.0
JURONG WEST,5-ROOM,137.1,19.0,1984,"$626,000",17/01/2019,137.1
JURONG WEST,EXECUTIVE,69.1,23.0,1989,"$333,000",2018-07-11,69.1
TAMPINES,3-ROOM,130.9,17.0,1995,"$625,000",2020-02-08,130.9
WOODLANDS,4-ROOM,104.0,26.0,1980,"$439,000",26/05/2021,104.0
BEDOK,5-ROOM,72.8,29.0,1977,"$352,000",2017-06-29,72.8
WOODLANDS,5-ROOM,57.2,7.0,2007,"$232,000",2022-06-24,57.2
BEDOK,5-ROOM,60.9,15.0,2011,"$294,000",2021-09-21,60.9
CLEMENTI,3-ROOM,97.9,16.0,1988,"$495,000",15/07/2019,97.9
BEDOK,4-ROOM,98.9,18.0,1992,"$453,000",2021-03-28,98.9
ANG MO KIO,3-ROOM,78.2,5.0,2013,"$348,000",17/08/2018,78.2
HOUGANG,4-ROOM,99.1,19.0,1981,"$416,000",04/02/2021,99.1
GEYLANG,4-ROOM,103.2,20.0,2011,"$475,000",06/11/2018,103.2
BEDOK,EXECUTIVE,120.1,28.0,1991,"$582,000",01/09/2022,120.1
PUNGGOL,4-ROOM,72.3,3.0,1977,"$286,000",18/12/2020,72.3
BEDOK,4-ROOM,107.7,10.0,1980,"$481,000",2019-01-05,107.7
HOUGANG,5-ROOM,85.1,1.0,2003,"$345,000",09/08/2022,85.1
CLEMENTI,5-ROOM,120.0,10.0,1985,"$566,000",12/04/2020,120.0
YISHUN,5-ROOM,73.9,8.0,1977,"$265,000",31/10/2023,73.9
GEYLANG,5-ROOM,89.6,10.0,1990,"$364,000",26/03/2020,89.6
CLEMENTI,3-ROOM,126.1,2.0,1976,"$501,000",2022-10-29,126.1
CLEMENTI,5-ROOM,104.7,11.0,1983,"$433,000",2020-02-16,104.7
CLEMENTI,4-ROOM,77.3,16.0,2008,"$371,000",07/06/2017,77.3
TAMPINES,3-ROOM,111.1,9.0,2012,"$559,000",08/04/2021,111.1
JURONG WEST,EXECUTIVE,102.6,1.0,1977,"$433,000",2021-04-15,102.6
HOUGANG,3-ROOM,67.4,9.0,1998,"$239,000",2023-03-16,67.4
WOODLANDS,3-ROOM,65.2,23.0,2006,"$325,000",28/05/2017,65.2
JURONG WEST,5-ROOM,135.7,16.0,1989,"$537,000",2022-02-28,135.7
ANG MO KIO,4-ROOM,128.4,6.0,1992,"$541,000",2019-03-01,128.4
JURONG WEST,4-ROOM,76.0,20.0,1997,"$328,000",2022-05-16,76.0
ANG MO KIO,4-ROOM,129.7,8.0,1987,"$578,000",12/04/2023,129.7
JURONG WEST,5-ROOM,119.0,25.0,1975,"$542,000",2019-11-12,119.0
PUNGGOL,3-ROOM,92.6,8.0,1978,"$397,000",02/02/2022,92.6
GEYLANG,3-ROOM,120.8,25.0,1976,"$496,000",06/12/2021,120.8
JURONG WEST,4-ROOM,81.2,13.0,1984,"$412,000",2021-05-15,81.2
PUNGGOL,3-ROOM,41.9,26.0,1980,"$189,000",29/09/2017,41.9
ANG MO KIO,3-ROOM,133.7,5.0,1975,"$523,000",07/06/2020,133.7
CLEMENTI,5-ROOM,122.5,6.0,1982,"$519,000",08/05/2023,122.5
JURONG WEST,3-ROOM,107.1,1.0,1999,"$480,000",04/03/2021,107.1
ANG MO KIO,4-ROOM,122.3,24.0,1975,"$542,000",21/07/2022,122.3
TAMPINES,5-ROOM,86.6,10.0,2013,"$418,000",2021-06-04,86.6
HOUGANG,5-ROOM,108.0,28.0,1986,"$511,000",15/01/2020,108.0
BEDOK,4-ROOM,85.8,9.0,1985,"$362,000",2017-01-06,85.8
HOUGANG,5-ROOM,112.5,23.0,1992,"$586,000",2017-04-14,112.5
PUNGGOL,5-ROOM,67.3,25.0,1998,"$320,000",2022-02-07,67.3
JURONG WEST,4-ROOM,93.9,9.0,2006,"$463,000",2020-10-23,93.9
ANG MO KIO,3-ROOM,60.4,20.0,1988,"$273,000",17/02/2022,60.4
BEDOK,3-ROOM,86.8,26.0,1977,"$438,000",2020-05-04,86.8
BEDOK,3-ROOM,123.1,27.0,2008,"$629,000",11/11/2018,123.1
CLEMENTI,4-ROOM,64.8,26.0,1979,"$283,000",2017-07-17,64.8
HOUGANG,3-ROOM,101.7,20.0,1975,"$434,000",26/04/2019,101.7
BEDOK,5-ROOM,111.2,17.0,1981,"$525,000",2022-03-17,111.2
CLEMENTI,3-ROOM,95.5,21.0,2013,"$447,000",06/09/2020,95.5
YISHUN,5-ROOM,94.8,6.0,1996,"$395,000",2018-09-28,94.8
WOODLANDS,3-ROOM,74.9,5.0,2014,"$313,000",21/04/2021,74.9
TAMPINES,3-ROOM,56.7,18.0,2001,"$298,000",01/10/2022,56.7
GEYLANG,4-ROOM,93.7,19.0,2008,"$498,000",2021-09-28,93.7
CLEMENTI,3-ROOM,106.9,26.0,1982,"$518,000",02/03/2017,106.9
BEDOK,4-ROOM,90.7,2.0,1982,"$315,000",2022-11-23,90.7
TAMPINES,5-ROOM,66.1,28.0,2003,"$323,000",01/09/2023,66.1
WOODLANDS,4-ROOM,130.7,3.0,2007,"$600,000",2020-09-30,130.7
PUNGGOL,5-ROOM,89.9,7.0,1999,"$373,000",07/09/2021,89.9
BEDOK,3-ROOM,121.5,11.0,1977,"$451,000",2018-04-12,121.5
JURONG WEST,4-ROOM,100.3,26.0,2011,"$544,000",15/08/2017,100.3
BEDOK,EXECUTIVE,134.2,18.0,1990,"$569,000",2018-05-18,134.2
PUNGGOL,3-ROOM,99.2,26.0,1999,"$458,000",22/11/2018,99.2
WOODLANDS,5-ROOM,81.6,27.0,1992,"$416,000",17/02/2021,81.6
YISHUN,3-ROOM,90.5,19.0,2002,"$462,000",14/12/2018,90.5
BEDOK,3-ROOM,105.5,14.0,1988,"$374,000",2019-03-19,105.5
JURONG WEST,4-ROOM,127.7,1.0,2007,"$479,000",2017-10-18,127.7
JURONG WEST,4-ROOM,91.2,1.0,1980,"$368,000",2019-06-27,91.2
GEYLANG,3-ROOM,89.1,8.0,1994,"$445,000",27/11/2019,89.1
BEDOK,5-ROOM,118.0,28.0,1979,"$522,000",2022-03-18,118.0
JURONG WEST,5-ROOM,138.0,2.0,1981,"$648,000",2018-04-18,138.0
PUNGGOL,4-ROOM,77.1,1.0,1999,"$315,000",05/10/2020,77.1
HOUGANG,3-ROOM,71.7,28.0,1978,"$309,000",21/02/2018,71.7
YISHUN,3-ROOM,109.5,11.0,2011,"$533,000",14/06/2017,109.5
GEYLANG,4-ROOM,67.1,18.0,2009,"$321,000",2019-11-29,67.1
ANG MO KIO,3-ROOM,59.0,17.0,2009,"$283,000",14/09/2019,59.0
HOUGANG,4-ROOM,107.8,26.0,1982,"$511,000",2018-03-23,107.8
GEYLANG,EXECUTIVE,99.3,19.0,1986,"$340,000",2017-10-03,99.3
GEYLANG,5-ROOM,89.4,17.0,1981,"$375,000",2017-03-29,89.4
TAMPINES,3-ROOM,131.1,29.0,2009,"$661,000",01/08/2018,131.1
YISHUN,3-ROOM,85.1,19.0,2003,"$368,000",04/05/2021,85.1
CLEMENTI,4-ROOM,102.9,13.0,1993,"$444,000",21/01/2022,102.9
PUNGGOL,4-ROOM,143.2,16.0,2005,"$703,000",29/08/2017,143.2
WOODLANDS,3-ROOM,130.0,16.0,1978,"$569,000",2022-07-03,130.0
YISHUN,3-ROOM,152.0,15.0,1991,"$620,000",08/07/2021,152.0
HOUGANG,4-ROOM,99.0,20.0,2001,"$461,000",2023-12-06,99.0
BEDOK,3-ROOM,74.8,2.0,1983,"$317,000",09/04/2020,74.8
YISHUN,5-ROOM,80.6,10.0,1984,"$278,000",2021-09-28,80.6
ANG MO KIO,4-ROOM,96.6,28.0,1984,"$514,000",08/04/2017,96.6
BEDOK,EXECUTIVE,66.1,13.0,1991,"$208,000",01/05/2017,66.1
ANG MO KIO,4-ROOM,75.1,29.0,2003,"$392,000",13/08/2019,75.1
BEDOK,4-ROOM,96.6,27.0,2007,"$501,000",2020-08-24,96.6
ANG MO KIO,4-ROOM,96.1,10.0,1996,"$392,000",27/09/2023,96.1
WOODLANDS,5-ROOM,100.0,10.0,1991,"$479,000",2021-03-23,100.0
WOODLANDS,EXECUTIVE,96.6,3.0,1984,"$347,000",2020-06-02,96.6
TAMPINES,4-ROOM,88.2,19.0,2002,"$508,000",2020-06-16,88.2
GEYLANG,4-ROOM,81.2,12.0,1979,"$360,000",2021-05-03,81.2
YISHUN,3-ROOM,97.2,8.0,1987,"$414,000",22/06/2022,97.2
ANG MO KIO,5-ROOM,90.0,8.0,2012,"$459,000",07/03/2018,90.0
WOODLANDS,4-ROOM,78.1,21.0,2014,"$464,000",2018-04-14,78.1
GEYLANG,4-ROOM,103.1,26.0,1981,"$568,000",2023-01-24,103.1
YISHUN,5-ROOM,55.2,23.0,1987,"$232,000",12/05/2019,55.2
TAMPINES,3-ROOM,73.5,10.0,2012,"$415,000",06/10/2020,73.5
YISHUN,4-ROOM,94.1,27.0,1983,"$391,000",25/10/2022,94.1
PUNGGOL,3-ROOM,92.9,16.0,1983,"$355,000",10/05/2020,92.9
GEYLANG,4-ROOM,102.1,7.0,2009,"$460,000",2020-09-10,102.1
WOODLANDS,EXECUTIVE,103.8,27.0,1976,"$502,000",2019-04-06,103.8
GEYLANG,4-ROOM,93.3,10.0,2002,"$409,000",17/07/2017,93.3
PUNGGOL,4-ROOM,100.1,1.0,1993,"$410,000",26/08/2019,100.1
GEYLANG,EXECUTIVE,102.0,15.0,1975,"$415,000",21/01/2019,102.0
BEDOK,EXECUTIVE,138.1,14.0,1996,"$623,000",11/09/2017,138.1
PUNGGOL,4-ROOM,104.5,24.0,1994,"$557,000",31/12/2019,104.5
GEYLANG,3-ROOM,72.2,8.0,1999,"$311,000",11/03/2018,72.2
HOUGANG,5-ROOM,120.5,14.0,1993,"$577,000",05/09/2018,120.5
TAMPINES,3-ROOM,123.2,1.0,2010,"$505,000",25/03/2017,123.2
YISHUN,EXECUTIVE,91.1,13.0,2008,"$484,000",2019-11-12,91.1
ANG MO KIO,3-ROOM,88.9,22.0,1988,"$357,000",2017-11-02,88.9
WOODLANDS,3-ROOM,123.8,3.0,2000,"$598,000",2023-08-18,123.8
GEYLANG,4-ROOM,92.9,28.0,1985,"$487,000",01/08/2023,92.9
BEDOK,5-ROOM,94.2,21.0,1978,"$372,000",2020-07-22,94.2
BEDOK,3-ROOM,100.9,28.0,1983,"$471,000",2021-12-03,100.9
PUNGGOL,3-ROOM,104.5,21.0,2014,"$460,000",22/11/2018,104.5
ANG MO KIO,5-ROOM,97.3,24.0,1994,"$535,000",14/12/2023,97.3
CLEMENTI,3-ROOM,68.0,22.0,2007,"$322,000",2021-03-08,68.0
HOUGANG,3-ROOM,84.0,8.0,1998,"$344,000",30/04/2018,84.0
GEYLANG,4-ROOM,82.7,9.0,2006,"$300,000",2019-08-11,82.7
BEDOK,EXECUTIVE,104.3,10.0,1976,"$467,000",2022-10-25,104.3
CLEMENTI,5-ROOM,66.8,1.0,1977,"$191,000",21/11/2023,66.8
ANG MO KIO,5-ROOM,73.9,19.0,1976,"$372,000",24/04/2023,73.9
CLEMENTI,5-ROOM,154.3,27.0,1994,"$689,000",08/10/2022,154.3
CLEMENTI,5-ROOM,99.4,23.0,2001,"$434,000",2023-01-18,99.4
BEDOK,EXECUTIVE,90.4,19.0,1994,"$448,000",2021-04-24,90.4
PUNGGOL,5-ROOM,82.9,24.0,1983,"$412,000",2021-10-21,82.9
WOODLANDS,4-ROOM,63.6,21.0,1987,"$344,000",27/06/2021,63.6
TAMPINES,EXECUTIVE,71.6,17.0,2005,"$328,000",05/12/2022,71.6
TAMPINES,3-ROOM,96.4,3.0,1981,"$454,000",2021-03-24,96.4
BEDOK,EXECUTIVE,53.5,14.0,2010,"$255,000",2018-02-25,53.5
YISHUN,5-ROOM,63.5,8.0,1986,"$314,000",2023-05-02,63.5
HOUGANG,5-ROOM,107.4,29.0,2001,"$575,000",2017-08-02,107.4
GEYLANG,3-ROOM,136.9,26.0,1975,"$649,000",2022-05-14,136.9
BEDOK,3-ROOM,114.0,18.0,1993,"$526,000",05/02/2018,114.0
GEYLANG,5-ROOM,103.2,13.0,1996,"$448,000",2020-11-15,103.2
GEYLANG,4-ROOM,86.6,9.0,1980,"$346,000",2022-09-28,86.6
HOUGANG,4-ROOM,97.1,8.0,2011,"$428,000",12/02/2021,97.1
CLEMENTI,5-ROOM,68.0,15.0,1995,"$311,000",22/10/2023,68.0
YISHUN,3-ROOM,92.7,16.0,2006,"$427,000",12/06/2019,92.7
JURONG WEST,3-ROOM,85.1,18.0,1982,"$332,000",2023-02-21,85.1
ANG MO KIO,4-ROOM,76.4,7.0,1975,"$247,000",12/01/2017,76.4
TAMPINES,5-ROOM,93.2,13.0,1980,"$392,000",2022-07-20,93.2
ANG MO KIO,5-ROOM,98.2,22.0,1976,"$452,000",2018-04-04,98.2
GEYLANG,4-ROOM,80.0,3.0,1991,"$260,000",2022-12-14,80.0
GEYLANG,4-ROOM,108.1,1.0,1988,"$455,000",12/12/2021,108.1
CLEMENTI,4-ROOM,54.5,26.0,1987,"$296,000",2020-12-14,54.5
YISHUN,3-ROOM,110.2,1.0,1996,"$375,000",23/09/2017,110.2
WOODLANDS,3-ROOM,82.3,7.0,1975,"$329,000",2017-12-31,82.3
TAMPINES,EXECUTIVE,62.3,23.0,1981,"$299,000",20/05/2023,62.3
JURONG WEST,3-ROOM,84.4,6.0,2000,"$362,000",29/08/2020,84.4
JURONG WEST,5-ROOM,89.5,19.0,2012,"$435,000",26/02/2018,89.5
ANG MO KIO,4-ROOM,94.3,29.0,1981,"$534,000",28/09/2017,94.3
ANG MO KIO,3-ROOM,76.2,23.0,1983,"$369,000",2017-03-31,76.2
YISHUN,4-ROOM,80.0,9.0,2002,"$325,000",18/01/2022,80.0
HOUGANG,4-ROOM,66.5,27.0,2001,"$328,000",25/10/2019,66.5
TAMPINES,3-ROOM,102.3,18.0,2002,"$459,000",2021-02-21,102.3
JURONG WEST,3-ROOM,79.2,15.0,1988,"$294,000",2022-05-20,79.2
PUNGGOL,3-ROOM,112.5,5.0,1979,"$452,000",2022-09-27,112.5
PUNGGOL,4-ROOM,135.5,15.0,1979,"$608,000",2022-12-25,135.5
TAMPINES,4-ROOM,89.3,26.0,2005,"$382,000",2017-12-31,89.3
BEDOK,4-ROOM,67.8,26.0,2006,"$300,000",29/10/2023,67.8
ANG MO KIO,4-ROOM,80.6,8.0,2001,"$379,000",06/07/2020,80.6
CLEMENTI,5-ROOM,83.3,4.0,1987,"$350,000",2017-10-06,83.3
BEDOK,4-ROOM,93.5,10.0,2009,"$460,000",2023-10-01,93.5
GEYLANG,3-ROOM,116.8,19.0,1983,"$540,000",2019-12-09,116.8
CLEMENTI,3-ROOM,53.3,22.0,1988,"$232,000",2021-11-09,53.3
CLEMENTI,4-ROOM,104.8,3.0,1995,"$507,000",10/04/2020,104.8
WOODLANDS,5-ROOM,99.1,12.0,1997,"$495,000",2017-09-24,99.1
GEYLANG,3-ROOM,94.8,3.0,1987,"$413,000",2017-01-12,94.8
HOUGANG,5-ROOM,122.1,18.0,1976,"$520,000",20/08/2018,122.1
TAMPINES,4-ROOM,98.9,2.0,2004,"$369,000",01/01/2023,98.9
TAMPINES,5-ROOM,95.9,28.0,1999,"$491,000",15/08/2020,95.9
TAMPINES,3-ROOM,88.6,7.0,2008,"$374,000",12/02/2021,88.6
HOUGANG,3-ROOM,106.4,15.0,1986,"$540,000",05/07/2019,106.4
PUNGGOL,4-ROOM,107.0,22.0,2000,"$505,000",2021-03-30,107.0
GEYLANG,5-ROOM,96.0,24.0,1977,"$436,000",21/06/2020,96.0
HOUGANG,5-ROOM,113.1,19.0,1977,"$561,000",12/03/2021,113.1
TAMPINES,3-ROOM,105.6,28.0,2005,"$507,000",01/05/2021,105.6
WOODLANDS,5-ROOM,95.9,18.0,1977,"$413,000",2020-04-08,95.9
BEDOK,4-ROOM,101.4,9.0,2010,"$471,000",26/04/2021,101.4
HOUGANG,EXECUTIVE,97.6,21.0,1986,"$418,000",02/09/2022,97.6
YISHUN,4-ROOM,97.2,26.0,1996,"$430,000",2021-02-13,97.2
WOODLANDS,3-ROOM,62.3,5.0,2010,"$301,000",29/08/2023,62.3
BEDOK,5-ROOM,62.6,11.0,1995,"$303,000",27/04/2022,62.6
JURONG WEST,5-ROOM,108.0,19.0,1986,"$539,000",2021-05-03,108.0
JURONG WEST,5-ROOM,131.2,24.0,2004,"$656,000",2019-06-11,131.2
GEYLANG,3-ROOM,101.8,4.0,1999,"$462,000",11/10/2018,101.8
GEYLANG,4-ROOM,75.4,23.0,1988,"$378,000",2017-06-22,75.4
YISHUN,4-ROOM,116.3,23.0,1986,"$450,000",2022-06-13,116.3
WOODLANDS,5-ROOM,83.0,8.0,1998,"$385,000",2017-04-04,83.0
BEDOK,3-ROOM,134.5,18.0,1981,"$568,000",04/04/2019,134.5
ANG MO KIO,4-ROOM,110.1,15.0,2012,"$477,000",23/07/2022,110.1
ANG MO KIO,4-ROOM,86.0,4.0,1981,"$359,000",2020-08-06,86.0
ANG MO KIO,4-ROOM,104.7,26.0,2010,"$525,000",2018-03-18,104.7
ANG MO KIO,3-ROOM,90.9,1.0,1976,"$359,000",19/09/2019,90.9
GEYLANG,3-ROOM,108.9,29.0,2007,"$589,000",25/03/2022,108.9
BEDOK,3-ROOM,76.9,1.0,1998,"$239,000",2021-03-29,76.9
PUNGGOL,5-ROOM,90.0,5.0,1991,"$361,000",2017-11-12,90.0
TAMPINES,3-ROOM,85.6,8.0,1980,"$384,000",2019-01-27,85.6
ANG MO KIO,3-ROOM,76.1,11.0,1975,"$294,000",2020-08-25,76.1
GEYLANG,5-ROOM,86.8,6.0,2000,"$358,000",2020-09-08,86.8
TAMPINES,5-ROOM,119.9,15.0,1999,"$482,000",2022-09-12,119.9
CLEMENTI,EXECUTIVE,112.0,18.0,1986,"$532,000",2020-02-08,112.0
GEYLANG,EXECUTIVE,73.2,4.0,1978,"$276,000",25/03/2023,73.2
CLEMENTI,3-ROOM,112.5,10.0,1981,"$451,000",2022-02-01,112.5
GEYLANG,5-ROOM,96.1,8.0,1996,"$458,000",2018-04-01,96.1
ANG MO KIO,3-ROOM,40.0,11.0,1980,"$150,000",04/06/2017,40.0
YISHUN,4-ROOM,100.6,2.0,2003,"$463,000",2020-12-22,100.6
TAMPINES,4-ROOM,129.2,27.0,2009,"$709,000",2021-09-14,129.2
CLEMENTI,5-ROOM,92.2,17.0,1991,"$399,000",2018-12-21,92.2
ANG MO KIO,4-ROOM,80.3,6.0,1997,"$383,000",10/07/2023,80.3
YISHUN,5-ROOM,129.5,15.0,1981,"$549,000",2022-12-19,129.5
HOUGANG,4-ROOM,48.2,6.0,2005,"$150,000",2021-01-21,48.2
YISHUN,3-ROOM,81.5,17.0,1989,"$363,000",2021-10-08,81.5
BEDOK,4-ROOM,119.8,3.0,1986,"$433,000",28/08/2020,119.8
CLEMENTI,3-ROOM,101.5,29.0,2010,"$513,000",01/11/2019,101.5
YISHUN,5-ROOM,95.0,29.0,1998,"$472,000",2023-11-17,95.0
GEYLANG,3-ROOM,93.3,4.0,2008,"$406,000",18/02/2022,93.3
PUNGGOL,3-ROOM,62.9,24.0,1986,"$328,000",23/04/2021,62.9
WOODLANDS,EXECUTIVE,126.3,19.0,2007,"$668,000",2018-08-17,126.3
YISHUN,5-ROOM,122.7,19.0,1992,"$536,000",2023-03-07,122.7
CLEMENTI,4-ROOM,92.3,7.0,1982,"$345,000",2018-02-03,92.3
ANG MO KIO,EXECUTIVE,64.9,17.0,1999,"$208,000",2018-05-24,64.9
ANG MO KIO,EXECUTIVE,110.5,26.0,1982,"$522,000",2023-11-17,110.5
TAMPINES,4-ROOM,97.0,25.0,2014,"$543,000",05/06/2017,97.0
WOODLANDS,5-ROOM,82.2,4.0,2014,"$347,000",21/11/2017,82.2
BEDOK,3-ROOM,116.7,27.0,1975,"$477,000",07/10/2022,116.7
CLEMENTI,5-ROOM,100.5,29.0,1994,"$539,000",01/03/2020,100.5
CLEMENTI,4-ROOM,134.6,19.0,1985,"$564,000",2022-12-28,134.6
JURONG WEST,3-ROOM,61.2,15.0,1975,"$327,000",14/03/2018,61.2
ANG MO KIO,5-ROOM,58.7,29.0,2000,"$250,000",2020-09-14,58.7
WOODLANDS,3-ROOM,82.6,11.0,2003,"$388,000",26/09/2020,82.6
CLEMENTI,5-ROOM,117.1,10.0,1999,"$515,000",2020-11-30,117.1
JURONG WEST,EXECUTIVE,92.3,22.0,1975,"$407,000",2021-01-02,92.3
WOODLANDS,3-ROOM,113.9,29.0,1995,"$534,000",02/05/2017,113.9
CLEMENTI,4-ROOM,73.0,28.0,2008,"$468,000",01/07/2020,73.0
BEDOK,4-ROOM,59.5,29.0,1993,"$338,000",29/07/2020,59.5
TAMPINES,4-ROOM,103.1,20.0,2006,"$489,000",24/06/2022,103.1
WOODLANDS,4-ROOM,111.2,4.0,1990,"$453,000",23/07/2017,111.2
GEYLANG,4-ROOM,67.9,3.0,2004,"$322,000",22/02/2019,67.9
GEYLANG,3-ROOM,90.4,10.0,1982,"$410,000",11/09/2018,90.4
WOODLANDS,4-ROOM,118.0,15.0,1998,"$546,000",25/06/2017,118.0
WOODLANDS,3-ROOM,75.2,21.0,2009,"$341,000",2018-03-08,75.2
BEDOK,4-ROOM,69.3,5.0,1975,"$256,000",2023-07-30,69.3
JURONG WEST,3-ROOM,113.9,24.0,1984,"$533,000",2023-06-18,113.9
GEYLANG,5-ROOM,155.9,8.0,2010,"$701,000",30/11/2019,155.9
JURONG WEST,5-ROOM,90.4,5.0,2010,"$435,000",2017-07-03,90.4
JURONG WEST,4-ROOM,82.3,5.0,2013,"$352,000",2023-11-09,82.3
YISHUN,4-ROOM,87.4,16.0,2008,"$457,000",01/02/2018,87.4
GEYLANG,5-ROOM,133.2,17.0,1997,"$583,000",2021-04-01,133.2
BEDOK,4-ROOM,69.1,19.0,1982,"$325,000",17/12/2018,69.1
TAMPINES,5-ROOM,133.1,7.0,2013,"$593,000",2018-11-25,133.1
ANG MO KIO,5-ROOM,65.1,23.0,2006,"$331,000",15/04/2023,65.1
TAMPINES,EXECUTIVE,108.9,23.0,2011,"$531,000",29/05/2022,108.9
ANG MO KIO,3-ROOM,78.5,3.0,2006,"$236,000",05/08/2021,78.5
JURONG WEST,5-ROOM,99.7,12.0,1979,"$435,000",2017-10-11,99.7
WOODLANDS,EXECUTIVE,116.1,25.0,1999,"$595,000",31/01/2018,116.1
CLEMENTI,4-ROOM,109.7,18.0,1995,"$512,000",2018-03-17,109.7
TAMPINES,3-ROOM,81.9,1.0,2005,"$278,000",2018-04-02,81.9
JURONG WEST,4-ROOM,107.1,22.0,1978,"$494,000",13/01/2020,107.1
WOODLANDS,4-ROOM,112.4,1.0,2004,"$474,000",12/04/2019,112.4
WOODLANDS,4-ROOM,68.3,20.0,2000,"$360,000",2019-03-21,68.3
GEYLANG,3-ROOM,96.0,12.0,2008,"$464,000",2022-12-13,96.0
TAMPINES,EXECUTIVE,82.3,16.0,1986,"$315,000",14/01/2023,82.3
HOUGANG,4-ROOM,115.0,13.0,1991,"$498,000",2023-12-24,115.0
BEDOK,5-ROOM,139.1,4.0,1982,"$560,000",12/10/2022,139.1
PUNGGOL,3-ROOM,60.5,6.0,1975,"$282,000",2022-04-25,60.5
JURONG WEST,5-ROOM,82.6,11.0,1990,"$312,000",2018-09-28,82.6
TAMPINES,3-ROOM,119.2,12.0,1977,"$471,000",20/05/2023,119.2
CLEMENTI,4-ROOM,79.3,14.0,1998,"$294,000",2020-11-11,79.3
WOODLANDS,5-ROOM,85.8,3.0,1976,"$345,000",2018-12-18,85.8
CLEMENTI,3-ROOM,120.5,27.0,1980,"$597,000",15/08/2021,120.5
YISHUN,5-ROOM,113.7,5.0,1997,"$577,000",2020-12-19,113.7
HOUGANG,4-ROOM,106.9,11.0,1993,"$510,000",2018-09-09,106.9
ANG MO KIO,EXECUTIVE,95.6,29.0,1976,"$466,000",04/03/2023,95.6
BEDOK,3-ROOM,70.7,15.0,1991,"$333,000",2018-08-12,70.7
PUNGGOL,4-ROOM,105.9,28.0,2009,"$581,000",14/09/2021,105.9
CLEMENTI,5-ROOM,98.8,26.0,2011,"$527,000",17/11/2017,98.8
BEDOK,4-ROOM,115.5,3.0,2004,"$534,000",28/11/2023,115.5
GEYLANG,EXECUTIVE,110.4,20.0,2007,"$460,000",2022-04-29,110.4
BEDOK,5-ROOM,143.1,29.0,1979,"$641,000",2018-12-01,143.1
CLEMENTI,EXECUTIVE,84.3,14.0,1977,"$414,000",2019-12-28,84.3
CLEMENTI,5-ROOM,145.2,2.0,1994,"$620,000",2021-02-27,145.2
HOUGANG,5-ROOM,84.4,19.0,2009,"$445,000",19/09/2017,84.4
PUNGGOL,4-ROOM,87.7,18.0,1978,"$416,000",2021-11-01,87.7
WOODLANDS,3-ROOM,94.0,5.0,1992,"$372,000",2017-06-23,94.0
PUNGGOL,4-ROOM,64.4,18.0,2011,"$407,000",2023-08-10,64.4
HOUGANG,4-ROOM,110.7,17.0,1980,"$472,000",2018-04-08,110.7
HOUGANG,5-ROOM,57.2,19.0,2005,"$284,000",05/11/2019,57.2
JURONG WEST,3-ROOM,67.2,19.0,1986,"$282,000",24/08/2018,67.2
PUNGGOL,3-ROOM,84.9,14.0,2001,"$351,000",2021-03-23,84.9
TAMPINES,4-ROOM,58.5,15.0,1982,"$213,000",2022-11-10,58.5
YISHUN,5-ROOM,88.3,8.0,1989,"$338,000",2020-05-15,88.3
CLEMENTI,4-ROOM,93.7,10.0,1992,"$356,000",23/03/2018,93.7
BEDOK,4-ROOM,50.3,23.0,2012,"$284,000",2022-05-06,50.3
BEDOK,3-ROOM,134.7,14.0,1999,"$604,000",12/06/2021,134.7
TAMPINES,3-ROOM,96.9,16.0,1988,"$445,000",15/03/2017,96.9
JURONG WEST,3-ROOM,79.5,17.0,2008,"$387,000",14/08/2021,79.5
YISHUN,5-ROOM,73.4,16.0,2009,"$337,000",14/11/2019,73.4
HOUGANG,4-ROOM,43.2,28.0,1994,"$218,000",30/08/2019,43.2
YISHUN,3-ROOM,113.8,9.0,1996,"$488,000",2021-03-18,113.8
GEYLANG,3-ROOM,103.5,5.0,1985,"$486,000",2022-04-07,103.5
PUNGGOL,4-ROOM,85.0,3.0,2004,"$327,000",06/04/2018,85.0
WOODLANDS,4-ROOM,86.4,4.0,2003,"$364,000",04/09/2022,86.4
TAMPINES,4-ROOM,82.8,16.0,1998,"$386,000",21/10/2022,82.8
TAMPINES,3-ROOM,92.9,3.0,1997,"$370,000",06/02/2017,92.9
HOUGANG,5-ROOM,136.1,18.0,2013,"$659,000",14/04/2023,136.1
WOODLANDS,4-ROOM,88.7,21.0,1991,"$383,000",2021-03-29,88.7
BEDOK,5-ROOM,87.0,3.0,1979,"$340,000",14/05/2019,87.0
PUNGGOL,4-ROOM,133.7,2.0,2014,"$625,000",2019-03-04,133.7
YISHUN,3-ROOM,75.3,4.0,2008,"$309,000",2019-11-29,75.3
YISHUN,3-ROOM,122.5,28.0,2009,"$619,000",17/07/2019,122.5
YISHUN,4-ROOM,70.9,16.0,2014,"$278,000",03/11/2020,70.9
WOODLANDS,5-ROOM,63.6,7.0,1997,"$304,000",2023-09-14,63.6
ANG MO KIO,3-ROOM,91.7,21.0,1978,"$436,000",06/05/2023,91.7
ANG MO KIO,4-ROOM,99.6,17.0,1994,"$422,000",02/12/2023,99.6
WOODLANDS,4-ROOM,91.6,27.0,1975,"$457,000",2017-04-15,91.6
HOUGANG,4-ROOM,82.6,6.0,1998,"$370,000",28/03/2023,82.6
CLEMENTI,4-ROOM,106.7,13.0,2003,"$509,000",06/09/2023,106.7
BEDOK,3-ROOM,119.2,14.0,2013,"$561,000",2019-09-10,119.2
GEYLANG,3-ROOM,114.9,14.0,2002,"$530,000",18/12/2018,114.9
CLEMENTI,4-ROOM,97.0,14.0,2014,"$513,000",13/09/2022,97.0
TAMPINES,4-ROOM,114.9,2.0,1979,"$466,000",2017-09-02,114.9
BEDOK,3-ROOM,88.5,5.0,1988,"$376,000",2023-06-27,88.5
TAMPINES,5-ROOM,94.4,19.0,1988,"$425,000",22/07/2021,94.4
ANG MO KIO,5-ROOM,115.6,13.0,2012,"$532,000",14/08/2018,115.6
GEYLANG,4-ROOM,98.7,3.0,1976,"$383,000",2017-09-17,98.7
TAMPINES,4-ROOM,73.6,24.0,1984,"$357,000",16/08/2019,73.6
GEYLANG,4-ROOM,112.6,27.0,1998,"$581,000",2023-06-24,112.6
JURONG WEST,5-ROOM,123.1,22.0,2008,"$607,000",08/06/2021,123.1
GEYLANG,5-ROOM,94.5,14.0,2013,"$467,000",2017-01-21,94.5
BEDOK,4-ROOM,100.7,28.0,2004,"$479,000",2022-12-31,100.7
WOODLANDS,5-ROOM,71.2,3.0,1992,"$310,000",09/08/2017,71.2
GEYLANG,3-ROOM,130.9,1.0,2014,"$553,000",2018-10-25,130.9
CLEMENTI,5-ROOM,114.9,6.0,1978,"$503,000",20/09/2021,114.9
HOUGANG,5-ROOM,72.9,12.0,1981,"$295,000",2018-09-12,72.9
YISHUN,3-ROOM,75.7,9.0,1985,"$351,000",2023-11-06,75.7
WOODLANDS,5-ROOM,101.7,2.0,1989,"$408,000",2020-11-09,101.7
TAMPINES,4-ROOM,117.8,3.0,1984,"$465,000",29/01/2018,117.8
BEDOK,3-ROOM,62.4,11.0,1982,"$299,000",2017-03-03,62.4
WOODLANDS,5-ROOM,95.6,17.0,2011,"$445,000",2022-01-01,95.6
JURONG WEST,3-ROOM,113.8,3.0,2007,"$600,000",2019-04-13,113.8
JURONG WEST,4-ROOM,103.1,25.0,2003,"$527,000",12/11/2022,103.1
HOUGANG,5-ROOM,99.0,10.0,1987,"$464,000",17/10/2021,99.0
CLEMENTI,EXECUTIVE,71.7,19.0,1977,"$277,000",2017-11-03,71.7
GEYLANG,5-ROOM,51.7,11.0,1983,"$188,000",11/04/2018,51.7
YISHUN,5-ROOM,121.8,5.0,2007,"$529,000",08/10/2018,121.8
GEYLANG,5-ROOM,79.7,27.0,1977,"$340,000",2018-03-20,79.7
JURONG WEST,3-ROOM,104.2,23.0,2010,"$501,000",2023-12-30,104.2
TAMPINES,3-ROOM,127.2,22.0,1991,"$615,000",04/10/2018,127.2
YISHUN,4-ROOM,102.9,11.0,1995,"$444,000",2022-06-28,102.9
YISHUN,4-ROOM,109.7,18.0,1994,"$498,000",2023-01-18,109.7
TAMPINES,3-ROOM,82.5,19.0,2006,"$420,000",2019-01-08,82.5
JURONG WEST,3-ROOM,72.3,11.0,2004,"$369,000",2022-10-02,72.3
BEDOK,4-ROOM,98.3,21.0,2000,"$565,000",2018-05-21,98.3
JURONG WEST,5-ROOM,95.2,17.0,1978,"$416,000",10/07/2017,95.2
WOODLANDS,4-ROOM,69.7,15.0,1977,"$298,000",2018-03-13,69.7
TAMPINES,5-ROOM,105.6,3.0,1988,"$508,000",19/12/2018,105.6
PUNGGOL,5-ROOM,60.5,4.0,1995,"$232,000",2021-12-14,60.5
HOUGANG,3-ROOM,46.2,20.0,2014,"$341,000",2023-01-10,46.2
BEDOK,EXECUTIVE,99.5,19.0,2007,"$480,000",2021-12-08,99.5
HOUGANG,3-ROOM,130.0,13.0,1986,"$576,000",29/01/2017,130.0
CLEMENTI,4-ROOM,78.1,7.0,1996,"$326,000",30/09/2023,78.1
JURONG WEST,3-ROOM,77.9,11.0,1983,"$323,000",23/08/2017,77.9
YISHUN,4-ROOM,109.8,18.0,1983,"$516,000",27/11/2023,109.8
YISHUN,5-ROOM,73.0,21.0,1980,"$275,000",2022-04-09,73.0
YISHUN,5-ROOM,82.2,14.0,1977,"$323,000",2020-12-11,82.2
WOODLANDS,3-ROOM,88.4,28.0,1982,"$406,000",2018-09-21,88.4
TAMPINES,4-ROOM,114.7,19.0,2001,"$555,000",23/09/2017,114.7
HOUGANG,EXECUTIVE,95.2,24.0,1998,"$481,000",23/11/2021,95.2
ANG MO KIO,EXECUTIVE,87.4,27.0,1977,"$402,000",2022-07-18,87.4
JURONG WEST,5-ROOM,82.5,11.0,1988,"$396,000",2023-06-23,82.5
PUNGGOL,3-ROOM,96.9,21.0,1985,"$474,000",30/06/2020,96.9
HOUGANG,4-ROOM,126.4,17.0,1999,"$595,000",2020-06-08,126.4
JURONG WEST,5-ROOM,99.3,16.0,1996,"$440,000",2020-06-17,99.3
JURONG WEST,4-ROOM,109.6,26.0,1978,"$539,000",2018-12-02,109.6
CLEMENTI,3-ROOM,65.6,7.0,1975,"$214,000",2018-05-29,65.6
PUNGGOL,5-ROOM,127.1,23.0,1979,"$537,000",14/01/2022,127.1
PUNGGOL,4-ROOM,128.3,14.0,1979,"$548,000",01/07/2021,128.3
PUNGGOL,4-ROOM,68.4,5.0,1990,"$253,000",24/08/2018,68.4
TAMPINES,3-ROOM,138.7,28.0,2014,"$743,000",2023-04-28,138.7
YISHUN,5-ROOM,97.7,14.0,1997,"$485,000",2023-01-18,97.7
PUNGGOL,5-ROOM,77.4,15.0,2008,"$315,000",2020-01-09,77.4
YISHUN,4-ROOM,114.5,22.0,2005,"$531,000",20/06/2021,114.5
BEDOK,5-ROOM,93.2,8.0,2003,"$384,000",23/09/2023,93.2
GEYLANG,3-ROOM,135.5,27.0,1983,"$589,000",04/04/2023,135.5
JURONG WEST,EXECUTIVE,89.2,14.0,2007,"$394,000",08/02/2017,89.2
ANG MO KIO,4-ROOM,66.8,26.0,1994,"$354,000",27/02/2019,66.8
CLEMENTI,EXECUTIVE,123.2,28.0,1989,"$594,000",11/07/2019,123.2
GEYLANG,4-ROOM,73.3,28.0,1985,"$368,000",2023-07-17,73.3
PUNGGOL,5-ROOM,99.0,13.0,1990,"$437,000",2022-02-03,99.0
GEYLANG,3-ROOM,86.3,8.0,1998,"$408,000",13/10/2018,86.3
TAMPINES,5-ROOM,116.2,2.0,2009,"$529,000",19/10/2018,116.2
PUNGGOL,EXECUTIVE,62.4,7.0,1976,"$213,000",2022-09-28,62.4
BEDOK,5-ROOM,60.0,4.0,1996,"$307,000",28/04/2017,60.0
WOODLANDS,EXECUTIVE,77.5,2.0,1983,"$260,000",24/11/2017,77.5
HOUGANG,3-ROOM,102.9,24.0,1997,"$577,000",2017-11-25,102.9
YISHUN,4-ROOM,102.2,24.0,1990,"$538,000",2023-06-07,102.2
WOODLANDS,4-ROOM,94.5,3.0,1998,"$441,000",19/12/2019,94.5
BEDOK,4-ROOM,98.4,8.0,1982,"$352,000",2023-01-01,98.4
JURONG WEST,3-ROOM,121.4,17.0,2010,"$605,000",2022-07-28,121.4
WOODLANDS,4-ROOM,98.2,9.0,1980,"$378,000",04/10/2021,98.2
JURONG WEST,4-ROOM,93.6,8.0,2000,"$464,000",2018-10-14,93.6
HOUGANG,4-ROOM,55.0,1.0,1996,"$150,000",2021-11-12,55.0
HOUGANG,4-ROOM,83.9,24.0,2007,"$422,000",14/01/2023,83.9
GEYLANG,3-ROOM,81.9,7.0,2011,"$380,000",08/06/2021,81.9
WOODLANDS,4-ROOM,87.8,2.0,1996,"$345,000",27/02/2023,87.8
BEDOK,5-ROOM,89.3,10.0,1984,"$370,000",2023-12-08,89.3
PUNGGOL,4-ROOM,115.6,8.0,1991,"$455,000",22/09/2018,115.6
ANG MO KIO,5-ROOM,96.8,1.0,1992,"$419,000",2020-05-06,96.8
JURONG WEST,5-ROOM,88.5,13.0,1978,"$374,000",2020-09-14,88.5
ANG MO KIO,3-ROOM,60.4,7.0,2004,"$294,000",21/06/2017,60.4
HOUGANG,5-ROOM,73.5,26.0,2005,"$381,000",2019-03-13,73.5
HOUGANG,3-ROOM,55.7,7.0,2007,"$282,000",23/12/2017,55.7
GEYLANG,EXECUTIVE,99.5,3.0,2006,"$420,000",2022-11-18,99.5
WOODLANDS,5-ROOM,96.3,1.0,1980,"$316,000",2022-04-22,96.3
WOODLANDS,4-ROOM,120.1,4.0,1977,"$458,000",19/02/2021,120.1
TAMPINES,4-ROOM,78.2,18.0,1987,"$366,000",10/11/2017,78.2
CLEMENTI,4-ROOM,54.9,10.0,1982,"$228,000",2022-11-29,54.9
TAMPINES,4-ROOM,99.9,13.0,1996,"$470,000",2017-12-01,99.9
ANG MO KIO,3-ROOM,118.1,18.0,1978,"$579,000",03/10/2020,118.1
JURONG WEST,EXECUTIVE,90.7,13.0,2002,"$427,000",03/07/2018,90.7
CLEMENTI,3-ROOM,85.9,27.0,2000,"$404,000",2020-03-28,85.9
PUNGGOL,4-ROOM,93.0,20.0,1979,"$442,000",05/02/2020,93.0
ANG MO KIO,4-ROOM,104.5,13.0,1989,"$386,000",09/05/2019,104.5
HOUGANG,5-ROOM,104.2,20.0,2000,"$578,000",2017-09-17,104.2
GEYLANG,3-ROOM,88.2,22.0,1997,"$411,000",2023-06-20,88.2
YISHUN,5-ROOM,101.3,4.0,1997,"$413,000",20/05/2018,101.3
JURONG WEST,4-ROOM,117.2,12.0,1998,"$550,000",28/12/2023,117.2
WOODLANDS,4-ROOM,109.7,7.0,1991,"$503,000",10/08/2022,109.7
GEYLANG,3-ROOM,101.5,27.0,2013,"$505,000",22/02/2021,101.5
ANG MO KIO,5-ROOM,,6.0,1984,"$601,000",2023-04-07,
HOUGANG,4-ROOM,102.2,24.0,1997,"$418,000",11/06/2021,102.2
PUNGGOL,3-ROOM,103.6,11.0,1976,"$432,000",2023-12-02,103.6
JURONG WEST,4-ROOM,125.7,28.0,1978,"$627,000",2020-06-06,125.7
GEYLANG,4-ROOM,118.6,25.0,2006,"$625,000",2019-10-24,118.6
YISHUN,3-ROOM,63.6,8.0,2005,"$292,000",2021-10-11,63.6
YISHUN,4-ROOM,70.0,9.0,1987,"$278,000",13/01/2022,70.0
ANG MO KIO,3-ROOM,102.9,5.0,1984,"$331,000",27/10/2018,102.9
WOODLANDS,EXECUTIVE,109.8,11.0,2007,"$472,000",08/09/2022,109.8
WOODLANDS,5-ROOM,83.1,22.0,1984,"$383,000",28/06/2017,83.1
ANG MO KIO,4-ROOM,65.6,24.0,1999,"$314,000",11/09/2022,65.6
GEYLANG,3-ROOM,85.0,2.0,1988,"$388,000",21/02/2019,85.0
HOUGANG,4-ROOM,108.0,17.0,2014,"$552,000",29/09/2018,108.0
PUNGGOL,EXECUTIVE,103.9,11.0,1993,"$442,000",2021-02-21,103.9
ANG MO KIO,5-ROOM,97.7,29.0,2014,"$500,000",2020-10-03,97.7
GEYLANG,5-ROOM,66.4,13.0,1984,"$238,000",2018-04-22,66.4
YISHUN,3-ROOM,139.3,5.0,1989,"$599,000",2022-02-20,139.3
PUNGGOL,3-ROOM,148.5,11.0,2009,"$660,000",2023-03-15,148.5
PUNGGOL,4-ROOM,83.3,17.0,2009,"$371,000",2021-08-14,83.3
GEYLANG,5-ROOM,65.0,20.0,2000,"$339,000",2021-05-27,65.0
YISHUN,3-ROOM,86.3,27.0,2001,"$384,000",2019-05-23,86.3
WOODLANDS,3-ROOM,128.3,28.0,2002,"$643,000",13/07/2022,128.3
WOODLANDS,4-ROOM,100.4,16.0,1991,"$482,000",2017-09-15,100.4
WOODLANDS,4-ROOM,54.6,7.0,1977,"$214,000",17/06/2023,54.6
CLEMENTI,3-ROOM,70.4,24.0,2005,"$452,000",02/04/2021,70.4
GEYLANG,3-ROOM,108.1,1.0,2012,"$411,000",2020-12-30,108.1
CLEMENTI,4-ROOM,128.8,28.0,1994,"$643,000",23/03/2017,128.8
CLEMENTI,5-ROOM,87.5,17.0,2009,"$429,000",2017-08-31,87.5
GEYLANG,5-ROOM,111.5,28.0,1979,"$445,000",12/08/2021,111.5
PUNGGOL,EXECUTIVE,116.5,26.0,2011,"$555,000",2023-12-15,116.5
BEDOK,3-ROOM,138.4,29.0,1994,"$683,000",2019-06-26,138.4
HOUGANG,5-ROOM,110.9,14.0,2007,"$497,000",2019-03-21,110.9
CLEMENTI,3-ROOM,102.4,28.0,2009,"$548,000",2023-06-03,102.4
CLEMENTI,5-ROOM,111.1,25.0,2012,"$527,000",2018-05-14,111.1
TAMPINES,3-ROOM,85.3,2.0,2010,"$448,000",25/09/2023,85.3
ANG MO KIO,5-ROOM,79.7,16.0,2014,"$415,000",2023-09-28,79.7
GEYLANG,5-ROOM,74.8,11.0,2011,"$324,000",14/02/2022,74.8
HOUGANG,3-ROOM,81.8,20.0,2002,"$400,000",2017-05-02,81.8
BEDOK,4-ROOM,87.8,25.0,1992,"$400,000",2018-10-15,87.8
PUNGGOL,5-ROOM,77.4,12.0,2012,"$360,000",01/09/2018,77.4
ANG MO KIO,3-ROOM,74.9,19.0,1985,"$351,000",2022-05-09,74.9
BEDOK,4-ROOM,120.2,19.0,1983,"$493,000",22/05/2021,120.2
WOODLANDS,4-ROOM,83.0,27.0,1992,"$442,000",2022-03-30,83.0
ANG MO KIO,EXECUTIVE,100.6,15.0,2010,"$435,000",2019-06-14,100.6
BEDOK,4-ROOM,91.1,22.0,2008,"$459,000",17/04/2022,91.1
PUNGGOL,5-ROOM,89.7,29.0,1989,"$448,000",2023-09-21,89.7
CLEMENTI,4-ROOM,116.9,26.0,2003,"$565,000",2019-07-07,116.9
WOODLANDS,4-ROOM,107.0,8.0,2002,"$438,000",2018-04-26,107.0
GEYLANG,4-ROOM,103.5,28.0,1996,"$471,000",2023-05-14,103.5
JURONG WEST,4-ROOM,82.8,6.0,1996,"$330,000",21/03/2018,82.8
ANG MO KIO,5-ROOM,89.4,5.0,2001,"$349,000",2020-02-27,89.4
JURONG WEST,3-ROOM,102.6,8.0,2014,"$400,000",30/05/2017,102.6
TAMPINES,3-ROOM,87.2,29.0,1986,"$444,000",16/06/2020,87.2
BEDOK,3-ROOM,57.7,22.0,2005,"$322,000",2019-01-02,57.7
BEDOK,3-ROOM,137.5,17.0,1999,"$678,000",10/02/2017,137.5
JURONG WEST,4-ROOM,75.8,1.0,2005,"$301,000",2019-12-24,75.8
ANG MO KIO,4-ROOM,121.6,8.0,1993,"$531,000",2020-03-05,121.6
ANG MO KIO,3-ROOM,112.5,16.0,2009,"$602,000",10/02/2019,112.5
WOODLANDS,3-ROOM,78.5,5.0,1998,"$321,000",2021-05-17,78.5
ANG MO KIO,EXECUTIVE,146.0,26.0,1980,"$678,000",09/12/2020,146.0
JURONG WEST,5-ROOM,84.3,2.0,2004,"$338,000",2020-11-24,84.3
TAMPINES,4-ROOM,90.4,1.0,1979,"$275,000",2020-10-26,90.4
YISHUN,4-ROOM,77.8,18.0,1978,"$335,000",18/09/2017,77.8
JURONG WEST,4-ROOM,87.0,24.0,2009,"$495,000",2020-02-02,87.0
CLEMENTI,4-ROOM,84.2,26.0,2003,"$454,000",12/02/2019,84.2
HOUGANG,4-ROOM,142.6,9.0,1976,"$619,000",2018-01-03,142.6
WOODLANDS,EXECUTIVE,129.6,2.0,2011,"$595,000",2021-04-13,129.6
PUNGGOL,3-ROOM,105.9,24.0,1978,"$485,000",2023-07-04,105.9
TAMPINES,5-ROOM,70.5,22.0,1989,"$364,000",2021-06-04,70.5
TAMPINES,4-ROOM,112.2,6.0,2007,"$487,000",2017-10-17,112.2
GEYLANG,4-ROOM,104.4,29.0,1989,"$522,000",2023-04-18,104.4
HOUGANG,4-ROOM,64.1,15.0,1993,"$344,000",26/03/2019,64.1
TAMPINES,EXECUTIVE,93.4,29.0,1985,"$402,000",13/10/2018,93.4
HOUGANG,5-ROOM,89.9,22.0,1986,"$413,000",2021-06-20,89.9
YISHUN,5-ROOM,82.8,3.0,1994,"$358,000",01/03/2018,82.8
HOUGANG,3-ROOM,80.2,19.0,2007,"$328,000",21/11/2023,80.2
PUNGGOL,5-ROOM,75.9,29.0,1989,"$388,000",2021-02-03,75.9
YISHUN,3-ROOM,51.1,7.0,1998,"$211,000",2018-11-06,51.1
YISHUN,3-ROOM,88.0,19.0,1987,"$449,000",19/04/2019,88.0
ANG MO KIO,4-ROOM,,17.0,1985,"$483,000",08/06/2023,
TAMPINES,5-ROOM,136.5,2.0,1983,"$576,000",2023-01-05,136.5
JURONG WEST,4-ROOM,87.1,18.0,2003,"$361,000",27/07/2021,87.1
PUNGGOL,4-ROOM,81.9,8.0,1985,"$366,000",02/12/2022,81.9
GEYLANG,3-ROOM,59.8,5.0,1999,"$300,000",2017-09-16,59.8
ANG MO KIO,4-ROOM,116.1,6.0,1976,"$430,000",2017-05-31,116.1
TAMPINES,5-ROOM,66.9,14.0,1995,"$355,000",2023-07-17,66.9
PUNGGOL,5-ROOM,86.8,13.0,2005,"$382,000",2017-09-28,86.8
PUNGGOL,5-ROOM,112.9,11.0,2014,"$543,000",2023-06-22,112.9
YISHUN,EXECUTIVE,61.9,6.0,1976,"$241,000",2020-02-03,61.9
ANG MO KIO,4-ROOM,80.4,28.0,1983,"$457,000",14/01/2020,80.4
ANG MO KIO,4-ROOM,88.6,24.0,2012,"$355,000",2018-02-11,88.6
TAMPINES,3-ROOM,78.8,25.0,1995,"$382,000",29/03/2020,78.8
ANG MO KIO,4-ROOM,80.4,26.0,1994,"$401,000",09/02/2023,80.4
HOUGANG,4-ROOM,106.4,16.0,1986,"$476,000",09/09/2022,106.4
JURONG WEST,EXECUTIVE,88.2,24.0,2004,"$408,000",2022-12-11,88.2
CLEMENTI,3-ROOM,93.9,18.0,1994,"$485,000",2017-05-29,93.9
JURONG WEST,5-ROOM,78.8,23.0,1976,"$417,000",27/11/2017,78.8
JURONG WEST,EXECUTIVE,108.4,3.0,2003,"$478,000",2020-03-14,108.4
ANG MO KIO,4-ROOM,100.1,14.0,1981,"$424,000",19/08/2022,100.1
TAMPINES,4-ROOM,84.0,15.0,2002,"$372,000",20/06/2021,84.0
BEDOK,3-ROOM,85.4,1.0,2014,"$404,000",24/04/2022,85.4
ANG MO KIO,4-ROOM,93.6,8.0,2000,"$471,000",2018-02-22,93.6
BEDOK,4-ROOM,96.0,28.0,2005,"$456,000",06/07/2023,96.0
JURONG WEST,3-ROOM,43.6,3.0,1981,"$152,000",2020-04-26,43.6
GEYLANG,4-ROOM,91.8,7.0,1982,"$374,000",2018-05-14,91.8
WOODLANDS,3-ROOM,103.3,27.0,2012,"$576,000",2021-11-14,103.3
PUNGGOL,3-ROOM,106.6,24.0,1982,"$497,000",2020-07-24,106.6
CLEMENTI,3-ROOM,56.4,9.0,2006,"$235,000",20/05/2023,56.4
GEYLANG,5-ROOM,83.2,27.0,1979,"$436,000",03/07/2023,83.2
HOUGANG,EXECUTIVE,71.0,18.0,1979,"$282,000",2022-03-14,71.0
PUNGGOL,3-ROOM,97.2,5.0,2004,"$325,000",06/08/2022,97.2
ANG MO KIO,5-ROOM,132.8,17.0,2012,"$583,000",01/01/2022,132.8
YISHUN,4-ROOM,98.0,27.0,1989,"$516,000",26/11/2020,98.0
TAMPINES,4-ROOM,66.5,22.0,1977,"$323,000",2022-12-09,66.5
PUNGGOL,5-ROOM,99.2,26.0,2001,"$496,000",2023-12-01,99.2
HOUGANG,3-ROOM,89.9,3.0,1999,"$385,000",2022-12-18,89.9
HOUGANG,4-ROOM,107.0,17.0,1996,"$490,000",17/12/2017,107.0
BEDOK,EXECUTIVE,135.6,15.0,2014,"$643,000",2022-08-07,135.6
CLEMENTI,EXECUTIVE,61.0,21.0,2010,"$255,000",11/03/2018,61.0
GEYLANG,3-ROOM,94.9,21.0,1979,"$450,000",2022-12-22,94.9
CLEMENTI,EXECUTIVE,128.8,13.0,1981,"$577,000",28/09/2018,128.8
JURONG WEST,EXECUTIVE,104.5,18.0,2010,"$501,000",2023-05-26,104.5
CLEMENTI,3-ROOM,98.8,28.0,2008,"$505,000",2020-07-06,98.8
JURONG WEST,3-ROOM,51.6,22.0,2010,"$296,000",11/09/2019,51.6
ANG MO KIO,5-ROOM,89.0,28.0,2000,"$441,000",2018-10-31,89.0
CLEMENTI,5-ROOM,152.2,22.0,1977,"$669,000",19/09/2021,152.2
YISHUN,5-ROOM,58.8,9.0,1991,"$236,000",29/12/2019,58.8
ANG MO KIO,3-ROOM,77.2,14.0,1976,"$352,000",31/05/2022,77.2
PUNGGOL,3-ROOM,43.7,23.0,1996,"$211,000",2019-04-16,43.7
PUNGGOL,5-ROOM,97.8,19.0,2006,"$486,000",22/12/2020,97.8
TAMPINES,4-ROOM,116.4,12.0,2006,"$534,000",01/06/2022,116.4
WOODLANDS,5-ROOM,89.1,6.0,1979,"$324,000",23/11/2022,89.1
CLEMENTI,5-ROOM,106.8,21.0,1993,"$472,000",26/02/2022,106.8
JURONG WEST,3-ROOM,53.9,17.0,1976,"$241,000",11/01/2018,53.9
HOUGANG,5-ROOM,117.5,11.0,1984,"$452,000",2017-07-04,117.5
TAMPINES,4-ROOM,119.7,5.0,1989,"$461,000",09/07/2021,119.7
BEDOK,5-ROOM,93.7,1.0,1976,"$425,000",28/02/2023,93.7
JURONG WEST,5-ROOM,106.0,21.0,2010,"$566,000",2018-11-07,106.0
CLEMENTI,4-ROOM,47.1,24.0,1983,"$245,000",04/10/2018,47.1
ANG MO KIO,4-ROOM,44.8,1.0,2001,"$171,000",2019-12-01,44.8
JURONG WEST,4-ROOM,123.0,23.0,1988,"$553,000",2022-10-20,123.0
PUNGGOL,EXECUTIVE,60.9,24.0,1976,"$276,000",28/07/2020,60.9
JURONG WEST,EXECUTIVE,107.1,11.0,1996,"$445,000",12/07/2023,107.1
BEDOK,3-ROOM,76.2,23.0,1986,"$308,000",06/12/2023,76.2
TAMPINES,3-ROOM,107.8,27.0,2010,"$516,000",19/10/2022,107.8
GEYLANG,4-ROOM,78.2,10.0,1984,"$279,000",22/06/2023,78.2
JURONG WEST,5-ROOM,73.5,8.0,1981,"$279,000",2021-11-14,73.5
ANG MO KIO,3-ROOM,100.6,18.0,1999,"$351,000",2022-12-17,100.6
BEDOK,3-ROOM,85.8,8.0,1979,"$338,000",28/12/2022,85.8
PUNGGOL,4-ROOM,112.0,20.0,2012,"$529,000",08/05/2020,112.0
WOODLANDS,5-ROOM,118.3,8.0,2002,"$483,000",2018-07-06,118.3
BEDOK,5-ROOM,91.3,4.0,1975,"$347,000",2021-01-23,91.3
JURONG WEST,4-ROOM,67.0,19.0,2010,"$263,000",2020-06-17,67.0
HOUGANG,4-ROOM,102.7,11.0,1988,"$439,000",2022-05-28,102.7
ANG MO KIO,5-ROOM,60.5,24.0,2005,"$298,000",2022-02-02,60.5
CLEMENTI,3-ROOM,250.0,17.0,1977,"$592,000",2023-09-21,129.9
JURONG WEST,EXECUTIVE,90.7,29.0,1988,"$417,000",2023-09-13,90.7
WOODLANDS,3-ROOM,88.7,17.0,2001,"$431,000",2021-03-06,88.7
BEDOK,3-ROOM,103.1,3.0,1976,"$362,000",2021-01-06,103.1
HOUGANG,EXECUTIVE,107.9,12.0,2000,"$471,000",22/11/2022,107.9
ANG MO KIO,3-ROOM,107.5,5.0,2001,"$478,000",2023-09-23,107.5
WOODLANDS,5-ROOM,52.0,27.0,2002,"$271,000",18/06/2021,52.0
JURONG WEST,EXECUTIVE,85.4,17.0,1998,"$410,000",04/01/2020,85.4
YISHUN,4-ROOM,99.9,24.0,1975,"$529,000",2018-08-01,99.9
WOODLANDS,EXECUTIVE,111.2,23.0,2003,"$486,000",2019-07-05,111.2
JURONG WEST,3-ROOM,105.9,4.0,2007,"$446,000",27/02/2022,105.9
ANG MO KIO,4-ROOM,119.5,13.0,1984,"$533,000",2022-09-18,119.5
PUNGGOL,3-ROOM,76.2,29.0,2006,"$380,000",2023-09-05,76.2
GEYLANG,5-ROOM,91.4,26.0,2003,"$491,000",2023-04-21,91.4
ANG MO KIO,4-ROOM,56.1,28.0,2008,"$285,000",2017-11-25,56.1
PUNGGOL,EXECUTIVE,102.6,22.0,2008,"$511,000",2023-10-21,102.6
CLEMENTI,5-ROOM,82.9,19.0,2002,"$416,000",2019-04-16,82.9
PUNGGOL,4-ROOM,117.3,22.0,2004,"$552,000",27/01/2017,117.3
CLEMENTI,5-ROOM,117.5,27.0,2010,"$646,000",2021-01-13,117.5
WOODLANDS,EXECUTIVE,53.8,10.0,2006,"$217,000",13/08/2023,53.8
YISHUN,4-ROOM,92.2,8.0,2005,"$474,000",2020-04-14,92.2
TAMPINES,5-ROOM,106.2,6.0,1994,"$525,000",12/11/2020,106.2
WOODLANDS,5-ROOM,83.5,16.0,1988,"$445,000",23/06/2022,83.5
BEDOK,5-ROOM,40.0,25.0,2000,"$178,000",02/04/2018,40.0
PUNGGOL,3-ROOM,97.0,1.0,1988,"$385,000",17/11/2023,97.0
YISHUN,4-ROOM,123.6,14.0,2012,"$608,000",15/04/2018,123.6
WOODLANDS,3-ROOM,107.0,25.0,1999,"$554,000",11/05/2017,107.0
GEYLANG,3-ROOM,84.6,29.0,1990,"$455,000",2017-10-29,84.6
JURONG WEST,3-ROOM,85.1,25.0,2011,"$446,000",26/03/2021,85.1
HOUGANG,3-ROOM,88.7,29.0,1975,"$386,000",13/06/2017,88.7
CLEMENTI,3-ROOM,113.0,15.0,2010,"$478,000",2018-05-11,113.0
BEDOK,4-ROOM,79.3,13.0,1978,"$262,000",04/08/2020,79.3
BEDOK,4-ROOM,126.0,5.0,1990,"$526,000",2018-10-06,126.0
PUNGGOL,5-ROOM,50.8,19.0,2009,"$224,000",15/06/2020,50.8
WOODLANDS,5-ROOM,111.0,28.0,1976,"$502,000",2017-03-02,111.0
HOUGANG,5-ROOM,113.8,27.0,1977,"$525,000",2017-12-03,113.8
ANG MO KIO,3-ROOM,136.9,12.0,2003,"$682,000",19/04/2023,136.9
WOODLANDS,5-ROOM,134.0,3.0,1977,"$571,000",21/02/2017,134.0
CLEMENTI,EXECUTIVE,58.3,7.0,1979,"$223,000",2019-06-20,58.3
PUNGGOL,3-ROOM,80.0,23.0,2008,"$405,000",2021-09-21,80.0
ANG MO KIO,4-ROOM,43.4,9.0,1990,"$165,000",27/06/2023,43.4
YISHUN,4-ROOM,113.6,7.0,2011,"$510,000",06/11/2017,113.6
WOODLANDS,3-ROOM,91.1,11.0,1985,"$359,000",2018-12-31,91.1
ANG MO KIO,4-ROOM,120.7,3.0,2008,"$482,000",19/07/2017,120.7
HOUGANG,4-ROOM,84.8,15.0,1999,"$349,000",2020-05-25,84.8
WOODLANDS,4-ROOM,122.1,11.0,1979,"$529,000",2020-11-14,122.1
BEDOK,3-ROOM,54.9,1.0,1997,"$226,000",2020-02-04,54.9
PUNGGOL,4-ROOM,103.8,26.0,1994,"$550,000",2022-02-04,103.8
YISHUN,EXECUTIVE,105.4,22.0,2013,"$517,000",09/12/2022,105.4
TAMPINES,3-ROOM,109.9,21.0,2012,"$532,000",2020-06-23,109.9
CLEMENTI,4-ROOM,87.5,2.0,1988,"$325,000",2018-12-26,87.5
BEDOK,4-ROOM,83.4,12.0,2002,"$341,000",2021-02-22,83.4
YISHUN,5-ROOM,86.1,22.0,1987,"$353,000",27/01/2022,86.1
BEDOK,3-ROOM,115.1,10.0,2009,"$502,000",2023-09-01,115.1
TAMPINES,4-ROOM,135.7,8.0,1996,"$531,000",14/09/2022,135.7
HOUGANG,4-ROOM,58.0,23.0,2004,"$277,000",2017-03-02,58.0
JURONG WEST,4-ROOM,99.2,25.0,1990,"$489,000",2017-10-16,99.2
JURONG WEST,4-ROOM,84.3,12.0,2006,"$272,000",27/05/2021,84.3
YISHUN,4-ROOM,65.9,18.0,1992,"$286,000",2021-05-05,65.9
BEDOK,3-ROOM,94.7,17.0,1979,"$403,000",2021-01-17,94.7
YISHUN,3-ROOM,101.2,29.0,1997,"$523,000",2019-03-18,101.2
TAMPINES,4-ROOM,89.0,20.0,2010,"$423,000",2017-10-12,89.0
JURONG WEST,5-ROOM,78.3,21.0,1988,"$365,000",15/09/2019,78.3
BEDOK,5-ROOM,74.6,27.0,1979,"$344,000",21/05/2023,74.6
JURONG WEST,5-ROOM,99.6,5.0,1982,"$468,000",25/05/2023,99.6
GEYLANG,4-ROOM,112.5,8.0,2014,"$408,000",09/11/2019,112.5
HOUGANG,5-ROOM,80.0,12.0,1996,"$354,000",2023-10-24,80.0
YISHUN,4-ROOM,107.5,20.0,2011,"$524,000",27/04/2022,107.5
PUNGGOL,3-ROOM,98.6,27.0,1979,"$462,000",15/07/2018,98.6
GEYLANG,EXECUTIVE,91.0,11.0,2003,"$437,000",16/10/2017,91.0
TAMPINES,4-ROOM,106.2,26.0,1997,"$568,000",04/06/2018,106.2
YISHUN,4-ROOM,92.9,9.0,2003,"$442,000",22/03/2021,92.9
TAMPINES,3-ROOM,103.4,15.0,2008,"$524,000",19/09/2023,103.4
TAMPINES,3-ROOM,72.8,9.0,2007,"$343,000",2021-10-09,72.8
WOODLANDS,EXECUTIVE,108.5,6.0,2001,"$494,000",27/03/2023,108.5
GEYLANG,3-ROOM,102.9,14.0,2000,"$467,000",2019-09-07,102.9
HOUGANG,5-ROOM,87.5,16.0,1981,"$364,000",04/11/2022,87.5
YISHUN,5-ROOM,159.3,14.0,2014,"$860,000",14/01/2017,159.3
BEDOK,4-ROOM,103.5,25.0,1989,"$547,000",05/02/2020,103.5
JURONG WEST,5-ROOM,80.5,11.0,1992,"$374,000",2022-04-11,80.5
PUNGGOL,EXECUTIVE,57.1,12.0,1975,"$176,000",27/11/2019,57.1
HOUGANG,5-ROOM,115.2,1.0,1977,"$375,000",09/12/2023,115.2
GEYLANG,4-ROOM,73.4,3.0,2012,"$395,000",2017-09-09,73.4
BEDOK,3-ROOM,75.3,22.0,2002,"$362,000",12/03/2022,75.3
JURONG WEST,4-ROOM,121.2,2.0,1996,"$559,000",19/07/2021,121.2
ANG MO KIO,5-ROOM,76.8,2.0,2014,"$353,000",2021-04-03,76.8
WOODLANDS,3-ROOM,63.0,1.0,1978,"$205,000",2021-08-13,63.0
WOODLANDS,5-ROOM,75.0,28.0,1975,"$316,000",28/08/2023,75.0
WOODLANDS,3-ROOM,106.2,10.0,1979,"$481,000",20/09/2021,106.2
BEDOK,4-ROOM,116.5,9.0,2011,"$518,000",21/06/2018,116.5
YISHUN,5-ROOM,98.8,27.0,2011,"$546,000",2017-07-12,98.8
YISHUN,5-ROOM,88.2,19.0,2000,"$454,000",23/12/2019,88.2
GEYLANG,4-ROOM,121.6,19.0,1994,"$574,000",12/08/2021,121.6
YISHUN,3-ROOM,84.9,29.0,2007,"$418,000",2022-02-10,84.9
GEYLANG,5-ROOM,56.1,21.0,1989,"$327,000",2023-10-09,56.1
GEYLANG,3-ROOM,60.5,13.0,1988,"$239,000",23/06/2021,60.5
ANG MO KIO,3-ROOM,97.2,7.0,2001,"$497,000",31/08/2017,97.2
GEYLANG,3-ROOM,83.6,19.0,1982,"$378,000",2022-03-08,83.6
ANG MO KIO,3-ROOM,88.5,12.0,2002,"$437,000",2019-02-24,88.5
PUNGGOL,EXECUTIVE,97.5,21.0,1976,"$393,000",2022-05-15,97.5
JURONG WEST,4-ROOM,85.8,3.0,1999,"$336,000",24/06/2020,85.8
BEDOK,5-ROOM,74.6,6.0,2011,"$350,000",2021-05-02,74.6
JURONG WEST,4-ROOM,68.6,5.0,2014,"$329,000",2020-02-10,68.6
BEDOK,4-ROOM,86.6,25.0,2003,"$446,000",2017-03-13,86.6
ANG MO KIO,5-ROOM,74.7,22.0,1991,"$415,000",01/03/2020,74.7
JURONG WEST,4-ROOM,61.1,18.0,1981,"$233,000",11/02/2017,61.1
WOODLANDS,EXECUTIVE,92.1,17.0,2007,"$416,000",2023-06-26,92.1
BEDOK,3-ROOM,105.1,16.0,1975,"$438,000",2023-03-06,105.1
WOODLANDS,4-ROOM,107.8,9.0,2011,"$469,000",2017-10-23,107.8
CLEMENTI,3-ROOM,52.5,2.0,2000,"$247,000",2021-03-13,52.5
JURONG WEST,EXECUTIVE,99.3,10.0,1985,"$398,000",03/03/2018,99.3
YISHUN,4-ROOM,55.9,12.0,1991,"$252,000",28/09/2021,55.9
ANG MO KIO,3-ROOM,146.2,29.0,1993,"$663,000",2023-11-09,146.2
YISHUN,EXECUTIVE,58.0,2.0,2010,"$213,000",2023-08-07,58.0
HOUGANG,5-ROOM,136.4,24.0,1975,"$585,000",29/09/2023,136.4
JURONG WEST,3-ROOM,130.7,20.0,2003,"$529,000",2020-02-11,130.7
PUNGGOL,EXECUTIVE,102.7,24.0,2002,"$515,000",2017-02-11,102.7
HOUGANG,EXECUTIVE,55.6,1.0,2001,"$283,000",17/07/2018,55.6
HOUGANG,EXECUTIVE,98.0,9.0,1975,"$488,000",2020-07-15,98.0
ANG MO KIO,5-ROOM,85.8,14.0,2003,"$423,000",2021-09-07,85.8
ANG MO KIO,3-ROOM,98.4,27.0,1988,"$524,000",2023-12-04,98.4
ANG MO KIO,EXECUTIVE,96.5,22.0,1988,"$488,000",01/03/2021,96.5
ANG MO KIO,EXECUTIVE,97.9,24.0,2013,"$448,000",07/05/2017,97.9
JURONG WEST,4-ROOM,136.9,21.0,2005,"$706,000",12/04/2019,136.9
PUNGGOL,4-ROOM,103.8,17.0,1999,"$465,000",2020-10-10,103.8
BEDOK,3-ROOM,61.0,5.0,1990,"$226,000",2017-05-03,61.0
JURONG WEST,3-ROOM,115.7,7.0,1996,"$487,000",09/09/2020,115.7
PUNGGOL,5-ROOM,129.3,18.0,1999,"$610,000",2020-01-17,129.3
ANG MO KIO,5-ROOM,89.9,24.0,2006,"$425,000",05/10/2020,89.9
GEYLANG,4-ROOM,104.5,15.0,1980,"$387,000",23/09/2017,104.5
BEDOK,3-ROOM,114.5,27.0,2005,"$578,000",25/08/2023,114.5
TAMPINES,4-ROOM,45.6,1.0,2013,"$222,000",07/09/2022,45.6
ANG MO KIO,5-ROOM,65.8,21.0,2007,"$361,000",2017-09-15,65.8
BEDOK,4-ROOM,99.2,29.0,2007,"$512,000",2020-02-07,99.2
TAMPINES,3-ROOM,101.4,18.0,2007,"$495,000",04/07/2022,101.4
ANG MO KIO,5-ROOM,94.8,11.0,1988,"$365,000",28/11/2017,94.8
BEDOK,5-ROOM,99.4,24.0,1987,"$467,000",23/07/2017,99.4
JURONG WEST,3-ROOM,89.3,6.0,2003,"$424,000",2021-12-27,89.3
BEDOK,5-ROOM,85.6,15.0,2009,"$407,000",27/10/2020,85.6
BEDOK,4-ROOM,103.6,7.0,1982,"$442,000",24/03/2020,103.6
YISHUN,5-ROOM,79.4,24.0,1990,"$384,000",08/03/2019,79.4
GEYLANG,4-ROOM,103.7,4.0,1988,"$403,000",2020-02-04,103.7
JURONG WEST,5-ROOM,99.2,17.0,1975,"$439,000",23/02/2019,99.2
TAMPINES,4-ROOM,128.6,7.0,2006,"$550,000",28/06/2023,128.6
PUNGGOL,3-ROOM,128.8,13.0,1993,"$602,000",30/07/2021,128.8
WOODLANDS,3-ROOM,123.7,28.0,1981,"$579,000",2020-06-25,123.7
HOUGANG,4-ROOM,105.2,10.0,2003,"$509,000",28/10/2023,105.2
BEDOK,3-ROOM,81.3,22.0,1992,"$383,000",12/04/2022,81.3
ANG MO KIO,EXECUTIVE,109.1,27.0,2001,"$577,000",2020-08-02,109.1
GEYLANG,4-ROOM,68.9,8.0,1996,"$293,000",05/12/2019,68.9
GEYLANG,5-ROOM,87.7,13.0,2002,"$446,000",21/01/2018,87.7
ANG MO KIO,3-ROOM,93.3,18.0,2004,"$454,000",2020-02-12,93.3
CLEMENTI,3-ROOM,116.0,8.0,2007,"$548,000",05/06/2021,116.0
WOODLANDS,3-ROOM,84.9,6.0,1980,"$407,000",20/08/2023,84.9
GEYLANG,3-ROOM,104.2,29.0,1996,"$543,000",2018-12-01,104.2
WOODLANDS,5-ROOM,53.6,25.0,1999,"$280,000",23/06/2020,53.6
HOUGANG,5-ROOM,104.5,24.0,1984,"$494,000",16/01/2018,104.5
WOODLANDS,4-ROOM,56.4,27.0,1990,"$290,000",2020-09-03,56.4
YISHUN,3-ROOM,90.9,27.0,1979,"$484,000",03/05/2018,90.9
BEDOK,5-ROOM,53.7,26.0,1981,"$153,000",2018-05-13,53.7
JURONG WEST,4-ROOM,87.3,26.0,1979,"$370,000",2019-06-22,87.3
CLEMENTI,4-ROOM,124.5,23.0,2008,"$612,000",06/03/2020,124.5
CLEMENTI,4-ROOM,100.4,4.0,1995,"$444,000",08/09/2017,100.4
WOODLANDS,3-ROOM,87.7,16.0,2012,"$384,000",24/03/2020,87.7
CLEMENTI,4-ROOM,94.1,19.0,1991,"$436,000",22/01/2018,94.1
WOODLANDS,4-ROOM,56.0,22.0,1978,"$230,000",2023-06-14,56.0
YISHUN,5-ROOM,135.9,28.0,2013,"$668,000",30/06/2021,135.9
WOODLANDS,4-ROOM,121.4,24.0,2014,"$663,000",31/01/2022,121.4
CLEMENTI,5-ROOM,56.0,12.0,2005,"$269,000",26/09/2019,56.0
JURONG WEST,5-ROOM,94.4,4.0,2009,"$419,000",2017-06-28,94.4
WOODLANDS,3-ROOM,85.4,3.0,1997,"$376,000",02/01/2021,85.4
ANG MO KIO,5-ROOM,94.2,10.0,1979,"$370,000",2017-07-29,94.2
JURONG WEST,4-ROOM,123.4,2.0,1977,"$498,000",17/12/2020,123.4
TAMPINES,5-ROOM,90.1,17.0,2009,"$361,000",24/10/2017,90.1
YISHUN,3-ROOM,54.6,26.0,1978,"$248,000",2018-04-06,54.6
GEYLANG,EXECUTIVE,127.7,2.0,2002,"$568,000",07/01/2020,127.7
GEYLANG,3-ROOM,136.1,15.0,1997,"$652,000",04/01/2023,136.1
BEDOK,4-ROOM,79.9,23.0,1996,"$404,000",2021-04-27,79.9
WOODLANDS,3-ROOM,60.7,16.0,1998,"$297,000",2022-10-04,60.7
CLEMENTI,3-ROOM,63.8,10.0,2006,"$272,000",09/02/2022,63.8
JURONG WEST,EXECUTIVE,133.3,23.0,2012,"$633,000",02/11/2017,133.3
PUNGGOL,4-ROOM,97.1,26.0,2012,"$438,000",21/04/2018,97.1
HOUGANG,3-ROOM,57.2,26.0,1983,"$252,000",29/03/2023,57.2
PUNGGOL,3-ROOM,90.3,3.0,1979,"$375,000",07/10/2022,90.3
WOODLANDS,EXECUTIVE,78.5,1.0,2012,"$320,000",14/08/2023,78.5
HOUGANG,4-ROOM,74.8,22.0,1979,"$374,000",2019-08-29,74.8
YISHUN,4-ROOM,97.9,10.0,2008,"$465,000",2022-06-11,97.9
JURONG WEST,3-ROOM,82.0,12.0,2008,"$402,000",2019-01-04,82.0
PUNGGOL,5-ROOM,95.0,10.0,1986,"$416,000",2022-12-09,95.0
YISHUN,4-ROOM,99.8,14.0,1986,"$457,000",20/04/2021,99.8
JURONG WEST,3-ROOM,106.8,27.0,2012,"$517,000",19/08/2017,106.8
ANG MO KIO,5-ROOM,106.5,27.0,1988,"$506,000",02/05/2022,106.5
GEYLANG,5-ROOM,99.0,8.0,1992,"$389,000",2019-11-14,99.0
HOUGANG,5-ROOM,70.4,7.0,2010,"$335,000",2020-07-05,70.4
BEDOK,5-ROOM,166.1,4.0,1999,"$712,000",20/10/2021,166.1
TAMPINES,4-ROOM,98.4,3.0,2002,"$448,000",16/10/2023,98.4
GEYLANG,5-ROOM,84.1,15.0,1997,"$360,000",2019-04-20,84.1
GEYLANG,3-ROOM,81.1,23.0,2005,"$438,000",2018-12-17,81.1
HOUGANG,3-ROOM,72.8,2.0,1989,"$321,000",2022-07-30,72.8
BEDOK,4-ROOM,63.9,14.0,1986,"$173,000",2017-03-21,63.9
WOODLANDS,5-ROOM,75.5,28.0,1986,"$358,000",2018-05-19,75.5
GEYLANG,EXECUTIVE,101.4,1.0,1995,"$402,000",12/03/2020,101.4
PUNGGOL,3-ROOM,96.3,13.0,2003,"$365,000",2021-02-27,96.3
JURONG WEST,4-ROOM,106.8,17.0,1999,"$472,000",2021-08-03,106.8
CLEMENTI,5-ROOM,92.3,24.0,1986,"$434,000",2017-11-03,92.3
PUNGGOL,5-ROOM,76.8,19.0,1998,"$403,000",2020-09-02,76.8
HOUGANG,EXECUTIVE,107.2,8.0,1976,"$437,000",2023-04-25,107.2
TAMPINES,4-ROOM,126.0,5.0,1995,"$529,000",2022-03-02,126.0
GEYLANG,4-ROOM,66.4,16.0,2000,"$280,000",05/12/2018,66.4
JURONG WEST,4-ROOM,,25.0,2004,"$497,000",2017-08-25,
JURONG WEST,3-ROOM,133.2,13.0,1998,"$579,000",11/06/2022,133.2
WOODLANDS,3-ROOM,105.9,14.0,1980,"$543,000",2019-06-30,105.9
GEYLANG,5-ROOM,96.3,2.0,1992,"$397,000",01/11/2019,96.3
PUNGGOL,5-ROOM,101.8,28.0,1993,"$499,000",14/12/2019,101.8
BEDOK,3-ROOM,92.4,4.0,1980,"$366,000",2021-07-19,92.4
ANG MO KIO,4-ROOM,86.5,28.0,1985,"$438,000",2018-09-09,86.5
JURONG WEST,3-ROOM,73.5,19.0,1978,"$353,000",06/01/2017,73.5
ANG MO KIO,4-ROOM,140.7,27.0,2003,"$672,000",29/04/2017,140.7
YISHUN,4-ROOM,133.5,8.0,2006,"$594,000",01/01/2021,133.5
HOUGANG,4-ROOM,126.5,13.0,2009,"$535,000",21/04/2020,126.5
BEDOK,3-ROOM,80.3,8.0,1976,"$311,000",07/09/2022,80.3
YISHUN,4-ROOM,73.7,21.0,1995,"$394,000",06/07/2022,73.7
BEDOK,3-ROOM,128.2,4.0,1991,"$480,000",02/11/2022,128.2
WOODLANDS,5-ROOM,83.4,22.0,1989,"$365,000",07/06/2023,83.4
PUNGGOL,4-ROOM,122.7,3.0,1992,"$519,000",21/08/2020,122.7
PUNGGOL,5-ROOM,81.9,17.0,1976,"$433,000",2023-09-19,81.9
WOODLANDS,4-ROOM,108.2,1.0,2012,"$524,000",20/02/2022,108.2
WOODLANDS,3-ROOM,84.2,5.0,1978,"$312,000",2018-11-06,84.2
WOODLANDS,4-ROOM,124.6,10.0,1982,"$512,000",2022-06-24,124.6
JURONG WEST,3-ROOM,89.5,25.0,1982,"$446,000",11/08/2022,89.5
CLEMENTI,3-ROOM,114.9,12.0,1977,"$472,000",25/01/2019,114.9
BEDOK,5-ROOM,99.5,6.0,2010,"$350,000",2019-11-21,99.5
JURONG WEST,4-ROOM,92.0,29.0,1997,"$526,000",2019-12-20,92.0
WOODLANDS,5-ROOM,100.2,20.0,1996,"$511,000",21/10/2019,100.2
YISHUN,4-ROOM,95.6,4.0,1990,"$386,000",2019-10-30,95.6
CLEMENTI,5-ROOM,77.0,19.0,1996,"$369,000",2019-04-10,77.0
PUNGGOL,4-ROOM,82.1,20.0,2001,"$370,000",2018-10-27,82.1
HOUGANG,3-ROOM,87.4,28.0,1997,"$393,000",2019-08-24,87.4
ANG MO KIO,5-ROOM,121.9,17.0,2014,"$587,000",17/01/2020,121.9
BEDOK,4-ROOM,94.6,28.0,1998,"$504,000",28/11/2021,94.6
GEYLANG,3-ROOM,68.2,20.0,1993,"$310,000",2019-08-16,68.2
JURONG WEST,EXECUTIVE,83.3,8.0,1980,"$362,000",2021-12-01,83.3
TAMPINES,4-ROOM,139.8,20.0,2002,"$665,000",2020-01-05,139.8
WOODLANDS,4-ROOM,91.4,16.0,2007,"$367,000",2018-06-15,91.4
YISHUN,4-ROOM,101.3,22.0,2011,"$486,000",15/10/2017,101.3
JURONG WEST,4-ROOM,125.5,22.0,1979,"$521,000",2019-11-11,125.5
HOUGANG,5-ROOM,119.0,11.0,1988,"$583,000",2021-04-27,119.0
GEYLANG,3-ROOM,85.1,12.0,1999,"$369,000",18/11/2018,85.1
YISHUN,5-ROOM,65.3,8.0,1997,"$291,000",08/08/2017,65.3
GEYLANG,3-ROOM,142.8,2.0,2007,"$649,000",17/08/2017,142.8
YISHUN,3-ROOM,110.5,18.0,1975,"$452,000",2021-10-11,110.5
YISHUN,3-ROOM,100.3,23.0,2010,"$527,000",21/11/2022,100.3
JURONG WEST,EXECUTIVE,57.5,24.0,1980,"$260,000",2023-10-13,57.5
JURONG WEST,3-ROOM,96.5,19.0,1988,"$412,000",08/05/2023,96.5
TAMPINES,5-ROOM,62.3,29.0,2013,"$385,000",04/03/2023,62.3
WOODLANDS,EXECUTIVE,111.9,12.0,2009,"$487,000",2018-12-17,111.9
PUNGGOL,4-ROOM,121.0,5.0,1990,"$518,000",09/09/2017,121.0
BEDOK,4-ROOM,73.9,10.0,2011,"$312,000",2017-12-07,73.9
PUNGGOL,3-ROOM,152.4,15.0,2009,"$721,000",2023-06-27,152.4
WOODLANDS,5-ROOM,100.6,20.0,1978,"$396,000",2018-05-12,100.6
TAMPINES,5-ROOM,119.0,28.0,2009,"$595,000",2017-02-12,119.0
TAMPINES,5-ROOM,77.5,19.0,2012,"$429,000",2018-01-15,77.5
TAMPINES,4-ROOM,43.2,25.0,1983,"$241,000",17/01/2022,43.2
CLEMENTI,3-ROOM,63.6,19.0,1999,"$326,000",22/09/2022,63.6
ANG MO KIO,5-ROOM,84.2,15.0,2004,"$375,000",2022-11-08,84.2
ANG MO KIO,5-ROOM,,24.0,2009,"$396,000",28/07/2018,
TAMPINES,4-ROOM,73.5,25.0,1994,"$360,000",2017-11-17,73.5
TAMPINES,4-ROOM,93.3,24.0,1998,"$522,000",09/02/2018,93.3
WOODLANDS,4-ROOM,84.3,24.0,2000,"$386,000",12/10/2018,84.3
GEYLANG,4-ROOM,104.9,5.0,1988,"$492,000",2021-08-15,104.9
TAMPINES,EXECUTIVE,76.7,2.0,1980,"$271,000",2018-04-14,76.7
BEDOK,3-ROOM,88.7,16.0,2009,"$427,000",17/08/2022,88.7
GEYLANG,4-ROOM,103.1,21.0,1979,"$428,000",2018-01-09,103.1
WOODLANDS,EXECUTIVE,96.1,9.0,2007,"$474,000",26/07/2023,96.1
BEDOK,3-ROOM,99.4,24.0,1980,"$486,000",2020-05-06,99.4
TAMPINES,4-ROOM,49.4,27.0,1986,"$254,000",15/02/2023,49.4
ANG MO KIO,5-ROOM,40.0,16.0,1975,"$192,000",2018-12-24,40.0
YISHUN,4-ROOM,80.5,14.0,1983,"$375,000",2020-08-23,80.5
BEDOK,4-ROOM,91.1,20.0,1979,"$453,000",2017-12-13,91.1
PUNGGOL,4-ROOM,63.4,20.0,2006,"$309,000",2020-01-22,63.4
PUNGGOL,3-ROOM,85.1,20.0,1989,"$364,000",2017-04-02,85.1
WOODLANDS,3-ROOM,72.1,4.0,1976,"$295,000",2020-10-11,72.1
HOUGANG,4-ROOM,81.6,2.0,1990,"$282,000",2023-11-07,81.6
ANG MO KIO,3-ROOM,116.8,2.0,1998,"$587,000",2017-02-09,116.8
BEDOK,EXECUTIVE,90.2,28.0,1975,"$387,000",17/01/2023,90.2
PUNGGOL,5-ROOM,104.9,1.0,1998,"$393,000",2022-04-17,104.9
YISHUN,EXECUTIVE,92.4,14.0,2009,"$390,000",2022-11-01,92.4
BEDOK,4-ROOM,130.9,26.0,1981,"$611,000",26/02/2018,130.9
JURONG WEST,4-ROOM,127.8,26.0,2002,"$604,000",2021-06-30,127.8
ANG MO KIO,3-ROOM,81.0,20.0,1993,"$390,000",2023-01-02,81.0
CLEMENTI,4-ROOM,97.4,7.0,2011,"$412,000",2018-05-19,97.4
TAMPINES,4-ROOM,65.9,8.0,1978,"$152,000",2018-02-05,65.9
HOUGANG,EXECUTIVE,118.4,9.0,1995,"$575,000",2020-10-02,118.4
TAMPINES,5-ROOM,55.4,21.0,1999,"$239,000",2023-04-19,55.4
YISHUN,4-ROOM,49.0,2.0,1975,"$150,000",2018-01-15,49.0
BEDOK,3-ROOM,70.6,8.0,2002,"$248,000",2018-09-12,70.6
JURONG WEST,5-ROOM,106.1,23.0,2007,"$509,000",25/11/2020,106.1
BEDOK,3-ROOM,92.6,11.0,2009,"$407,000",2020-01-08,92.6
JURONG WEST,EXECUTIVE,79.1,19.0,2008,"$364,000",12/08/2021,79.1
YISHUN,3-ROOM,69.6,10.0,2013,"$298,000",09/05/2023,69.6
PUNGGOL,4-ROOM,88.5,29.0,2010,"$499,000",03/04/2021,88.5
GEYLANG,5-ROOM,70.2,26.0,2012,"$350,000",2017-07-18,70.2
BEDOK,3-ROOM,120.5,28.0,2000,"$600,000",02/12/2018,120.5
WOODLANDS,4-ROOM,77.5,11.0,1992,"$335,000",2022-06-19,77.5
WOODLANDS,EXECUTIVE,,11.0,2011,"$409,000",10/11/2018,
WOODLANDS,5-ROOM,83.2,23.0,2000,"$418,000",04/08/2022,83.2
ANG MO KIO,4-ROOM,93.9,29.0,1999,"$462,000",05/06/2020,93.9
PUNGGOL,4-ROOM,83.2,6.0,1998,"$353,000",2023-08-15,83.2
TAMPINES,3-ROOM,103.6,5.0,2000,"$493,000",09/07/2020,103.6
JURONG WEST,5-ROOM,90.2,23.0,2005,"$498,000",17/12/2017,90.2
PUNGGOL,5-ROOM,111.8,2.0,1986,"$394,000",09/02/2021,111.8
BEDOK,5-ROOM,106.3,20.0,2010,"$535,000",2020-08-02,106.3
BEDOK,4-ROOM,133.9,21.0,2007,"$603,000",16/09/2023,133.9
YISHUN,4-ROOM,110.1,2.0,1990,"$377,000",02/05/2018,110.1
PUNGGOL,5-ROOM,68.4,14.0,2004,"$315,000",2017-04-15,68.4
HOUGANG,4-ROOM,84.9,29.0,2003,"$454,000",08/07/2021,84.9
PUNGGOL,4-ROOM,95.5,5.0,1996,"$397,000",01/10/2017,95.5
BEDOK,4-ROOM,104.2,11.0,2007,"$459,000",2019-06-20,104.2
TAMPINES,4-ROOM,106.0,22.0,1982,"$479,000",2017-10-12,106.0
TAMPINES,5-ROOM,142.7,25.0,1992,"$675,000",2022-06-21,142.7
ANG MO KIO,5-ROOM,83.7,17.0,2011,"$402,000",19/10/2019,83.7
BEDOK,5-ROOM,135.8,3.0,1978,"$553,000",2021-10-19,135.8
BEDOK,3-ROOM,120.8,29.0,1978,"$525,000",01/07/2021,120.8
WOODLANDS,3-ROOM,96.2,4.0,1981,"$417,000",2021-06-24,96.2
WOODLANDS,5-ROOM,87.7,25.0,1999,"$466,000",2020-09-17,87.7
GEYLANG,5-ROOM,91.1,5.0,1989,"$460,000",14/03/2023,91.1
PUNGGOL,5-ROOM,83.0,1.0,1992,"$352,000",03/08/2023,83.0
YISHUN,4-ROOM,100.8,15.0,1982,"$436,000",09/06/2017,100.8
PUNGGOL,EXECUTIVE,135.8,13.0,1986,"$634,000",10/10/2017,135.8
TAMPINES,4-ROOM,119.0,6.0,1977,"$477,000",25/10/2018,119.0
PUNGGOL,4-ROOM,88.9,18.0,2009,"$456,000",2017-08-30,88.9
TAMPINES,4-ROOM,82.1,25.0,1996,"$442,000",2018-10-27,82.1
BEDOK,4-ROOM,105.2,25.0,1979,"$502,000",2020-03-04,105.2
TAMPINES,5-ROOM,88.0,9.0,2011,"$437,000",2021-05-22,88.0
PUNGGOL,3-ROOM,81.1,3.0,1995,"$384,000",14/03/2017,81.1
BEDOK,5-ROOM,145.7,14.0,1997,"$594,000",2018-03-17,145.7
CLEMENTI,4-ROOM,103.9,22.0,1995,"$534,000",2019-12-01,103.9
BEDOK,5-ROOM,102.1,25.0,1998,"$506,000",13/06/2018,102.1
YISHUN,3-ROOM,120.5,19.0,2013,"$616,000",12/03/2022,120.5
ANG MO KIO,4-ROOM,113.1,27.0,2006,"$590,000",08/06/2022,113.1
HOUGANG,EXECUTIVE,101.2,23.0,1987,"$554,000",2019-11-16,101.2
JURONG WEST,3-ROOM,138.4,14.0,1981,"$565,000",2017-04-25,138.4
CLEMENTI,3-ROOM,130.8,6.0,1994,"$576,000",25/06/2021,130.8
YISHUN,3-ROOM,110.5,25.0,2014,"$565,000",10/05/2023,110.5
CLEMENTI,5-ROOM,84.8,7.0,1978,"$379,000",2021-05-02,84.8
TAMPINES,5-ROOM,54.6,8.0,2000,"$261,000",10/10/2020,54.6
BEDOK,EXECUTIVE,133.6,13.0,2008,"$624,000",2023-11-01,133.6
GEYLANG,4-ROOM,112.3,10.0,2007,"$473,000",2019-10-10,112.3
HOUGANG,4-ROOM,92.8,22.0,1980,"$441,000",2021-10-10,92.8
BEDOK,5-ROOM,75.5,3.0,2002,"$318,000",2023-04-12,75.5
PUNGGOL,5-ROOM,95.1,15.0,2003,"$449,000",21/09/2020,95.1
BEDOK,4-ROOM,76.0,19.0,1991,"$323,000",2021-12-17,76.0
PUNGGOL,3-ROOM,65.5,29.0,1998,"$349,000",12/09/2023,65.5
WOODLANDS,4-ROOM,,16.0,1979,"$500,000",08/07/2019,
CLEMENTI,5-ROOM,102.7,3.0,1986,"$395,000",10/08/2020,102.7
TAMPINES,5-ROOM,106.0,7.0,1989,"$425,000",06/04/2018,106.0
PUNGGOL,5-ROOM,73.3,6.0,2014,"$332,000",19/02/2020,73.3
GEYLANG,4-ROOM,98.1,14.0,1998,"$413,000",27/03/2017,98.1
JURONG WEST,4-ROOM,80.1,28.0,1996,"$453,000",18/06/2023,80.1
JURONG WEST,5-ROOM,112.9,7.0,2012,"$547,000",2018-06-21,112.9
ANG MO KIO,5-ROOM,70.2,23.0,1985,"$349,000",2018-08-26,70.2
HOUGANG,4-ROOM,59.4,10.0,2004,"$275,000",26/01/2020,59.4
TAMPINES,4-ROOM,74.5,1.0,1995,"$369,000",2022-02-17,74.5
ANG MO KIO,4-ROOM,107.7,15.0,2014,"$538,000",17/01/2023,107.7
BEDOK,3-ROOM,65.0,29.0,1981,"$235,000",2019-05-29,65.0
YISHUN,5-ROOM,51.7,7.0,2000,"$150,000",22/04/2020,51.7
HOUGANG,4-ROOM,44.6,24.0,2006,"$299,000",16/02/2021,44.6
YISHUN,EXECUTIVE,124.7,27.0,1982,"$634,000",18/03/2019,124.7
PUNGGOL,3-ROOM,80.0,15.0,2008,"$431,000",30/04/2022,80.0
JURONG WEST,4-ROOM,92.2,18.0,2003,"$438,000",2020-03-10,92.2
GEYLANG,3-ROOM,85.0,2.0,2008,"$377,000",17/06/2022,85.0
BEDOK,5-ROOM,104.6,7.0,2004,"$425,000",06/01/2020,104.6
HOUGANG,3-ROOM,88.4,13.0,1984,"$365,000",18/05/2021,88.4
JURONG WEST,EXECUTIVE,85.5,20.0,2009,"$383,000",28/01/2019,85.5
JURONG WEST,3-ROOM,84.8,6.0,1993,"$353,000",2021-07-08,84.8
BEDOK,4-ROOM,158.8,2.0,1982,"$550,000",20/12/2023,158.8
HOUGANG,EXECUTIVE,45.1,24.0,1987,"$214,000",22/05/2017,45.1
TAMPINES,5-ROOM,100.2,27.0,1997,"$502,000",25/11/2017,100.2
CLEMENTI,3-ROOM,113.3,25.0,1978,"$568,000",2021-06-27,113.3
YISHUN,4-ROOM,112.6,28.0,1980,"$559,000",2018-07-22,112.6
BEDOK,3-ROOM,53.8,20.0,2011,"$339,000",07/03/2021,53.8
BEDOK,3-ROOM,90.5,9.0,2014,"$439,000",2017-03-07,90.5
HOUGANG,EXECUTIVE,105.2,12.0,1993,"$499,000",2020-05-17,105.2
HOUGANG,3-ROOM,91.0,29.0,1981,"$389,000",13/06/2020,91.0
WOODLANDS,EXECUTIVE,103.7,17.0,1982,"$491,000",2019-02-22,103.7
GEYLANG,4-ROOM,75.1,28.0,2008,"$456,000",21/12/2021,75.1
CLEMENTI,4-ROOM,104.7,11.0,2007,"$522,000",2018-09-30,104.7
JURONG WEST,4-ROOM,105.2,21.0,1995,"$546,000",2018-09-20,105.2
WOODLANDS,3-ROOM,101.6,21.0,1982,"$450,000",15/10/2017,101.6
HOUGANG,5-ROOM,76.4,15.0,1978,"$297,000",2020-02-09,76.4
GEYLANG,5-ROOM,87.2,25.0,1977,"$468,000",2017-09-11,87.2
TAMPINES,4-ROOM,68.7,19.0,1999,"$350,000",2017-09-17,68.7
WOODLANDS,5-ROOM,65.3,29.0,1978,"$327,000",10/12/2019,65.3
WOODLANDS,3-ROOM,109.0,8.0,1991,"$458,000",07/08/2022,109.0
ANG MO KIO,4-ROOM,91.2,27.0,1992,"$407,000",24/12/2023,91.2
WOODLANDS,EXECUTIVE,97.9,3.0,2012,"$429,000",29/08/2022,97.9
CLEMENTI,5-ROOM,78.3,18.0,1985,"$379,000",2020-01-23,78.3
TAMPINES,3-ROOM,89.9,24.0,1990,"$446,000",2023-01-19,89.9
CLEMENTI,5-ROOM,128.4,5.0,2001,"$539,000",21/03/2017,128.4
YISHUN,4-ROOM,82.9,23.0,1979,"$330,000",08/03/2020,82.9
BEDOK,3-ROOM,110.0,2.0,1975,"$431,000",2017-10-16,110.0
GEYLANG,3-ROOM,84.4,17.0,1983,"$340,000",25/11/2021,84.4
PUNGGOL,3-ROOM,110.4,4.0,1999,"$469,000",2020-01-02,110.4
TAMPINES,4-ROOM,102.7,6.0,1997,"$414,000",05/09/2021,102.7
BEDOK,5-ROOM,87.1,18.0,1982,"$393,000",11/09/2022,87.1
GEYLANG,4-ROOM,92.2,28.0,1977,"$519,000",2019-05-09,92.2
WOODLANDS,4-ROOM,68.7,11.0,1977,"$349,000",2017-07-29,68.7
PUNGGOL,3-ROOM,99.5,28.0,1977,"$385,000",26/05/2020,99.5
YISHUN,3-ROOM,84.4,26.0,1986,"$430,000",21/11/2017,84.4
ANG MO KIO,3-ROOM,85.5,19.0,2006,"$447,000",01/02/2018,85.5
WOODLANDS,3-ROOM,132.4,8.0,2007,"$575,000",14/05/2023,132.4
CLEMENTI,4-ROOM,121.2,9.0,2010,"$462,000",15/01/2023,121.2
GEYLANG,5-ROOM,109.0,4.0,1981,"$466,000",2019-08-22,109.0
PUNGGOL,5-ROOM,87.6,11.0,2007,"$427,000",2019-07-09,87.6
HOUGANG,4-ROOM,83.9,28.0,1986,"$428,000",2017-03-02,83.9
YISHUN,4-ROOM,94.6,13.0,2002,"$451,000",09/01/2019,94.6
YISHUN,4-ROOM,79.5,19.0,2003,"$398,000",06/01/2019,79.5
YISHUN,3-ROOM,57.5,23.0,2002,"$247,000",27/08/2019,57.5
WOODLANDS,4-ROOM,92.4,26.0,1985,"$459,000",01/11/2018,92.4
CLEMENTI,4-ROOM,160.1,29.0,1978,"$748,000",2017-03-01,160.1
YISHUN,5-ROOM,96.4,1.0,2011,"$469,000",17/12/2018,96.4
CLEMENTI,5-ROOM,101.0,17.0,1995,"$453,000",2019-09-03,101.0
HOUGANG,5-ROOM,112.1,8.0,1975,"$481,000",2018-03-23,112.1
JURONG WEST,3-ROOM,75.2,25.0,1979,"$305,000",2019-04-30,75.2
PUNGGOL,5-ROOM,54.6,12.0,1980,"$170,000",2021-07-01,54.6
YISHUN,5-ROOM,61.3,4.0,1984,"$201,000",2018-08-30,61.3
PUNGGOL,4-ROOM,79.9,2.0,2006,"$384,000",2021-09-08,79.9
ANG MO KIO,EXECUTIVE,82.3,9.0,1986,"$294,000",05/01/2017,82.3
HOUGANG,4-ROOM,40.0,7.0,1999,"$150,000",2018-07-26,40.0
WOODLANDS,4-ROOM,78.5,20.0,1995,"$336,000",2017-08-10,78.5
CLEMENTI,3-ROOM,89.9,12.0,1997,"$419,000",2018-06-21,89.9
TAMPINES,3-ROOM,122.5,28.0,2011,"$631,000",2020-12-24,122.5
GEYLANG,3-ROOM,92.2,28.0,1977,"$473,000",2019-03-08,92.2
GEYLANG,4-ROOM,92.7,15.0,1997,"$436,000",17/06/2021,92.7
CLEMENTI,4-ROOM,83.8,13.0,2001,"$309,000",27/12/2023,83.8
GEYLANG,4-ROOM,82.5,6.0,1990,"$394,000",2017-07-15,82.5
JURONG WEST,3-ROOM,79.9,18.0,1977,"$368,000",2019-07-10,79.9
JURONG WEST,5-ROOM,78.9,2.0,1977,"$368,000",2019-12-05,78.9
ANG MO KIO,4-ROOM,92.2,28.0,2009,"$507,000",2018-12-01,92.2
GEYLANG,3-ROOM,107.5,1.0,2005,"$496,000",30/08/2017,107.5
WOODLANDS,4-ROOM,105.5,14.0,1986,"$498,000",2022-07-12,105.5
YISHUN,EXECUTIVE,112.7,9.0,1990,"$455,000",2018-08-01,112.7
PUNGGOL,5-ROOM,,11.0,1999,"$364,000",17/05/2023,
BEDOK,3-ROOM,138.2,29.0,1984,"$691,000",09/11/2020,138.2
WOODLANDS,3-ROOM,123.0,9.0,1996,"$549,000",2023-12-04,123.0
PUNGGOL,3-ROOM,118.6,10.0,1981,"$508,000",28/09/2021,118.6
YISHUN,5-ROOM,70.2,3.0,1986,"$320,000",18/01/2022,70.2
YISHUN,3-ROOM,82.0,7.0,1978,"$340,000",2018-11-15,82.0
WOODLANDS,4-ROOM,95.6,24.0,1979,"$392,000",05/01/2018,95.6
ANG MO KIO,3-ROOM,103.8,4.0,1982,"$389,000",2018-05-21,103.8
WOODLANDS,5-ROOM,95.8,22.0,1976,"$408,000",03/09/2022,95.8
BEDOK,3-ROOM,72.1,8.0,2005,"$306,000",2023-08-03,72.1
WOODLANDS,4-ROOM,95.4,19.0,1983,"$367,000",2019-03-10,95.4
GEYLANG,3-ROOM,102.6,6.0,1989,"$462,000",2023-09-19,102.6
YISHUN,EXECUTIVE,109.7,22.0,2012,"$521,000",20/06/2017,109.7
YISHUN,5-ROOM,88.9,17.0,2005,"$456,000",04/11/2021,88.9
BEDOK,EXECUTIVE,149.6,20.0,1984,"$649,000",2020-10-19,149.6
WOODLANDS,4-ROOM,90.2,21.0,2000,"$405,000",2019-10-24,90.2
WOODLANDS,4-ROOM,91.3,12.0,1985,"$387,000",2021-07-08,91.3
CLEMENTI,3-ROOM,103.8,5.0,2001,"$369,000",2020-12-27,103.8
BEDOK,4-ROOM,126.5,21.0,1988,"$626,000",2017-07-07,126.5
CLEMENTI,4-ROOM,125.4,11.0,1978,"$567,000",2022-10-09,125.4
GEYLANG,EXECUTIVE,93.7,1.0,1992,"$357,000",25/09/2020,93.7
JURONG WEST,3-ROOM,73.8,3.0,1997,"$265,000",26/02/2019,73.8
HOUGANG,3-ROOM,107.6,15.0,1999,"$445,000",2021-06-25,107.6
YISHUN,EXECUTIVE,83.0,21.0,2012,"$395,000",2018-08-08,83.0
TAMPINES,3-ROOM,79.0,12.0,2011,"$383,000",25/09/2021,79.0
TAMPINES,4-ROOM,120.3,24.0,2002,"$620,000",20/03/2023,120.3
PUNGGOL,5-ROOM,60.6,21.0,1997,"$323,000",27/11/2020,60.6
PUNGGOL,5-ROOM,85.9,9.0,2013,"$387,000",2019-09-18,85.9
TAMPINES,3-ROOM,128.9,1.0,1998,"$587,000",31/03/2023,128.9
BEDOK,5-ROOM,57.3,26.0,1992,"$250,000",2022-12-03,57.3
CLEMENTI,5-ROOM,111.1,13.0,2000,"$546,000",2022-01-19,111.1
JURONG WEST,3-ROOM,96.8,11.0,1999,"$459,000",2021-04-28,96.8
HOUGANG,5-ROOM,90.8,10.0,1977,"$350,000",29/04/2021,90.8
TAMPINES,EXECUTIVE,95.2,6.0,1985,"$414,000",2022-03-14,95.2
ANG MO KIO,3-ROOM,95.0,19.0,1982,"$407,000",10/04/2020,95.0
YISHUN,3-ROOM,84.6,13.0,2010,"$330,000",2017-08-05,84.6
PUNGGOL,5-ROOM,103.8,16.0,2003,"$494,000",31/03/2019,103.8
JURONG WEST,EXECUTIVE,87.8,7.0,1992,"$400,000",03/02/2017,87.8
JURONG WEST,4-ROOM,101.0,14.0,1982,"$446,000",2019-03-10,101.0
WOODLANDS,4-ROOM,107.2,28.0,1987,"$504,000",2018-11-12,107.2
TAMPINES,3-ROOM,65.3,18.0,1993,"$295,000",2019-01-05,65.3
YISHUN,4-ROOM,124.9,13.0,2014,"$551,000",2022-08-08,124.9
JURONG WEST,4-ROOM,91.1,25.0,2010,"$430,000",15/07/2020,91.1
TAMPINES,4-ROOM,115.7,29.0,2014,"$549,000",2018-09-28,115.7
BEDOK,5-ROOM,130.3,11.0,1992,"$622,000",04/03/2021,130.3
CLEMENTI,3-ROOM,60.5,2.0,1993,"$251,000",16/12/2018,60.5
WOODLANDS,4-ROOM,101.0,16.0,1992,"$444,000",29/03/2020,101.0
BEDOK,EXECUTIVE,95.2,7.0,1991,"$391,000",10/12/2017,95.2
GEYLANG,EXECUTIVE,73.2,11.0,1992,"$293,000",21/12/2022,73.2
WOODLANDS,4-ROOM,76.4,17.0,2002,"$377,000",2017-01-16,76.4
WOODLANDS,EXECUTIVE,75.7,2.0,1995,"$266,000",09/03/2022,75.7
GEYLANG,3-ROOM,119.5,21.0,1992,"$649,000",25/11/2022,119.5
BEDOK,5-ROOM,80.9,14.0,1983,"$298,000",30/09/2018,80.9
CLEMENTI,4-ROOM,88.7,5.0,2011,"$343,000",2022-09-19,88.7
PUNGGOL,5-ROOM,58.4,5.0,1989,"$193,000",22/05/2017,58.4
JURONG WEST,5-ROOM,75.8,24.0,1978,"$330,000",19/12/2017,75.8
CLEMENTI,3-ROOM,,15.0,1982,"$497,000",2022-04-30,
HOUGANG,4-ROOM,121.4,29.0,1982,"$525,000",2019-11-22,121.4
WOODLANDS,4-ROOM,95.6,4.0,1999,"$355,000",2023-10-05,95.6
CLEMENTI,5-ROOM,113.3,16.0,1988,"$460,000",05/01/2019,113.3
BEDOK,5-ROOM,,29.0,1987,"$427,000",24/11/2019,
HOUGANG,3-ROOM,77.5,19.0,2009,"$394,000",13/10/2017,77.5
YISHUN,3-ROOM,75.8,12.0,1992,"$237,000",2022-07-17,75.8
GEYLANG,5-ROOM,91.5,25.0,2012,"$483,000",25/12/2018,91.5
WOODLANDS,4-ROOM,67.6,23.0,1995,"$284,000",08/06/2019,67.6
WOODLANDS,5-ROOM,91.2,9.0,2012,"$376,000",2022-01-22,91.2
CLEMENTI,3-ROOM,94.8,26.0,1995,"$503,000",20/10/2022,94.8
WOODLANDS,4-ROOM,78.5,3.0,1994,"$356,000",26/07/2020,78.5
ANG MO KIO,4-ROOM,136.4,18.0,1984,"$623,000",2021-08-13,136.4
JURONG WEST,3-ROOM,135.5,7.0,1988,"$553,000",2019-02-18,135.5
WOODLANDS,4-ROOM,91.8,2.0,1976,"$436,000",2022-08-18,91.8
WOODLANDS,5-ROOM,56.5,6.0,1987,"$203,000",27/06/2023,56.5
CLEMENTI,4-ROOM,104.2,29.0,1999,"$527,000",21/11/2021,104.2
GEYLANG,5-ROOM,83.2,17.0,1986,"$347,000",2023-10-08,83.2
WOODLANDS,3-ROOM,95.2,14.0,1990,"$411,000",17/04/2020,95.2
WOODLANDS,5-ROOM,70.9,20.0,1990,"$293,000",2022-07-16,70.9
TAMPINES,4-ROOM,93.8,23.0,2011,"$470,000",2019-11-12,93.8
WOODLANDS,4-ROOM,82.4,18.0,1992,"$396,000",2020-08-05,82.4
WOODLANDS,5-ROOM,113.5,22.0,1988,"$452,000",10/12/2022,113.5
TAMPINES,4-ROOM,96.7,2.0,1991,"$377,000",2023-01-20,96.7
BEDOK,3-ROOM,111.5,23.0,1994,"$478,000",03/02/2021,111.5
BEDOK,4-ROOM,116.9,5.0,2012,"$455,000",2020-11-30,116.9
GEYLANG,3-ROOM,72.3,11.0,1975,"$279,000",2019-11-06,72.3
WOODLANDS,4-ROOM,122.5,11.0,2002,"$533,000",2020-11-18,122.5
YISHUN,4-ROOM,111.2,27.0,2004,"$604,000",01/06/2018,111.2
WOODLANDS,4-ROOM,118.3,27.0,1997,"$562,000",2023-10-14,118.3
BEDOK,4-ROOM,86.8,23.0,1987,"$343,000",19/05/2022,86.8
BEDOK,5-ROOM,51.7,3.0,1994,"$286,000",24/02/2023,51.7
TAMPINES,4-ROOM,117.5,11.0,2002,"$558,000",2019-04-05,117.5
TAMPINES,4-ROOM,90.7,14.0,2003,"$421,000",2023-09-02,90.7
JURONG WEST,4-ROOM,143.9,19.0,1981,"$560,000",2022-10-02,143.9
HOUGANG,4-ROOM,57.4,22.0,2000,"$308,000",21/01/2021,57.4
TAMPINES,4-ROOM,92.5,2.0,1991,"$321,000",2021-07-19,92.5
PUNGGOL,EXECUTIVE,97.1,19.0,1992,"$468,000",29/03/2019,97.1
TAMPINES,3-ROOM,133.4,24.0,1978,"$625,000",2023-05-15,133.4
YISHUN,3-ROOM,129.1,20.0,2009,"$585,000",2023-08-12,129.1
HOUGANG,5-ROOM,40.0,19.0,2007,"$150,000",2021-03-22,40.0
PUNGGOL,3-ROOM,153.9,28.0,2012,"$774,000",02/10/2020,153.9
YISHUN,3-ROOM,131.5,28.0,1978,"$548,000",2019-04-08,131.5
BEDOK,EXECUTIVE,51.7,3.0,1986,"$150,000",2021-11-15,51.7
BEDOK,5-ROOM,68.1,2.0,1987,"$278,000",2020-11-06,68.1
WOODLANDS,3-ROOM,92.2,14.0,1994,"$475,000",02/05/2019,92.2
WOODLANDS,5-ROOM,64.8,21.0,2013,"$316,000",2022-12-29,64.8
WOODLANDS,3-ROOM,116.7,12.0,2008,"$494,000",24/08/2020,116.7
JURONG WEST,3-ROOM,81.2,27.0,2001,"$392,000",25/09/2019,81.2
JURONG WEST,3-ROOM,79.6,10.0,1979,"$241,000",2022-02-03,79.6
YISHUN,4-ROOM,98.3,20.0,2014,"$492,000",2021-11-04,98.3
BEDOK,3-ROOM,82.7,6.0,2003,"$340,000",18/08/2022,82.7
ANG MO KIO,5-ROOM,99.4,16.0,1999,"$450,000",27/03/2022,99.4
HOUGANG,3-ROOM,56.5,2.0,1982,"$184,000",18/02/2022,56.5
GEYLANG,EXECUTIVE,109.0,13.0,1996,"$462,000",05/06/2020,109.0
ANG MO KIO,3-ROOM,141.9,25.0,1998,"$715,000",2023-09-01,141.9
JURONG WEST,3-ROOM,129.4,26.0,2004,"$563,000",06/01/2022,129.4
GEYLANG,3-ROOM,116.3,6.0,2007,"$523,000",2020-12-18,116.3
HOUGANG,3-ROOM,90.5,16.0,2010,"$475,000",2018-08-25,90.5
BEDOK,5-ROOM,58.8,6.0,1989,"$283,000",25/04/2019,58.8
CLEMENTI,EXECUTIVE,117.7,4.0,1989,"$429,000",2017-07-19,117.7
YISHUN,3-ROOM,113.1,21.0,1980,"$502,000",2021-01-19,113.1
HOUGANG,4-ROOM,106.6,29.0,1981,"$519,000",04/10/2022,106.6
PUNGGOL,4-ROOM,61.2,25.0,1983,"$256,000",02/07/2023,61.2
WOODLANDS,4-ROOM,97.2,6.0,1986,"$399,000",2017-09-18,97.2
YISHUN,3-ROOM,73.8,13.0,1996,"$384,000",2020-05-21,73.8
ANG MO KIO,5-ROOM,132.7,1.0,1991,"$567,000",17/08/2017,132.7
CLEMENTI,5-ROOM,143.0,23.0,1985,"$605,000",09/02/2017,143.0
YISHUN,4-ROOM,116.7,20.0,1978,"$460,000",10/12/2023,116.7
ANG MO KIO,EXECUTIVE,87.9,21.0,1985,"$427,000",2020-06-21,87.9
YISHUN,3-ROOM,71.2,18.0,2004,"$332,000",25/09/2019,71.2
GEYLANG,4-ROOM,82.9,22.0,1990,"$441,000",08/12/2019,82.9
CLEMENTI,5-ROOM,76.2,27.0,1989,"$429,000",2021-12-02,76.2
TAMPINES,3-ROOM,56.7,18.0,1991,"$329,000",25/09/2018,56.7
HOUGANG,4-ROOM,65.1,19.0,1996,"$332,000",26/10/2020,65.1
HOUGANG,4-ROOM,51.2,17.0,1997,"$214,000",2021-02-11,51.2
TAMPINES,3-ROOM,97.6,8.0,1985,"$360,000",2019-05-23,97.6
HOUGANG,3-ROOM,113.7,4.0,1978,"$490,000",05/06/2022,113.7
ANG MO KIO,EXECUTIVE,80.6,7.0,1977,"$321,000",2017-07-22,80.6
HOUGANG,4-ROOM,61.2,8.0,1987,"$240,000",2017-05-20,61.2
JURONG WEST,4-ROOM,99.3,10.0,1984,"$444,000",24/04/2022,99.3
CLEMENTI,3-ROOM,110.0,18.0,1995,"$558,000",27/02/2019,110.0
ANG MO KIO,4-ROOM,77.0,12.0,1978,"$401,000",27/03/2017,77.0
TAMPINES,EXECUTIVE,78.5,19.0,1979,"$356,000",20/05/2021,78.5
PUNGGOL,4-ROOM,74.3,13.0,1989,"$298,000",2021-10-01,74.3
TAMPINES,5-ROOM,100.4,25.0,2011,"$545,000",2021-09-16,100.4
WOODLANDS,EXECUTIVE,40.9,11.0,1984,"$181,000",28/07/2021,40.9
ANG MO KIO,4-ROOM,119.4,22.0,1975,"$492,000",2017-12-08,119.4
ANG MO KIO,3-ROOM,110.6,15.0,2012,"$537,000",03/12/2020,110.6
GEYLANG,4-ROOM,99.0,5.0,1999,"$432,000",2019-02-27,99.0
YISHUN,3-ROOM,127.4,29.0,2000,"$623,000",16/11/2021,127.4
TAMPINES,3-ROOM,98.3,16.0,1978,"$466,000",12/01/2022,98.3
PUNGGOL,3-ROOM,101.0,17.0,1991,"$462,000",22/08/2017,101.0
GEYLANG,4-ROOM,70.3,6.0,2005,"$283,000",2022-05-27,70.3
BEDOK,5-ROOM,64.0,25.0,2013,"$327,000",2023-03-13,64.0
GEYLANG,4-ROOM,56.5,9.0,1993,"$240,000",25/10/2020,56.5
PUNGGOL,5-ROOM,108.6,2.0,1990,"$430,000",27/06/2022,108.6
GEYLANG,5-ROOM,80.2,11.0,2006,"$445,000",05/07/2023,80.2
HOUGANG,5-ROOM,143.7,19.0,1979,"$689,000",2021-10-24,143.7
HOUGANG,3-ROOM,76.7,12.0,1992,"$282,000",2017-06-07,76.7
TAMPINES,3-ROOM,104.0,20.0,1995,"$457,000",2019-02-13,104.0
PUNGGOL,4-ROOM,99.8,8.0,2009,"$475,000",2021-03-09,99.8
BEDOK,4-ROOM,88.5,21.0,2010,"$475,000",01/04/2017,88.5
GEYLANG,3-ROOM,90.5,21.0,1986,"$406,000",2021-11-19,90.5
TAMPINES,3-ROOM,123.2,13.0,1986,"$515,000",18/04/2021,123.2
CLEMENTI,EXECUTIVE,115.5,24.0,2001,"$609,000",22/07/2018,115.5
GEYLANG,4-ROOM,107.2,24.0,1992,"$544,000",2021-03-17,107.2
WOODLANDS,5-ROOM,95.8,2.0,2000,"$429,000",17/10/2023,95.8
CLEMENTI,4-ROOM,76.9,25.0,1987,"$361,000",2022-08-16,76.9
PUNGGOL,EXECUTIVE,101.8,23.0,1992,"$461,000",08/03/2020,101.8
YISHUN,3-ROOM,76.6,19.0,1979,"$345,000",2020-12-25,76.6
GEYLANG,4-ROOM,77.7,18.0,1998,"$344,000",2021-10-19,77.7
JURONG WEST,5-ROOM,99.6,17.0,2012,"$507,000",08/09/2022,99.6
PUNGGOL,4-ROOM,76.0,23.0,2007,"$405,000",2021-01-02,76.0
JURONG WEST,3-ROOM,103.6,27.0,1986,"$543,000",01/06/2018,103.6
YISHUN,4-ROOM,87.1,8.0,1999,"$350,000",18/05/2020,87.1
TAMPINES,5-ROOM,95.1,2.0,1998,"$377,000",15/09/2021,95.1
GEYLANG,4-ROOM,113.5,15.0,1976,"$468,000",2018-04-22,113.5
GEYLANG,4-ROOM,48.2,23.0,2012,"$267,000",2022-08-21,48.2
WOODLANDS,4-ROOM,142.5,18.0,2008,"$726,000",23/03/2022,142.5
HOUGANG,4-ROOM,,23.0,1984,"$505,000",2022-10-23,
ANG MO KIO,EXECUTIVE,82.0,18.0,2004,"$418,000",2020-10-15,82.0
GEYLANG,EXECUTIVE,106.4,27.0,2002,"$539,000",20/11/2017,106.4
JURONG WEST,5-ROOM,53.8,21.0,2007,"$237,000",2020-11-16,53.8
HOUGANG,5-ROOM,86.1,29.0,1989,"$442,000",2018-04-07,86.1
JURONG WEST,3-ROOM,53.7,17.0,1978,"$324,000",24/01/2021,53.7
YISHUN,5-ROOM,118.8,14.0,1985,"$595,000",16/08/2023,118.8
GEYLANG,3-ROOM,103.2,24.0,1986,"$532,000",26/03/2023,103.2
GEYLANG,3-ROOM,117.3,4.0,1985,"$579,000",22/03/2023,117.3
JURONG WEST,3-ROOM,73.7,5.0,1999,"$302,000",2023-09-25,73.7
BEDOK,4-ROOM,78.1,5.0,2013,"$359,000",2023-05-29,78.1
TAMPINES,4-ROOM,137.7,8.0,1998,"$615,000",10/04/2022,137.7
WOODLANDS,3-ROOM,73.9,29.0,1979,"$259,000",28/05/2018,73.9
HOUGANG,EXECUTIVE,104.5,4.0,1996,"$449,000",2022-04-26,104.5
GEYLANG,4-ROOM,82.2,17.0,1982,"$387,000",2019-05-27,82.2
GEYLANG,4-ROOM,,1.0,1975,"$331,000",2019-10-22,
ANG MO KIO,EXECUTIVE,88.0,12.0,2014,"$434,000",2019-08-14,88.0
JURONG WEST,3-ROOM,69.3,7.0,1992,"$331,000",2022-07-24,69.3
ANG MO KIO,3-ROOM,100.8,18.0,2001,"$446,000",2019-09-16,100.8
JURONG WEST,3-ROOM,58.9,11.0,1982,"$257,000",10/03/2019,58.9
CLEMENTI,4-ROOM,95.1,25.0,1987,"$369,000",07/07/2019,95.1
ANG MO KIO,5-ROOM,92.2,16.0,2000,"$431,000",17/08/2020,92.2
YISHUN,3-ROOM,88.3,17.0,2000,"$462,000",2020-12-04,88.3
PUNGGOL,4-ROOM,94.9,24.0,1975,"$415,000",2022-12-10,94.9
BEDOK,EXECUTIVE,96.5,24.0,1979,"$432,000",13/04/2019,96.5
CLEMENTI,4-ROOM,107.3,21.0,2005,"$519,000",23/06/2020,107.3
CLEMENTI,4-ROOM,98.5,26.0,1987,"$451,000",08/03/2019,98.5
JURONG WEST,3-ROOM,112.5,11.0,1993,"$489,000",16/12/2020,112.5
JURONG WEST,4-ROOM,86.4,13.0,1986,"$325,000",11/09/2021,86.4
JURONG WEST,5-ROOM,101.9,4.0,2014,"$448,000",07/10/2023,101.9
HOUGANG,3-ROOM,88.6,8.0,2014,"$394,000",14/09/2022,88.6
WOODLANDS,4-ROOM,121.4,4.0,1990,"$452,000",02/05/2022,121.4
YISHUN,4-ROOM,89.6,26.0,2014,"$495,000",2020-09-12,89.6
GEYLANG,4-ROOM,65.4,9.0,2008,"$273,000",2023-03-10,65.4
JURONG WEST,4-ROOM,96.6,29.0,2013,"$560,000",21/03/2018,96.6
PUNGGOL,5-ROOM,76.4,27.0,1998,"$342,000",2019-10-08,76.4
TAMPINES,3-ROOM,88.9,5.0,1990,"$337,000",29/01/2020,88.9
GEYLANG,5-ROOM,98.8,6.0,1977,"$404,000",21/05/2021,98.8
YISHUN,EXECUTIVE,90.3,27.0,2014,"$471,000",2021-06-15,90.3
CLEMENTI,4-ROOM,70.9,28.0,2008,"$359,000",2022-08-19,70.9
TAMPINES,EXECUTIVE,120.6,25.0,2008,"$614,000",2018-05-13,120.6
HOUGANG,3-ROOM,65.4,17.0,1975,"$307,000",31/12/2019,65.4
JURONG WEST,4-ROOM,95.3,13.0,2007,"$509,000",27/08/2022,95.3
TAMPINES,4-ROOM,105.0,19.0,1998,"$509,000",2019-01-29,105.0
BEDOK,3-ROOM,83.5,1.0,1987,"$346,000",22/04/2023,83.5
CLEMENTI,5-ROOM,95.0,16.0,2007,"$470,000",24/12/2019,95.0
JURONG WEST,3-ROOM,112.3,4.0,1996,"$427,000",19/12/2017,112.3
GEYLANG,4-ROOM,86.6,6.0,1989,"$354,000",2020-04-22,86.6
GEYLANG,4-ROOM,86.8,9.0,1978,"$370,000",07/11/2019,86.8
TAMPINES,5-ROOM,102.6,6.0,2002,"$409,000",30/01/2019,102.6
WOODLANDS,4-ROOM,91.4,16.0,1994,"$443,000",2019-05-11,91.4
TAMPINES,3-ROOM,109.5,26.0,1996,"$535,000",2023-03-09,109.5
YISHUN,4-ROOM,107.4,7.0,1979,"$444,000",08/11/2019,107.4
BEDOK,3-ROOM,99.6,20.0,2007,"$508,000",2018-11-09,99.6
ANG MO KIO,5-ROOM,97.1,13.0,2007,"$429,000",2017-10-29,97.1
BEDOK,3-ROOM,105.9,5.0,1985,"$472,000",21/07/2019,105.9
HOUGANG,4-ROOM,91.0,1.0,1994,"$427,000",17/03/2020,91.0
YISHUN,5-ROOM,128.0,16.0,1975,"$536,000",19/03/2022,128.0
YISHUN,4-ROOM,114.2,4.0,1990,"$463,000",2017-02-25,114.2
JURONG WEST,EXECUTIVE,81.6,28.0,1984,"$340,000",2019-04-16,81.6
CLEMENTI,EXECUTIVE,88.4,18.0,1991,"$406,000",22/10/2023,88.4
GEYLANG,5-ROOM,117.0,12.0,1997,"$521,000",29/06/2019,117.0
GEYLANG,5-ROOM,74.5,14.0,1975,"$263,000",2017-07-16,74.5
TAMPINES,3-ROOM,116.9,6.0,1997,"$465,000",01/08/2020,116.9
JURONG WEST,4-ROOM,82.2,17.0,2013,"$359,000",2022-05-05,82.2
GEYLANG,4-ROOM,106.9,12.0,2001,"$457,000",14/08/2018,106.9
JURONG WEST,5-ROOM,86.4,17.0,2014,"$452,000",2020-12-18,86.4
BEDOK,4-ROOM,104.3,7.0,1998,"$415,000",2023-01-26,104.3
PUNGGOL,4-ROOM,97.6,22.0,2005,"$463,000",2022-12-13,97.6
WOODLANDS,3-ROOM,66.7,7.0,1998,"$294,000",04/11/2022,66.7
TAMPINES,5-ROOM,77.1,15.0,1992,"$406,000",01/03/2017,77.1
CLEMENTI,5-ROOM,104.1,1.0,1985,"$481,000",10/11/2022,104.1
GEYLANG,5-ROOM,107.8,6.0,1982,"$490,000",25/04/2017,107.8
JURONG WEST,EXECUTIVE,106.9,7.0,1998,"$422,000",2020-06-03,106.9
ANG MO KIO,3-ROOM,135.8,7.0,1989,"$657,000",2023-04-30,135.8
ANG MO KIO,4-ROOM,90.1,18.0,1978,"$341,000",2018-05-07,90.1
HOUGANG,3-ROOM,100.7,18.0,1981,"$432,000",10/12/2020,100.7
PUNGGOL,4-ROOM,121.8,20.0,1995,"$527,000",2022-10-30,121.8
YISHUN,5-ROOM,105.0,8.0,1995,"$414,000",31/03/2022,105.0
JURONG WEST,4-ROOM,65.3,5.0,2008,"$316,000",03/02/2021,65.3
TAMPINES,4-ROOM,138.4,11.0,2008,"$549,000",2022-04-27,138.4
HOUGANG,4-ROOM,118.3,4.0,2009,"$533,000",31/07/2023,118.3
YISHUN,3-ROOM,105.8,16.0,1987,"$440,000",2018-03-23,105.8
JURONG WEST,4-ROOM,82.6,13.0,1991,"$391,000",23/07/2022,82.6
PUNGGOL,3-ROOM,108.9,1.0,1999,"$481,000",2019-03-06,108.9
PUNGGOL,5-ROOM,97.2,6.0,2000,"$439,000",2017-08-21,97.2
GEYLANG,4-ROOM,78.3,12.0,1981,"$353,000",2020-09-02,78.3
GEYLANG,3-ROOM,89.1,8.0,2012,"$450,000",09/02/2023,89.1
GEYLANG,4-ROOM,94.9,1.0,1983,"$381,000",09/06/2022,94.9
TAMPINES,4-ROOM,74.4,19.0,1997,"$323,000",07/08/2023,74.4
GEYLANG,3-ROOM,92.5,4.0,2006,"$380,000",2018-02-04,92.5
TAMPINES,3-ROOM,120.3,2.0,1980,"$514,000",2022-03-01,120.3
TAMPINES,4-ROOM,90.2,17.0,1983,"$382,000",2021-02-21,90.2
PUNGGOL,5-ROOM,79.7,4.0,2008,"$318,000",08/01/2017,79.7
PUNGGOL,4-ROOM,88.4,13.0,2012,"$395,000",27/05/2022,88.4
WOODLANDS,4-ROOM,71.7,11.0,2000,"$336,000",2020-05-01,71.7
PUNGGOL,3-ROOM,137.6,14.0,1976,"$644,000",2019-07-27,137.6
PUNGGOL,4-ROOM,128.9,5.0,1985,"$539,000",15/04/2020,128.9
ANG MO KIO,5-ROOM,140.8,9.0,1975,"$603,000",2017-03-19,140.8
YISHUN,4-ROOM,134.5,6.0,1996,"$555,000",2023-05-09,134.5
HOUGANG,3-ROOM,40.0,28.0,1996,"$234,000",14/02/2022,40.0
PUNGGOL,4-ROOM,118.5,28.0,1990,"$618,000",17/08/2021,118.5
CLEMENTI,3-ROOM,78.6,27.0,2009,"$408,000",08/03/2018,78.6
YISHUN,3-ROOM,75.9,12.0,2008,"$376,000",2021-01-28,75.9
GEYLANG,3-ROOM,101.5,25.0,2008,"$446,000",2020-01-10,101.5
BEDOK,3-ROOM,101.0,12.0,1984,"$470,000",05/12/2023,101.0
WOODLANDS,EXECUTIVE,136.5,8.0,1981,"$620,000",2023-09-13,136.5
WOODLANDS,3-ROOM,101.8,29.0,1999,"$504,000",25/07/2021,101.8
TAMPINES,3-ROOM,124.3,23.0,1975,"$558,000",2018-10-06,124.3
HOUGANG,4-ROOM,90.5,6.0,1979,"$404,000",12/11/2020,90.5
HOUGANG,EXECUTIVE,89.6,24.0,2007,"$491,000",06/08/2022,89.6
HOUGANG,4-ROOM,90.3,11.0,2004,"$426,000",2019-09-10,90.3
PUNGGOL,3-ROOM,83.0,23.0,2000,"$376,000",2018-10-21,83.0
YISHUN,5-ROOM,93.9,24.0,1992,"$475,000",2018-10-11,93.9
JURONG WEST,4-ROOM,108.8,11.0,1994,"$451,000",2018-03-11,108.8
GEYLANG,4-ROOM,75.2,20.0,2014,"$358,000",2019-12-29,75.2
GEYLANG,3-ROOM,67.2,3.0,1992,"$332,000",24/09/2023,67.2
HOUGANG,4-ROOM,84.0,19.0,1988,"$332,000",2019-11-05,84.0
HOUGANG,3-ROOM,89.1,9.0,2000,"$418,000",21/08/2023,89.1
BEDOK,5-ROOM,97.2,14.0,2000,"$522,000",2019-08-12,97.2
ANG MO KIO,4-ROOM,94.4,19.0,2004,"$450,000",07/02/2018,94.4
WOODLANDS,5-ROOM,109.9,20.0,1987,"$476,000",18/03/2020,109.9
HOUGANG,5-ROOM,86.1,2.0,1997,"$327,000",2019-10-24,86.1
ANG MO KIO,4-ROOM,103.0,10.0,1983,"$450,000",14/07/2023,103.0
YISHUN,4-ROOM,132.6,23.0,2009,"$637,000",2020-10-18,132.6
HOUGANG,4-ROOM,90.0,5.0,1998,"$343,000",14/11/2017,90.0
WOODLANDS,3-ROOM,63.7,2.0,2013,"$311,000",2018-10-06,63.7
PUNGGOL,4-ROOM,90.9,16.0,2003,"$499,000",03/12/2021,90.9
PUNGGOL,4-ROOM,97.3,5.0,1980,"$388,000",04/12/2018,97.3
ANG MO KIO,3-ROOM,100.5,27.0,2005,"$499,000",2020-04-04,100.5
WOODLANDS,5-ROOM,73.8,28.0,2011,"$359,000",16/08/2019,73.8
GEYLANG,5-ROOM,83.1,16.0,1991,"$312,000",2019-08-18,83.1
YISHUN,5-ROOM,119.5,19.0,1992,"$507,000",2019-10-29,119.5
HOUGANG,4-ROOM,91.4,10.0,2005,"$436,000",28/02/2017,91.4
JURONG WEST,4-ROOM,96.9,26.0,2009,"$516,000",2019-12-05,96.9
ANG MO KIO,3-ROOM,114.4,15.0,1989,"$464,000",2022-08-26,114.4
BEDOK,EXECUTIVE,89.7,12.0,2006,"$385,000",2020-11-16,89.7
BEDOK,5-ROOM,77.3,5.0,1995,"$282,000",13/05/2023,77.3
BEDOK,3-ROOM,72.6,25.0,1985,"$331,000",2017-05-29,72.6
BEDOK,3-ROOM,124.2,2.0,2005,"$512,000",24/07/2017,124.2
BEDOK,5-ROOM,128.3,1.0,1975,"$484,000",12/11/2017,128.3
JURONG WEST,EXECUTIVE,97.8,14.0,1980,"$401,000",2019-06-14,97.8
BEDOK,5-ROOM,66.2,22.0,1999,"$314,000",2019-11-23,66.2
CLEMENTI,5-ROOM,78.0,20.0,1985,"$311,000",2022-10-31,78.0
HOUGANG,EXECUTIVE,139.8,24.0,2012,"$695,000",16/06/2019,139.8
PUNGGOL,4-ROOM,113.4,16.0,1997,"$504,000",2022-09-05,113.4
HOUGANG,3-ROOM,115.3,22.0,1975,"$482,000",2022-12-29,115.3
CLEMENTI,5-ROOM,78.2,4.0,1983,"$336,000",09/05/2021,78.2
ANG MO KIO,5-ROOM,127.4,11.0,2002,"$490,000",2017-09-30,127.4
CLEMENTI,4-ROOM,122.7,28.0,1978,"$614,000",13/10/2019,122.7
BEDOK,4-ROOM,66.9,1.0,1996,"$283,000",2023-08-11,66.9
YISHUN,3-ROOM,63.5,3.0,2000,"$300,000",20/12/2018,63.5
JURONG WEST,5-ROOM,78.9,12.0,1976,"$387,000",12/09/2023,78.9
TAMPINES,3-ROOM,105.9,28.0,1996,"$551,000",01/10/2023,105.9
PUNGGOL,4-ROOM,123.2,17.0,1994,"$510,000",13/07/2018,123.2
JURONG WEST,5-ROOM,116.9,16.0,2004,"$563,000",2020-05-18,116.9
HOUGANG,4-ROOM,130.3,19.0,2010,"$582,000",25/10/2017,130.3
CLEMENTI,3-ROOM,84.0,9.0,1993,"$355,000",2021-08-08,84.0
PUNGGOL,EXECUTIVE,86.8,5.0,1998,"$366,000",09/02/2021,86.8
ANG MO KIO,4-ROOM,105.6,17.0,1993,"$446,000",2023-01-03,105.6
TAMPINES,4-ROOM,84.8,4.0,1997,"$345,000",2023-10-05,84.8
PUNGGOL,5-ROOM,77.6,29.0,2002,"$404,000",2020-05-06,77.6
YISHUN,4-ROOM,63.2,17.0,1981,"$310,000",21/10/2021,63.2
ANG MO KIO,EXECUTIVE,126.0,10.0,1993,"$550,000",19/09/2017,126.0
GEYLANG,EXECUTIVE,59.0,16.0,1994,"$269,000",10/08/2018,59.0
GEYLANG,4-ROOM,105.4,11.0,2002,"$429,000",28/05/2023,105.4
HOUGANG,5-ROOM,110.9,7.0,2002,"$559,000",2022-05-10,110.9
JURONG WEST,5-ROOM,81.2,7.0,2000,"$359,000",09/09/2020,81.2
BEDOK,3-ROOM,112.6,6.0,2000,"$503,000",2023-03-22,112.6
ANG MO KIO,5-ROOM,73.7,2.0,1977,"$247,000",30/04/2019,73.7
BEDOK,4-ROOM,57.3,15.0,2009,"$310,000",03/04/2018,57.3
HOUGANG,4-ROOM,93.3,11.0,2008,"$392,000",22/05/2019,93.3
PUNGGOL,5-ROOM,100.5,7.0,1985,"$408,000",15/01/2021,100.5
HOUGANG,5-ROOM,71.9,4.0,1986,"$266,000",2018-06-14,71.9
YISHUN,4-ROOM,96.9,23.0,2011,"$392,000",2019-11-13,96.9
TAMPINES,4-ROOM,106.3,11.0,1990,"$540,000",18/11/2021,106.3
TAMPINES,4-ROOM,101.7,26.0,1999,"$431,000",19/09/2018,101.7
JURONG WEST,3-ROOM,70.8,22.0,2010,"$327,000",24/05/2021,70.8
CLEMENTI,4-ROOM,83.5,25.0,1998,"$390,000",06/12/2020,83.5
CLEMENTI,5-ROOM,117.8,3.0,1996,"$483,000",02/09/2017,117.8
JURONG WEST,5-ROOM,63.9,19.0,2009,"$300,000",09/05/2017,63.9
YISHUN,3-ROOM,83.8,15.0,1983,"$329,000",04/02/2020,83.8
JURONG WEST,5-ROOM,97.6,12.0,2009,"$486,000",31/08/2022,97.6
ANG MO KIO,3-ROOM,76.3,2.0,1987,"$269,000",21/06/2021,76.3
YISHUN,3-ROOM,102.8,19.0,2013,"$462,000",2020-04-18,102.8
ANG MO KIO,5-ROOM,,14.0,1984,"$529,000",2019-07-12,
JURONG WEST,5-ROOM,70.3,3.0,2007,"$309,000",2023-11-08,70.3
GEYLANG,4-ROOM,112.4,5.0,2005,"$520,000",2021-11-19,112.4
TAMPINES,3-ROOM,67.0,27.0,1982,"$295,000",2017-06-18,67.0
ANG MO KIO,5-ROOM,137.8,5.0,1989,"$553,000",24/10/2021,137.8
JURONG WEST,3-ROOM,115.1,4.0,2012,"$508,000",04/11/2021,115.1
ANG MO KIO,3-ROOM,89.0,28.0,1999,"$461,000",08/03/2020,89.0
WOODLANDS,3-ROOM,133.8,4.0,1984,"$542,000",2020-05-07,133.8
YISHUN,3-ROOM,122.5,27.0,1984,"$528,000",2017-05-06,122.5
TAMPINES,3-ROOM,109.0,10.0,1991,"$508,000",2018-03-10,109.0
BEDOK,4-ROOM,78.0,28.0,2013,"$409,000",08/08/2021,78.0
PUNGGOL,5-ROOM,152.3,10.0,1988,"$700,000",2021-12-10,152.3
HOUGANG,EXECUTIVE,59.7,4.0,1977,"$175,000",06/01/2021,59.7
WOODLANDS,4-ROOM,99.4,6.0,2002,"$407,000",06/10/2019,99.4
CLEMENTI,4-ROOM,114.0,28.0,1986,"$618,000",2021-06-26,114.0
HOUGANG,3-ROOM,99.1,10.0,1978,"$430,000",05/02/2023,99.1
CLEMENTI,5-ROOM,108.8,15.0,1989,"$445,000",2019-03-27,108.8
CLEMENTI,5-ROOM,124.7,4.0,1975,"$459,000",13/07/2020,124.7
WOODLANDS,EXECUTIVE,131.0,15.0,1981,"$598,000",2020-09-30,131.0
CLEMENTI,4-ROOM,87.9,2.0,1999,"$391,000",2020-09-14,87.9
ANG MO KIO,4-ROOM,112.3,11.0,2001,"$512,000",17/03/2023,112.3
TAMPINES,3-ROOM,52.6,8.0,1977,"$155,000",2022-01-23,52.6
BEDOK,3-ROOM,131.1,20.0,1979,"$573,000",04/02/2023,131.1
HOUGANG,3-ROOM,96.0,6.0,1979,"$416,000",2021-08-14,96.0
PUNGGOL,4-ROOM,85.6,9.0,1983,"$405,000",2023-11-11,85.6
HOUGANG,4-ROOM,84.6,14.0,1999,"$345,000",2023-08-09,84.6
ANG MO KIO,3-ROOM,100.8,14.0,2013,"$431,000",2018-08-13,100.8
YISHUN,4-ROOM,66.7,10.0,1995,"$317,000",2018-06-21,66.7
TAMPINES,3-ROOM,69.7,19.0,1980,"$273,000",16/09/2017,69.7
ANG MO KIO,EXECUTIVE,106.6,7.0,2012,"$480,000",2022-03-02,106.6
BEDOK,4-ROOM,65.9,24.0,2012,"$360,000",04/02/2021,65.9
YISHUN,4-ROOM,89.1,2.0,1983,"$389,000",2023-04-09,89.1
HOUGANG,4-ROOM,66.8,29.0,1981,"$319,000",07/07/2022,66.8
PUNGGOL,4-ROOM,87.8,13.0,2002,"$410,000",27/07/2020,87.8
PUNGGOL,4-ROOM,92.0,25.0,1992,"$455,000",16/04/2017,92.0
YISHUN,3-ROOM,67.2,9.0,2011,"$311,000",2019-06-27,67.2
YISHUN,3-ROOM,97.6,29.0,1978,"$535,000",2023-04-01,97.6
CLEMENTI,EXECUTIVE,40.0,2.0,1995,"$187,000",12/02/2023,40.0
CLEMENTI,5-ROOM,105.2,29.0,1979,"$475,000",2018-05-24,105.2
HOUGANG,3-ROOM,70.1,21.0,1984,"$309,000",17/03/2018,70.1
GEYLANG,3-ROOM,84.4,12.0,2003,"$369,000",20/07/2020,84.4
WOODLANDS,4-ROOM,83.5,16.0,1992,"$350,000",2023-07-18,83.5
BEDOK,EXECUTIVE,109.3,21.0,2011,"$570,000",2022-06-30,109.3
BEDOK,3-ROOM,67.7,20.0,1996,"$300,000",01/05/2019,67.7
HOUGANG,5-ROOM,98.6,25.0,2006,"$453,000",2022-07-06,98.6
WOODLANDS,3-ROOM,82.8,28.0,1976,"$423,000",18/05/2022,82.8
YISHUN,4-ROOM,73.4,8.0,1993,"$337,000",03/12/2022,73.4
BEDOK,EXECUTIVE,77.0,26.0,1977,"$322,000",2017-10-06,77.0
ANG MO KIO,4-ROOM,75.2,27.0,1975,"$364,000",2022-01-29,75.2
TAMPINES,4-ROOM,118.0,4.0,2000,"$490,000",08/07/2017,118.0
WOODLANDS,4-ROOM,86.9,19.0,1983,"$350,000",2018-05-02,86.9
YISHUN,5-ROOM,118.5,13.0,1981,"$547,000",02/12/2019,118.5
YISHUN,5-ROOM,107.1,21.0,2013,"$542,000",2022-11-26,107.1
BEDOK,3-ROOM,77.0,10.0,1979,"$343,000",28/03/2019,77.0
BEDOK,EXECUTIVE,120.5,26.0,1996,"$572,000",26/07/2021,120.5
GEYLANG,EXECUTIVE,93.3,6.0,1989,"$384,000",05/06/2019,93.3
WOODLANDS,3-ROOM,83.5,26.0,1997,"$454,000",2020-11-13,83.5
JURONG WEST,3-ROOM,101.4,6.0,2003,"$483,000",2021-02-07,101.4
BEDOK,3-ROOM,89.8,4.0,1998,"$427,000",2023-09-09,89.8
TAMPINES,3-ROOM,63.9,21.0,1989,"$325,000",2018-11-19,63.9
JURONG WEST,EXECUTIVE,118.1,21.0,1993,"$564,000",2019-10-20,118.1
PUNGGOL,5-ROOM,71.6,2.0,2008,"$312,000",2017-09-21,71.6
TAMPINES,5-ROOM,134.8,9.0,1984,"$594,000",17/02/2019,134.8
HOUGANG,4-ROOM,127.5,8.0,1982,"$537,000",26/03/2022,127.5
PUNGGOL,4-ROOM,107.8,12.0,2013,"$481,000",2020-10-15,107.8
HOUGANG,4-ROOM,95.4,23.0,1987,"$459,000",2023-06-25,95.4
BEDOK,5-ROOM,106.6,5.0,1999,"$440,000",10/08/2023,106.6
TAMPINES,4-ROOM,90.6,10.0,2014,"$385,000",09/08/2017,90.6
JURONG WEST,3-ROOM,69.9,14.0,1998,"$354,000",2022-04-07,69.9
YISHUN,3-ROOM,102.3,16.0,1997,"$451,000",04/06/2020,102.3
PUNGGOL,3-ROOM,133.1,1.0,1990,"$619,000",07/12/2020,133.1
ANG MO KIO,5-ROOM,66.1,21.0,1998,"$322,000",2020-12-07,66.1
WOODLANDS,5-ROOM,109.8,20.0,1988,"$503,000",24/04/2020,109.8
ANG MO KIO,3-ROOM,99.1,1.0,1989,"$339,000",2019-05-07,99.1
WOODLANDS,3-ROOM,67.1,26.0,2004,"$406,000",2017-02-27,67.1
JURONG WEST,5-ROOM,63.5,29.0,1989,"$286,000",2022-02-05,63.5
CLEMENTI,4-ROOM,77.8,29.0,1984,"$377,000",09/04/2023,77.8
YISHUN,5-ROOM,129.9,27.0,1991,"$610,000",02/12/2023,129.9
ANG MO KIO,EXECUTIVE,73.5,8.0,1996,"$314,000",19/07/2021,73.5
GEYLANG,4-ROOM,108.9,14.0,2008,"$481,000",12/05/2020,108.9
GEYLANG,EXECUTIVE,124.7,6.0,2009,"$532,000",31/12/2021,124.7
TAMPINES,5-ROOM,100.9,7.0,1988,"$396,000",2018-07-21,100.9
CLEMENTI,EXECUTIVE,129.9,28.0,1988,"$554,000",2023-06-08,129.9
TAMPINES,4-ROOM,93.4,2.0,1976,"$376,000",2020-11-26,93.4
HOUGANG,3-ROOM,112.0,21.0,1991,"$525,000",25/11/2020,112.0
JURONG WEST,EXECUTIVE,78.3,28.0,2004,"$353,000",20/06/2018,78.3
BEDOK,5-ROOM,48.8,24.0,1979,"$223,000",2017-06-22,48.8
BEDOK,4-ROOM,54.8,13.0,2014,"$268,000",2022-05-20,54.8
ANG MO KIO,5-ROOM,45.0,16.0,1977,"$222,000",2023-05-22,45.0
BEDOK,3-ROOM,103.0,26.0,1990,"$590,000",2017-09-21,103.0
BEDOK,5-ROOM,94.0,18.0,2013,"$352,000",2021-01-29,94.0
JURONG WEST,EXECUTIVE,92.2,16.0,2014,"$409,000",18/02/2023,92.2
ANG MO KIO,5-ROOM,74.6,11.0,1987,"$335,000",2017-03-23,74.6
GEYLANG,4-ROOM,88.0,7.0,1989,"$445,000",2018-09-22,88.0
HOUGANG,3-ROOM,86.7,27.0,1981,"$417,000",17/06/2023,86.7
PUNGGOL,5-ROOM,93.2,25.0,2009,"$477,000",2022-11-09,93.2
JURONG WEST,EXECUTIVE,100.3,14.0,2003,"$433,000",2020-01-31,100.3
HOUGANG,5-ROOM,107.3,22.0,2001,"$601,000",2017-04-18,107.3
JURONG WEST,4-ROOM,107.9,4.0,1994,"$512,000",2018-11-24,107.9
CLEMENTI,EXECUTIVE,110.9,16.0,1990,"$507,000",2020-02-18,110.9
GEYLANG,5-ROOM,93.2,29.0,1992,"$431,000",07/05/2021,93.2
YISHUN,4-ROOM,119.8,28.0,1994,"$621,000",08/09/2022,119.8
ANG MO KIO,5-ROOM,64.1,22.0,2006,"$278,000",2018-06-30,64.1
JURONG WEST,3-ROOM,114.2,18.0,2008,"$508,000",2020-03-05,114.2
GEYLANG,5-ROOM,77.4,27.0,1978,"$399,000",2023-04-02,77.4
ANG MO KIO,3-ROOM,107.7,25.0,1995,"$449,000",2019-12-23,107.7
GEYLANG,4-ROOM,99.3,28.0,1975,"$456,000",2021-12-10,99.3
HOUGANG,4-ROOM,73.9,25.0,1979,"$335,000",11/10/2023,73.9
ANG MO KIO,EXECUTIVE,99.1,18.0,1991,"$479,000",2021-01-14,99.1
TAMPINES,EXECUTIVE,102.6,22.0,2014,"$518,000",08/03/2017,102.6
WOODLANDS,3-ROOM,99.0,5.0,1979,"$405,000",2017-11-07,99.0
GEYLANG,3-ROOM,,7.0,1992,"$311,000",2018-02-19,
PUNGGOL,3-ROOM,61.1,20.0,1991,"$270,000",01/12/2021,61.1
PUNGGOL,5-ROOM,67.9,21.0,2011,"$374,000",14/08/2021,67.9
ANG MO KIO,5-ROOM,96.4,8.0,2012,"$405,000",2017-02-28,96.4
WOODLANDS,4-ROOM,98.5,14.0,1998,"$444,000",30/04/2023,98.5
WOODLANDS,3-ROOM,121.4,4.0,2011,"$544,000",13/11/2022,121.4
WOODLANDS,3-ROOM,93.6,8.0,1994,"$397,000",2020-12-04,93.6
CLEMENTI,3-ROOM,107.6,5.0,1999,"$467,000",05/01/2022,107.6
CLEMENTI,4-ROOM,48.7,4.0,1985,"$151,000",2017-07-13,48.7
GEYLANG,3-ROOM,100.7,24.0,2000,"$442,000",24/01/2021,100.7
WOODLANDS,4-ROOM,110.9,29.0,2005,"$602,000",2020-06-30,110.9
CLEMENTI,3-ROOM,114.3,27.0,1988,"$565,000",03/09/2021,114.3
ANG MO KIO,3-ROOM,64.7,5.0,1989,"$175,000",26/05/2020,64.7
HOUGANG,3-ROOM,104.4,16.0,1976,"$478,000",09/07/2017,104.4
WOODLANDS,4-ROOM,69.2,2.0,1980,"$271,000",2017-08-12,69.2
ANG MO KIO,3-ROOM,61.4,20.0,1995,"$267,000",2017-11-15,61.4
HOUGANG,5-ROOM,110.6,29.0,1981,"$481,000",2017-09-23,110.6
JURONG WEST,5-ROOM,114.3,1.0,2000,"$462,000",18/11/2019,114.3
CLEMENTI,3-ROOM,41.5,4.0,2011,"$190,000",2023-07-22,41.5
TAMPINES,4-ROOM,91.9,18.0,2001,"$445,000",04/08/2023,91.9
BEDOK,5-ROOM,75.2,15.0,1981,"$381,000",2023-06-02,75.2
PUNGGOL,4-ROOM,93.5,15.0,1998,"$390,000",03/01/2018,93.5
HOUGANG,5-ROOM,77.3,13.0,1981,"$374,000",2019-03-31,77.3
PUNGGOL,4-ROOM,91.3,22.0,1992,"$439,000",2018-07-18,91.3
CLEMENTI,4-ROOM,110.7,28.0,1977,"$547,000",27/12/2021,110.7
YISHUN,4-ROOM,80.5,27.0,1990,"$464,000",17/11/2017,80.5
TAMPINES,4-ROOM,106.3,13.0,2001,"$448,000",18/08/2023,106.3
JURONG WEST,4-ROOM,61.3,1.0,2001,"$259,000",2023-03-23,61.3
CLEMENTI,5-ROOM,81.2,29.0,1989,"$322,000",08/09/2018,81.2
CLEMENTI,EXECUTIVE,85.8,22.0,1991,"$404,000",2021-08-27,85.8
GEYLANG,5-ROOM,91.3,,1999,"$393,000",22/03/2019,91.3
JURONG WEST,3-ROOM,104.9,23.0,1997,"$456,000",15/03/2022,104.9
JURONG WEST,3-ROOM,85.2,20.0,1994,"$403,000",2017-06-25,85.2
HOUGANG,5-ROOM,105.8,11.0,1999,"$421,000",2018-01-17,105.8
HOUGANG,EXECUTIVE,141.4,6.0,2011,"$626,000",2023-09-04,141.4
JURONG WEST,3-ROOM,132.0,8.0,1987,"$583,000",27/12/2021,132.0
BEDOK,3-ROOM,108.7,15.0,1983,"$461,000",2019-01-23,108.7
CLEMENTI,3-ROOM,109.9,29.0,1999,"$552,000",20/09/2020,109.9
HOUGANG,EXECUTIVE,99.8,9.0,2011,"$392,000",28/05/2019,99.8
JURONG WEST,3-ROOM,78.7,28.0,1996,"$417,000",2018-03-29,78.7
PUNGGOL,5-ROOM,80.3,14.0,1977,"$348,000",2018-11-10,80.3
JURONG WEST,4-ROOM,114.3,3.0,1987,"$481,000",17/09/2021,114.3
CLEMENTI,5-ROOM,106.5,4.0,1999,"$445,000",29/06/2023,106.5
CLEMENTI,4-ROOM,115.1,25.0,2014,"$664,000",2020-12-26,115.1
TAMPINES,5-ROOM,94.9,23.0,1975,"$422,000",2023-08-11,94.9
CLEMENTI,5-ROOM,99.1,17.0,1978,"$451,000",01/04/2021,99.1
PUNGGOL,4-ROOM,74.9,7.0,1980,"$259,000",2020-12-18,74.9
ANG MO KIO,5-ROOM,117.8,3.0,1992,"$441,000",12/08/2022,117.8
TAMPINES,5-ROOM,99.3,2.0,2000,"$408,000",2018-11-30,99.3
WOODLANDS,4-ROOM,102.0,24.0,1981,"$489,000",2022-08-12,102.0
BEDOK,3-ROOM,105.0,16.0,2006,"$486,000",20/01/2017,105.0
PUNGGOL,3-ROOM,111.1,23.0,2001,"$539,000",2020-03-19,111.1
WOODLANDS,4-ROOM,84.6,23.0,1982,"$400,000",2019-01-29,84.6
BEDOK,EXECUTIVE,89.9,1.0,1977,"$348,000",2022-03-27,89.9
BEDOK,5-ROOM,134.2,3.0,2010,"$496,000",2018-06-17,134.2
HOUGANG,4-ROOM,68.5,26.0,1994,"$345,000",12/05/2020,68.5
GEYLANG,3-ROOM,90.0,14.0,2005,"$406,000",2021-04-30,90.0
BEDOK,3-ROOM,98.3,11.0,2001,"$503,000",2018-07-11,98.3
PUNGGOL,4-ROOM,112.1,5.0,1997,"$524,000",03/02/2020,112.1
CLEMENTI,4-ROOM,79.0,9.0,2000,"$358,000",08/11/2019,79.0
GEYLANG,3-ROOM,73.6,16.0,1984,"$352,000",22/03/2019,73.6
YISHUN,EXECUTIVE,102.3,27.0,2001,"$491,000",2021-10-10,102.3
HOUGANG,3-ROOM,97.3,15.0,1981,"$418,000",03/02/2022,97.3
TAMPINES,EXECUTIVE,109.6,26.0,2008,"$544,000",26/11/2019,109.6
WOODLANDS,4-ROOM,100.5,16.0,1981,"$379,000",2018-04-19,100.5
HOUGANG,4-ROOM,89.6,29.0,1989,"$449,000",22/06/2020,89.6
JURONG WEST,5-ROOM,101.0,1.0,2013,"$477,000",2022-04-11,101.0
ANG MO KIO,5-ROOM,130.7,2.0,1989,"$623,000",17/05/2021,130.7
YISHUN,3-ROOM,95.8,20.0,1992,"$494,000",2022-06-13,95.8
ANG MO KIO,5-ROOM,96.7,26.0,1978,"$454,000",2017-10-26,96.7
WOODLANDS,4-ROOM,84.3,29.0,1986,"$450,000",19/11/2020,84.3
WOODLANDS,4-ROOM,129.4,1.0,2008,"$609,000",2020-07-28,129.4
GEYLANG,3-ROOM,73.4,2.0,1978,"$333,000",2017-07-18,73.4
CLEMENTI,3-ROOM,79.4,16.0,1979,"$417,000",2019-12-31,79.4
YISHUN,5-ROOM,89.5,16.0,1977,"$401,000",2020-05-30,89.5
CLEMENTI,4-ROOM,160.1,29.0,2012,"$837,000",2017-11-09,160.1
BEDOK,3-ROOM,117.2,9.0,1987,"$518,000",09/06/2020,117.2
TAMPINES,5-ROOM,91.1,27.0,1985,"$446,000",2017-01-29,91.1
CLEMENTI,5-ROOM,122.6,7.0,1998,"$594,000",16/08/2021,122.6
HOUGANG,EXECUTIVE,122.6,8.0,2014,"$547,000",2018-10-27,122.6
CLEMENTI,4-ROOM,76.0,29.0,2007,"$370,000",10/11/2020,76.0
YISHUN,3-ROOM,89.0,5.0,1977,"$318,000",13/10/2023,89.0
ANG MO KIO,4-ROOM,94.9,2.0,1978,"$338,000",02/03/2018,94.9
BEDOK,5-ROOM,98.4,3.0,2003,"$367,000",2023-08-15,98.4
ANG MO KIO,4-ROOM,90.5,27.0,1993,"$499,000",2021-07-07,90.5
HOUGANG,EXECUTIVE,93.4,3.0,2007,"$419,000",16/07/2017,93.4
PUNGGOL,4-ROOM,109.9,8.0,2009,"$479,000",09/01/2018,109.9
CLEMENTI,EXECUTIVE,92.2,26.0,2006,"$458,000",09/01/2018,92.2
HOUGANG,4-ROOM,82.2,17.0,2000,"$408,000",2021-02-06,82.2
PUNGGOL,EXECUTIVE,102.7,21.0,2002,"$500,000",01/11/2017,102.7
PUNGGOL,3-ROOM,49.2,27.0,1992,"$214,000",2019-04-06,49.2
WOODLANDS,5-ROOM,101.1,24.0,2014,"$527,000",2020-01-02,101.1
PUNGGOL,5-ROOM,111.5,29.0,1996,"$559,000",2023-05-18,111.5
JURONG WEST,4-ROOM,93.7,15.0,1985,"$442,000",2022-10-23,93.7
ANG MO KIO,3-ROOM,82.9,12.0,1982,"$365,000",2020-09-02,82.9
HOUGANG,3-ROOM,54.3,17.0,1997,"$231,000",2020-01-24,54.3
PUNGGOL,5-ROOM,114.8,18.0,1984,"$527,000",2018-06-18,114.8
ANG MO KIO,3-ROOM,102.7,20.0,1987,"$436,000",17/08/2020,102.7
WOODLANDS,5-ROOM,147.3,4.0,2009,"$682,000",26/10/2023,147.3
WOODLANDS,4-ROOM,90.8,24.0,2000,"$428,000",2023-05-25,90.8
BEDOK,3-ROOM,110.3,12.0,2005,"$447,000",2017-02-06,110.3
YISHUN,4-ROOM,96.6,25.0,2009,"$482,000",2020-09-21,96.6
WOODLANDS,5-ROOM,100.5,1.0,2006,"$476,000",16/02/2017,100.5
HOUGANG,3-ROOM,87.6,27.0,2002,"$441,000",2018-01-29,87.6
GEYLANG,4-ROOM,55.4,13.0,1989,"$248,000",2021-04-12,55.4
JURONG WEST,3-ROOM,86.5,6.0,2006,"$408,000",2022-11-05,86.5
PUNGGOL,5-ROOM,92.6,25.0,1993,"$392,000",22/12/2020,92.6
WOODLANDS,3-ROOM,82.2,9.0,2005,"$423,000",24/12/2023,82.2
TAMPINES,3-ROOM,79.1,20.0,1990,"$398,000",24/08/2020,79.1
JURONG WEST,4-ROOM,60.8,24.0,1991,"$276,000",05/11/2022,60.8
YISHUN,3-ROOM,119.5,10.0,1979,"$552,000",19/04/2018,119.5
PUNGGOL,4-ROOM,107.5,1.0,2006,"$438,000",24/09/2019,107.5
ANG MO KIO,4-ROOM,89.8,12.0,2011,"$379,000",2021-09-13,89.8
ANG MO KIO,5-ROOM,77.5,22.0,1988,"$368,000",27/11/2019,77.5
GEYLANG,3-ROOM,94.6,6.0,2001,"$448,000",2022-04-05,94.6
TAMPINES,5-ROOM,114.0,20.0,2001,"$513,000",11/08/2023,114.0
ANG MO KIO,5-ROOM,92.9,2.0,1986,"$338,000",20/12/2022,92.9
JURONG WEST,4-ROOM,130.0,7.0,2014,"$622,000",2022-01-03,130.0
GEYLANG,3-ROOM,97.3,26.0,1994,"$408,000",19/04/2023,97.3
PUNGGOL,4-ROOM,92.9,21.0,1985,"$418,000",2021-07-19,92.9
CLEMENTI,5-ROOM,103.1,1.0,1997,"$410,000",2017-07-06,103.1
HOUGANG,EXECUTIVE,117.4,29.0,1976,"$550,000",2018-05-21,117.4
WOODLANDS,3-ROOM,84.8,5.0,2007,"$383,000",02/11/2022,84.8
ANG MO KIO,5-ROOM,57.2,25.0,2010,"$270,000",15/04/2018,57.2
YISHUN,5-ROOM,70.1,15.0,1992,"$260,000",17/07/2023,70.1
CLEMENTI,5-ROOM,82.8,18.0,1978,"$395,000",09/06/2021,82.8
BEDOK,3-ROOM,98.9,18.0,2010,"$465,000",18/07/2023,98.9
CLEMENTI,3-ROOM,77.7,3.0,1989,"$250,000",2018-09-08,77.7
CLEMENTI,5-ROOM,58.4,17.0,2002,"$287,000",2017-09-05,58.4
YISHUN,4-ROOM,109.7,9.0,1997,"$508,000",2020-05-12,109.7
ANG MO KIO,4-ROOM,145.0,4.0,1988,"$558,000",2020-01-02,145.0
TAMPINES,EXECUTIVE,90.9,6.0,2004,"$352,000",06/06/2019,90.9
CLEMENTI,3-ROOM,105.1,4.0,1994,"$421,000",2020-06-11,105.1
CLEMENTI,5-ROOM,89.1,3.0,2011,"$425,000",2021-08-26,89.1
BEDOK,3-ROOM,74.5,3.0,2001,"$257,000",2020-04-28,74.5
GEYLANG,5-ROOM,129.6,12.0,1987,"$547,000",13/03/2019,129.6
BEDOK,3-ROOM,84.1,22.0,1982,"$340,000",31/05/2020,84.1
CLEMENTI,3-ROOM,100.4,22.0,1993,"$457,000",2023-03-26,100.4
TAMPINES,3-ROOM,85.7,20.0,1991,"$433,000",2018-06-06,85.7
TAMPINES,3-ROOM,111.3,15.0,1989,"$479,000",30/12/2020,111.3
YISHUN,4-ROOM,137.4,27.0,1994,"$679,000",03/08/2020,137.4
YISHUN,4-ROOM,82.7,4.0,1998,"$350,000",28/07/2019,82.7
JURONG WEST,5-ROOM,126.9,1.0,1980,"$576,000",2018-05-02,126.9
HOUGANG,4-ROOM,70.3,5.0,1975,"$312,000",03/10/2023,70.3
WOODLANDS,5-ROOM,59.6,18.0,1986,"$258,000",2017-04-14,59.6
ANG MO KIO,5-ROOM,92.4,29.0,1976,"$482,000",2017-04-21,92.4
GEYLANG,3-ROOM,97.4,20.0,2012,"$541,000",21/01/2020,97.4
YISHUN,5-ROOM,96.3,16.0,1981,"$408,000",09/08/2023,96.3
PUNGGOL,EXECUTIVE,92.4,26.0,1976,"$497,000",16/06/2020,92.4
WOODLANDS,5-ROOM,130.0,3.0,2013,"$509,000",2021-07-20,130.0
BEDOK,5-ROOM,105.0,14.0,1994,"$416,000",02/01/2022,105.0
BEDOK,4-ROOM,103.5,14.0,1999,"$506,000",2020-10-29,103.5
YISHUN,4-ROOM,91.2,8.0,1992,"$483,000",21/06/2018,91.2
YISHUN,3-ROOM,120.9,6.0,1987,"$555,000",09/06/2022,120.9
TAMPINES,4-ROOM,123.7,19.0,2007,"$624,000",2020-04-27,123.7
TAMPINES,5-ROOM,125.4,11.0,1982,"$465,000",02/05/2022,125.4
WOODLANDS,EXECUTIVE,138.1,19.0,1983,"$542,000",2018-08-12,138.1
WOODLANDS,4-ROOM,81.5,26.0,1975,"$405,000",31/05/2020,81.5
WOODLANDS,5-ROOM,88.5,9.0,1984,"$302,000",11/07/2022,88.5
GEYLANG,5-ROOM,112.9,11.0,1979,"$475,000",2022-04-07,112.9
BEDOK,5-ROOM,87.8,5.0,1993,"$396,000",25/08/2021,87.8
BEDOK,5-ROOM,93.1,7.0,2011,"$443,000",2018-05-24,93.1
BEDOK,4-ROOM,137.4,22.0,1998,"$602,000",12/09/2021,137.4
WOODLANDS,4-ROOM,130.7,1.0,1985,"$546,000",2022-03-03,130.7
ANG MO KIO,5-ROOM,116.3,13.0,1999,"$564,000",11/09/2020,116.3
TAMPINES,3-ROOM,117.3,16.0,2013,"$454,000",2017-06-28,117.3
PUNGGOL,4-ROOM,50.5,21.0,1987,"$265,000",24/11/2018,50.5
PUNGGOL,4-ROOM,110.3,9.0,1994,"$517,000",25/04/2017,110.3
HOUGANG,3-ROOM,92.9,26.0,1990,"$422,000",2021-04-13,92.9
BEDOK,3-ROOM,106.8,5.0,1986,"$451,000",2020-11-21,106.8
HOUGANG,EXECUTIVE,117.6,4.0,2008,"$492,000",2022-02-21,117.6
WOODLANDS,3-ROOM,99.6,20.0,2010,"$555,000",2017-10-01,99.6
WOODLANDS,4-ROOM,78.7,22.0,1975,"$327,000",20/02/2019,78.7
TAMPINES,3-ROOM,95.6,20.0,1986,"$398,000",2023-07-30,95.6
ANG MO KIO,5-ROOM,70.2,11.0,2009,"$334,000",10/12/2017,70.2
YISHUN,4-ROOM,97.0,26.0,1998,"$466,000",2017-09-26,97.0
WOODLANDS,5-ROOM,101.7,7.0,2003,"$509,000",2017-05-26,101.7
PUNGGOL,EXECUTIVE,90.7,26.0,2006,"$537,000",17/09/2017,90.7
HOUGANG,4-ROOM,56.8,14.0,1998,"$283,000",2022-07-24,56.8
WOODLANDS,5-ROOM,92.6,15.0,2010,"$431,000",14/10/2021,92.6
ANG MO KIO,3-ROOM,137.9,13.0,2000,"$633,000",20/02/2019,137.9
CLEMENTI,4-ROOM,93.4,9.0,2013,"$377,000",2020-04-15,93.4
GEYLANG,4-ROOM,112.9,15.0,1990,"$469,000",27/02/2023,112.9
BEDOK,3-ROOM,77.5,13.0,1992,"$252,000",28/06/2019,77.5
BEDOK,5-ROOM,99.5,14.0,1995,"$428,000",14/01/2018,99.5
BEDOK,5-ROOM,119.8,24.0,1989,"$633,000",12/06/2019,119.8
CLEMENTI,3-ROOM,79.5,22.0,2000,"$393,000",24/06/2017,79.5
GEYLANG,3-ROOM,75.4,18.0,1990,"$291,000",11/01/2022,75.4
JURONG WEST,3-ROOM,127.2,28.0,2001,"$574,000",2022-03-29,127.2
TAMPINES,4-ROOM,83.1,24.0,1989,"$305,000",2019-08-09,83.1
YISHUN,4-ROOM,92.0,20.0,1981,"$392,000",2018-07-18,92.0
TAMPINES,3-ROOM,106.2,20.0,2008,"$464,000",05/03/2023,106.2
WOODLANDS,5-ROOM,115.2,22.0,1988,"$590,000",2023-06-08,115.2
HOUGANG,4-ROOM,52.7,1.0,2006,"$196,000",05/08/2022,52.7
YISHUN,5-ROOM,93.5,19.0,1987,"$373,000",10/08/2018,93.5
TAMPINES,3-ROOM,88.5,10.0,2009,"$429,000",22/07/2022,88.5
GEYLANG,4-ROOM,60.9,15.0,2002,"$291,000",09/09/2018,60.9
WOODLANDS,4-ROOM,83.7,26.0,1994,"$486,000",10/01/2017,83.7
YISHUN,5-ROOM,77.5,12.0,1980,"$335,000",27/10/2020,77.5
GEYLANG,4-ROOM,82.0,22.0,1977,"$400,000",2019-04-09,82.0
CLEMENTI,3-ROOM,127.3,5.0,1984,"$571,000",2022-11-24,127.3
HOUGANG,4-ROOM,104.3,18.0,1987,"$393,000",07/04/2023,104.3
BEDOK,4-ROOM,77.4,21.0,1994,"$327,000",29/07/2017,77.4
TAMPINES,3-ROOM,96.4,8.0,2001,"$447,000",17/07/2018,96.4
WOODLANDS,3-ROOM,80.2,19.0,1994,"$378,000",2022-12-02,80.2
CLEMENTI,EXECUTIVE,147.7,11.0,1982,"$595,000",02/10/2018,147.7
HOUGANG,5-ROOM,97.9,27.0,1999,"$481,000",11/02/2019,97.9
JURONG WEST,3-ROOM,103.4,27.0,2011,"$521,000",20/07/2021,103.4
GEYLANG,4-ROOM,92.7,17.0,1986,"$414,000",21/12/2019,92.7
BEDOK,5-ROOM,108.0,13.0,2004,"$429,000",2019-10-21,108.0
PUNGGOL,3-ROOM,102.2,5.0,1982,"$473,000",28/05/2018,102.2
ANG MO KIO,3-ROOM,108.4,20.0,1982,"$463,000",18/04/2017,108.4
ANG MO KIO,4-ROOM,95.4,23.0,1995,"$478,000",2019-07-09,95.4
YISHUN,3-ROOM,74.1,1.0,1997,"$283,000",2020-11-19,74.1
PUNGGOL,3-ROOM,128.6,15.0,2004,"$532,000",25/09/2017,128.6
YISHUN,3-ROOM,92.7,22.0,2003,"$435,000",2018-03-11,92.7
GEYLANG,4-ROOM,68.8,19.0,2000,"$286,000",2022-01-09,68.8
YISHUN,3-ROOM,103.0,14.0,1980,"$435,000",27/06/2019,103.0
PUNGGOL,3-ROOM,76.0,29.0,1994,"$370,000",2017-07-30,76.0
CLEMENTI,3-ROOM,139.4,6.0,2001,"$700,000",14/11/2022,139.4
YISHUN,3-ROOM,89.8,7.0,2000,"$269,000",2020-04-27,89.8
BEDOK,3-ROOM,98.1,16.0,1981,"$426,000",2017-09-12,98.1
TAMPINES,4-ROOM,90.0,16.0,1990,"$315,000",2022-08-17,90.0
ANG MO KIO,4-ROOM,125.4,20.0,2011,"$673,000",2017-08-27,125.4
YISHUN,4-ROOM,73.5,9.0,2012,"$305,000",25/06/2017,73.5
WOODLANDS,5-ROOM,89.7,29.0,2001,"$443,000",16/02/2022,89.7
PUNGGOL,3-ROOM,71.7,22.0,2011,"$306,000",2017-10-08,71.7
PUNGGOL,4-ROOM,64.9,21.0,2008,"$290,000",2021-01-31,64.9
GEYLANG,4-ROOM,93.9,17.0,1982,"$425,000",21/01/2017,93.9
CLEMENTI,3-ROOM,125.6,27.0,1989,"$633,000",2021-10-22,125.6
WOODLANDS,4-ROOM,96.2,7.0,1994,"$405,000",2017-05-15,96.2
JURONG WEST,5-ROOM,86.4,14.0,2013,"$325,000",2023-11-02,86.4
PUNGGOL,5-ROOM,79.2,1.0,1993,"$270,000",08/10/2017,79.2
YISHUN,3-ROOM,136.8,2.0,1984,"$632,000",2023-01-27,136.8
ANG MO KIO,3-ROOM,91.0,18.0,1983,"$438,000",15/02/2018,91.0
BEDOK,3-ROOM,103.4,3.0,1981,"$408,000",30/05/2020,103.4
WOODLANDS,5-ROOM,88.7,5.0,2009,"$413,000",2020-08-13,88.7
TAMPINES,5-ROOM,95.2,19.0,1977,"$375,000",13/07/2023,95.2
JURONG WEST,5-ROOM,113.1,19.0,1983,"$567,000",02/05/2023,113.1
WOODLANDS,4-ROOM,99.2,19.0,1983,"$462,000",06/06/2017,99.2
PUNGGOL,3-ROOM,56.8,28.0,2002,"$272,000",08/06/2023,56.8
TAMPINES,3-ROOM,123.5,22.0,2009,"$621,000",2019-05-24,123.5
WOODLANDS,3-ROOM,81.7,12.0,1975,"$285,000",15/03/2018,81.7
YISHUN,3-ROOM,88.7,4.0,1990,"$362,000",2023-07-24,88.7
GEYLANG,5-ROOM,94.8,15.0,2010,"$380,000",2018-03-05,94.8
PUNGGOL,3-ROOM,76.0,28.0,2009,"$364,000",05/05/2018,76.0
HOUGANG,3-ROOM,71.2,15.0,1993,"$335,000",05/04/2023,71.2
YISHUN,3-ROOM,62.8,19.0,1987,"$299,000",2023-12-21,62.8
ANG MO KIO,3-ROOM,107.8,23.0,1982,"$518,000",2018-04-03,107.8
GEYLANG,4-ROOM,72.5,16.0,1979,"$306,000",01/07/2017,72.5
GEYLANG,4-ROOM,86.8,17.0,1975,"$315,000",19/07/2023,86.8
GEYLANG,4-ROOM,84.8,5.0,2006,"$381,000",2023-12-07,84.8
WOODLANDS,5-ROOM,82.9,26.0,1994,"$334,000",2020-12-14,82.9
BEDOK,3-ROOM,41.6,18.0,2008,"$215,000",20/06/2018,41.6
PUNGGOL,4-ROOM,102.2,4.0,2007,"$462,000",2017-11-11,102.2
TAMPINES,5-ROOM,105.2,10.0,2008,"$484,000",12/03/2022,105.2
JURONG WEST,4-ROOM,80.1,24.0,1977,"$390,000",30/08/2021,80.1
TAMPINES,4-ROOM,40.0,14.0,1980,"$154,000",04/06/2021,40.0
HOUGANG,5-ROOM,89.4,3.0,2004,"$305,000",2018-09-20,89.4
PUNGGOL,5-ROOM,109.7,28.0,2001,"$579,000",11/08/2021,109.7
YISHUN,3-ROOM,122.6,9.0,1995,"$590,000",10/03/2017,122.6
GEYLANG,3-ROOM,73.4,5.0,2014,"$360,000",19/03/2018,73.4
CLEMENTI,4-ROOM,136.2,10.0,2001,"$615,000",2022-07-19,136.2
PUNGGOL,4-ROOM,120.4,2.0,2000,"$561,000",25/01/2021,120.4
ANG MO KIO,4-ROOM,97.5,19.0,2013,"$493,000",2020-12-27,97.5
TAMPINES,3-ROOM,113.2,14.0,1993,"$480,000",26/09/2022,113.2
TAMPINES,EXECUTIVE,69.6,11.0,1981,"$268,000",2020-07-14,69.6
GEYLANG,4-ROOM,61.7,2.0,2001,"$274,000",2021-09-16,61.7
GEYLANG,5-ROOM,83.2,15.0,1987,"$358,000",10/11/2022,83.2
WOODLANDS,3-ROOM,108.6,21.0,2010,"$562,000",26/08/2023,108.6
WOODLANDS,4-ROOM,74.5,23.0,1978,"$347,000",2023-10-20,74.5
WOODLANDS,3-ROOM,102.4,28.0,1986,"$403,000",31/05/2018,102.4
WOODLANDS,5-ROOM,135.7,4.0,1991,"$491,000",03/03/2017,135.7
PUNGGOL,4-ROOM,59.6,2.0,1983,"$254,000",2022-06-04,59.6
WOODLANDS,5-ROOM,85.1,3.0,1991,"$345,000",2018-10-25,85.1
JURONG WEST,3-ROOM,90.1,28.0,2002,"$535,000",12/02/2021,90.1
PUNGGOL,3-ROOM,72.3,19.0,1997,"$335,000",2019-05-18,72.3
GEYLANG,5-ROOM,,8.0,1978,"$319,000",2022-03-30,
GEYLANG,4-ROOM,90.5,12.0,1981,"$467,000",04/08/2022,90.5
TAMPINES,5-ROOM,86.6,9.0,2012,"$410,000",2022-08-04,86.6
HOUGANG,3-ROOM,117.3,1.0,1989,"$525,000",2017-02-25,117.3
JURONG WEST,3-ROOM,66.9,23.0,2000,"$345,000",2022-01-11,66.9
PUNGGOL,4-ROOM,106.9,28.0,1984,"$491,000",15/12/2023,106.9
WOODLANDS,4-ROOM,87.8,9.0,1992,"$408,000",2018-09-02,87.8
CLEMENTI,4-ROOM,50.6,13.0,1980,"$193,000",03/03/2019,50.6
JURONG WEST,5-ROOM,138.7,29.0,2003,"$668,000",2020-05-14,138.7
GEYLANG,3-ROOM,90.7,23.0,1977,"$360,000",19/12/2021,90.7
ANG MO KIO,5-ROOM,107.7,14.0,1993,"$442,000",2023-03-21,107.7
TAMPINES,3-ROOM,66.8,12.0,2008,"$336,000",2021-07-15,66.8
GEYLANG,5-ROOM,99.1,27.0,1997,"$504,000",2018-04-18,99.1
CLEMENTI,3-ROOM,64.5,21.0,2010,"$354,000",08/04/2022,64.5
HOUGANG,3-ROOM,73.5,24.0,1981,"$228,000",12/02/2019,73.5
PUNGGOL,5-ROOM,108.2,25.0,1991,"$537,000",03/12/2019,108.2
YISHUN,5-ROOM,89.0,8.0,1991,"$349,000",25/12/2022,89.0
JURONG WEST,3-ROOM,105.4,2.0,2003,"$389,000",2019-05-05,105.4
ANG MO KIO,4-ROOM,96.7,25.0,2014,"$440,000",2019-06-05,96.7
PUNGGOL,EXECUTIVE,119.1,29.0,2014,"$628,000",01/02/2023,119.1
GEYLANG,EXECUTIVE,97.6,8.0,2000,"$348,000",17/11/2021,97.6
GEYLANG,4-ROOM,117.1,28.0,2011,"$612,000",2020-01-05,117.1
JURONG WEST,4-ROOM,69.9,2.0,2012,"$280,000",02/07/2022,69.9
WOODLANDS,4-ROOM,114.5,9.0,1995,"$486,000",2018-09-09,114.5
WOODLANDS,3-ROOM,92.5,21.0,2002,"$449,000",09/12/2023,92.5
WOODLANDS,4-ROOM,106.2,14.0,1977,"$446,000",2017-09-18,106.2
JURONG WEST,EXECUTIVE,147.1,14.0,1995,"$688,000",2023-02-13,147.1
PUNGGOL,3-ROOM,92.3,21.0,1997,"$474,000",11/01/2018,92.3
PUNGGOL,5-ROOM,78.3,26.0,2000,"$420,000",2017-08-31,78.3
YISHUN,4-ROOM,110.8,11.0,1999,"$450,000",28/07/2021,110.8
TAMPINES,3-ROOM,94.1,11.0,1997,"$382,000",2018-01-11,94.1
HOUGANG,3-ROOM,124.3,17.0,1999,"$595,000",2020-11-10,124.3
BEDOK,3-ROOM,67.6,10.0,2007,"$245,000",2020-02-09,67.6
WOODLANDS,3-ROOM,69.8,13.0,1998,"$253,000",09/03/2023,69.8
HOUGANG,5-ROOM,71.5,24.0,1978,"$363,000",24/06/2022,71.5
TAMPINES,3-ROOM,114.6,19.0,1997,"$499,000",2019-01-03,114.6
ANG MO KIO,4-ROOM,109.8,17.0,1988,"$539,000",09/06/2020,109.8
GEYLANG,3-ROOM,104.5,9.0,1988,"$496,000",2019-02-07,104.5
CLEMENTI,3-ROOM,103.2,21.0,1976,"$414,000",2018-02-07,103.2
TAMPINES,3-ROOM,95.3,29.0,2001,"$433,000",2019-09-22,95.3
PUNGGOL,5-ROOM,110.3,28.0,1977,"$485,000",12/04/2021,110.3
JURONG WEST,5-ROOM,98.0,17.0,2008,"$504,000",27/08/2021,98.0
HOUGANG,5-ROOM,99.7,9.0,1979,"$420,000",19/09/2019,99.7
YISHUN,EXECUTIVE,79.4,13.0,1984,"$298,000",2018-05-13,79.4
CLEMENTI,4-ROOM,94.6,29.0,1981,"$418,000",17/08/2019,94.6
BEDOK,EXECUTIVE,83.0,7.0,1998,"$362,000",2017-11-04,83.0
BEDOK,3-ROOM,121.4,20.0,1977,"$557,000",2023-07-12,121.4
HOUGANG,4-ROOM,98.8,7.0,2006,"$441,000",29/05/2018,98.8
CLEMENTI,5-ROOM,91.5,16.0,2006,"$404,000",29/09/2023,91.5
BEDOK,3-ROOM,76.9,8.0,1987,"$311,000",2017-02-20,76.9
CLEMENTI,5-ROOM,94.7,13.0,1999,"$395,000",23/12/2017,94.7
ANG MO KIO,3-ROOM,80.7,17.0,2006,"$392,000",2019-10-24,80.7
ANG MO KIO,3-ROOM,90.7,25.0,2005,"$510,000",2023-06-08,90.7
PUNGGOL,3-ROOM,76.8,19.0,2004,"$392,000",2020-04-17,76.8
YISHUN,3-ROOM,97.8,22.0,1995,"$513,000",2018-08-13,97.8
GEYLANG,5-ROOM,97.1,12.0,1987,"$416,000",17/02/2019,97.1
GEYLANG,3-ROOM,123.1,12.0,1996,"$489,000",23/03/2017,123.1
CLEMENTI,5-ROOM,76.5,3.0,1985,"$352,000",2023-11-17,76.5
YISHUN,5-ROOM,143.1,24.0,1998,"$643,000",2018-02-19,143.1
CLEMENTI,4-ROOM,145.3,14.0,2003,"$665,000",27/08/2020,145.3
PUNGGOL,EXECUTIVE,108.3,12.0,1992,"$496,000",04/11/2023,108.3
CLEMENTI,4-ROOM,108.7,14.0,1993,"$480,000",2023-12-19,108.7
ANG MO KIO,4-ROOM,135.7,15.0,1995,"$604,000",2017-10-28,135.7
JURONG WEST,4-ROOM,105.4,8.0,1999,"$519,000",2017-11-10,105.4
TAMPINES,3-ROOM,70.1,10.0,1998,"$313,000",2023-04-29,70.1
CLEMENTI,3-ROOM,78.2,21.0,1975,"$325,000",2021-01-24,78.2
ANG MO KIO,5-ROOM,56.0,29.0,1977,"$204,000",2018-09-29,56.0
TAMPINES,5-ROOM,85.5,27.0,2008,"$393,000",2020-10-14,85.5
TAMPINES,3-ROOM,93.8,17.0,2001,"$501,000",28/05/2021,93.8
HOUGANG,5-ROOM,68.2,11.0,1980,"$297,000",2019-12-15,68.2
TAMPINES,4-ROOM,75.2,7.0,1993,"$324,000",04/10/2021,75.2
WOODLANDS,5-ROOM,112.0,28.0,1996,"$565,000",28/01/2018,112.0
GEYLANG,5-ROOM,84.0,19.0,1994,"$429,000",2018-06-16,84.0
ANG MO KIO,5-ROOM,77.9,8.0,2011,"$341,000",2018-07-29,77.9
PUNGGOL,3-ROOM,106.6,7.0,2008,"$438,000",19/04/2018,106.6
PUNGGOL,4-ROOM,81.7,17.0,2005,"$419,000",31/12/2017,81.7
TAMPINES,5-ROOM,109.9,6.0,1987,"$474,000",2020-11-29,109.9
YISHUN,5-ROOM,64.7,3.0,1984,"$276,000",2019-10-10,64.7
PUNGGOL,3-ROOM,92.2,20.0,1988,"$384,000",31/03/2023,92.2
PUNGGOL,4-ROOM,96.8,26.0,2000,"$489,000",2017-11-17,96.8
WOODLANDS,4-ROOM,119.3,5.0,1990,"$450,000",12/07/2018,119.3
BEDOK,4-ROOM,73.4,6.0,1983,"$300,000",20/01/2020,73.4
YISHUN,3-ROOM,76.4,11.0,1990,"$262,000",12/03/2023,76.4
YISHUN,5-ROOM,109.5,25.0,1996,"$575,000",2019-09-09,109.5
YISHUN,5-ROOM,94.6,25.0,2013,"$553,000",2020-10-19,94.6
HOUGANG,5-ROOM,90.5,10.0,1978,"$336,000",2018-03-20,90.5
WOODLANDS,4-ROOM,61.3,15.0,2010,"$286,000",13/05/2019,61.3
WOODLANDS,5-ROOM,92.2,3.0,1998,"$348,000",2018-04-04,92.2
ANG MO KIO,EXECUTIVE,72.7,25.0,1983,"$383,000",2020-10-01,72.7
ANG MO KIO,3-ROOM,67.3,29.0,2011,"$302,000",02/09/2023,67.3
CLEMENTI,4-ROOM,79.8,23.0,1996,"$395,000",2022-03-21,79.8
JURONG WEST,4-ROOM,76.5,19.0,1977,"$294,000",28/06/2019,76.5
YISHUN,5-ROOM,105.1,4.0,1982,"$472,000",2022-11-27,105.1
ANG MO KIO,3-ROOM,90.2,13.0,1994,"$422,000",2017-09-02,90.2
CLEMENTI,5-ROOM,102.2,12.0,2004,"$425,000",07/03/2022,102.2
PUNGGOL,4-ROOM,107.0,11.0,2006,"$511,000",03/05/2021,107.0
HOUGANG,4-ROOM,55.8,17.0,2005,"$267,000",07/12/2019,55.8
TAMPINES,3-ROOM,119.5,4.0,2011,"$583,000",21/07/2022,119.5
HOUGANG,3-ROOM,95.8,3.0,2001,"$432,000",2023-08-19,95.8
PUNGGOL,3-ROOM,96.9,3.0,1998,"$444,000",2019-01-31,96.9
ANG MO KIO,EXECUTIVE,89.6,1.0,1977,"$244,000",20/02/2021,89.6
WOODLANDS,3-ROOM,105.2,7.0,2009,"$473,000",2017-04-08,105.2
CLEMENTI,EXECUTIVE,48.7,6.0,2010,"$218,000",29/03/2017,48.7
YISHUN,EXECUTIVE,79.1,16.0,2007,"$406,000",19/06/2020,79.1
CLEMENTI,5-ROOM,,29.0,2006,"$529,000",29/03/2019,
YISHUN,4-ROOM,115.1,15.0,2011,"$504,000",25/10/2022,115.1
ANG MO KIO,5-ROOM,93.8,12.0,1996,"$385,000",2018-12-27,93.8
YISHUN,4-ROOM,78.7,11.0,2004,"$358,000",03/02/2017,78.7
TAMPINES,5-ROOM,87.8,18.0,1994,"$419,000",2021-11-28,87.8
PUNGGOL,4-ROOM,97.4,3.0,1985,"$407,000",15/03/2021,97.4
JURONG WEST,5-ROOM,89.1,10.0,2006,"$363,000",19/02/2022,89.1
ANG MO KIO,4-ROOM,104.7,18.0,2013,"$495,000",2018-10-16,104.7
ANG MO KIO,5-ROOM,70.0,12.0,2012,"$310,000",21/07/2017,70.0
HOUGANG,5-ROOM,73.3,25.0,2010,"$387,000",2019-07-14,73.3
CLEMENTI,3-ROOM,131.6,19.0,1975,"$536,000",21/03/2020,131.6
WOODLANDS,5-ROOM,105.3,20.0,2003,"$468,000",2017-07-24,105.3
YISHUN,5-ROOM,98.5,26.0,2005,"$488,000",2020-11-10,98.5
GEYLANG,EXECUTIVE,66.2,2.0,2002,"$266,000",2019-07-26,66.2
CLEMENTI,5-ROOM,84.8,22.0,2006,"$377,000",25/11/2020,84.8
WOODLANDS,5-ROOM,123.1,26.0,1987,"$590,000",2021-07-24,123.1
YISHUN,4-ROOM,65.7,8.0,2002,"$297,000",2020-08-16,65.7
BEDOK,3-ROOM,131.1,16.0,2000,"$587,000",2023-11-05,131.1
TAMPINES,4-ROOM,48.9,12.0,1995,"$214,000",12/03/2021,48.9
TAMPINES,5-ROOM,103.0,6.0,2009,"$516,000",2023-09-10,103.0
GEYLANG,EXECUTIVE,98.5,2.0,1995,"$372,000",19/05/2021,98.5
BEDOK,4-ROOM,98.5,3.0,1984,"$525,000",07/07/2020,98.5
YISHUN,5-ROOM,73.2,9.0,2009,"$333,000",2019-10-18,73.2
GEYLANG,EXECUTIVE,133.1,3.0,1983,"$645,000",2023-09-04,133.1
TAMPINES,5-ROOM,77.6,24.0,2006,"$368,000",29/03/2020,77.6
BEDOK,4-ROOM,54.3,8.0,1988,"$213,000",10/11/2017,54.3
YISHUN,4-ROOM,89.7,19.0,1998,"$364,000",2019-05-27,89.7
ANG MO KIO,3-ROOM,85.9,24.0,1999,"$397,000",24/09/2021,85.9
YISHUN,3-ROOM,71.2,25.0,2011,"$380,000",26/09/2019,71.2
JURONG WEST,3-ROOM,75.6,6.0,1991,"$313,000",2020-02-05,75.6
CLEMENTI,4-ROOM,82.0,2.0,1975,"$244,000",2020-03-18,82.0
ANG MO KIO,3-ROOM,106.5,17.0,2010,"$514,000",05/08/2019,106.5
JURONG WEST,5-ROOM,40.0,21.0,1987,"$150,000",2021-09-18,40.0
YISHUN,5-ROOM,92.4,27.0,1999,"$395,000",2017-05-28,92.4
JURONG WEST,5-ROOM,129.7,1.0,1977,"$496,000",2020-08-03,129.7
JURONG WEST,3-ROOM,101.6,19.0,2004,"$517,000",2019-06-29,101.6
TAMPINES,3-ROOM,98.7,26.0,2011,"$549,000",14/01/2019,98.7
TAMPINES,5-ROOM,122.1,3.0,1976,"$483,000",2017-04-09,122.1
CLEMENTI,5-ROOM,95.8,15.0,1984,"$419,000",2018-09-10,95.8
GEYLANG,4-ROOM,114.6,10.0,1982,"$468,000",2017-06-27,114.6
ANG MO KIO,4-ROOM,90.5,16.0,2010,"$459,000",2023-02-08,90.5
GEYLANG,5-ROOM,94.8,26.0,1978,"$475,000",2023-03-26,94.8
ANG MO KIO,4-ROOM,55.7,12.0,2010,"$231,000",2020-01-18,55.7
HOUGANG,5-ROOM,90.0,22.0,2001,"$387,000",12/06/2017,90.0
GEYLANG,5-ROOM,71.1,24.0,1991,"$385,000",14/05/2020,71.1
TAMPINES,4-ROOM,64.4,29.0,2007,"$346,000",2020-06-21,64.4
WOODLANDS,4-ROOM,83.5,14.0,2006,"$417,000",2023-05-29,83.5
BEDOK,4-ROOM,93.3,6.0,1984,"$357,000",2018-05-24,93.3
ANG MO KIO,5-ROOM,85.6,6.0,2008,"$444,000",05/01/2019,85.6
JURONG WEST,3-ROOM,58.9,4.0,2000,"$282,000",22/09/2018,58.9
TAMPINES,4-ROOM,88.0,3.0,1990,"$374,000",2022-07-07,88.0
WOODLANDS,EXECUTIVE,129.4,2.0,1996,"$462,000",2023-12-15,129.4
PUNGGOL,5-ROOM,69.4,28.0,1975,"$256,000",2020-10-04,69.4
GEYLANG,5-ROOM,96.8,19.0,2006,"$498,000",2021-06-11,96.8
CLEMENTI,3-ROOM,,9.0,1985,"$350,000",31/12/2021,
JURONG WEST,3-ROOM,102.1,14.0,1994,"$485,000",2017-10-13,102.1
BEDOK,5-ROOM,54.2,4.0,1986,"$265,000",2018-04-14,54.2
GEYLANG,5-ROOM,113.0,4.0,2006,"$522,000",19/08/2019,113.0
BEDOK,EXECUTIVE,89.4,18.0,2012,"$419,000",04/08/2022,89.4
GEYLANG,5-ROOM,62.8,12.0,1985,"$248,000",08/04/2020,62.8
ANG MO KIO,4-ROOM,60.4,9.0,2008,"$256,000",08/02/2022,60.4
YISHUN,5-ROOM,81.2,22.0,1980,"$383,000",04/07/2018,81.2
PUNGGOL,4-ROOM,89.9,9.0,1981,"$408,000",26/04/2021,89.9
ANG MO KIO,5-ROOM,108.3,9.0,1986,"$463,000",2023-09-11,108.3
PUNGGOL,3-ROOM,52.0,2.0,2003,"$224,000",2019-09-30,52.0
TAMPINES,4-ROOM,123.0,28.0,1975,"$468,000",12/08/2023,123.0
TAMPINES,3-ROOM,128.4,27.0,2006,"$656,000",15/07/2019,128.4
BEDOK,3-ROOM,115.6,21.0,1994,"$527,000",19/08/2019,115.6
TAMPINES,3-ROOM,95.2,8.0,1994,"$387,000",17/03/2021,95.2
HOUGANG,3-ROOM,95.9,27.0,2013,"$508,000",2023-12-14,95.9
ANG MO KIO,4-ROOM,77.0,7.0,1992,"$291,000",2019-05-05,77.0
YISHUN,EXECUTIVE,115.9,13.0,2011,"$542,000",04/02/2020,115.9
PUNGGOL,3-ROOM,125.4,22.0,1987,"$639,000",2023-05-01,125.4
WOODLANDS,4-ROOM,85.8,9.0,1987,"$329,000",14/11/2021,85.8
JURONG WEST,4-ROOM,81.9,9.0,2001,"$337,000",2023-03-29,81.9
WOODLANDS,4-ROOM,102.8,21.0,2003,"$604,000",2021-10-04,102.8
YISHUN,3-ROOM,106.7,25.0,2014,"$534,000",2022-03-27,106.7
GEYLANG,4-ROOM,99.3,27.0,2003,"$453,000",08/02/2022,99.3
BEDOK,3-ROOM,110.5,13.0,2011,"$481,000",04/04/2018,110.5
PUNGGOL,5-ROOM,76.3,23.0,2004,"$389,000",05/02/2019,76.3
CLEMENTI,3-ROOM,89.7,15.0,1991,"$411,000",2023-04-12,89.7
WOODLANDS,3-ROOM,92.1,24.0,2007,"$434,000",2018-07-27,92.1
YISHUN,5-ROOM,97.8,26.0,1979,"$445,000",08/03/2018,97.8
YISHUN,4-ROOM,109.6,24.0,1999,"$513,000",19/12/2023,109.6
TAMPINES,4-ROOM,101.2,28.0,1977,"$520,000",11/02/2019,101.2
HOUGANG,4-ROOM,119.0,26.0,1995,"$632,000",2022-06-10,119.0
PUNGGOL,EXECUTIVE,130.1,29.0,1996,"$646,000",2022-09-13,130.1
GEYLANG,4-ROOM,95.3,28.0,1984,"$460,000",2021-11-25,95.3
HOUGANG,5-ROOM,104.7,10.0,1998,"$460,000",2021-08-10,104.7
JURONG WEST,4-ROOM,95.5,29.0,2002,"$540,000",2018-09-21,95.5
CLEMENTI,5-ROOM,129.6,17.0,2007,"$600,000",2021-12-28,129.6
YISHUN,5-ROOM,97.5,14.0,1979,"$388,000",05/10/2023,97.5
YISHUN,4-ROOM,100.5,2.0,1995,"$359,000",31/07/2020,100.5
JURONG WEST,4-ROOM,87.3,19.0,2007,"$485,000",12/03/2018,87.3
TAMPINES,EXECUTIVE,116.0,28.0,1978,"$551,000",2021-03-15,116.0
PUNGGOL,5-ROOM,93.6,21.0,2002,"$439,000",03/08/2017,93.6
GEYLANG,5-ROOM,93.6,26.0,1993,"$490,000",2019-12-09,93.6
HOUGANG,EXECUTIVE,100.2,21.0,1988,"$482,000",2020-05-06,100.2
BEDOK,4-ROOM,112.4,18.0,1976,"$452,000",2022-03-02,112.4
CLEMENTI,5-ROOM,45.9,27.0,1979,"$195,000",2019-03-05,45.9
YISHUN,5-ROOM,111.4,18.0,1989,"$462,000",2019-11-23,111.4
YISHUN,4-ROOM,85.1,15.0,1999,"$413,000",16/06/2019,85.1
BEDOK,5-ROOM,97.4,27.0,2005,"$462,000",04/06/2019,97.4
WOODLANDS,3-ROOM,83.7,4.0,1994,"$364,000",04/09/2019,83.7
TAMPINES,EXECUTIVE,80.5,14.0,1996,"$277,000",07/01/2017,80.5
ANG MO KIO,4-ROOM,154.1,10.0,1977,"$716,000",17/10/2020,154.1
TAMPINES,3-ROOM,86.1,29.0,1984,"$378,000",2018-01-10,86.1
ANG MO KIO,5-ROOM,84.3,1.0,1999,"$343,000",06/05/2022,84.3
CLEMENTI,3-ROOM,108.7,4.0,1990,"$451,000",2017-11-21,108.7
ANG MO KIO,3-ROOM,113.0,23.0,1994,"$465,000",2022-07-08,113.0
PUNGGOL,5-ROOM,163.2,7.0,2012,"$705,000",2021-10-08,163.2
YISHUN,3-ROOM,69.8,10.0,1988,"$256,000",2023-10-03,69.8
WOODLANDS,5-ROOM,87.1,19.0,1984,"$398,000",2021-12-12,87.1
GEYLANG,5-ROOM,87.7,13.0,2008,"$365,000",2022-09-13,87.7
PUNGGOL,5-ROOM,123.7,7.0,1976,"$520,000",12/02/2017,123.7
TAMPINES,3-ROOM,90.1,1.0,2004,"$463,000",05/08/2019,90.1
ANG MO KIO,5-ROOM,99.7,29.0,1996,"$604,000",07/11/2017,99.7
BEDOK,5-ROOM,92.1,2.0,1991,"$389,000",2022-03-30,92.1
TAMPINES,4-ROOM,129.0,27.0,2004,"$639,000",26/12/2018,129.0
HOUGANG,3-ROOM,110.9,19.0,2011,"$563,000",2022-08-26,110.9
JURONG WEST,4-ROOM,69.1,10.0,1977,"$308,000",30/08/2019,69.1
TAMPINES,5-ROOM,63.9,9.0,1979,"$238,000",2022-12-09,63.9
WOODLANDS,5-ROOM,96.3,13.0,1975,"$402,000",24/11/2019,96.3
WOODLANDS,4-ROOM,102.7,10.0,1986,"$459,000",2020-09-03,102.7
WOODLANDS,5-ROOM,90.3,19.0,1995,"$402,000",2023-08-02,90.3
WOODLANDS,5-ROOM,99.7,5.0,1975,"$315,000",2023-11-19,99.7
ANG MO KIO,3-ROOM,58.5,22.0,1984,"$282,000",18/01/2020,58.5
PUNGGOL,5-ROOM,93.0,9.0,2011,"$398,000",22/09/2019,93.0
WOODLANDS,3-ROOM,133.6,19.0,1977,"$596,000",25/12/2019,133.6
BEDOK,4-ROOM,127.7,14.0,1975,"$603,000",18/10/2017,127.7
TAMPINES,3-ROOM,116.9,14.0,2009,"$478,000",17/10/2023,116.9
ANG MO KIO,3-ROOM,111.7,21.0,2000,"$547,000",20/09/2022,111.7
JURONG WEST,4-ROOM,100.6,2.0,1981,"$366,000",28/02/2021,100.6
CLEMENTI,4-ROOM,119.7,23.0,1983,"$491,000",2020-07-04,119.7
CLEMENTI,4-ROOM,74.1,17.0,2006,"$368,000",2017-11-26,74.1
JURONG WEST,5-ROOM,122.3,29.0,1994,"$605,000",23/01/2021,122.3
YISHUN,4-ROOM,83.0,11.0,1975,"$300,000",10/04/2022,83.0
ANG MO KIO,5-ROOM,106.4,14.0,1998,"$434,000",16/03/2021,106.4
TAMPINES,4-ROOM,118.9,12.0,2010,"$475,000",10/11/2017,118.9
BEDOK,5-ROOM,103.4,8.0,1988,"$491,000",2017-04-27,103.4
TAMPINES,5-ROOM,115.2,22.0,2011,"$495,000",23/04/2018,115.2
PUNGGOL,4-ROOM,162.4,19.0,1986,"$762,000",01/06/2018,162.4
CLEMENTI,3-ROOM,90.6,21.0,2009,"$455,000",08/09/2019,90.6
PUNGGOL,3-ROOM,107.8,16.0,1984,"$456,000",2021-01-03,107.8
YISHUN,4-ROOM,99.2,11.0,1989,"$474,000",2021-07-04,99.2
GEYLANG,4-ROOM,99.8,22.0,2001,"$461,000",2021-06-26,99.8
TAMPINES,4-ROOM,72.5,7.0,2001,"$337,000",2020-02-02,72.5
YISHUN,3-ROOM,114.6,29.0,2006,"$624,000",28/03/2022,114.6
TAMPINES,3-ROOM,40.0,6.0,2012,"$150,000",25/04/2017,40.0
JURONG WEST,EXECUTIVE,90.8,24.0,2000,"$459,000",24/01/2018,90.8
PUNGGOL,EXECUTIVE,98.6,26.0,1976,"$429,000",2017-06-19,98.6
GEYLANG,4-ROOM,139.5,5.0,2005,"$668,000",2022-07-30,139.5
TAMPINES,5-ROOM,82.5,2.0,1992,"$334,000",19/11/2022,82.5
ANG MO KIO,5-ROOM,102.7,16.0,2002,"$426,000",21/12/2023,102.7
CLEMENTI,3-ROOM,70.1,18.0,1980,"$357,000",15/10/2018,70.1
TAMPINES,EXECUTIVE,123.4,23.0,1987,"$585,000",08/01/2019,123.4
PUNGGOL,3-ROOM,75.3,22.0,2003,"$312,000",2020-10-11,75.3
BEDOK,EXECUTIVE,61.3,24.0,2006,"$333,000",02/02/2019,61.3
TAMPINES,4-ROOM,74.4,16.0,2001,"$318,000",2023-05-21,74.4
TAMPINES,5-ROOM,132.9,9.0,2010,"$601,000",2023-08-19,132.9
JURONG WEST,3-ROOM,84.0,20.0,1979,"$334,000",2018-01-11,84.0
JURONG WEST,3-ROOM,125.4,6.0,2005,"$599,000",2022-10-31,125.4
YISHUN,3-ROOM,94.6,7.0,1990,"$311,000",03/02/2023,94.6
CLEMENTI,5-ROOM,111.8,21.0,1975,"$491,000",07/10/2023,111.8
PUNGGOL,4-ROOM,106.0,19.0,2009,"$535,000",2023-11-13,106.0
PUNGGOL,5-ROOM,104.4,24.0,2008,"$515,000",2023-12-18,104.4
YISHUN,EXECUTIVE,101.0,19.0,2009,"$483,000",2020-05-19,101.0
CLEMENTI,4-ROOM,83.6,9.0,1980,"$271,000",31/08/2020,83.6
CLEMENTI,4-ROOM,95.4,22.0,1997,"$465,000",2022-11-10,95.4
YISHUN,3-ROOM,67.2,17.0,2014,"$373,000",2019-06-09,67.2
CLEMENTI,4-ROOM,87.1,2.0,2008,"$409,000",12/09/2017,87.1
JURONG WEST,4-ROOM,59.8,21.0,1979,"$245,000",14/06/2017,59.8
YISHUN,4-ROOM,75.0,28.0,1998,"$422,000",2023-09-12,75.0
PUNGGOL,3-ROOM,111.5,24.0,2003,"$542,000",2020-02-09,111.5
TAMPINES,5-ROOM,52.7,17.0,2014,"$324,000",30/01/2017,52.7
WOODLANDS,3-ROOM,92.9,20.0,2002,"$469,000",02/08/2019,92.9
YISHUN,4-ROOM,59.1,4.0,2007,"$253,000",03/05/2023,59.1
HOUGANG,4-ROOM,110.3,15.0,1984,"$474,000",11/02/2017,110.3
WOODLANDS,3-ROOM,109.1,12.0,2009,"$480,000",21/09/2023,109.1
JURONG WEST,3-ROOM,105.2,6.0,1991,"$399,000",01/07/2021,105.2
PUNGGOL,3-ROOM,107.1,4.0,1976,"$376,000",2022-08-15,107.1
HOUGANG,3-ROOM,86.7,13.0,1986,"$338,000",06/06/2020,86.7
WOODLANDS,3-ROOM,82.9,29.0,2005,"$510,000",2018-08-27,82.9
BEDOK,4-ROOM,93.0,13.0,1985,"$396,000",17/02/2023,93.0
CLEMENTI,4-ROOM,96.8,4.0,1976,"$367,000",15/07/2021,96.8
TAMPINES,3-ROOM,83.8,1.0,2007,"$364,000",2018-04-19,83.8
CLEMENTI,4-ROOM,87.4,27.0,1996,"$433,000",2018-05-29,87.4
GEYLANG,EXECUTIVE,95.0,15.0,1984,"$384,000",08/01/2017,95.0
HOUGANG,5-ROOM,67.4,4.0,2007,"$288,000",26/10/2019,67.4
CLEMENTI,3-ROOM,84.5,27.0,1987,"$393,000",2017-05-21,84.5
YISHUN,4-ROOM,116.9,18.0,1989,"$462,000",2021-10-07,116.9
GEYLANG,5-ROOM,71.2,18.0,1985,"$353,000",06/03/2019,71.2
ANG MO KIO,4-ROOM,63.0,17.0,1976,"$240,000",2019-08-07,63.0
JURONG WEST,4-ROOM,87.6,3.0,2003,"$395,000",2023-04-03,87.6
YISHUN,EXECUTIVE,70.9,15.0,1984,"$305,000",19/06/2020,70.9
BEDOK,4-ROOM,61.9,22.0,1997,"$312,000",06/06/2020,61.9
YISHUN,5-ROOM,85.1,2.0,2010,"$354,000",2017-11-18,85.1
PUNGGOL,5-ROOM,87.3,8.0,2004,"$386,000",13/02/2022,87.3
YISHUN,3-ROOM,116.8,10.0,1978,"$489,000",2019-02-15,116.8
ANG MO KIO,4-ROOM,76.5,7.0,2002,"$341,000",03/07/2023,76.5
ANG MO KIO,EXECUTIVE,97.9,26.0,2012,"$521,000",25/09/2017,97.9
PUNGGOL,5-ROOM,77.0,4.0,2011,"$287,000",2017-12-09,77.0
GEYLANG,4-ROOM,102.5,27.0,2005,"$576,000",17/09/2018,102.5
TAMPINES,4-ROOM,58.5,2.0,1991,"$167,000",2017-07-09,58.5
HOUGANG,4-ROOM,131.5,23.0,2011,"$652,000",2023-10-20,131.5
CLEMENTI,4-ROOM,90.2,8.0,2010,"$377,000",2023-04-27,90.2
CLEMENTI,4-ROOM,69.7,12.0,2008,"$358,000",2018-03-28,69.7
WOODLANDS,3-ROOM,146.4,2.0,1990,"$652,000",29/04/2021,146.4
ANG MO KIO,4-ROOM,121.8,1.0,1992,"$494,000",2017-04-05,121.8
GEYLANG,4-ROOM,83.8,8.0,2004,"$409,000",02/10/2018,83.8
CLEMENTI,5-ROOM,80.7,26.0,2008,"$389,000",22/12/2021,80.7
HOUGANG,4-ROOM,85.7,3.0,2010,"$370,000",26/08/2022,85.7
BEDOK,4-ROOM,90.3,10.0,2001,"$392,000",30/12/2018,90.3
TAMPINES,4-ROOM,93.6,12.0,2001,"$456,000",20/04/2018,93.6
GEYLANG,4-ROOM,42.3,1.0,1979,"$155,000",14/10/2019,42.3
PUNGGOL,4-ROOM,93.7,24.0,2002,"$508,000",2018-04-25,93.7
ANG MO KIO,5-ROOM,103.6,23.0,2009,"$491,000",27/09/2020,103.6
HOUGANG,3-ROOM,101.2,28.0,1985,"$465,000",13/10/2023,101.2
CLEMENTI,4-ROOM,69.0,6.0,1981,"$268,000",2022-08-06,69.0
BEDOK,4-ROOM,161.6,17.0,2009,"$721,000",23/01/2018,161.6
BEDOK,4-ROOM,72.6,21.0,2002,"$421,000",24/10/2020,72.6
TAMPINES,5-ROOM,93.0,19.0,1976,"$393,000",20/03/2017,93.0
WOODLANDS,4-ROOM,96.7,19.0,1996,"$484,000",05/08/2023,96.7
ANG MO KIO,5-ROOM,97.9,16.0,2001,"$372,000",2021-09-23,97.9
ANG MO KIO,EXECUTIVE,126.4,29.0,1995,"$550,000",24/10/2022,126.4
TAMPINES,3-ROOM,63.3,29.0,2007,"$324,000",18/07/2023,63.3
YISHUN,5-ROOM,104.2,26.0,2011,"$604,000",24/02/2018,104.2
HOUGANG,4-ROOM,80.9,13.0,1980,"$384,000",2021-03-24,80.9
YISHUN,4-ROOM,114.8,4.0,2003,"$504,000",01/04/2017,114.8
YISHUN,5-ROOM,113.7,24.0,2001,"$570,000",2022-11-02,113.7
JURONG WEST,4-ROOM,53.1,27.0,2008,"$271,000",2022-02-07,53.1
BEDOK,5-ROOM,115.2,13.0,1977,"$463,000",2018-03-14,115.2
GEYLANG,EXECUTIVE,95.2,1.0,1975,"$428,000",17/03/2018,95.2
YISHUN,4-ROOM,98.1,8.0,2012,"$436,000",05/09/2020,98.1
JURONG WEST,4-ROOM,131.5,23.0,1984,"$598,000",04/08/2021,131.5
JURONG WEST,3-ROOM,115.2,29.0,2006,"$632,000",23/01/2018,115.2
WOODLANDS,EXECUTIVE,85.8,27.0,1993,"$509,000",2020-12-23,85.8
BEDOK,4-ROOM,69.9,18.0,1976,"$330,000",2019-01-26,69.9
CLEMENTI,5-ROOM,108.6,28.0,2011,"$551,000",2023-01-05,108.6
CLEMENTI,3-ROOM,55.6,14.0,2013,"$279,000",2017-10-31,55.6
ANG MO KIO,4-ROOM,80.5,23.0,1999,"$446,000",2018-11-18,80.5
WOODLANDS,4-ROOM,82.7,4.0,1981,"$277,000",2021-08-06,82.7
ANG MO KIO,3-ROOM,77.5,13.0,1985,"$324,000",02/07/2020,77.5
PUNGGOL,5-ROOM,120.7,13.0,1975,"$485,000",2018-03-11,120.7
JURONG WEST,4-ROOM,93.1,9.0,1989,"$471,000",2017-09-01,93.1
YISHUN,EXECUTIVE,105.1,18.0,1986,"$505,000",08/05/2017,105.1
PUNGGOL,EXECUTIVE,88.7,24.0,1988,"$450,000",07/06/2020,88.7
GEYLANG,3-ROOM,90.5,4.0,1981,"$402,000",06/07/2022,90.5
TAMPINES,5-ROOM,73.5,14.0,2000,"$336,000",13/01/2018,73.5
JURONG WEST,3-ROOM,89.2,20.0,2014,"$534,000",2018-01-09,89.2
WOODLANDS,5-ROOM,103.6,6.0,1998,"$442,000",22/04/2020,103.6
TAMPINES,4-ROOM,64.7,23.0,1988,"$373,000",2018-04-13,64.7
CLEMENTI,EXECUTIVE,105.9,28.0,1994,"$557,000",2019-03-20,105.9
ANG MO KIO,5-ROOM,91.4,12.0,1997,"$436,000",2022-02-11,91.4
BEDOK,4-ROOM,105.1,27.0,2001,"$420,000",07/08/2019,105.1
HOUGANG,4-ROOM,93.9,2.0,2011,"$398,000",10/04/2023,93.9
BEDOK,3-ROOM,103.9,9.0,1976,"$418,000",27/02/2018,103.9
ANG MO KIO,5-ROOM,121.3,1.0,1994,"$550,000",2022-08-30,121.3
GEYLANG,4-ROOM,72.1,17.0,1997,"$344,000",28/08/2018,72.1
ANG MO KIO,4-ROOM,76.7,22.0,1976,"$306,000",2021-06-11,76.7
CLEMENTI,3-ROOM,99.6,11.0,1999,"$442,000",14/01/2021,99.6
HOUGANG,4-ROOM,136.3,5.0,1983,"$570,000",17/02/2022,136.3
CLEMENTI,4-ROOM,108.2,29.0,1994,"$555,000",07/08/2021,108.2
TAMPINES,5-ROOM,134.1,19.0,2010,"$640,000",2019-04-19,134.1
JURONG WEST,3-ROOM,90.9,22.0,2000,"$454,000",05/06/2021,90.9
GEYLANG,EXECUTIVE,81.2,2.0,1999,"$224,000",2019-11-22,81.2
HOUGANG,EXECUTIVE,40.0,25.0,2003,"$299,000",14/09/2022,40.0
ANG MO KIO,3-ROOM,71.7,9.0,1979,"$237,000",29/09/2019,71.7
JURONG WEST,4-ROOM,69.8,17.0,1980,"$302,000",02/09/2017,69.8
WOODLANDS,3-ROOM,76.1,28.0,2011,"$390,000",30/04/2019,76.1
GEYLANG,4-ROOM,99.6,21.0,1984,"$461,000",2018-06-12,99.6
ANG MO KIO,EXECUTIVE,63.8,10.0,2014,"$306,000",03/03/2017,63.8
GEYLANG,3-ROOM,59.8,6.0,1987,"$227,000",05/07/2020,59.8
HOUGANG,3-ROOM,123.5,20.0,1991,"$576,000",2017-10-18,123.5
PUNGGOL,5-ROOM,79.2,14.0,1976,"$289,000",2017-11-19,79.2
BEDOK,4-ROOM,87.9,12.0,1986,"$379,000",2020-01-31,87.9
BEDOK,EXECUTIVE,107.4,26.0,2009,"$529,000",2018-06-15,107.4
ANG MO KIO,5-ROOM,97.3,19.0,2006,"$423,000",04/01/2019,97.3
GEYLANG,5-ROOM,94.1,9.0,2010,"$417,000",27/12/2020,94.1
HOUGANG,3-ROOM,83.4,25.0,1986,"$392,000",2021-12-24,83.4
PUNGGOL,EXECUTIVE,88.9,13.0,2001,"$336,000",03/12/2020,88.9
GEYLANG,4-ROOM,110.5,16.0,2011,"$559,000",20/05/2019,110.5
PUNGGOL,5-ROOM,115.5,29.0,2014,"$526,000",28/03/2017,115.5
HOUGANG,4-ROOM,90.3,28.0,1976,"$431,000",2017-04-12,90.3
GEYLANG,4-ROOM,100.8,29.0,1978,"$464,000",13/07/2021,100.8
JURONG WEST,EXECUTIVE,71.3,16.0,1983,"$361,000",2020-12-23,71.3
PUNGGOL,4-ROOM,73.3,,1989,"$375,000",2018-08-14,73.3
TAMPINES,5-ROOM,146.1,18.0,2004,"$706,000",24/10/2022,146.1
BEDOK,4-ROOM,98.5,29.0,1986,"$493,000",02/08/2021,98.5
BEDOK,4-ROOM,69.3,19.0,1986,"$326,000",2023-06-22,69.3
PUNGGOL,5-ROOM,106.3,12.0,1980,"$476,000",2023-06-22,106.3
CLEMENTI,3-ROOM,63.9,14.0,2005,"$342,000",2021-11-21,63.9
HOUGANG,5-ROOM,123.3,9.0,1976,"$522,000",21/07/2020,123.3
PUNGGOL,4-ROOM,95.3,15.0,2004,"$348,000",10/05/2018,95.3
PUNGGOL,5-ROOM,122.9,25.0,2011,"$610,000",21/07/2017,122.9
CLEMENTI,3-ROOM,46.7,27.0,1981,"$249,000",19/04/2023,46.7
PUNGGOL,4-ROOM,86.0,22.0,1987,"$323,000",2020-02-05,86.0
GEYLANG,4-ROOM,96.5,28.0,1999,"$537,000",10/09/2019,96.5
CLEMENTI,4-ROOM,54.7,21.0,2002,"$238,000",04/02/2020,54.7
HOUGANG,EXECUTIVE,77.4,18.0,1979,"$358,000",08/09/2021,77.4
YISHUN,3-ROOM,107.8,4.0,1975,"$391,000",24/11/2019,107.8
GEYLANG,4-ROOM,77.6,12.0,2001,"$307,000",2022-12-09,77.6
HOUGANG,4-ROOM,101.3,7.0,1979,"$390,000",2021-08-04,101.3
JURONG WEST,5-ROOM,68.7,14.0,2002,"$347,000",06/06/2023,68.7
TAMPINES,EXECUTIVE,79.8,14.0,2001,"$358,000",2019-02-14,79.8
CLEMENTI,3-ROOM,110.7,11.0,2005,"$574,000",2022-07-26,110.7
PUNGGOL,4-ROOM,128.4,24.0,1987,"$588,000",29/09/2020,128.4
JURONG WEST,4-ROOM,87.0,4.0,1992,"$366,000",11/04/2018,87.0
GEYLANG,3-ROOM,56.3,9.0,1975,"$178,000",25/03/2021,56.3
ANG MO KIO,5-ROOM,126.0,2.0,1993,"$485,000",20/08/2018,126.0
YISHUN,5-ROOM,101.8,9.0,2006,"$464,000",2017-04-18,101.8
GEYLANG,4-ROOM,106.9,10.0,1980,"$411,000",09/06/2018,106.9
PUNGGOL,4-ROOM,101.3,18.0,2008,"$468,000",2022-12-05,101.3
PUNGGOL,3-ROOM,88.1,14.0,1988,"$367,000",2018-12-26,88.1
PUNGGOL,4-ROOM,54.9,1.0,1985,"$195,000",2023-09-03,54.9
WOODLANDS,5-ROOM,96.0,22.0,1991,"$429,000",2018-04-24,96.0
PUNGGOL,5-ROOM,107.1,15.0,1988,"$518,000",2021-06-28,107.1
TAMPINES,4-ROOM,69.8,28.0,2005,"$389,000",05/06/2018,69.8
CLEMENTI,5-ROOM,109.0,25.0,1977,"$483,000",2017-08-05,109.0
BEDOK,4-ROOM,79.0,17.0,1988,"$328,000",2020-10-24,79.0
CLEMENTI,4-ROOM,50.4,7.0,1994,"$222,000",04/05/2019,50.4
PUNGGOL,4-ROOM,85.6,20.0,2002,"$415,000",23/01/2022,85.6
TAMPINES,EXECUTIVE,118.9,6.0,1976,"$479,000",2017-06-07,118.9
YISHUN,3-ROOM,93.0,22.0,1985,"$388,000",04/02/2018,93.0
HOUGANG,5-ROOM,58.2,19.0,2000,"$325,000",11/11/2022,58.2
TAMPINES,4-ROOM,98.4,24.0,1976,"$401,000",2023-04-19,98.4
YISHUN,4-ROOM,99.3,21.0,1985,"$423,000",2019-01-06,99.3
GEYLANG,5-ROOM,82.6,8.0,2006,"$389,000",14/10/2018,82.6
GEYLANG,5-ROOM,118.1,3.0,1989,"$417,000",16/11/2023,118.1
WOODLANDS,3-ROOM,93.9,16.0,1989,"$318,000",2021-08-24,93.9
BEDOK,3-ROOM,91.1,9.0,2009,"$438,000",21/08/2022,91.1
JURONG WEST,4-ROOM,82.5,5.0,1995,"$405,000",2020-05-23,82.5
GEYLANG,5-ROOM,107.1,28.0,2012,"$547,000",2022-01-16,107.1
PUNGGOL,5-ROOM,78.0,29.0,1981,"$352,000",2020-10-24,78.0
ANG MO KIO,5-ROOM,99.0,15.0,1994,"$471,000",06/04/2021,99.0
YISHUN,4-ROOM,95.1,8.0,1986,"$456,000",2017-01-11,95.1
ANG MO KIO,4-ROOM,71.5,12.0,2012,"$347,000",2018-06-27,71.5
PUNGGOL,3-ROOM,114.7,1.0,1976,"$470,000",2021-05-05,114.7
JURONG WEST,4-ROOM,96.6,8.0,1982,"$467,000",2018-06-08,96.6
YISHUN,4-ROOM,112.4,7.0,1985,"$412,000",04/05/2019,112.4
BEDOK,4-ROOM,95.5,6.0,1977,"$368,000",23/07/2022,95.5
HOUGANG,4-ROOM,81.6,6.0,1977,"$276,000",28/10/2017,81.6
WOODLANDS,3-ROOM,91.8,15.0,1988,"$427,000",2020-10-11,91.8
WOODLANDS,5-ROOM,100.2,24.0,1993,"$522,000",17/04/2019,100.2
YISHUN,4-ROOM,70.0,23.0,2004,"$319,000",2021-07-02,70.0
GEYLANG,3-ROOM,83.3,5.0,1989,"$346,000",2017-09-01,83.3
WOODLANDS,3-ROOM,111.4,7.0,1986,"$431,000",2018-04-09,111.4
GEYLANG,EXECUTIVE,77.0,3.0,2002,"$394,000",18/12/2023,77.0
GEYLANG,3-ROOM,94.1,9.0,1981,"$393,000",2019-02-18,94.1
TAMPINES,3-ROOM,71.7,19.0,1978,"$334,000",2020-11-07,71.7
PUNGGOL,4-ROOM,80.4,29.0,2008,"$413,000",19/09/2023,80.4
WOODLANDS,EXECUTIVE,89.8,11.0,2014,"$449,000",2022-07-15,89.8
HOUGANG,5-ROOM,114.1,10.0,1983,"$491,000",2021-05-19,114.1
WOODLANDS,5-ROOM,66.3,8.0,1975,"$179,000",12/08/2021,66.3
HOUGANG,5-ROOM,114.5,9.0,2005,"$468,000",2018-01-21,114.5
JURONG WEST,4-ROOM,80.4,1.0,1979,"$360,000",2021-12-08,80.4
WOODLANDS,3-ROOM,98.4,20.0,2002,"$553,000",06/09/2021,98.4
WOODLANDS,3-ROOM,103.3,9.0,2002,"$524,000",21/10/2017,103.3
WOODLANDS,5-ROOM,122.3,14.0,2001,"$536,000",2022-05-23,122.3
CLEMENTI,4-ROOM,117.5,29.0,2012,"$573,000",2018-09-11,117.5
GEYLANG,4-ROOM,108.2,13.0,1987,"$468,000",12/06/2018,108.2
TAMPINES,4-ROOM,71.2,21.0,2002,"$390,000",16/08/2020,71.2
PUNGGOL,3-ROOM,111.6,20.0,1981,"$417,000",2020-09-03,111.6
WOODLANDS,4-ROOM,108.6,28.0,2010,"$567,000",04/11/2019,108.6
HOUGANG,EXECUTIVE,125.4,21.0,2004,"$699,000",23/01/2023,125.4
YISHUN,EXECUTIVE,109.1,27.0,1989,"$528,000",2022-12-25,109.1
ANG MO KIO,3-ROOM,118.5,28.0,1977,"$622,000",13/08/2017,118.5
CLEMENTI,3-ROOM,134.5,13.0,1993,"$608,000",2018-07-27,134.5
YISHUN,3-ROOM,112.8,12.0,2007,"$420,000",18/03/2017,112.8
JURONG WEST,4-ROOM,87.8,20.0,1975,"$402,000",03/05/2017,87.8
CLEMENTI,5-ROOM,105.3,7.0,2007,"$490,000",2018-08-21,105.3
TAMPINES,4-ROOM,59.6,24.0,2004,"$314,000",23/04/2023,59.6
CLEMENTI,4-ROOM,100.6,4.0,1998,"$413,000",2019-03-29,100.6
ANG MO KIO,4-ROOM,108.4,29.0,2002,"$566,000",2022-10-23,108.4
CLEMENTI,EXECUTIVE,58.9,17.0,1976,"$265,000",2018-11-07,58.9
ANG MO KIO,EXECUTIVE,71.8,6.0,2011,"$332,000",2017-12-02,71.8
JURONG WEST,3-ROOM,76.2,2.0,1987,"$336,000",14/04/2019,76.2
PUNGGOL,4-ROOM,62.9,7.0,2009,"$333,000",12/05/2019,62.9
GEYLANG,4-ROOM,100.6,8.0,2006,"$440,000",2022-06-05,100.6
WOODLANDS,3-ROOM,80.6,12.0,2012,"$418,000",21/04/2017,80.6
CLEMENTI,4-ROOM,142.4,3.0,2002,"$686,000",01/03/2020,142.4
HOUGANG,3-ROOM,94.7,19.0,1987,"$414,000",30/06/2018,94.7
GEYLANG,4-ROOM,70.2,15.0,2000,"$322,000",26/01/2017,70.2
GEYLANG,4-ROOM,101.3,18.0,1989,"$513,000",29/07/2021,101.3
ANG MO KIO,5-ROOM,72.0,22.0,1994,"$325,000",2022-07-24,72.0
YISHUN,4-ROOM,92.5,5.0,2006,"$401,000",13/04/2021,92.5
TAMPINES,4-ROOM,120.6,28.0,1990,"$612,000",2021-04-16,120.6
ANG MO KIO,EXECUTIVE,104.3,2.0,2004,"$421,000",2017-08-07,104.3
YISHUN,5-ROOM,74.7,3.0,2000,"$244,000",2018-10-07,74.7
GEYLANG,3-ROOM,104.1,12.0,1991,"$463,000",25/09/2023,104.1
BEDOK,5-ROOM,95.9,24.0,2014,"$553,000",20/03/2018,95.9
WOODLANDS,5-ROOM,118.2,28.0,1980,"$595,000",2020-10-27,118.2
CLEMENTI,5-ROOM,93.9,13.0,1999,"$411,000",23/07/2020,93.9
PUNGGOL,3-ROOM,63.8,3.0,1995,"$241,000",01/09/2019,63.8
YISHUN,3-ROOM,97.0,6.0,2009,"$406,000",31/03/2023,97.0
TAMPINES,3-ROOM,89.6,16.0,1976,"$391,000",2020-12-12,89.6
PUNGGOL,4-ROOM,84.8,9.0,2004,"$388,000",2018-12-27,84.8
WOODLANDS,5-ROOM,83.1,29.0,2004,"$452,000",14/05/2020,83.1
PUNGGOL,3-ROOM,91.5,11.0,1993,"$439,000",2022-04-02,91.5
TAMPINES,5-ROOM,85.4,28.0,1979,"$478,000",2022-08-05,85.4
WOODLANDS,4-ROOM,91.2,10.0,1975,"$336,000",2018-07-19,91.2
YISHUN,4-ROOM,77.6,23.0,2000,"$405,000",30/11/2020,77.6
PUNGGOL,EXECUTIVE,74.7,1.0,2008,"$376,000",2021-09-30,74.7
GEYLANG,3-ROOM,154.4,18.0,1981,"$650,000",2022-04-10,154.4
GEYLANG,4-ROOM,99.0,17.0,2002,"$492,000",11/05/2019,99.0
TAMPINES,3-ROOM,82.3,24.0,1997,"$388,000",2020-03-15,82.3
TAMPINES,4-ROOM,66.3,14.0,1997,"$259,000",2018-11-17,66.3
TAMPINES,5-ROOM,132.3,18.0,2000,"$632,000",07/03/2022,132.3
TAMPINES,3-ROOM,112.9,15.0,1998,"$500,000",27/01/2022,112.9
JURONG WEST,5-ROOM,136.4,6.0,1975,"$550,000",26/07/2020,136.4
WOODLANDS,5-ROOM,124.0,21.0,1988,"$529,000",2022-07-04,124.0
PUNGGOL,3-ROOM,82.8,11.0,1987,"$294,000",16/04/2021,82.8
PUNGGOL,4-ROOM,90.4,1.0,2010,"$383,000",04/11/2023,90.4
PUNGGOL,4-ROOM,87.4,4.0,2005,"$409,000",2021-06-23,87.4
ANG MO KIO,4-ROOM,95.4,10.0,1975,"$401,000",31/12/2021,95.4
BEDOK,4-ROOM,123.1,16.0,2002,"$684,000",21/02/2022,123.1
PUNGGOL,4-ROOM,128.3,15.0,1988,"$525,000",20/07/2022,128.3
BEDOK,EXECUTIVE,54.1,4.0,2014,"$311,000",2020-06-05,54.1
GEYLANG,3-ROOM,59.4,29.0,1985,"$280,000",04/02/2020,59.4
GEYLANG,5-ROOM,102.2,7.0,1993,"$433,000",2019-03-28,102.2
TAMPINES,3-ROOM,82.5,10.0,2014,"$426,000",24/05/2021,82.5
BEDOK,4-ROOM,104.6,3.0,2003,"$458,000",21/04/2018,104.6
WOODLANDS,5-ROOM,72.9,22.0,2014,"$342,000",2020-08-28,72.9
TAMPINES,3-ROOM,79.5,17.0,1975,"$314,000",31/07/2021,79.5
BEDOK,4-ROOM,94.1,16.0,2000,"$457,000",2023-08-20,94.1
BEDOK,3-ROOM,67.6,27.0,1976,"$302,000",2020-10-20,67.6
WOODLANDS,3-ROOM,95.4,20.0,1989,"$417,000",03/06/2018,95.4
TAMPINES,3-ROOM,100.7,28.0,1999,"$455,000",2019-10-13,100.7
WOODLANDS,EXECUTIVE,66.4,19.0,2011,"$422,000",2022-08-22,66.4
GEYLANG,5-ROOM,137.2,4.0,2002,"$557,000",2022-03-02,137.2
PUNGGOL,4-ROOM,101.1,21.0,1975,"$380,000",2022-08-24,101.1
HOUGANG,4-ROOM,54.3,26.0,1977,"$170,000",23/11/2017,54.3
PUNGGOL,4-ROOM,115.5,6.0,2009,"$499,000",14/09/2019,115.5
WOODLANDS,4-ROOM,86.3,18.0,1985,"$472,000",2022-03-20,86.3
HOUGANG,3-ROOM,104.0,12.0,2005,"$559,000",23/05/2021,104.0
BEDOK,3-ROOM,83.6,2.0,1987,"$301,000",2021-08-28,83.6
HOUGANG,5-ROOM,138.6,11.0,1982,"$591,000",2019-11-05,138.6
GEYLANG,3-ROOM,101.3,20.0,2012,"$439,000",08/04/2017,101.3
WOODLANDS,3-ROOM,121.5,23.0,1984,"$587,000",05/09/2018,121.5
JURONG WEST,EXECUTIVE,116.2,17.0,1988,"$516,000",22/10/2020,116.2
PUNGGOL,5-ROOM,98.5,14.0,2006,"$479,000",2018-12-12,98.5
BEDOK,4-ROOM,84.1,15.0,1980,"$454,000",2019-08-08,84.1
JURONG WEST,4-ROOM,102.3,1.0,1988,"$415,000",02/03/2023,102.3
ANG MO KIO,4-ROOM,96.3,20.0,1993,"$497,000",2022-12-30,96.3
BEDOK,3-ROOM,111.0,4.0,1984,"$384,000",16/04/2021,111.0
ANG MO KIO,5-ROOM,127.1,14.0,1987,"$609,000",05/02/2018,127.1
JURONG WEST,4-ROOM,84.7,25.0,1989,"$468,000",08/11/2017,84.7
PUNGGOL,4-ROOM,78.1,21.0,1997,"$360,000",2020-10-13,78.1
CLEMENTI,3-ROOM,121.9,15.0,1987,"$489,000",06/04/2019,121.9
YISHUN,5-ROOM,105.1,21.0,1985,"$481,000",2023-01-02,105.1
PUNGGOL,5-ROOM,71.9,8.0,1990,"$284,000",2021-06-05,71.9
HOUGANG,3-ROOM,122.8,22.0,1984,"$530,000",2017-01-11,122.8
YISHUN,4-ROOM,99.1,6.0,1992,"$444,000",2023-07-23,99.1
PUNGGOL,4-ROOM,100.0,22.0,1996,"$509,000",2019-12-23,100.0
HOUGANG,4-ROOM,122.5,12.0,1978,"$584,000",09/04/2020,122.5
GEYLANG,3-ROOM,107.9,14.0,2008,"$570,000",2018-12-11,107.9
TAMPINES,5-ROOM,98.6,13.0,1987,"$439,000",18/01/2019,98.6
ANG MO KIO,4-ROOM,83.4,15.0,1975,"$288,000",07/09/2019,83.4
JURONG WEST,3-ROOM,113.1,13.0,2006,"$576,000",11/05/2023,113.1
HOUGANG,3-ROOM,48.0,21.0,1976,"$184,000",18/08/2020,48.0
ANG MO KIO,3-ROOM,40.0,21.0,1989,"$200,000",13/06/2021,40.0
YISHUN,3-ROOM,67.1,7.0,1979,"$253,000",05/07/2019,67.1
PUNGGOL,3-ROOM,55.2,5.0,1994,"$202,000",16/01/2021,55.2
PUNGGOL,3-ROOM,53.7,20.0,2014,"$276,000",2017-03-02,53.7
PUNGGOL,5-ROOM,80.5,1.0,1984,"$302,000",04/10/2020,80.5
JURONG WEST,4-ROOM,82.7,17.0,2010,"$418,000",09/04/2017,82.7
GEYLANG,5-ROOM,70.7,22.0,1987,"$372,000",2021-11-01,70.7
TAMPINES,3-ROOM,120.8,10.0,2001,"$499,000",2023-10-08,120.8
GEYLANG,4-ROOM,107.1,2.0,1995,"$488,000",2023-01-10,107.1
PUNGGOL,3-ROOM,64.9,22.0,1983,"$285,000",07/02/2019,64.9
JURONG WEST,4-ROOM,106.2,27.0,2001,"$437,000",25/06/2018,106.2
PUNGGOL,4-ROOM,97.2,5.0,1989,"$383,000",08/04/2022,97.2
YISHUN,3-ROOM,54.6,7.0,1978,"$204,000",2023-03-27,54.6
CLEMENTI,5-ROOM,97.2,18.0,1981,"$405,000",25/11/2020,97.2
JURONG WEST,EXECUTIVE,151.2,7.0,2000,"$632,000",2019-05-21,151.2
TAMPINES,3-ROOM,89.4,11.0,1978,"$315,000",27/04/2019,89.4
PUNGGOL,3-ROOM,68.2,5.0,2003,"$219,000",13/03/2018,68.2
HOUGANG,4-ROOM,99.5,15.0,2006,"$512,000",2017-12-30,99.5
GEYLANG,4-ROOM,94.3,12.0,2002,"$389,000",12/08/2018,94.3
BEDOK,3-ROOM,87.3,27.0,1997,"$445,000",2017-01-05,87.3
WOODLANDS,4-ROOM,118.3,10.0,2005,"$500,000",18/09/2022,118.3
BEDOK,3-ROOM,115.3,13.0,2006,"$548,000",2018-09-02,115.3
YISHUN,3-ROOM,106.5,15.0,1988,"$509,000",03/09/2022,106.5
ANG MO KIO,EXECUTIVE,97.2,1.0,1978,"$281,000",05/01/2023,97.2
HOUGANG,3-ROOM,91.9,27.0,1985,"$406,000",2018-10-05,91.9
CLEMENTI,EXECUTIVE,77.6,19.0,1986,"$356,000",2020-08-26,77.6
GEYLANG,5-ROOM,84.8,7.0,1990,"$313,000",02/07/2018,84.8
GEYLANG,3-ROOM,81.0,20.0,2006,"$318,000",26/11/2019,81.0
TAMPINES,5-ROOM,81.9,28.0,2007,"$434,000",07/09/2020,81.9
WOODLANDS,4-ROOM,82.0,4.0,1989,"$367,000",06/11/2019,82.0
JURONG WEST,4-ROOM,108.7,18.0,1980,"$423,000",28/06/2019,108.7
JURONG WEST,3-ROOM,89.1,6.0,1987,"$401,000",2023-01-09,89.1
PUNGGOL,3-ROOM,118.0,3.0,1975,"$375,000",2018-12-02,118.0
CLEMENTI,3-ROOM,60.9,19.0,1976,"$281,000",2020-05-11,60.9
ANG MO KIO,5-ROOM,121.7,1.0,2007,"$539,000",19/03/2018,121.7
GEYLANG,4-ROOM,93.5,2.0,1990,"$362,000",2020-02-29,93.5
GEYLANG,3-ROOM,73.8,28.0,1983,"$302,000",24/08/2019,73.8
JURONG WEST,3-ROOM,86.5,17.0,2000,"$405,000",25/09/2018,86.5
BEDOK,5-ROOM,77.0,18.0,1982,"$319,000",2017-09-02,77.0
WOODLANDS,3-ROOM,100.3,29.0,1987,"$426,000",2023-01-13,100.3
WOODLANDS,4-ROOM,95.5,19.0,1993,"$409,000",2023-01-26,95.5
BEDOK,5-ROOM,93.9,4.0,1994,"$490,000",26/06/2022,93.9
JURONG WEST,3-ROOM,77.8,29.0,2002,"$439,000",19/06/2019,77.8
YISHUN,3-ROOM,117.3,2.0,1977,"$494,000",2020-12-17,117.3
CLEMENTI,5-ROOM,78.0,1.0,2013,"$325,000",27/08/2023,78.0
YISHUN,3-ROOM,106.6,14.0,1988,"$495,000",15/11/2022,106.6
BEDOK,5-ROOM,103.3,2.0,1994,"$471,000",30/06/2023,103.3
JURONG WEST,5-ROOM,55.8,4.0,2002,"$217,000",2018-01-31,55.8
JURONG WEST,4-ROOM,119.8,28.0,1981,"$579,000",2023-06-19,119.8
YISHUN,4-ROOM,58.9,18.0,2003,"$290,000",2018-08-06,58.9
PUNGGOL,EXECUTIVE,116.9,16.0,1989,"$532,000",25/10/2023,116.9
ANG MO KIO,EXECUTIVE,49.3,14.0,1978,"$193,000",2018-02-27,49.3
WOODLANDS,4-ROOM,122.7,28.0,1992,"$580,000",2018-03-08,122.7
PUNGGOL,EXECUTIVE,109.0,12.0,1995,"$528,000",2020-04-21,109.0
TAMPINES,5-ROOM,112.6,24.0,1987,"$454,000",31/01/2019,112.6
GEYLANG,3-ROOM,76.5,17.0,1976,"$332,000",2022-07-15,76.5
TAMPINES,3-ROOM,85.5,23.0,2000,"$449,000",22/04/2023,85.5
BEDOK,3-ROOM,97.2,7.0,2011,"$414,000",10/01/2019,97.2
PUNGGOL,4-ROOM,121.3,15.0,1992,"$533,000",2021-09-24,121.3
BEDOK,4-ROOM,91.5,18.0,2003,"$406,000",2018-04-21,91.5
TAMPINES,4-ROOM,62.0,21.0,1976,"$261,000",23/07/2017,62.0
YISHUN,5-ROOM,123.2,24.0,2010,"$546,000",2022-12-17,123.2
TAMPINES,3-ROOM,114.1,26.0,1991,"$550,000",07/08/2021,114.1
GEYLANG,3-ROOM,104.3,12.0,1982,"$510,000",04/02/2020,104.3
GEYLANG,4-ROOM,63.0,28.0,1979,"$346,000",16/11/2021,63.0
PUNGGOL,4-ROOM,84.8,8.0,1992,"$348,000",2017-09-21,84.8
HOUGANG,EXECUTIVE,122.9,19.0,1981,"$535,000",2023-01-03,122.9
ANG MO KIO,4-ROOM,106.1,1.0,2009,"$429,000",2021-09-09,106.1
WOODLANDS,3-ROOM,111.9,24.0,2004,"$579,000",2021-04-04,111.9
TAMPINES,3-ROOM,123.3,3.0,2010,"$532,000",14/09/2020,123.3
ANG MO KIO,EXECUTIVE,117.2,28.0,1998,"$549,000",11/05/2023,117.2
WOODLANDS,5-ROOM,130.1,6.0,1984,"$537,000",2019-03-19,130.1
WOODLANDS,3-ROOM,132.0,18.0,1999,"$616,000",17/02/2018,132.0
PUNGGOL,4-ROOM,80.9,9.0,1977,"$307,000",2017-08-19,80.9
CLEMENTI,4-ROOM,95.3,13.0,1995,"$472,000",2019-12-06,95.3
YISHUN,4-ROOM,103.2,14.0,1977,"$487,000",2022-01-24,103.2
CLEMENTI,3-ROOM,143.2,24.0,1999,"$711,000",2021-12-05,143.2
WOODLANDS,5-ROOM,113.8,2.0,1987,"$478,000",2018-10-08,113.8
CLEMENTI,3-ROOM,109.2,21.0,2006,"$547,000",02/03/2019,109.2
JURONG WEST,5-ROOM,93.0,2.0,1992,"$370,000",2017-05-13,93.0
GEYLANG,4-ROOM,128.6,28.0,1982,"$615,000",2022-09-14,128.6
BEDOK,3-ROOM,57.9,17.0,1986,"$322,000",2020-10-08,57.9
PUNGGOL,4-ROOM,94.3,26.0,2001,"$461,000",23/06/2017,94.3
JURONG WEST,3-ROOM,88.2,25.0,1980,"$419,000",2020-09-11,88.2
HOUGANG,4-ROOM,118.2,22.0,1989,"$556,000",24/12/2023,118.2
YISHUN,4-ROOM,110.5,3.0,2003,"$489,000",12/08/2018,110.5
JURONG WEST,4-ROOM,124.6,13.0,1995,"$504,000",2017-06-24,124.6
BEDOK,3-ROOM,133.1,28.0,2002,"$588,000",31/01/2020,133.1
ANG MO KIO,EXECUTIVE,80.6,10.0,1993,"$367,000",2017-03-24,80.6
BEDOK,3-ROOM,84.9,17.0,2001,"$426,000",2020-08-22,84.9
BEDOK,3-ROOM,78.8,14.0,1999,"$327,000",2018-01-07,78.8
GEYLANG,3-ROOM,69.8,23.0,1994,"$412,000",2019-04-26,69.8
TAMPINES,3-ROOM,120.8,15.0,1983,"$494,000",2019-03-05,120.8
GEYLANG,4-ROOM,81.1,22.0,1983,"$322,000",06/09/2018,81.1
BEDOK,3-ROOM,98.3,7.0,1996,"$436,000",2019-12-13,98.3
CLEMENTI,4-ROOM,103.0,16.0,1981,"$519,000",2019-09-14,103.0
PUNGGOL,5-ROOM,129.8,25.0,2000,"$695,000",22/04/2023,129.8
JURONG WEST,EXECUTIVE,72.0,20.0,1993,"$362,000",2020-08-22,72.0
TAMPINES,3-ROOM,69.0,10.0,1991,"$317,000",2020-07-18,69.0
JURONG WEST,4-ROOM,117.2,28.0,1997,"$586,000",15/10/2018,117.2
WOODLANDS,3-ROOM,143.2,14.0,1976,"$674,000",03/12/2023,143.2
ANG MO KIO,4-ROOM,123.1,21.0,1994,"$614,000",06/03/2020,123.1
YISHUN,3-ROOM,111.8,5.0,1985,"$449,000",2022-09-23,111.8
YISHUN,4-ROOM,88.9,19.0,2012,"$391,000",2019-07-04,88.9
TAMPINES,3-ROOM,98.6,22.0,2000,"$486,000",2018-05-19,98.6
ANG MO KIO,3-ROOM,94.8,23.0,1983,"$455,000",2020-06-19,94.8
CLEMENTI,4-ROOM,102.2,20.0,2012,"$495,000",2023-06-10,102.2
CLEMENTI,3-ROOM,97.4,27.0,2004,"$480,000",25/12/2022,97.4
CLEMENTI,3-ROOM,132.8,22.0,1995,"$642,000",2020-10-24,132.8
GEYLANG,4-ROOM,91.7,3.0,2003,"$446,000",2023-06-04,91.7
BEDOK,5-ROOM,80.1,14.0,1978,"$326,000",2018-12-07,80.1
ANG MO KIO,4-ROOM,63.2,24.0,1998,"$292,000",2020-03-25,63.2
CLEMENTI,3-ROOM,120.4,11.0,2010,"$569,000",08/01/2021,120.4
ANG MO KIO,4-ROOM,52.4,21.0,2012,"$261,000",13/11/2023,52.4
CLEMENTI,3-ROOM,111.6,26.0,1981,"$543,000",07/01/2023,111.6
PUNGGOL,5-ROOM,99.4,10.0,1983,"$411,000",2020-02-19,99.4
YISHUN,EXECUTIVE,127.0,9.0,2013,"$528,000",2020-08-21,127.0
JURONG WEST,4-ROOM,103.3,13.0,2007,"$464,000",24/06/2022,103.3
YISHUN,4-ROOM,138.8,25.0,2012,"$646,000",25/01/2017,138.8
TAMPINES,4-ROOM,123.1,20.0,1979,"$587,000",2018-11-24,123.1
TAMPINES,4-ROOM,85.3,23.0,2011,"$386,000",28/01/2017,85.3
GEYLANG,5-ROOM,81.6,4.0,1997,"$386,000",06/06/2023,81.6
HOUGANG,3-ROOM,58.0,8.0,2006,"$296,000",2020-03-27,58.0
YISHUN,EXECUTIVE,110.9,7.0,1988,"$516,000",11/09/2023,110.9
CLEMENTI,EXECUTIVE,55.0,8.0,2004,"$251,000",05/07/2021,55.0
CLEMENTI,3-ROOM,55.8,26.0,1981,"$235,000",2021-02-06,55.8
YISHUN,5-ROOM,121.8,5.0,1994,"$514,000",12/12/2023,121.8
PUNGGOL,4-ROOM,69.8,21.0,2003,"$372,000",2022-08-09,69.8
HOUGANG,4-ROOM,82.3,21.0,2010,"$459,000",18/07/2018,82.3
JURONG WEST,5-ROOM,119.2,25.0,1989,"$549,000",05/08/2023,119.2
GEYLANG,5-ROOM,126.1,15.0,1980,"$636,000",29/04/2020,126.1
PUNGGOL,3-ROOM,40.0,4.0,1989,"$150,000",11/06/2023,40.0
YISHUN,5-ROOM,91.3,11.0,1982,"$441,000",2020-02-28,91.3
YISHUN,4-ROOM,65.8,22.0,1993,"$285,000",2023-05-12,65.8
CLEMENTI,3-ROOM,72.6,13.0,2001,"$313,000",30/12/2021,72.6
YISHUN,3-ROOM,91.4,22.0,1985,"$360,000",2021-04-20,91.4
JURONG WEST,4-ROOM,116.3,8.0,1984,"$526,000",24/06/2022,116.3
JURONG WEST,5-ROOM,110.3,4.0,2002,"$545,000",2022-11-19,110.3
TAMPINES,4-ROOM,83.2,9.0,1983,"$369,000",2022-10-04,83.2
TAMPINES,4-ROOM,116.4,10.0,1978,"$541,000",05/03/2018,116.4
TAMPINES,4-ROOM,80.1,26.0,1987,"$393,000",30/11/2021,80.1
HOUGANG,3-ROOM,91.0,1.0,2003,"$385,000",2019-02-13,91.0
YISHUN,3-ROOM,108.6,21.0,1987,"$523,000",2022-03-30,108.6
PUNGGOL,4-ROOM,80.6,2.0,1980,"$351,000",19/11/2021,80.6
BEDOK,EXECUTIVE,68.3,2.0,2012,"$292,000",2021-06-12,68.3
YISHUN,3-ROOM,78.2,4.0,1996,"$301,000",2021-09-28,78.2
WOODLANDS,4-ROOM,110.6,6.0,1994,"$461,000",2023-11-09,110.6
GEYLANG,5-ROOM,61.9,10.0,2001,"$251,000",2018-01-22,61.9
JURONG WEST,4-ROOM,90.2,11.0,2000,"$392,000",25/08/2022,90.2
PUNGGOL,3-ROOM,58.3,2.0,1976,"$150,000",2023-02-05,58.3
WOODLANDS,4-ROOM,86.8,15.0,1999,"$401,000",22/04/2023,86.8
BEDOK,4-ROOM,133.8,22.0,2012,"$628,000",2019-05-29,133.8
PUNGGOL,3-ROOM,114.7,24.0,1983,"$492,000",2019-09-27,114.7
GEYLANG,3-ROOM,83.0,24.0,1991,"$416,000",2021-05-27,83.0
WOODLANDS,4-ROOM,86.1,26.0,2007,"$444,000",19/03/2023,86.1
TAMPINES,4-ROOM,97.9,4.0,2005,"$423,000",2021-06-05,97.9
CLEMENTI,5-ROOM,90.3,29.0,2007,"$450,000",10/05/2020,90.3
WOODLANDS,3-ROOM,112.3,25.0,1986,"$611,000",02/01/2021,112.3
GEYLANG,3-ROOM,113.8,29.0,1981,"$538,000",2021-12-10,113.8
BEDOK,3-ROOM,90.1,28.0,1985,"$443,000",2023-02-04,90.1
WOODLANDS,5-ROOM,108.2,27.0,2007,"$601,000",2021-09-26,108.2
PUNGGOL,4-ROOM,109.0,2.0,2009,"$481,000",13/02/2017,109.0
GEYLANG,3-ROOM,100.4,5.0,1990,"$444,000",2022-10-31,100.4
WOODLANDS,3-ROOM,90.9,16.0,1990,"$476,000",2020-06-08,90.9
PUNGGOL,5-ROOM,93.8,21.0,1977,"$438,000",28/11/2020,93.8
YISHUN,3-ROOM,97.7,24.0,2011,"$523,000",2022-11-11,97.7
CLEMENTI,3-ROOM,108.1,29.0,1990,"$569,000",2021-08-24,108.1
CLEMENTI,5-ROOM,155.0,15.0,1999,"$680,000",06/12/2017,155.0
GEYLANG,5-ROOM,138.7,4.0,2006,"$625,000",24/03/2023,138.7
BEDOK,3-ROOM,93.2,18.0,1996,"$435,000",15/07/2022,93.2
WOODLANDS,5-ROOM,158.1,4.0,2013,"$720,000",2020-10-15,158.1
YISHUN,3-ROOM,123.5,1.0,1985,"$553,000",2017-07-11,123.5
PUNGGOL,3-ROOM,75.9,19.0,2003,"$410,000",2018-07-18,75.9
WOODLANDS,3-ROOM,76.9,3.0,1975,"$255,000",17/04/2020,76.9
PUNGGOL,3-ROOM,65.8,15.0,2001,"$208,000",2020-11-08,65.8
BEDOK,4-ROOM,72.4,26.0,2001,"$272,000",28/01/2018,72.4
TAMPINES,5-ROOM,107.6,14.0,1999,"$464,000",01/10/2018,107.6
JURONG WEST,3-ROOM,113.4,6.0,1989,"$519,000",29/03/2017,113.4
JURONG WEST,5-ROOM,76.7,19.0,2005,"$444,000",2018-07-26,76.7
BEDOK,5-ROOM,98.9,6.0,1981,"$421,000",16/07/2019,98.9
YISHUN,3-ROOM,123.5,5.0,2013,"$600,000",25/03/2023,123.5
CLEMENTI,3-ROOM,64.8,16.0,2005,"$273,000",2023-03-28,64.8
ANG MO KIO,5-ROOM,103.0,18.0,1992,"$475,000",17/12/2020,103.0
BEDOK,EXECUTIVE,120.2,15.0,2005,"$549,000",05/04/2023,120.2
HOUGANG,3-ROOM,84.3,23.0,2011,"$469,000",2019-03-31,84.3
CLEMENTI,5-ROOM,87.4,3.0,1990,"$242,000",11/02/2023,87.4
TAMPINES,3-ROOM,95.9,3.0,1978,"$365,000",2023-09-20,95.9
JURONG WEST,5-ROOM,97.2,20.0,2004,"$546,000",2019-06-10,97.2
GEYLANG,3-ROOM,136.0,18.0,1993,"$690,000",2021-09-06,136.0
TAMPINES,4-ROOM,67.2,8.0,2002,"$272,000",2017-09-28,67.2
GEYLANG,4-ROOM,122.1,17.0,1993,"$469,000",2018-09-11,122.1
WOODLANDS,5-ROOM,102.1,8.0,1983,"$434,000",2021-01-26,102.1
CLEMENTI,4-ROOM,56.3,2.0,2002,"$197,000",18/10/2018,56.3
PUNGGOL,4-ROOM,86.8,23.0,1977,"$303,000",2022-11-26,86.8
YISHUN,5-ROOM,72.9,11.0,2004,"$308,000",2019-10-02,72.9
CLEMENTI,3-ROOM,130.0,26.0,1988,"$575,000",04/07/2021,130.0
HOUGANG,5-ROOM,90.7,27.0,2008,"$439,000",31/10/2019,90.7
BEDOK,4-ROOM,115.0,1.0,2004,"$433,000",2021-05-31,115.0
GEYLANG,5-ROOM,67.5,16.0,1976,"$237,000",2018-12-09,67.5
ANG MO KIO,EXECUTIVE,101.1,21.0,1999,"$451,000",2023-09-25,101.1
GEYLANG,3-ROOM,78.2,5.0,1975,"$262,000",2021-02-05,78.2
CLEMENTI,5-ROOM,85.0,,1986,"$339,000",23/05/2017,85.0
WOODLANDS,5-ROOM,67.8,18.0,2011,"$383,000",26/04/2021,67.8
ANG MO KIO,4-ROOM,105.7,9.0,1988,"$403,000",23/01/2022,105.7
PUNGGOL,3-ROOM,,1.0,2002,"$556,000",22/05/2022,
ANG MO KIO,4-ROOM,90.9,26.0,2011,"$412,000",11/02/2019,90.9
HOUGANG,4-ROOM,112.6,10.0,2000,"$541,000",22/02/2021,112.6
ANG MO KIO,5-ROOM,87.0,12.0,2003,"$413,000",13/12/2019,87.0
PUNGGOL,3-ROOM,71.8,11.0,2010,"$329,000",2023-09-12,71.8
BEDOK,5-ROOM,,9.0,2003,"$462,000",2017-09-02,
PUNGGOL,4-ROOM,87.2,28.0,2005,"$482,000",2021-07-11,87.2
JURONG WEST,4-ROOM,99.5,28.0,1988,"$436,000",2020-05-01,99.5
YISHUN,EXECUTIVE,107.5,6.0,2014,"$491,000",2018-01-03,107.5
HOUGANG,5-ROOM,124.7,11.0,1982,"$467,000",2022-08-07,124.7
PUNGGOL,3-ROOM,108.4,2.0,2004,"$489,000",2017-02-16,108.4
HOUGANG,3-ROOM,84.3,15.0,2012,"$470,000",07/08/2021,84.3
JURONG WEST,5-ROOM,95.9,5.0,2010,"$392,000",2020-01-09,95.9
WOODLANDS,4-ROOM,63.3,18.0,2014,"$273,000",2021-07-03,63.3
WOODLANDS,4-ROOM,90.5,1.0,1984,"$300,000",2018-09-02,90.5
YISHUN,4-ROOM,100.4,1.0,1983,"$430,000",29/05/2021,100.4
GEYLANG,EXECUTIVE,125.2,29.0,1986,"$601,000",10/11/2018,125.2
HOUGANG,5-ROOM,98.9,16.0,1983,"$434,000",26/08/2018,98.9
GEYLANG,4-ROOM,112.9,21.0,1997,"$586,000",2018-01-30,112.9
CLEMENTI,EXECUTIVE,69.5,21.0,1999,"$368,000",2020-10-04,69.5
YISHUN,5-ROOM,119.1,13.0,2002,"$558,000",04/03/2020,119.1
PUNGGOL,4-ROOM,101.1,8.0,1984,"$452,000",25/09/2022,101.1
CLEMENTI,3-ROOM,141.5,24.0,2006,"$726,000",2017-11-06,141.5
TAMPINES,3-ROOM,102.7,5.0,2014,"$495,000",29/04/2022,102.7
WOODLANDS,EXECUTIVE,94.5,7.0,1983,"$378,000",2023-09-22,94.5
HOUGANG,3-ROOM,94.6,14.0,1995,"$462,000",20/07/2018,94.6
PUNGGOL,3-ROOM,88.5,17.0,2008,"$412,000",19/04/2019,88.5
WOODLANDS,4-ROOM,98.8,27.0,1996,"$479,000",10/06/2020,98.8
YISHUN,EXECUTIVE,140.1,28.0,2009,"$667,000",2017-03-18,140.1
PUNGGOL,4-ROOM,98.9,12.0,2006,"$469,000",2021-08-08,98.9
WOODLANDS,3-ROOM,97.1,15.0,1989,"$378,000",17/10/2020,97.1
GEYLANG,4-ROOM,111.0,13.0,2012,"$515,000",2017-09-15,111.0
ANG MO KIO,5-ROOM,103.0,27.0,2010,"$533,000",08/02/2023,103.0
PUNGGOL,5-ROOM,105.7,9.0,1981,"$415,000",2017-05-23,105.7
BEDOK,4-ROOM,58.2,25.0,1992,"$341,000",2023-11-15,58.2
ANG MO KIO,3-ROOM,69.1,9.0,1989,"$277,000",10/02/2018,69.1
YISHUN,4-ROOM,88.8,6.0,1992,"$334,000",2023-07-07,88.8
PUNGGOL,3-ROOM,113.7,26.0,2003,"$618,000",01/09/2020,113.7
YISHUN,5-ROOM,140.0,24.0,1995,"$725,000",2022-06-28,140.0
BEDOK,4-ROOM,95.4,4.0,1987,"$415,000",01/08/2022,95.4
JURONG WEST,4-ROOM,110.0,29.0,1984,"$567,000",2020-09-29,110.0
CLEMENTI,5-ROOM,79.0,7.0,2009,"$306,000",26/04/2023,79.0
CLEMENTI,3-ROOM,100.1,27.0,1977,"$449,000",2018-03-12,100.1
TAMPINES,4-ROOM,110.8,5.0,1979,"$485,000",2021-09-29,110.8
JURONG WEST,3-ROOM,97.7,10.0,1996,"$353,000",07/02/2022,97.7
JURONG WEST,4-ROOM,89.8,27.0,1998,"$430,000",25/01/2023,89.8
GEYLANG,4-ROOM,59.7,4.0,1978,"$220,000",29/03/2017,59.7
TAMPINES,5-ROOM,92.1,24.0,1996,"$518,000",25/01/2021,92.1
CLEMENTI,4-ROOM,96.9,20.0,1985,"$488,000",2019-10-16,96.9
YISHUN,3-ROOM,112.1,3.0,1985,"$460,000",2018-02-09,112.1
YISHUN,EXECUTIVE,106.6,6.0,1991,"$443,000",2019-08-15,106.6
CLEMENTI,4-ROOM,87.8,3.0,2012,"$429,000",20/08/2023,87.8
JURONG WEST,4-ROOM,85.5,3.0,1997,"$343,000",21/12/2017,85.5
CLEMENTI,3-ROOM,80.6,13.0,1998,"$397,000",2018-01-10,80.6
JURONG WEST,5-ROOM,97.1,27.0,1981,"$465,000",07/07/2019,97.1
ANG MO KIO,5-ROOM,79.9,27.0,1982,"$311,000",2017-08-23,79.9
PUNGGOL,5-ROOM,91.8,21.0,1975,"$403,000",2017-08-26,91.8
TAMPINES,4-ROOM,75.1,5.0,2002,"$278,000",18/11/2022,75.1
TAMPINES,4-ROOM,95.4,11.0,1989,"$356,000",2021-04-01,95.4
WOODLANDS,3-ROOM,105.4,1.0,1978,"$422,000",26/07/2023,105.4
PUNGGOL,3-ROOM,81.8,22.0,2005,"$444,000",2020-08-31,81.8
JURONG WEST,4-ROOM,74.8,4.0,2013,"$371,000",16/06/2021,74.8
TAMPINES,EXECUTIVE,90.5,5.0,2009,"$363,000",09/01/2019,90.5
ANG MO KIO,4-ROOM,76.7,2.0,1995,"$293,000",2019-02-12,76.7
JURONG WEST,3-ROOM,84.7,29.0,2013,"$432,000",22/04/2023,84.7
WOODLANDS,4-ROOM,110.0,24.0,2012,"$539,000",16/11/2022,110.0
HOUGANG,5-ROOM,87.8,2.0,1979,"$287,000",2021-12-07,87.8
HOUGANG,5-ROOM,146.9,12.0,1986,"$666,000",21/08/2019,146.9
ANG MO KIO,4-ROOM,98.4,12.0,1997,"$511,000",29/10/2017,98.4
BEDOK,5-ROOM,79.6,3.0,1998,"$333,000",31/01/2023,79.6
ANG MO KIO,5-ROOM,65.2,19.0,2012,"$351,000",2019-01-31,65.2
ANG MO KIO,5-ROOM,115.2,16.0,1993,"$509,000",2019-02-10,115.2
PUNGGOL,3-ROOM,89.7,14.0,1978,"$344,000",2021-03-07,89.7
CLEMENTI,4-ROOM,77.7,22.0,1990,"$400,000",2021-03-12,77.7
TAMPINES,4-ROOM,98.2,9.0,1998,"$516,000",2023-12-04,98.2
CLEMENTI,EXECUTIVE,85.5,24.0,1979,"$343,000",2017-12-01,85.5
JURONG WEST,4-ROOM,99.0,24.0,1991,"$451,000",2022-10-01,99.0
HOUGANG,EXECUTIVE,93.5,21.0,1999,"$489,000",17/03/2020,93.5
PUNGGOL,EXECUTIVE,107.0,20.0,2000,"$511,000",28/04/2019,107.0
TAMPINES,EXECUTIVE,162.0,10.0,2011,"$827,000",2017-08-16,162.0
WOODLANDS,4-ROOM,106.9,5.0,1995,"$415,000",2018-04-12,106.9
TAMPINES,4-ROOM,95.0,26.0,2004,"$452,000",2019-09-25,95.0
YISHUN,3-ROOM,90.1,6.0,1976,"$393,000",27/02/2019,90.1
HOUGANG,5-ROOM,109.4,17.0,1983,"$491,000",2021-01-22,109.4
PUNGGOL,4-ROOM,129.0,4.0,1993,"$507,000",2021-07-28,129.0
WOODLANDS,5-ROOM,101.2,2.0,1997,"$416,000",2017-02-08,101.2
HOUGANG,5-ROOM,67.4,18.0,2003,"$306,000",2023-01-16,67.4
HOUGANG,3-ROOM,117.9,1.0,1977,"$419,000",08/11/2020,117.9
TAMPINES,4-ROOM,95.9,14.0,1992,"$413,000",04/11/2017,95.9
BEDOK,4-ROOM,112.2,15.0,2014,"$532,000",2021-11-24,112.2
PUNGGOL,5-ROOM,93.6,6.0,1978,"$330,000",27/01/2021,93.6
TAMPINES,4-ROOM,106.2,8.0,2000,"$488,000",2020-09-27,106.2
HOUGANG,3-ROOM,55.2,17.0,1999,"$203,000",20/07/2021,55.2
YISHUN,5-ROOM,127.4,25.0,2000,"$678,000",01/08/2017,127.4
WOODLANDS,4-ROOM,96.8,24.0,1977,"$360,000",2022-08-03,96.8
CLEMENTI,4-ROOM,79.0,12.0,1986,"$362,000",2022-03-22,79.0
JURONG WEST,5-ROOM,72.4,20.0,2005,"$350,000",22/07/2019,72.4
CLEMENTI,3-ROOM,53.1,13.0,1975,"$190,000",2017-01-16,53.1
HOUGANG,4-ROOM,100.9,25.0,2000,"$434,000",03/09/2023,100.9
JURONG WEST,5-ROOM,111.7,18.0,2009,"$500,000",2021-07-22,111.7
YISHUN,3-ROOM,99.6,26.0,2011,"$496,000",2022-08-13,99.6
WOODLANDS,3-ROOM,94.7,17.0,2003,"$486,000",2022-10-29,94.7
ANG MO KIO,5-ROOM,40.0,14.0,1989,"$211,000",27/02/2023,40.0
JURONG WEST,4-ROOM,89.4,18.0,2002,"$416,000",2018-03-14,89.4
ANG MO KIO,EXECUTIVE,140.4,29.0,1986,"$637,000",2019-08-01,140.4
CLEMENTI,4-ROOM,107.9,27.0,2004,"$519,000",2021-05-05,107.9
TAMPINES,4-ROOM,96.2,24.0,1986,"$565,000",2019-12-24,96.2
TAMPINES,5-ROOM,88.2,26.0,2005,"$456,000",28/08/2022,88.2
HOUGANG,5-ROOM,113.1,18.0,2010,"$525,000",2018-08-05,113.1
WOODLANDS,5-ROOM,77.3,26.0,1997,"$383,000",31/07/2020,77.3
TAMPINES,4-ROOM,123.5,20.0,2012,"$582,000",2020-04-25,123.5
PUNGGOL,4-ROOM,103.9,22.0,2009,"$568,000",2023-12-10,103.9
ANG MO KIO,3-ROOM,125.0,7.0,1979,"$548,000",02/03/2017,125.0
WOODLANDS,3-ROOM,81.5,8.0,1979,"$310,000",13/08/2021,81.5
ANG MO KIO,4-ROOM,85.5,25.0,1991,"$376,000",02/04/2017,85.5
JURONG WEST,4-ROOM,96.3,12.0,2007,"$421,000",2019-10-29,96.3
CLEMENTI,4-ROOM,96.8,20.0,1977,"$439,000",15/11/2020,96.8
GEYLANG,3-ROOM,157.2,22.0,1987,"$698,000",2023-12-20,157.2
CLEMENTI,EXECUTIVE,67.4,13.0,1999,"$301,000",13/02/2019,67.4
CLEMENTI,EXECUTIVE,89.8,3.0,1976,"$336,000",21/08/2023,89.8
JURONG WEST,3-ROOM,113.0,25.0,2000,"$550,000",2017-01-24,113.0
BEDOK,4-ROOM,63.2,19.0,1983,"$297,000",26/01/2020,63.2
BEDOK,5-ROOM,85.9,25.0,1976,"$444,000",2020-07-10,85.9
PUNGGOL,3-ROOM,112.9,19.0,1998,"$535,000",2023-08-28,112.9
WOODLANDS,3-ROOM,103.3,16.0,2013,"$465,000",03/09/2022,103.3
GEYLANG,4-ROOM,85.5,6.0,1988,"$336,000",15/02/2019,85.5
PUNGGOL,5-ROOM,70.8,8.0,2012,"$317,000",2022-12-20,70.8
HOUGANG,3-ROOM,98.9,7.0,1977,"$379,000",2022-01-19,98.9
JURONG WEST,3-ROOM,101.8,26.0,1998,"$470,000",2022-01-07,101.8
CLEMENTI,3-ROOM,88.2,7.0,2005,"$401,000",2018-05-20,88.2
YISHUN,EXECUTIVE,112.3,23.0,2009,"$572,000",17/07/2017,112.3
BEDOK,5-ROOM,53.9,14.0,2012,"$282,000",06/02/2017,53.9
YISHUN,3-ROOM,115.2,12.0,2003,"$447,000",30/09/2017,115.2
HOUGANG,5-ROOM,130.7,8.0,1990,"$515,000",2019-09-29,130.7
JURONG WEST,EXECUTIVE,119.8,19.0,1984,"$558,000",27/11/2019,119.8
ANG MO KIO,3-ROOM,76.9,10.0,1995,"$285,000",29/08/2018,76.9
ANG MO KIO,3-ROOM,98.7,24.0,1993,"$447,000",2020-12-21,98.7
PUNGGOL,EXECUTIVE,54.7,5.0,1982,"$258,000",03/03/2019,54.7
JURONG WEST,4-ROOM,67.7,12.0,2005,"$334,000",2022-08-10,67.7
WOODLANDS,EXECUTIVE,66.5,8.0,2014,"$332,000",06/01/2018,66.5
WOODLANDS,4-ROOM,117.3,11.0,1988,"$462,000",05/10/2023,117.3
PUNGGOL,3-ROOM,113.9,17.0,1987,"$431,000",2019-02-01,113.9
WOODLANDS,3-ROOM,60.5,26.0,2004,"$309,000",2018-12-11,60.5
CLEMENTI,5-ROOM,77.1,10.0,2001,"$358,000",09/08/2019,77.1
CLEMENTI,4-ROOM,80.2,6.0,1991,"$324,000",07/05/2021,80.2
ANG MO KIO,5-ROOM,115.6,28.0,1988,"$550,000",17/07/2021,115.6
TAMPINES,4-ROOM,151.6,21.0,1985,"$704,000",2017-03-05,151.6
CLEMENTI,3-ROOM,97.8,21.0,1991,"$429,000",2020-01-04,97.8
YISHUN,4-ROOM,77.3,1.0,1977,"$270,000",2023-09-23,77.3
CLEMENTI,4-ROOM,92.9,20.0,1983,"$491,000",2021-08-10,92.9
JURONG WEST,4-ROOM,105.2,18.0,1987,"$470,000",07/04/2022,105.2
WOODLANDS,5-ROOM,77.0,5.0,1988,"$384,000",03/06/2020,77.0
BEDOK,3-ROOM,86.0,7.0,1987,"$328,000",17/09/2018,86.0
HOUGANG,4-ROOM,91.5,18.0,1981,"$435,000",2018-08-25,91.5
BEDOK,3-ROOM,147.9,16.0,1989,"$709,000",2022-12-27,147.9
YISHUN,4-ROOM,41.6,3.0,1990,"$161,000",2017-03-25,41.6
PUNGGOL,5-ROOM,97.5,26.0,2004,"$498,000",01/07/2023,97.5
WOODLANDS,3-ROOM,68.4,21.0,2004,"$299,000",2022-08-15,68.4
PUNGGOL,4-ROOM,72.3,12.0,1977,"$211,000",2020-04-06,72.3
YISHUN,4-ROOM,89.7,5.0,1992,"$437,000",29/08/2019,89.7
PUNGGOL,EXECUTIVE,84.0,11.0,1980,"$329,000",2021-11-05,84.0
YISHUN,5-ROOM,104.0,12.0,2010,"$512,000",19/05/2019,104.0
GEYLANG,5-ROOM,117.1,8.0,1983,"$435,000",22/09/2020,117.1
TAMPINES,3-ROOM,54.6,24.0,1979,"$248,000",2022-02-16,54.6
PUNGGOL,4-ROOM,87.9,13.0,1997,"$326,000",2019-10-03,87.9
CLEMENTI,4-ROOM,62.5,19.0,1992,"$228,000",29/11/2023,62.5
CLEMENTI,3-ROOM,118.7,3.0,2002,"$401,000",2017-07-13,118.7
BEDOK,5-ROOM,100.1,13.0,2004,"$430,000",25/08/2017,100.1
ANG MO KIO,EXECUTIVE,84.6,21.0,2010,"$387,000",2022-07-16,84.6
ANG MO KIO,3-ROOM,119.0,24.0,2005,"$587,000",2019-05-30,119.0
TAMPINES,3-ROOM,110.5,7.0,1989,"$486,000",2023-06-20,110.5
ANG MO KIO,4-ROOM,121.4,22.0,1999,"$602,000",29/07/2022,121.4
TAMPINES,5-ROOM,114.3,15.0,1981,"$545,000",2020-04-24,114.3
HOUGANG,3-ROOM,115.0,14.0,2013,"$559,000",11/03/2023,115.0
GEYLANG,EXECUTIVE,40.0,3.0,1987,"$150,000",25/01/2018,40.0
TAMPINES,3-ROOM,77.4,16.0,1988,"$363,000",2019-06-15,77.4
JURONG WEST,4-ROOM,121.4,7.0,1994,"$540,000",2018-10-02,121.4
PUNGGOL,3-ROOM,130.0,18.0,2012,"$581,000",2017-10-13,130.0
BEDOK,5-ROOM,120.4,8.0,1999,"$480,000",2022-01-23,120.4
ANG MO KIO,EXECUTIVE,111.5,21.0,2005,"$559,000",27/02/2023,111.5
BEDOK,3-ROOM,101.3,11.0,1982,"$390,000",2022-03-21,101.3
ANG MO KIO,5-ROOM,40.0,2.0,1999,"$150,000",2017-06-09,40.0
HOUGANG,3-ROOM,86.3,22.0,1992,"$314,000",2018-03-01,86.3
PUNGGOL,4-ROOM,84.6,7.0,1984,"$340,000",2023-04-18,84.6
GEYLANG,5-ROOM,130.6,2.0,1986,"$549,000",18/09/2021,130.6
CLEMENTI,EXECUTIVE,80.2,26.0,2009,"$431,000",17/09/2020,80.2
HOUGANG,3-ROOM,91.2,4.0,2013,"$374,000",23/10/2018,91.2
WOODLANDS,5-ROOM,88.6,20.0,1989,"$333,000",2017-09-16,88.6
GEYLANG,3-ROOM,106.5,1.0,1998,"$520,000",19/07/2017,106.5
JURONG WEST,3-ROOM,82.8,10.0,2005,"$337,000",2021-12-29,82.8
ANG MO KIO,3-ROOM,141.7,9.0,1978,"$565,000",25/08/2023,141.7
TAMPINES,4-ROOM,70.2,12.0,2004,"$315,000",2020-05-27,70.2
CLEMENTI,3-ROOM,78.9,11.0,1995,"$322,000",15/10/2020,78.9
GEYLANG,3-ROOM,109.3,21.0,2009,"$472,000",08/02/2018,109.3
CLEMENTI,4-ROOM,103.1,15.0,1999,"$454,000",14/01/2017,103.1
TAMPINES,5-ROOM,106.8,18.0,2000,"$477,000",23/01/2023,106.8
BEDOK,3-ROOM,116.1,23.0,2004,"$541,000",10/11/2021,116.1
HOUGANG,3-ROOM,70.6,19.0,1986,"$408,000",2023-11-16,70.6
TAMPINES,5-ROOM,144.0,2.0,1993,"$618,000",2019-04-25,144.0
ANG MO KIO,4-ROOM,9999.0,16.0,1993,"$531,000",2023-04-27,107.5
YISHUN,3-ROOM,83.8,29.0,1975,"$369,000",2018-07-22,83.8
CLEMENTI,4-ROOM,40.0,20.0,2007,"$299,000",23/11/2019,40.0
CLEMENTI,4-ROOM,66.0,27.0,1999,"$372,000",29/04/2017,66.0
ANG MO KIO,EXECUTIVE,126.4,5.0,1977,"$492,000",27/05/2023,126.4
GEYLANG,3-ROOM,94.8,17.0,2007,"$416,000",2019-10-03,94.8
HOUGANG,4-ROOM,100.0,11.0,2007,"$428,000",21/09/2023,100.0
CLEMENTI,3-ROOM,121.2,16.0,1999,"$598,000",26/04/2021,121.2
WOODLANDS,4-ROOM,90.2,8.0,2008,"$458,000",2021-05-02,90.2
PUNGGOL,3-ROOM,47.6,17.0,1982,"$206,000",17/04/2017,47.6
HOUGANG,5-ROOM,85.1,11.0,2002,"$428,000",2023-01-07,85.1
TAMPINES,5-ROOM,49.3,2.0,1975,"$158,000",2018-07-26,49.3
GEYLANG,4-ROOM,90.7,15.0,2008,"$431,000",15/09/2017,90.7
CLEMENTI,5-ROOM,88.3,5.0,1990,"$359,000",01/01/2018,88.3
CLEMENTI,4-ROOM,71.2,8.0,1982,"$244,000",2020-06-04,71.2
WOODLANDS,3-ROOM,104.0,3.0,2014,"$408,000",18/04/2021,104.0
CLEMENTI,5-ROOM,91.1,3.0,1997,"$309,000",29/01/2019,91.1
PUNGGOL,4-ROOM,116.0,2.0,2012,"$440,000",2017-03-23,116.0
HOUGANG,4-ROOM,104.7,1.0,2001,"$474,000",13/09/2021,104.7
YISHUN,5-ROOM,,16.0,1985,"$422,000",22/11/2019,
JURONG WEST,3-ROOM,62.6,6.0,1990,"$293,000",2019-04-07,62.6
BEDOK,4-ROOM,73.7,20.0,2004,"$351,000",19/10/2018,73.7
PUNGGOL,3-ROOM,78.0,5.0,1990,"$353,000",06/08/2017,78.0
BEDOK,4-ROOM,104.1,10.0,2000,"$460,000",2018-12-08,104.1
GEYLANG,4-ROOM,119.1,14.0,1988,"$566,000",2017-09-03,119.1
TAMPINES,4-ROOM,62.7,7.0,1976,"$287,000",2020-04-22,62.7
HOUGANG,3-ROOM,61.9,11.0,1988,"$269,000",11/09/2023,61.9
CLEMENTI,EXECUTIVE,85.8,15.0,1996,"$435,000",10/05/2019,85.8
GEYLANG,4-ROOM,55.8,15.0,2013,"$292,000",2023-02-26,55.8
HOUGANG,4-ROOM,105.9,25.0,2008,"$539,000",2020-08-11,105.9
BEDOK,3-ROOM,85.6,9.0,2006,"$443,000",04/12/2021,85.6
YISHUN,5-ROOM,76.9,7.0,1991,"$286,000",2019-12-05,76.9
WOODLANDS,4-ROOM,94.0,10.0,1991,"$429,000",31/10/2022,94.0
HOUGANG,EXECUTIVE,165.4,16.0,2001,"$867,000",11/10/2017,165.4
BEDOK,5-ROOM,40.0,5.0,1979,"$150,000",06/03/2017,40.0
HOUGANG,5-ROOM,71.9,20.0,1995,"$401,000",19/05/2017,71.9
PUNGGOL,4-ROOM,93.8,17.0,1983,"$423,000",2017-08-23,93.8
WOODLANDS,5-ROOM,82.9,7.0,2006,"$312,000",2018-07-03,82.9
ANG MO KIO,3-ROOM,40.0,26.0,1991,"$262,000",06/03/2021,40.0
TAMPINES,4-ROOM,70.8,1.0,1994,"$257,000",2022-03-12,70.8
TAMPINES,3-ROOM,125.7,1.0,1996,"$409,000",08/11/2019,125.7
PUNGGOL,5-ROOM,104.4,11.0,1993,"$499,000",2019-05-16,104.4
WOODLANDS,4-ROOM,81.2,25.0,1984,"$423,000",21/08/2021,81.2
ANG MO KIO,3-ROOM,122.5,14.0,1995,"$550,000",05/07/2019,122.5
BEDOK,3-ROOM,152.5,5.0,1975,"$582,000",25/04/2021,152.5
TAMPINES,5-ROOM,76.3,28.0,1978,"$364,000",2023-03-23,76.3
ANG MO KIO,4-ROOM,134.9,17.0,2010,"$684,000",2019-02-23,134.9
BEDOK,3-ROOM,97.7,23.0,2009,"$416,000",2020-09-30,97.7
ANG MO KIO,EXECUTIVE,86.5,21.0,1991,"$416,000",2023-05-15,86.5
PUNGGOL,4-ROOM,77.3,14.0,1982,"$338,000",17/03/2018,77.3
TAMPINES,3-ROOM,106.9,10.0,1993,"$457,000",2021-05-15,106.9
WOODLANDS,5-ROOM,85.3,20.0,1980,"$439,000",03/10/2017,85.3
TAMPINES,4-ROOM,67.8,25.0,1988,"$287,000",2017-01-09,67.8
YISHUN,5-ROOM,87.2,1.0,1997,"$403,000",2018-11-20,87.2
ANG MO KIO,EXECUTIVE,93.7,17.0,2011,"$463,000",27/08/2022,93.7
HOUGANG,3-ROOM,82.1,12.0,1985,"$387,000",23/06/2023,82.1
GEYLANG,3-ROOM,83.4,17.0,1987,"$341,000",2020-07-25,83.4
GEYLANG,5-ROOM,51.8,21.0,1981,"$209,000",2018-10-12,51.8
ANG MO KIO,5-ROOM,87.0,27.0,1991,"$356,000",28/04/2020,87.0
HOUGANG,4-ROOM,107.2,27.0,1983,"$506,000",2022-04-04,107.2
WOODLANDS,3-ROOM,119.0,11.0,1981,"$502,000",2019-09-23,119.0
BEDOK,3-ROOM,113.5,23.0,1991,"$482,000",2018-01-05,113.5
JURONG WEST,3-ROOM,145.0,5.0,2003,"$638,000",15/04/2023,145.0
GEYLANG,5-ROOM,91.8,6.0,2001,"$424,000",15/02/2018,91.8
BEDOK,5-ROOM,78.8,11.0,1980,"$384,000",2022-05-19,78.8
GEYLANG,4-ROOM,135.5,15.0,2000,"$592,000",08/11/2018,135.5
CLEMENTI,3-ROOM,64.6,21.0,2013,"$348,000",07/12/2022,64.6
CLEMENTI,3-ROOM,128.5,7.0,2013,"$581,000",13/11/2022,128.5
PUNGGOL,3-ROOM,115.8,16.0,1993,"$509,000",2019-09-17,115.8
JURONG WEST,3-ROOM,73.6,6.0,2001,"$237,000",2022-10-20,73.6
CLEMENTI,3-ROOM,91.0,23.0,1976,"$350,000",2020-12-28,91.0
GEYLANG,EXECUTIVE,92.8,18.0,2009,"$460,000",2019-01-30,92.8
BEDOK,3-ROOM,101.0,7.0,2000,"$523,000",2019-09-25,101.0
JURONG WEST,4-ROOM,108.7,27.0,1992,"$534,000",2021-03-22,108.7
ANG MO KIO,EXECUTIVE,127.4,12.0,1991,"$582,000",2022-10-12,127.4
WOODLANDS,EXECUTIVE,106.7,5.0,1988,"$437,000",2023-06-11,106.7
WOODLANDS,3-ROOM,103.8,25.0,2014,"$498,000",18/08/2018,103.8
PUNGGOL,5-ROOM,117.5,24.0,1982,"$610,000",02/01/2017,117.5
TAMPINES,5-ROOM,86.6,29.0,2001,"$478,000",2021-03-10,86.6
JURONG WEST,5-ROOM,89.2,10.0,1998,"$493,000",24/10/2023,89.2
PUNGGOL,4-ROOM,66.0,17.0,2011,"$337,000",09/11/2020,66.0
BEDOK,4-ROOM,98.2,11.0,2006,"$455,000",11/08/2023,98.2
WOODLANDS,3-ROOM,102.5,6.0,1975,"$383,000",2020-06-14,102.5
JURONG WEST,5-ROOM,87.4,9.0,2003,"$400,000",10/11/2018,87.4
TAMPINES,3-ROOM,102.2,14.0,1989,"$436,000",2019-11-27,102.2
YISHUN,4-ROOM,78.9,23.0,1978,"$352,000",03/07/2017,78.9
JURONG WEST,4-ROOM,102.7,23.0,2013,"$531,000",03/07/2021,102.7
CLEMENTI,4-ROOM,114.7,9.0,1990,"$446,000",03/10/2019,114.7
PUNGGOL,4-ROOM,136.4,26.0,2005,"$723,000",2017-05-09,136.4
WOODLANDS,4-ROOM,92.6,14.0,2006,"$397,000",2020-01-04,92.6
GEYLANG,3-ROOM,101.5,22.0,1986,"$476,000",2021-12-07,101.5
TAMPINES,3-ROOM,105.6,27.0,1978,"$495,000",17/05/2017,105.6
BEDOK,3-ROOM,89.0,19.0,1988,"$409,000",2023-04-06,89.0
PUNGGOL,EXECUTIVE,89.2,1.0,1988,"$371,000",2017-06-19,89.2
WOODLANDS,3-ROOM,102.5,15.0,2002,"$509,000",2019-01-12,102.5
WOODLANDS,3-ROOM,93.0,24.0,2009,"$549,000",19/05/2022,93.0
WOODLANDS,4-ROOM,62.6,23.0,2000,"$308,000",20/08/2019,62.6
WOODLANDS,EXECUTIVE,88.7,5.0,1988,"$444,000",2023-12-01,88.7
GEYLANG,5-ROOM,56.8,27.0,2006,"$314,000",2018-11-14,56.8
ANG MO KIO,5-ROOM,105.7,7.0,1992,"$448,000",30/11/2022,105.7
JURONG WEST,3-ROOM,87.0,4.0,2002,"$408,000",2021-04-08,87.0
ANG MO KIO,4-ROOM,105.3,16.0,1982,"$433,000",25/09/2017,105.3
ANG MO KIO,5-ROOM,111.5,22.0,1983,"$487,000",2023-10-24,111.5
GEYLANG,EXECUTIVE,88.3,8.0,1991,"$394,000",07/06/2021,88.3
YISHUN,4-ROOM,103.1,15.0,1981,"$418,000",2019-04-28,103.1
JURONG WEST,3-ROOM,112.0,3.0,1978,"$422,000",2023-03-22,112.0
TAMPINES,3-ROOM,80.6,22.0,1997,"$321,000",19/05/2022,80.6
BEDOK,5-ROOM,106.8,5.0,1981,"$395,000",2019-05-08,106.8
PUNGGOL,4-ROOM,67.8,29.0,1996,"$351,000",2020-06-21,67.8
PUNGGOL,5-ROOM,65.4,20.0,1983,"$269,000",16/06/2023,65.4
BEDOK,3-ROOM,90.1,4.0,2014,"$412,000",2019-03-04,90.1
HOUGANG,3-ROOM,116.6,11.0,2009,"$509,000",31/07/2021,116.6
WOODLANDS,5-ROOM,99.2,24.0,1990,"$484,000",2022-04-26,99.2
PUNGGOL,4-ROOM,117.5,29.0,2000,"$598,000",2022-09-12,117.5
BEDOK,5-ROOM,77.5,8.0,1995,"$262,000",06/02/2022,77.5
PUNGGOL,4-ROOM,100.3,29.0,1992,"$479,000",2021-07-19,100.3
HOUGANG,3-ROOM,65.3,4.0,1991,"$174,000",2017-09-22,65.3
BEDOK,4-ROOM,112.5,15.0,2007,"$546,000",2023-02-02,112.5
JURONG WEST,3-ROOM,107.0,23.0,1992,"$526,000",2019-06-06,107.0
GEYLANG,4-ROOM,101.6,11.0,1994,"$508,000",06/12/2020,101.6
CLEMENTI,4-ROOM,107.8,5.0,2009,"$485,000",02/01/2017,107.8
HOUGANG,3-ROOM,117.9,11.0,1986,"$561,000",2019-03-21,117.9
BEDOK,3-ROOM,101.9,28.0,1978,"$471,000",24/10/2019,101.9
PUNGGOL,3-ROOM,105.2,29.0,1996,"$486,000",31/05/2020,105.2
PUNGGOL,3-ROOM,66.5,22.0,1980,"$271,000",2019-07-20,66.5
HOUGANG,EXECUTIVE,73.3,17.0,1977,"$326,000",17/05/2022,73.3
TAMPINES,5-ROOM,82.1,27.0,2010,"$441,000",23/07/2021,82.1
JURONG WEST,EXECUTIVE,92.6,23.0,1994,"$430,000",01/06/2021,92.6
ANG MO KIO,5-ROOM,117.9,13.0,1976,"$496,000",28/04/2021,117.9
CLEMENTI,3-ROOM,118.7,1.0,1979,"$478,000",2020-07-18,118.7
YISHUN,4-ROOM,74.9,16.0,1981,"$356,000",2018-01-13,74.9
CLEMENTI,4-ROOM,92.6,14.0,1980,"$420,000",2022-04-05,92.6
TAMPINES,5-ROOM,80.2,27.0,1994,"$365,000",11/01/2019,80.2
YISHUN,5-ROOM,129.0,15.0,2009,"$660,000",2020-11-14,129.0
HOUGANG,4-ROOM,98.2,19.0,1979,"$457,000",08/04/2023,98.2
TAMPINES,5-ROOM,117.7,6.0,2011,"$599,000",15/02/2018,117.7
JURONG WEST,5-ROOM,117.4,11.0,2014,"$526,000",01/07/2022,117.4
GEYLANG,4-ROOM,96.7,21.0,1979,"$493,000",2018-02-26,96.7
BEDOK,3-ROOM,144.3,24.0,2004,"$798,000",2022-10-11,144.3
CLEMENTI,3-ROOM,90.5,8.0,1990,"$413,000",2020-07-05,90.5
BEDOK,EXECUTIVE,96.5,23.0,2013,"$488,000",14/09/2023,96.5
PUNGGOL,3-ROOM,127.6,11.0,2004,"$659,000",2017-10-10,127.6
BEDOK,4-ROOM,88.6,17.0,2003,"$406,000",06/02/2018,88.6
TAMPINES,4-ROOM,122.1,29.0,1992,"$594,000",2023-09-05,122.1
JURONG WEST,4-ROOM,109.2,7.0,2003,"$440,000",02/01/2023,109.2
JURONG WEST,5-ROOM,88.1,25.0,1988,"$412,000",2020-04-09,88.1
BEDOK,5-ROOM,77.8,2.0,1999,"$277,000",2022-04-18,77.8
JURONG WEST,3-ROOM,98.7,1.0,1980,"$477,000",26/08/2023,98.7
JURONG WEST,5-ROOM,135.3,15.0,1992,"$547,000",2023-12-09,135.3
JURONG WEST,3-ROOM,94.4,22.0,1988,"$352,000",01/11/2020,94.4
BEDOK,5-ROOM,52.8,4.0,2013,"$212,000",2022-02-22,52.8
BEDOK,5-ROOM,51.1,20.0,1984,"$198,000",27/12/2020,51.1
JURONG WEST,5-ROOM,77.8,24.0,1997,"$338,000",30/10/2020,77.8
TAMPINES,5-ROOM,102.7,10.0,2004,"$391,000",16/12/2023,102.7
JURONG WEST,4-ROOM,80.3,7.0,2007,"$326,000",2017-08-08,80.3
WOODLANDS,4-ROOM,112.8,18.0,2007,"$481,000",08/04/2023,112.8
HOUGANG,5-ROOM,125.4,11.0,2003,"$539,000",09/09/2018,125.4
YISHUN,4-ROOM,87.6,18.0,1997,"$362,000",17/07/2019,87.6
BEDOK,4-ROOM,74.3,6.0,2004,"$340,000",07/10/2023,74.3
GEYLANG,5-ROOM,107.2,4.0,2000,"$439,000",2022-02-28,107.2
PUNGGOL,4-ROOM,107.4,28.0,1978,"$536,000",15/07/2021,107.4
ANG MO KIO,4-ROOM,76.2,9.0,1979,"$282,000",2019-01-24,76.2
ANG MO KIO,EXECUTIVE,126.4,9.0,1984,"$559,000",2019-08-10,126.4
YISHUN,4-ROOM,99.0,15.0,2010,"$420,000",26/01/2022,99.0
WOODLANDS,4-ROOM,91.4,27.0,1993,"$481,000",2018-10-20,91.4
CLEMENTI,4-ROOM,72.3,24.0,1989,"$254,000",2017-04-19,72.3
CLEMENTI,EXECUTIVE,92.5,2.0,1984,"$379,000",19/04/2023,92.5
CLEMENTI,4-ROOM,82.6,26.0,1982,"$376,000",23/07/2019,82.6
GEYLANG,5-ROOM,99.1,23.0,2007,"$517,000",31/07/2022,99.1
PUNGGOL,4-ROOM,81.2,14.0,1994,"$388,000",15/09/2021,81.2
TAMPINES,3-ROOM,118.8,14.0,2000,"$535,000",22/03/2022,118.8
HOUGANG,4-ROOM,83.8,19.0,1975,"$371,000",24/11/2021,83.8
YISHUN,3-ROOM,134.2,16.0,1996,"$594,000",06/12/2022,134.2
PUNGGOL,3-ROOM,80.0,19.0,2010,"$447,000",2019-11-25,80.0
HOUGANG,4-ROOM,94.6,4.0,2001,"$438,000",16/08/2020,94.6
HOUGANG,EXECUTIVE,97.2,6.0,1988,"$431,000",20/05/2019,97.2
PUNGGOL,3-ROOM,90.4,2.0,2002,"$426,000",2018-11-11,90.4
YISHUN,5-ROOM,97.0,1.0,1996,"$435,000",2018-07-09,97.0
YISHUN,4-ROOM,107.2,23.0,1980,"$494,000",2023-04-11,107.2
WOODLANDS,4-ROOM,61.5,10.0,1994,"$391,000",2019-03-13,61.5
GEYLANG,3-ROOM,83.8,25.0,1991,"$422,000",2023-03-02,83.8
ANG MO KIO,4-ROOM,84.3,6.0,1985,"$339,000",28/03/2021,84.3
CLEMENTI,3-ROOM,97.9,14.0,2001,"$416,000",2019-02-18,97.9
TAMPINES,4-ROOM,107.0,25.0,2001,"$595,000",24/04/2022,107.0
JURONG WEST,4-ROOM,97.4,14.0,2007,"$489,000",10/12/2018,97.4
GEYLANG,4-ROOM,40.0,7.0,1979,"$172,000",07/11/2023,40.0
TAMPINES,EXECUTIVE,100.0,2.0,1993,"$429,000",2019-06-10,100.0
YISHUN,3-ROOM,62.9,29.0,1988,"$405,000",11/08/2021,62.9
TAMPINES,5-ROOM,67.8,3.0,2011,"$311,000",2017-12-24,67.8
JURONG WEST,3-ROOM,85.9,10.0,1985,"$345,000",11/10/2018,85.9
GEYLANG,4-ROOM,81.6,27.0,1992,"$468,000",2019-04-21,81.6
HOUGANG,4-ROOM,52.4,4.0,2013,"$219,000",2019-04-12,52.4
GEYLANG,4-ROOM,56.2,15.0,1977,"$171,000",15/09/2023,56.2
CLEMENTI,5-ROOM,109.9,1.0,1979,"$391,000",16/04/2023,109.9
ANG MO KIO,4-ROOM,141.9,13.0,1985,"$630,000",2020-01-13,141.9
GEYLANG,4-ROOM,69.7,21.0,1976,"$295,000",2021-08-26,69.7
JURONG WEST,5-ROOM,79.6,21.0,1992,"$296,000",31/10/2021,79.6
ANG MO KIO,3-ROOM,105.0,17.0,2003,"$553,000",08/06/2018,105.0
JURONG WEST,3-ROOM,121.1,15.0,1978,"$446,000",2019-07-14,121.1
CLEMENTI,5-ROOM,122.4,15.0,1976,"$478,000",2023-09-15,122.4
WOODLANDS,3-ROOM,91.5,23.0,1981,"$390,000",29/10/2023,91.5
CLEMENTI,4-ROOM,125.4,16.0,2013,"$621,000",2022-08-16,125.4
GEYLANG,4-ROOM,102.7,22.0,1977,"$530,000",2020-09-23,102.7
JURONG WEST,EXECUTIVE,102.6,2.0,2011,"$475,000",2020-06-12,102.6
CLEMENTI,4-ROOM,101.3,12.0,1978,"$433,000",23/03/2023,101.3
TAMPINES,3-ROOM,70.6,29.0,1991,"$359,000",20/10/2023,70.6
BEDOK,3-ROOM,76.5,19.0,1994,"$375,000",2019-07-31,76.5
BEDOK,4-ROOM,61.1,24.0,1997,"$330,000",2017-06-27,61.1
GEYLANG,4-ROOM,89.7,5.0,1984,"$328,000",2020-02-17,89.7
PUNGGOL,4-ROOM,77.6,1.0,1982,"$272,000",12/08/2019,77.6
JURONG WEST,5-ROOM,102.3,6.0,2010,"$502,000",2023-07-15,102.3
WOODLANDS,EXECUTIVE,77.6,29.0,1981,"$393,000",22/03/2023,77.6
CLEMENTI,5-ROOM,79.6,27.0,1981,"$396,000",2023-07-28,79.6
JURONG WEST,EXECUTIVE,77.3,10.0,2006,"$293,000",2018-02-06,77.3
YISHUN,5-ROOM,96.2,25.0,1985,"$386,000",2017-10-12,96.2
CLEMENTI,4-ROOM,74.3,25.0,2010,"$440,000",2023-09-02,74.3
GEYLANG,EXECUTIVE,117.5,21.0,2008,"$533,000",2018-07-30,117.5
GEYLANG,5-ROOM,89.5,16.0,2003,"$486,000",19/07/2023,89.5
BEDOK,4-ROOM,105.4,17.0,1980,"$482,000",2019-10-15,105.4
CLEMENTI,EXECUTIVE,99.1,13.0,1999,"$559,000",09/04/2020,99.1
CLEMENTI,3-ROOM,68.4,13.0,2002,"$316,000",28/06/2023,68.4
CLEMENTI,5-ROOM,82.2,10.0,2014,"$352,000",01/09/2018,82.2
CLEMENTI,EXECUTIVE,89.6,26.0,1975,"$456,000",27/12/2021,89.6
JURONG WEST,4-ROOM,,25.0,2002,"$531,000",07/03/2020,
YISHUN,4-ROOM,40.9,11.0,1980,"$150,000",08/07/2017,40.9
ANG MO KIO,4-ROOM,119.3,23.0,1995,"$539,000",28/06/2021,119.3
PUNGGOL,5-ROOM,69.5,6.0,1985,"$266,000",2018-01-23,69.5
ANG MO KIO,3-ROOM,118.7,16.0,1979,"$591,000",2019-08-27,118.7
JURONG WEST,4-ROOM,120.2,23.0,1980,"$488,000",2020-08-08,120.2
YISHUN,4-ROOM,78.4,4.0,1986,"$382,000",2019-07-25,78.4
WOODLANDS,3-ROOM,82.2,21.0,1993,"$419,000",2023-06-07,82.2
JURONG WEST,3-ROOM,70.2,14.0,1983,"$317,000",22/12/2023,70.2
PUNGGOL,4-ROOM,129.1,28.0,1989,"$618,000",29/05/2021,129.1
HOUGANG,5-ROOM,111.4,7.0,1985,"$424,000",2019-04-30,111.4
GEYLANG,4-ROOM,107.7,10.0,2005,"$583,000",2019-12-28,107.7
TAMPINES,3-ROOM,68.7,12.0,2006,"$349,000",13/09/2018,68.7
HOUGANG,5-ROOM,118.6,13.0,2011,"$520,000",2019-06-06,118.6
JURONG WEST,3-ROOM,98.2,2.0,1999,"$423,000",2022-05-21,98.2
GEYLANG,5-ROOM,148.3,8.0,1982,"$661,000",2022-09-18,148.3
GEYLANG,4-ROOM,82.6,20.0,2009,"$385,000",21/04/2021,82.6
BEDOK,EXECUTIVE,80.7,3.0,2010,"$307,000",2023-12-22,80.7
JURONG WEST,4-ROOM,106.4,25.0,2005,"$492,000",19/11/2018,106.4
HOUGANG,3-ROOM,74.0,9.0,2007,"$323,000",2019-10-25,74.0
HOUGANG,3-ROOM,86.5,15.0,2002,"$423,000",2023-05-01,86.5
YISHUN,3-ROOM,55.5,16.0,1984,"$327,000",05/04/2018,55.5
CLEMENTI,4-ROOM,88.5,15.0,1976,"$387,000",12/11/2020,88.5
HOUGANG,4-ROOM,89.7,13.0,1985,"$405,000",27/04/2021,89.7
WOODLANDS,4-ROOM,95.5,22.0,1975,"$344,000",2020-11-08,95.5
GEYLANG,3-ROOM,67.2,23.0,1998,"$343,000",26/06/2023,67.2
ANG MO KIO,4-ROOM,91.6,10.0,2006,"$425,000",31/12/2018,91.6
JURONG WEST,5-ROOM,77.5,13.0,1975,"$357,000",31/10/2020,77.5
TAMPINES,5-ROOM,,26.0,2001,"$275,000",2020-07-20,
PUNGGOL,5-ROOM,120.6,20.0,1980,"$557,000",2018-06-03,120.6
BEDOK,4-ROOM,96.7,28.0,2002,"$509,000",29/05/2022,96.7
YISHUN,4-ROOM,100.8,21.0,1986,"$495,000",20/03/2020,100.8
ANG MO KIO,3-ROOM,75.0,2.0,1999,"$257,000",2017-07-11,75.0
WOODLANDS,3-ROOM,85.7,11.0,2008,"$378,000",2017-08-03,85.7
WOODLANDS,3-ROOM,114.1,2.0,2000,"$504,000",2021-06-07,114.1
TAMPINES,5-ROOM,104.7,12.0,1976,"$455,000",04/01/2018,104.7
PUNGGOL,3-ROOM,115.5,20.0,2008,"$580,000",2020-02-01,115.5
CLEMENTI,5-ROOM,113.1,20.0,2007,"$544,000",2020-11-17,113.1
WOODLANDS,3-ROOM,113.0,16.0,1982,"$464,000",27/09/2019,113.0
TAMPINES,5-ROOM,118.9,4.0,1988,"$494,000",22/12/2020,118.9
ANG MO KIO,4-ROOM,120.2,27.0,1980,"$538,000",30/04/2022,120.2
YISHUN,3-ROOM,121.1,17.0,1994,"$627,000",18/12/2018,121.1
WOODLANDS,EXECUTIVE,111.7,26.0,2003,"$549,000",2022-08-10,111.7
BEDOK,EXECUTIVE,108.2,15.0,2005,"$494,000",2018-07-10,108.2
CLEMENTI,5-ROOM,106.7,17.0,1992,"$531,000",2023-01-10,106.7
PUNGGOL,3-ROOM,78.5,16.0,2013,"$422,000",2022-12-11,78.5
BEDOK,3-ROOM,93.0,9.0,1994,"$403,000",31/07/2020,93.0
HOUGANG,5-ROOM,121.2,2.0,2007,"$575,000",2022-09-12,121.2
YISHUN,3-ROOM,72.3,8.0,2002,"$282,000",2020-10-24,72.3
CLEMENTI,4-ROOM,106.6,25.0,1999,"$521,000",2020-11-02,106.6
ANG MO KIO,3-ROOM,104.9,22.0,1977,"$494,000",01/09/2021,104.9
PUNGGOL,EXECUTIVE,77.4,4.0,1989,"$217,000",2022-04-14,77.4
CLEMENTI,4-ROOM,90.8,28.0,1980,"$444,000",09/02/2018,90.8
ANG MO KIO,EXECUTIVE,111.4,28.0,1976,"$579,000",23/11/2021,111.4
JURONG WEST,4-ROOM,66.0,18.0,2010,"$410,000",2022-06-15,66.0
PUNGGOL,EXECUTIVE,95.5,27.0,1999,"$481,000",2021-07-29,95.5
ANG MO KIO,3-ROOM,84.4,15.0,2010,"$430,000",01/11/2022,84.4
ANG MO KIO,3-ROOM,57.8,19.0,1992,"$296,000",2019-01-08,57.8
YISHUN,5-ROOM,79.8,22.0,1986,"$360,000",2018-09-23,79.8
ANG MO KIO,EXECUTIVE,75.5,17.0,1987,"$271,000",2022-03-18,75.5
CLEMENTI,4-ROOM,108.9,18.0,1983,"$518,000",08/11/2023,108.9
ANG MO KIO,3-ROOM,87.0,25.0,1979,"$454,000",2020-06-18,87.0
TAMPINES,EXECUTIVE,88.3,18.0,2011,"$415,000",19/04/2020,88.3
CLEMENTI,EXECUTIVE,98.7,29.0,1993,"$510,000",04/05/2022,98.7
HOUGANG,EXECUTIVE,102.7,12.0,2008,"$502,000",24/03/2020,102.7
CLEMENTI,5-ROOM,96.2,6.0,1988,"$404,000",09/01/2022,96.2
JURONG WEST,4-ROOM,119.1,29.0,1996,"$594,000",2018-10-28,119.1
PUNGGOL,EXECUTIVE,86.9,23.0,1985,"$408,000",29/05/2017,86.9
PUNGGOL,4-ROOM,87.1,5.0,1979,"$327,000",29/04/2018,87.1
GEYLANG,4-ROOM,115.5,3.0,2011,"$442,000",2019-06-02,115.5
BEDOK,4-ROOM,80.1,9.0,1998,"$283,000",2019-03-04,80.1
BEDOK,4-ROOM,99.0,2.0,1978,"$368,000",2021-09-24,99.0
JURONG WEST,EXECUTIVE,104.2,22.0,2006,"$467,000",07/12/2022,104.2
PUNGGOL,4-ROOM,118.0,19.0,2001,"$591,000",2023-12-11,118.0
JURONG WEST,5-ROOM,52.2,28.0,2014,"$294,000",2023-01-05,52.2
ANG MO KIO,3-ROOM,88.1,5.0,1997,"$327,000",2021-11-08,88.1
WOODLANDS,4-ROOM,133.4,24.0,1990,"$655,000",2021-10-23,133.4
HOUGANG,4-ROOM,100.2,22.0,1998,"$554,000",16/11/2020,100.2
ANG MO KIO,EXECUTIVE,90.5,28.0,2004,"$388,000",27/01/2017,90.5
ANG MO KIO,3-ROOM,106.1,7.0,2000,"$411,000",2018-06-12,106.1
GEYLANG,5-ROOM,82.4,24.0,1978,"$344,000",2021-12-30,82.4
YISHUN,3-ROOM,70.7,23.0,1979,"$316,000",2017-12-26,70.7
BEDOK,4-ROOM,81.4,15.0,1999,"$368,000",2020-11-07,81.4
BEDOK,4-ROOM,111.0,18.0,2009,"$584,000",25/08/2018,111.0
WOODLANDS,3-ROOM,113.7,20.0,2011,"$521,000",2023-10-21,113.7
CLEMENTI,5-ROOM,61.7,13.0,1995,"$229,000",2022-03-16,61.7
BEDOK,3-ROOM,83.9,11.0,1983,"$330,000",12/06/2019,83.9
HOUGANG,4-ROOM,87.0,21.0,1981,"$376,000",2023-03-01,87.0
PUNGGOL,3-ROOM,71.4,2.0,1980,"$282,000",20/10/2023,71.4
BEDOK,4-ROOM,123.1,23.0,1993,"$550,000",20/12/2023,123.1
YISHUN,4-ROOM,98.6,1.0,1998,"$483,000",2020-04-09,98.6
GEYLANG,5-ROOM,95.4,27.0,1995,"$423,000",18/03/2019,95.4
YISHUN,4-ROOM,90.4,8.0,1984,"$395,000",2017-07-28,90.4
YISHUN,EXECUTIVE,97.7,17.0,2011,"$482,000",2022-06-10,97.7
GEYLANG,5-ROOM,130.1,15.0,1984,"$596,000",09/03/2022,130.1
PUNGGOL,3-ROOM,117.8,19.0,1995,"$563,000",07/12/2017,117.8
ANG MO KIO,4-ROOM,133.3,2.0,2010,"$632,000",02/12/2020,133.3
ANG MO KIO,4-ROOM,82.6,29.0,1985,"$369,000",31/01/2020,82.6
BEDOK,5-ROOM,68.2,1.0,1988,"$256,000",2023-05-29,68.2
CLEMENTI,5-ROOM,74.5,26.0,2009,"$436,000",28/12/2019,74.5
ANG MO KIO,4-ROOM,66.1,17.0,1994,"$344,000",28/08/2021,66.1
HOUGANG,5-ROOM,87.9,5.0,1996,"$387,000",28/07/2023,87.9
YISHUN,4-ROOM,114.1,6.0,1991,"$451,000",2018-04-26,114.1
CLEMENTI,5-ROOM,113.6,9.0,1995,"$490,000",2021-06-08,113.6
TAMPINES,4-ROOM,133.0,6.0,1982,"$508,000",2022-02-06,133.0
WOODLANDS,5-ROOM,88.7,26.0,1996,"$379,000",2021-10-11,88.7
CLEMENTI,5-ROOM,102.0,3.0,2014,"$469,000",2023-04-24,102.0
PUNGGOL,4-ROOM,,29.0,1985,"$498,000",27/10/2022,
PUNGGOL,3-ROOM,104.3,4.0,1993,"$478,000",2023-02-22,104.3
TAMPINES,EXECUTIVE,104.1,28.0,1982,"$504,000",2022-09-26,104.1
HOUGANG,3-ROOM,131.6,19.0,1988,"$620,000",04/03/2022,131.6
PUNGGOL,5-ROOM,92.8,8.0,2001,"$451,000",2023-09-03,92.8
HOUGANG,3-ROOM,99.0,28.0,2002,"$470,000",2023-01-10,99.0
PUNGGOL,4-ROOM,79.1,10.0,2012,"$326,000",2021-09-14,79.1
WOODLANDS,5-ROOM,117.8,24.0,2010,"$538,000",2022-08-08,117.8
HOUGANG,3-ROOM,106.9,15.0,1978,"$443,000",2023-02-05,106.9
HOUGANG,3-ROOM,111.8,3.0,2014,"$530,000",2020-05-19,111.8
ANG MO KIO,EXECUTIVE,57.5,2.0,2010,"$150,000",10/06/2017,57.5
WOODLANDS,4-ROOM,90.1,8.0,1997,"$417,000",04/04/2020,90.1
TAMPINES,5-ROOM,54.0,15.0,2014,"$246,000",2017-02-21,54.0
ANG MO KIO,3-ROOM,146.9,3.0,1987,"$572,000",2019-09-14,146.9
HOUGANG,4-ROOM,95.7,3.0,1999,"$426,000",20/09/2021,95.7
HOUGANG,4-ROOM,89.9,29.0,1976,"$380,000",2017-12-26,89.9
HOUGANG,3-ROOM,117.6,21.0,1980,"$557,000",05/06/2021,117.6
PUNGGOL,4-ROOM,83.7,12.0,2008,"$304,000",2021-03-27,83.7
HOUGANG,4-ROOM,84.7,6.0,1981,"$389,000",2020-05-01,84.7
WOODLANDS,3-ROOM,76.1,2.0,1977,"$271,000",04/09/2017,76.1
BEDOK,3-ROOM,62.3,22.0,1984,"$336,000",2022-01-26,62.3
CLEMENTI,3-ROOM,118.4,7.0,1976,"$477,000",2017-02-05,118.4
CLEMENTI,5-ROOM,109.4,11.0,1990,"$517,000",29/01/2023,109.4
CLEMENTI,5-ROOM,73.8,21.0,1985,"$307,000",30/05/2019,73.8
WOODLANDS,EXECUTIVE,91.9,9.0,1994,"$387,000",2023-06-08,91.9
PUNGGOL,4-ROOM,106.6,29.0,1996,"$583,000",06/04/2020,106.6
PUNGGOL,4-ROOM,106.1,7.0,2008,"$492,000",2017-03-15,106.1
HOUGANG,5-ROOM,101.8,27.0,2002,"$548,000",09/03/2018,101.8
BEDOK,EXECUTIVE,74.3,2.0,2014,"$330,000",2019-09-21,74.3
HOUGANG,4-ROOM,89.1,9.0,1981,"$385,000",2021-04-07,89.1
TAMPINES,5-ROOM,93.7,19.0,2002,"$566,000",12/05/2019,93.7
GEYLANG,3-ROOM,78.9,26.0,1976,"$368,000",05/02/2023,78.9
ANG MO KIO,5-ROOM,87.3,5.0,1991,"$347,000",10/01/2020,87.3
JURONG WEST,4-ROOM,134.5,4.0,2014,"$647,000",2023-02-26,134.5
CLEMENTI,3-ROOM,68.8,4.0,2005,"$265,000",2018-12-01,68.8
YISHUN,3-ROOM,89.2,11.0,2001,"$467,000",2019-01-11,89.2
BEDOK,5-ROOM,90.9,28.0,2012,"$477,000",04/01/2022,90.9
JURONG WEST,5-ROOM,88.7,25.0,2013,"$484,000",22/09/2021,88.7
YISHUN,4-ROOM,116.7,5.0,2007,"$484,000",2017-03-03,116.7
CLEMENTI,5-ROOM,78.5,7.0,2008,"$381,000",30/06/2021,78.5
ANG MO KIO,4-ROOM,61.0,19.0,1984,"$257,000",2021-11-13,61.0
CLEMENTI,3-ROOM,109.3,23.0,1987,"$514,000",2018-03-05,109.3
ANG MO KIO,4-ROOM,119.5,19.0,1993,"$522,000",29/12/2023,119.5
TAMPINES,5-ROOM,64.7,4.0,1999,"$217,000",2022-08-15,64.7
HOUGANG,3-ROOM,119.6,29.0,2011,"$573,000",2021-07-05,119.6
BEDOK,4-ROOM,88.5,5.0,2013,"$346,000",09/02/2020,88.5
WOODLANDS,4-ROOM,94.3,18.0,1994,"$368,000",12/08/2023,94.3
GEYLANG,3-ROOM,43.7,13.0,1981,"$150,000",2017-02-07,43.7
GEYLANG,3-ROOM,121.4,14.0,1984,"$483,000",2019-06-21,121.4
ANG MO KIO,3-ROOM,111.7,27.0,1981,"$478,000",23/04/2018,111.7
ANG MO KIO,4-ROOM,98.4,15.0,2001,"$450,000",19/02/2020,98.4
TAMPINES,3-ROOM,136.4,3.0,2003,"$691,000",05/10/2020,136.4
BEDOK,4-ROOM,71.5,14.0,1990,"$320,000",27/01/2017,71.5
CLEMENTI,5-ROOM,67.2,4.0,2014,"$265,000",2023-07-18,67.2
TAMPINES,3-ROOM,99.0,20.0,1983,"$485,000",27/08/2023,99.0
WOODLANDS,5-ROOM,129.4,7.0,2014,"$637,000",20/10/2022,129.4
HOUGANG,5-ROOM,123.7,22.0,1986,"$520,000",2018-08-06,123.7
HOUGANG,3-ROOM,108.2,11.0,1997,"$465,000",17/10/2021,108.2
PUNGGOL,EXECUTIVE,95.1,20.0,1983,"$376,000",13/02/2021,95.1
HOUGANG,4-ROOM,74.2,17.0,2013,"$384,000",25/10/2019,74.2
YISHUN,5-ROOM,89.0,8.0,2013,"$450,000",15/08/2017,89.0
PUNGGOL,3-ROOM,93.0,19.0,2014,"$486,000",28/11/2020,93.0
HOUGANG,5-ROOM,151.2,9.0,1998,"$668,000",02/10/2023,151.2
GEYLANG,3-ROOM,85.3,10.0,2006,"$386,000",09/08/2019,85.3
JURONG WEST,EXECUTIVE,125.5,21.0,1985,"$601,000",01/07/2020,125.5
PUNGGOL,4-ROOM,107.6,20.0,1977,"$484,000",2017-05-12,107.6
HOUGANG,5-ROOM,83.9,9.0,2002,"$329,000",18/12/2017,83.9
YISHUN,4-ROOM,103.9,18.0,1979,"$499,000",2022-06-19,103.9
TAMPINES,5-ROOM,102.3,3.0,2005,"$421,000",07/07/2023,102.3
YISHUN,3-ROOM,114.5,17.0,1995,"$531,000",2022-03-13,114.5
PUNGGOL,4-ROOM,74.6,10.0,2003,"$286,000",2017-12-25,74.6
WOODLANDS,4-ROOM,72.0,22.0,1991,"$386,000",17/06/2018,72.0
WOODLANDS,5-ROOM,72.2,13.0,2003,"$197,000",2023-02-23,72.2
WOODLANDS,3-ROOM,95.2,14.0,1976,"$430,000",2021-08-16,95.2
CLEMENTI,3-ROOM,118.2,18.0,2003,"$576,000",2020-03-19,118.2
BEDOK,3-ROOM,85.5,16.0,2014,"$390,000",2019-12-29,85.5
CLEMENTI,4-ROOM,122.6,17.0,1993,"$552,000",2020-03-30,122.6
BEDOK,3-ROOM,97.2,10.0,1997,"$455,000",2019-09-01,97.2
ANG MO KIO,EXECUTIVE,59.6,3.0,1992,"$259,000",2019-08-16,59.6
TAMPINES,5-ROOM,,8.0,1980,"$387,000",2020-10-03,
TAMPINES,3-ROOM,73.3,14.0,2003,"$410,000",27/11/2021,73.3
JURONG WEST,3-ROOM,78.4,4.0,1979,"$287,000",05/11/2017,78.4
YISHUN,5-ROOM,92.6,6.0,1998,"$385,000",2023-01-02,92.6
GEYLANG,EXECUTIVE,63.6,12.0,2003,"$290,000",2022-04-26,63.6
TAMPINES,5-ROOM,76.3,3.0,1992,"$269,000",2023-12-14,76.3
YISHUN,4-ROOM,68.3,9.0,1982,"$241,000",2019-04-03,68.3
GEYLANG,3-ROOM,105.4,24.0,1980,"$415,000",24/10/2021,105.4
CLEMENTI,4-ROOM,119.1,10.0,2007,"$607,000",02/01/2021,119.1
WOODLANDS,3-ROOM,101.9,19.0,2006,"$472,000",23/10/2021,101.9
WOODLANDS,EXECUTIVE,149.5,24.0,1996,"$771,000",2020-08-30,149.5
CLEMENTI,4-ROOM,76.0,,1990,"$360,000",26/11/2019,76.0
TAMPINES,3-ROOM,105.1,26.0,1986,"$466,000",2019-06-24,105.1
YISHUN,3-ROOM,129.5,21.0,2000,"$602,000",02/07/2019,129.5
YISHUN,4-ROOM,75.3,15.0,1985,"$370,000",2023-06-23,75.3
ANG MO KIO,4-ROOM,87.3,1.0,2012,"$439,000",03/06/2017,87.3
ANG MO KIO,4-ROOM,,19.0,1993,"$556,000",2023-02-03,
CLEMENTI,5-ROOM,70.4,21.0,2012,"$325,000",2018-01-23,70.4
PUNGGOL,EXECUTIVE,,12.0,2012,"$594,000",15/03/2023,
WOODLANDS,3-ROOM,86.2,18.0,2003,"$485,000",2018-09-22,86.2
CLEMENTI,3-ROOM,98.5,20.0,2006,"$487,000",2022-10-15,98.5
YISHUN,4-ROOM,62.0,19.0,2013,"$299,000",2020-11-20,62.0
JURONG WEST,5-ROOM,118.8,4.0,1975,"$492,000",2017-03-04,118.8
PUNGGOL,EXECUTIVE,78.4,24.0,1984,"$380,000",2022-08-20,78.4
JURONG WEST,5-ROOM,78.2,17.0,1983,"$346,000",2019-10-18,78.2
WOODLANDS,5-ROOM,84.3,27.0,1987,"$437,000",07/06/2019,84.3
WOODLANDS,3-ROOM,111.2,13.0,1996,"$518,000",2020-05-08,111.2
HOUGANG,3-ROOM,94.5,9.0,1977,"$473,000",05/11/2017,94.5
TAMPINES,EXECUTIVE,84.1,27.0,1975,"$390,000",29/09/2020,84.1
GEYLANG,5-ROOM,79.8,12.0,1990,"$315,000",10/09/2020,79.8
HOUGANG,3-ROOM,85.7,8.0,1980,"$314,000",2023-02-28,85.7
ANG MO KIO,EXECUTIVE,90.2,4.0,1998,"$422,000",2019-04-14,90.2
HOUGANG,3-ROOM,121.8,2.0,1978,"$429,000",2017-02-09,121.8
GEYLANG,4-ROOM,82.2,12.0,2006,"$456,000",2019-08-11,82.2
BEDOK,3-ROOM,78.0,2.0,1995,"$376,000",2023-08-18,78.0
PUNGGOL,5-ROOM,135.2,18.0,1995,"$662,000",28/10/2017,135.2
CLEMENTI,3-ROOM,103.1,6.0,2010,"$438,000",2019-12-23,103.1
BEDOK,4-ROOM,99.8,26.0,2009,"$519,000",2019-08-04,99.8
GEYLANG,4-ROOM,47.7,29.0,2014,"$263,000",02/02/2018,47.7
WOODLANDS,4-ROOM,96.6,19.0,2010,"$464,000",03/08/2020,96.6
CLEMENTI,4-ROOM,119.0,21.0,1993,"$601,000",2019-03-21,119.0
JURONG WEST,3-ROOM,82.1,4.0,1999,"$349,000",2019-10-21,82.1
TAMPINES,3-ROOM,79.9,13.0,1997,"$440,000",23/10/2023,79.9
GEYLANG,4-ROOM,74.7,9.0,2010,"$364,000",29/10/2017,74.7
WOODLANDS,3-ROOM,92.9,5.0,2010,"$383,000",04/12/2022,92.9
HOUGANG,3-ROOM,75.9,10.0,1981,"$343,000",2023-09-13,75.9
JURONG WEST,4-ROOM,90.2,24.0,2003,"$427,000",2023-05-25,90.2
GEYLANG,EXECUTIVE,92.5,2.0,2003,"$428,000",2021-02-03,92.5
GEYLANG,EXECUTIVE,101.5,28.0,2005,"$587,000",2019-03-14,101.5
TAMPINES,5-ROOM,94.9,17.0,1983,"$342,000",10/05/2017,94.9
ANG MO KIO,5-ROOM,123.4,18.0,1984,"$500,000",20/08/2020,123.4
JURONG WEST,4-ROOM,102.0,2.0,1987,"$371,000",2021-02-07,102.0
HOUGANG,5-ROOM,104.2,15.0,1980,"$473,000",2018-04-19,104.2
CLEMENTI,4-ROOM,98.2,25.0,1975,"$474,000",10/03/2020,98.2
GEYLANG,3-ROOM,96.2,18.0,1995,"$407,000",2017-10-31,96.2
JURONG WEST,4-ROOM,87.3,16.0,1985,"$397,000",2022-01-16,87.3
TAMPINES,3-ROOM,113.3,10.0,1989,"$531,000",2019-05-15,113.3
PUNGGOL,3-ROOM,60.3,15.0,1987,"$214,000",17/04/2022,60.3
BEDOK,4-ROOM,132.2,8.0,1994,"$628,000",01/10/2021,132.2
HOUGANG,EXECUTIVE,100.0,23.0,1986,"$491,000",13/11/2022,100.0
CLEMENTI,5-ROOM,121.9,2.0,1988,"$538,000",25/02/2022,121.9
PUNGGOL,3-ROOM,116.0,24.0,2014,"$600,000",20/07/2021,116.0
ANG MO KIO,EXECUTIVE,89.4,3.0,2002,"$329,000",2020-05-07,89.4
CLEMENTI,4-ROOM,96.6,27.0,2003,"$483,000",13/10/2020,96.6
TAMPINES,4-ROOM,101.2,15.0,1979,"$433,000",2023-05-15,101.2
TAMPINES,3-ROOM,80.5,21.0,1994,"$392,000",19/02/2019,80.5
TAMPINES,5-ROOM,99.7,16.0,2004,"$497,000",01/10/2022,99.7
HOUGANG,4-ROOM,109.6,13.0,2006,"$530,000",2020-07-10,109.6
BEDOK,3-ROOM,106.5,28.0,2009,"$596,000",2017-03-10,106.5
GEYLANG,4-ROOM,105.2,17.0,2002,"$475,000",2021-05-03,105.2
TAMPINES,3-ROOM,74.6,21.0,1995,"$385,000",05/07/2020,74.6
BEDOK,EXECUTIVE,48.1,16.0,2009,"$276,000",2017-03-10,48.1
CLEMENTI,5-ROOM,102.0,29.0,2012,"$570,000",15/05/2023,102.0
BEDOK,3-ROOM,84.8,27.0,1984,"$392,000",2022-03-26,84.8
HOUGANG,5-ROOM,81.5,18.0,1983,"$347,000",2020-03-28,81.5
HOUGANG,3-ROOM,57.0,25.0,2013,"$409,000",04/12/2020,57.0
ANG MO KIO,4-ROOM,139.3,29.0,2001,"$572,000",09/08/2018,139.3
TAMPINES,4-ROOM,95.9,18.0,2008,"$469,000",2019-05-24,95.9
BEDOK,3-ROOM,82.6,29.0,2011,"$427,000",2021-05-25,82.6
GEYLANG,4-ROOM,58.5,4.0,1986,"$162,000",2017-05-11,58.5
JURONG WEST,4-ROOM,149.2,4.0,1987,"$641,000",18/01/2018,149.2
PUNGGOL,4-ROOM,90.3,3.0,1992,"$413,000",2019-08-01,90.3
WOODLANDS,3-ROOM,71.7,12.0,1983,"$186,000",2020-02-11,71.7
GEYLANG,5-ROOM,65.1,11.0,1994,"$266,000",2020-12-22,65.1
BEDOK,EXECUTIVE,63.5,25.0,1984,"$251,000",30/06/2019,63.5
TAMPINES,3-ROOM,110.1,16.0,2011,"$534,000",2019-09-21,110.1
GEYLANG,4-ROOM,116.8,20.0,1986,"$511,000",2022-07-19,116.8
TAMPINES,3-ROOM,87.8,10.0,1977,"$338,000",13/10/2023,87.8
HOUGANG,5-ROOM,88.1,29.0,1988,"$373,000",26/10/2023,88.1
JURONG WEST,EXECUTIVE,67.5,3.0,2003,"$360,000",2021-01-29,67.5
PUNGGOL,4-ROOM,73.3,15.0,1993,"$448,000",2022-09-03,73.3
TAMPINES,5-ROOM,91.0,11.0,1984,"$464,000",21/06/2019,91.0
CLEMENTI,4-ROOM,92.6,11.0,1990,"$438,000",16/04/2019,92.6
PUNGGOL,3-ROOM,68.6,18.0,2005,"$279,000",2021-04-28,68.6
ANG MO KIO,4-ROOM,90.9,10.0,1979,"$391,000",2023-02-25,90.9
CLEMENTI,4-ROOM,84.7,7.0,2007,"$380,000",27/01/2020,84.7
HOUGANG,EXECUTIVE,75.4,26.0,1997,"$375,000",23/11/2021,75.4
YISHUN,4-ROOM,82.6,1.0,1999,"$312,000",30/05/2018,82.6
YISHUN,5-ROOM,69.6,10.0,1982,"$227,000",2018-10-30,69.6
ANG MO KIO,3-ROOM,117.8,26.0,1995,"$551,000",13/04/2022,117.8
GEYLANG,3-ROOM,68.1,29.0,2005,"$363,000",2021-03-14,68.1
HOUGANG,EXECUTIVE,110.8,26.0,2000,"$534,000",21/03/2021,110.8
PUNGGOL,3-ROOM,125.8,6.0,2010,"$622,000",2021-06-07,125.8
HOUGANG,4-ROOM,101.0,1.0,2014,"$467,000",2021-05-05,101.0
ANG MO KIO,3-ROOM,94.2,2.0,2007,"$376,000",2017-02-19,94.2
TAMPINES,3-ROOM,106.5,12.0,1975,"$469,000",2021-05-21,106.5
JURONG WEST,4-ROOM,106.4,2.0,2004,"$484,000",2020-01-06,106.4
YISHUN,5-ROOM,86.7,20.0,2013,"$429,000",2022-02-18,86.7
GEYLANG,4-ROOM,86.0,16.0,1985,"$317,000",2019-12-25,86.0
ANG MO KIO,4-ROOM,71.4,24.0,2003,"$319,000",31/07/2020,71.4
PUNGGOL,3-ROOM,,10.0,1995,"$375,000",2021-10-25,
ANG MO KIO,3-ROOM,93.7,23.0,1984,"$530,000",12/12/2019,93.7
YISHUN,EXECUTIVE,62.7,29.0,1976,"$293,000",20/05/2022,62.7
HOUGANG,4-ROOM,71.0,8.0,2005,"$333,000",2020-01-14,71.0
PUNGGOL,4-ROOM,114.6,1.0,1981,"$474,000",31/08/2018,114.6
JURONG WEST,5-ROOM,77.4,12.0,1990,"$275,000",19/05/2019,77.4
PUNGGOL,EXECUTIVE,62.0,5.0,1996,"$249,000",09/07/2017,62.0
CLEMENTI,5-ROOM,100.5,5.0,1993,"$380,000",2020-10-13,100.5
CLEMENTI,5-ROOM,107.5,26.0,2003,"$470,000",2019-10-17,107.5
CLEMENTI,3-ROOM,68.7,5.0,1989,"$257,000",22/10/2018,68.7
ANG MO KIO,5-ROOM,123.8,1.0,2008,"$562,000",2019-01-29,123.8
PUNGGOL,5-ROOM,93.4,26.0,2000,"$422,000",06/04/2021,93.4
PUNGGOL,5-ROOM,135.4,26.0,1975,"$697,000",09/07/2018,135.4
PUNGGOL,3-ROOM,116.5,19.0,1996,"$513,000",2020-11-22,116.5
BEDOK,4-ROOM,90.3,21.0,2004,"$424,000",2022-05-26,90.3
TAMPINES,5-ROOM,97.2,17.0,2000,"$433,000",2023-11-25,97.2
CLEMENTI,4-ROOM,88.2,23.0,1991,"$420,000",2019-08-21,88.2
YISHUN,5-ROOM,84.8,14.0,2014,"$366,000",2023-07-05,84.8
TAMPINES,4-ROOM,83.4,17.0,1977,"$351,000",2022-08-06,83.4
ANG MO KIO,4-ROOM,137.8,16.0,1985,"$666,000",23/06/2019,137.8
YISHUN,5-ROOM,91.0,22.0,2004,"$473,000",31/08/2021,91.0
ANG MO KIO,4-ROOM,83.5,4.0,2008,"$385,000",2023-08-05,83.5
CLEMENTI,4-ROOM,90.0,7.0,1978,"$361,000",2023-08-25,90.0
WOODLANDS,4-ROOM,130.7,24.0,1998,"$590,000",2023-03-11,130.7
BEDOK,5-ROOM,120.2,26.0,1998,"$581,000",10/04/2021,120.2
ANG MO KIO,3-ROOM,99.5,22.0,1992,"$379,000",01/06/2017,99.5
GEYLANG,4-ROOM,58.8,7.0,1996,"$249,000",06/06/2023,58.8
BEDOK,EXECUTIVE,127.5,15.0,2012,"$572,000",18/07/2022,127.5
WOODLANDS,4-ROOM,121.2,5.0,1996,"$551,000",10/09/2021,121.2
YISHUN,3-ROOM,82.6,21.0,1991,"$392,000",2019-04-08,82.6
ANG MO KIO,3-ROOM,68.9,9.0,1988,"$267,000",2021-08-28,68.9
JURONG WEST,4-ROOM,90.3,10.0,2001,"$452,000",2018-02-21,90.3
GEYLANG,5-ROOM,81.1,28.0,2011,"$439,000",09/02/2021,81.1
PUNGGOL,EXECUTIVE,73.4,7.0,1999,"$284,000",2017-07-30,73.4
YISHUN,4-ROOM,96.0,6.0,1994,"$417,000",28/03/2018,96.0
WOODLANDS,5-ROOM,83.4,12.0,2014,"$255,000",19/02/2018,83.4
HOUGANG,4-ROOM,86.1,26.0,1984,"$401,000",09/10/2023,86.1
WOODLANDS,EXECUTIVE,87.0,13.0,2013,"$347,000",2021-07-02,87.0
GEYLANG,4-ROOM,117.2,26.0,1999,"$561,000",2019-03-20,117.2
GEYLANG,3-ROOM,58.6,26.0,2013,"$238,000",2017-04-08,58.6
WOODLANDS,5-ROOM,100.4,22.0,1989,"$438,000",17/10/2021,100.4
HOUGANG,EXECUTIVE,63.9,2.0,1995,"$231,000",11/02/2019,63.9
GEYLANG,4-ROOM,92.1,3.0,1981,"$287,000",11/07/2022,92.1
BEDOK,4-ROOM,87.1,29.0,2005,"$468,000",2019-03-02,87.1
TAMPINES,EXECUTIVE,84.3,20.0,2007,"$388,000",2022-07-13,84.3
GEYLANG,EXECUTIVE,49.1,11.0,1977,"$161,000",2017-05-01,49.1
JURONG WEST,5-ROOM,85.0,1.0,1981,"$295,000",2019-02-08,85.0
GEYLANG,4-ROOM,117.6,8.0,1996,"$496,000",2022-02-03,117.6
JURONG WEST,5-ROOM,133.9,12.0,2010,"$656,000",01/06/2019,133.9
TAMPINES,4-ROOM,82.9,4.0,2014,"$375,000",2022-07-12,82.9
BEDOK,3-ROOM,93.3,15.0,2001,"$411,000",19/12/2021,93.3
TAMPINES,4-ROOM,131.5,22.0,2001,"$650,000",19/02/2020,131.5
HOUGANG,3-ROOM,87.1,3.0,1983,"$403,000",02/08/2023,87.1
TAMPINES,3-ROOM,100.4,28.0,2013,"$561,000",2021-06-22,100.4
YISHUN,4-ROOM,57.4,20.0,1981,"$291,000",09/11/2022,57.4
ANG MO KIO,5-ROOM,103.4,4.0,2001,"$419,000",2021-01-04,103.4
HOUGANG,4-ROOM,104.0,10.0,2007,"$528,000",03/05/2018,104.0
GEYLANG,3-ROOM,53.9,27.0,2009,"$270,000",13/11/2019,53.9
BEDOK,3-ROOM,63.7,23.0,1977,"$283,000",08/03/2018,63.7
JURONG WEST,5-ROOM,58.7,24.0,2006,"$312,000",13/05/2019,58.7
PUNGGOL,4-ROOM,97.6,24.0,2013,"$571,000",2021-05-14,97.6
HOUGANG,4-ROOM,62.7,27.0,1996,"$275,000",28/08/2022,62.7
YISHUN,4-ROOM,83.9,29.0,1984,"$503,000",2020-09-02,83.9
HOUGANG,4-ROOM,81.0,9.0,1992,"$318,000",27/01/2023,81.0
JURONG WEST,5-ROOM,124.4,17.0,1992,"$560,000",05/09/2021,124.4
PUNGGOL,5-ROOM,59.9,9.0,2012,"$201,000",2021-04-14,59.9
PUNGGOL,3-ROOM,107.6,18.0,2008,"$489,000",28/02/2020,107.6
WOODLANDS,3-ROOM,128.7,3.0,2007,"$552,000",27/01/2023,128.7
BEDOK,3-ROOM,99.5,5.0,1976,"$347,000",2023-12-04,99.5
TAMPINES,4-ROOM,78.9,7.0,1998,"$340,000",2020-08-30,78.9
JURONG WEST,3-ROOM,111.8,3.0,1987,"$408,000",2019-02-17,111.8
WOODLANDS,5-ROOM,108.1,26.0,1999,"$512,000",2019-11-12,108.1
WOODLANDS,3-ROOM,72.6,21.0,1978,"$363,000",14/11/2023,72.6
PUNGGOL,3-ROOM,100.9,29.0,1988,"$469,000",2022-12-08,100.9
BEDOK,EXECUTIVE,112.3,3.0,1991,"$464,000",15/06/2019,112.3
ANG MO KIO,3-ROOM,134.0,15.0,1994,"$642,000",18/01/2019,134.0
TAMPINES,4-ROOM,70.5,17.0,2005,"$381,000",29/02/2020,70.5
JURONG WEST,EXECUTIVE,82.2,19.0,2006,"$319,000",28/02/2018,82.2
GEYLANG,EXECUTIVE,59.4,25.0,2009,"$343,000",2023-11-26,59.4
CLEMENTI,5-ROOM,78.8,12.0,1991,"$376,000",24/07/2018,78.8
GEYLANG,5-ROOM,66.2,13.0,2004,"$293,000",19/01/2020,66.2
HOUGANG,4-ROOM,111.2,13.0,1998,"$412,000",20/03/2017,111.2
BEDOK,5-ROOM,123.0,5.0,2008,"$557,000",2023-04-23,123.0
ANG MO KIO,5-ROOM,89.7,29.0,1986,"$487,000",2019-07-25,89.7
HOUGANG,4-ROOM,92.3,10.0,2013,"$356,000",2019-08-05,92.3
WOODLANDS,3-ROOM,93.3,25.0,2008,"$436,000",2017-07-09,93.3
ANG MO KIO,EXECUTIVE,93.8,22.0,2007,"$385,000",28/09/2018,93.8
ANG MO KIO,4-ROOM,93.7,12.0,2006,"$445,000",2021-03-10,93.7
BEDOK,5-ROOM,75.4,25.0,1999,"$356,000",2020-04-12,75.4
ANG MO KIO,3-ROOM,88.3,26.0,2009,"$438,000",2020-02-03,88.3
HOUGANG,EXECUTIVE,79.2,27.0,2011,"$479,000",2018-02-20,79.2
WOODLANDS,5-ROOM,89.3,14.0,1991,"$365,000",28/04/2021,89.3
JURONG WEST,4-ROOM,144.7,1.0,2008,"$648,000",16/05/2020,144.7
HOUGANG,4-ROOM,114.2,26.0,1975,"$528,000",05/04/2021,114.2
PUNGGOL,5-ROOM,101.2,26.0,1992,"$500,000",2021-08-22,101.2
ANG MO KIO,5-ROOM,111.3,27.0,1975,"$452,000",2019-04-16,111.3
HOUGANG,EXECUTIVE,64.2,29.0,1996,"$313,000",2023-02-18,64.2
WOODLANDS,3-ROOM,77.0,4.0,1981,"$281,000",24/01/2023,77.0
ANG MO KIO,5-ROOM,78.3,11.0,1978,"$295,000",2018-08-21,78.3
ANG MO KIO,4-ROOM,82.7,21.0,2005,"$408,000",2017-12-11,82.7
YISHUN,4-ROOM,83.9,21.0,2014,"$348,000",17/03/2018,83.9
GEYLANG,3-ROOM,89.1,22.0,1989,"$450,000",2023-04-27,89.1
PUNGGOL,5-ROOM,106.9,11.0,1981,"$562,000",08/07/2022,106.9
WOODLANDS,4-ROOM,101.5,24.0,1992,"$499,000",2017-06-08,101.5
HOUGANG,4-ROOM,81.6,7.0,2009,"$401,000",04/02/2017,81.6
HOUGANG,4-ROOM,111.8,7.0,2011,"$544,000",10/06/2021,111.8
CLEMENTI,3-ROOM,100.6,28.0,1985,"$450,000",26/03/2019,100.6
JURONG WEST,5-ROOM,98.2,2.0,1986,"$364,000",10/10/2023,98.2
HOUGANG,EXECUTIVE,103.5,20.0,1989,"$502,000",2023-10-30,103.5
YISHUN,3-ROOM,129.3,24.0,2002,"$639,000",09/01/2018,129.3
GEYLANG,3-ROOM,100.1,22.0,2007,"$422,000",22/01/2018,100.1
WOODLANDS,4-ROOM,89.7,7.0,2007,"$335,000",2021-01-02,89.7
CLEMENTI,EXECUTIVE,103.5,4.0,2003,"$436,000",2023-06-17,103.5
TAMPINES,4-ROOM,120.4,9.0,1987,"$428,000",14/08/2019,120.4
JURONG WEST,3-ROOM,107.5,9.0,1976,"$435,000",2019-09-02,107.5
CLEMENTI,4-ROOM,69.6,3.0,2014,"$388,000",2023-01-10,69.6
ANG MO KIO,3-ROOM,117.0,2.0,1999,"$454,000",2019-03-11,117.0
HOUGANG,3-ROOM,100.1,22.0,1975,"$514,000",2023-11-17,100.1
BEDOK,3-ROOM,102.5,1.0,1978,"$361,000",29/12/2018,102.5
TAMPINES,4-ROOM,,26.0,1980,"$356,000",07/09/2017,
TAMPINES,3-ROOM,93.0,20.0,2001,"$498,000",24/09/2023,93.0
CLEMENTI,4-ROOM,82.8,20.0,2013,"$418,000",2018-05-04,82.8
BEDOK,3-ROOM,53.8,8.0,2010,"$212,000",08/02/2017,53.8
HOUGANG,EXECUTIVE,59.0,1.0,1985,"$213,000",2019-12-18,59.0
TAMPINES,3-ROOM,68.7,25.0,1983,"$330,000",2023-11-26,68.7
PUNGGOL,4-ROOM,126.4,3.0,2001,"$576,000",17/11/2017,126.4
BEDOK,4-ROOM,117.6,29.0,2005,"$596,000",2017-02-01,117.6
YISHUN,3-ROOM,139.4,20.0,2008,"$607,000",17/09/2018,139.4
ANG MO KIO,3-ROOM,71.9,20.0,1976,"$346,000",10/02/2023,71.9
WOODLANDS,3-ROOM,112.7,9.0,2012,"$505,000",2017-03-23,112.7
BEDOK,5-ROOM,94.4,12.0,1991,"$378,000",2018-09-06,94.4
WOODLANDS,4-ROOM,90.4,18.0,2001,"$365,000",07/10/2018,90.4
WOODLANDS,3-ROOM,78.0,9.0,2007,"$309,000",2022-05-28,78.0
YISHUN,5-ROOM,67.2,5.0,1976,"$208,000",09/01/2018,67.2
WOODLANDS,4-ROOM,56.6,14.0,1982,"$235,000",25/08/2021,56.6
GEYLANG,4-ROOM,73.7,6.0,1995,"$287,000",2019-10-21,73.7
TAMPINES,3-ROOM,98.7,28.0,1983,"$413,000",2022-04-19,98.7
BEDOK,4-ROOM,118.6,8.0,1981,"$555,000",16/11/2019,118.6
TAMPINES,3-ROOM,100.4,27.0,1994,"$506,000",2019-11-07,100.4
TAMPINES,4-ROOM,140.7,11.0,2006,"$590,000",2018-04-18,140.7
CLEMENTI,5-ROOM,86.4,26.0,2001,"$499,000",07/05/2022,86.4
JURONG WEST,4-ROOM,109.8,21.0,2014,"$452,000",22/01/2023,109.8
TAMPINES,3-ROOM,81.0,18.0,1981,"$392,000",2019-01-28,81.0
HOUGANG,3-ROOM,89.8,6.0,1999,"$368,000",21/12/2018,89.8
PUNGGOL,5-ROOM,95.9,11.0,2006,"$376,000",19/03/2019,95.9
HOUGANG,3-ROOM,110.9,21.0,1998,"$588,000",27/02/2020,110.9
YISHUN,4-ROOM,90.6,5.0,1980,"$308,000",2023-11-24,90.6
TAMPINES,3-ROOM,97.4,17.0,1988,"$446,000",28/03/2019,97.4
ANG MO KIO,4-ROOM,49.5,4.0,2014,"$229,000",2020-12-26,49.5
JURONG WEST,4-ROOM,80.5,22.0,1988,"$440,000",09/06/2019,80.5
JURONG WEST,3-ROOM,89.7,12.0,1988,"$345,000",2018-03-11,89.7
TAMPINES,4-ROOM,107.6,14.0,1980,"$467,000",2021-11-01,107.6
CLEMENTI,4-ROOM,106.1,7.0,2005,"$483,000",09/04/2019,106.1
ANG MO KIO,4-ROOM,127.9,29.0,1985,"$597,000",2018-07-21,127.9
WOODLANDS,3-ROOM,87.4,25.0,1983,"$412,000",2018-12-24,87.4
CLEMENTI,5-ROOM,76.4,6.0,1994,"$261,000",23/11/2017,76.4
BEDOK,EXECUTIVE,118.5,19.0,1979,"$509,000",30/03/2020,118.5
ANG MO KIO,3-ROOM,109.0,15.0,1981,"$405,000",2020-02-26,109.0
TAMPINES,3-ROOM,40.0,2.0,1982,"$150,000",20/01/2020,40.0
PUNGGOL,3-ROOM,103.2,24.0,1996,"$525,000",01/02/2021,103.2
YISHUN,5-ROOM,110.2,15.0,1976,"$467,000",26/12/2020,110.2
JURONG WEST,4-ROOM,90.1,24.0,1976,"$486,000",13/12/2018,90.1
BEDOK,5-ROOM,143.6,10.0,1997,"$731,000",2020-10-30,143.6
TAMPINES,5-ROOM,98.0,15.0,1976,"$460,000",07/02/2018,98.0
HOUGANG,5-ROOM,98.8,6.0,2009,"$449,000",2018-10-06,98.8
GEYLANG,5-ROOM,40.0,23.0,1976,"$158,000",06/05/2020,40.0
ANG MO KIO,4-ROOM,129.5,21.0,2012,"$553,000",2020-12-12,129.5
JURONG WEST,4-ROOM,111.1,23.0,1988,"$546,000",2018-10-10,111.1
TAMPINES,4-ROOM,47.5,25.0,1991,"$166,000",22/01/2022,47.5
ANG MO KIO,5-ROOM,79.7,20.0,2014,"$455,000",2023-05-15,79.7
ANG MO KIO,4-ROOM,62.9,15.0,1975,"$262,000",04/12/2021,62.9
BEDOK,4-ROOM,102.8,1.0,1990,"$413,000",04/08/2020,102.8
CLEMENTI,5-ROOM,68.4,23.0,1988,"$338,000",2021-09-06,68.4
WOODLANDS,5-ROOM,120.2,7.0,1981,"$512,000",2023-10-03,120.2
TAMPINES,3-ROOM,108.5,16.0,2007,"$531,000",12/06/2020,108.5
WOODLANDS,EXECUTIVE,102.4,26.0,1979,"$478,000",25/03/2022,102.4
TAMPINES,4-ROOM,116.0,29.0,2006,"$596,000",2017-12-04,116.0
WOODLANDS,3-ROOM,111.8,3.0,2011,"$479,000",15/01/2018,111.8
CLEMENTI,3-ROOM,75.3,29.0,2007,"$415,000",29/08/2017,75.3
TAMPINES,4-ROOM,83.8,14.0,2013,"$476,000",13/12/2023,83.8
TAMPINES,3-ROOM,75.8,7.0,1976,"$316,000",2022-12-18,75.8
HOUGANG,5-ROOM,104.6,13.0,1979,"$444,000",06/11/2022,104.6
TAMPINES,3-ROOM,65.9,9.0,1979,"$235,000",2019-02-01,65.9
HOUGANG,3-ROOM,109.2,4.0,1997,"$475,000",11/11/2019,109.2
GEYLANG,4-ROOM,92.7,22.0,2013,"$436,000",2019-03-04,92.7
HOUGANG,5-ROOM,84.7,8.0,1986,"$347,000",25/05/2019,84.7
YISHUN,4-ROOM,107.7,15.0,2013,"$552,000",25/03/2021,107.7
CLEMENTI,5-ROOM,77.5,5.0,2013,"$406,000",25/01/2023,77.5
HOUGANG,4-ROOM,110.2,9.0,1999,"$483,000",20/07/2020,110.2
GEYLANG,4-ROOM,112.3,3.0,2003,"$553,000",2020-02-11,112.3
WOODLANDS,4-ROOM,83.9,18.0,1981,"$424,000",26/06/2018,83.9
CLEMENTI,3-ROOM,116.4,14.0,2011,"$477,000",2017-08-16,116.4
WOODLANDS,4-ROOM,110.3,24.0,2006,"$557,000",07/02/2019,110.3
PUNGGOL,3-ROOM,106.8,1.0,1990,"$475,000",02/08/2018,106.8
JURONG WEST,4-ROOM,128.0,6.0,1981,"$548,000",2018-04-12,128.0
CLEMENTI,4-ROOM,87.4,27.0,2006,"$426,000",13/01/2018,87.4
BEDOK,EXECUTIVE,83.3,3.0,1991,"$296,000",23/01/2017,83.3
TAMPINES,3-ROOM,64.2,15.0,1984,"$358,000",07/11/2017,64.2
WOODLANDS,3-ROOM,119.9,5.0,1989,"$471,000",2021-03-25,119.9
CLEMENTI,4-ROOM,86.0,25.0,2004,"$448,000",2022-03-08,86.0
YISHUN,3-ROOM,105.1,7.0,2002,"$477,000",2020-10-09,105.1
WOODLANDS,5-ROOM,97.8,28.0,1978,"$480,000",28/11/2023,97.8
BEDOK,4-ROOM,,18.0,1999,"$559,000",2020-05-01,
ANG MO KIO,4-ROOM,69.3,6.0,2001,"$315,000",24/01/2022,69.3
TAMPINES,4-ROOM,91.5,16.0,1986,"$344,000",08/05/2018,91.5
JURONG WEST,3-ROOM,151.5,18.0,1997,"$644,000",2021-10-19,151.5
ANG MO KIO,4-ROOM,136.2,3.0,1993,"$559,000",2017-03-11,136.2
HOUGANG,4-ROOM,99.0,20.0,2004,"$525,000",01/11/2021,99.0
WOODLANDS,4-ROOM,54.8,29.0,2007,"$327,000",2019-10-07,54.8
GEYLANG,3-ROOM,121.0,17.0,2010,"$626,000",29/09/2021,121.0
PUNGGOL,EXECUTIVE,102.7,18.0,2002,"$513,000",2020-11-11,102.7
TAMPINES,3-ROOM,109.4,27.0,1999,"$550,000",20/12/2022,109.4
HOUGANG,3-ROOM,106.4,9.0,1976,"$512,000",2021-09-10,106.4
ANG MO KIO,3-ROOM,99.7,29.0,1976,"$451,000",19/08/2020,99.7
ANG MO KIO,3-ROOM,65.6,10.0,2012,"$302,000",2022-02-02,65.6
PUNGGOL,3-ROOM,106.6,3.0,1995,"$528,000",29/12/2017,106.6
TAMPINES,4-ROOM,140.9,3.0,1980,"$613,000",11/06/2020,140.9
WOODLANDS,EXECUTIVE,78.5,6.0,2000,"$290,000",2021-12-23,78.5
YISHUN,3-ROOM,60.0,16.0,2000,"$259,000",2023-07-29,60.0
YISHUN,4-ROOM,105.7,23.0,2007,"$507,000",09/02/2017,105.7
GEYLANG,4-ROOM,82.2,24.0,2012,"$472,000",2017-07-31,82.2
CLEMENTI,4-ROOM,101.3,6.0,1983,"$450,000",2022-05-28,101.3
HOUGANG,4-ROOM,111.1,18.0,1987,"$539,000",28/08/2021,111.1
PUNGGOL,3-ROOM,97.6,15.0,1980,"$470,000",13/08/2018,97.6
YISHUN,4-ROOM,78.5,5.0,2014,"$315,000",30/08/2019,78.5
JURONG WEST,4-ROOM,87.6,3.0,1998,"$371,000",2018-02-17,87.6
TAMPINES,4-ROOM,104.8,22.0,2010,"$476,000",04/01/2023,104.8
ANG MO KIO,3-ROOM,105.1,7.0,2012,"$504,000",11/08/2020,105.1
JURONG WEST,5-ROOM,90.6,4.0,1992,"$374,000",27/02/2020,90.6
GEYLANG,3-ROOM,64.2,15.0,2014,"$358,000",2017-05-22,64.2
JURONG WEST,EXECUTIVE,126.8,17.0,1978,"$461,000",11/07/2017,126.8
TAMPINES,EXECUTIVE,86.6,14.0,1986,"$332,000",2019-12-28,86.6
CLEMENTI,4-ROOM,91.9,13.0,1990,"$435,000",2023-11-18,91.9
JURONG WEST,5-ROOM,77.7,11.0,2014,"$325,000",22/09/2022,77.7
BEDOK,3-ROOM,64.2,1.0,1981,"$167,000",02/06/2019,64.2
JURONG WEST,5-ROOM,112.8,28.0,1985,"$471,000",2017-10-28,112.8
JURONG WEST,5-ROOM,73.9,13.0,2005,"$260,000",19/05/2023,73.9
PUNGGOL,3-ROOM,53.6,10.0,1976,"$251,000",2017-11-03,53.6
GEYLANG,3-ROOM,115.5,10.0,2003,"$567,000",2022-03-20,115.5
BEDOK,EXECUTIVE,118.8,24.0,1976,"$490,000",09/03/2018,118.8
BEDOK,4-ROOM,93.4,3.0,1985,"$416,000",2017-01-17,93.4
TAMPINES,4-ROOM,43.0,19.0,1993,"$150,000",01/10/2018,43.0
PUNGGOL,5-ROOM,75.3,16.0,1986,"$353,000",2019-07-25,75.3
HOUGANG,EXECUTIVE,57.8,17.0,2013,"$315,000",2018-04-02,57.8
JURONG WEST,5-ROOM,83.2,24.0,1979,"$406,000",2023-07-04,83.2
PUNGGOL,4-ROOM,137.7,22.0,1975,"$582,000",16/10/2021,137.7
BEDOK,5-ROOM,96.7,5.0,1975,"$460,000",23/12/2022,96.7
ANG MO KIO,3-ROOM,95.1,7.0,1976,"$397,000",30/11/2017,95.1
GEYLANG,5-ROOM,87.8,7.0,1997,"$425,000",27/03/2019,87.8
PUNGGOL,4-ROOM,66.9,24.0,1975,"$291,000",2020-11-25,66.9
YISHUN,4-ROOM,125.7,11.0,1992,"$596,000",03/03/2017,125.7
GEYLANG,EXECUTIVE,123.6,8.0,1997,"$598,000",2019-03-13,123.6
TAMPINES,EXECUTIVE,85.3,4.0,2002,"$369,000",04/01/2022,85.3
TAMPINES,EXECUTIVE,59.0,13.0,1980,"$318,000",2022-10-30,59.0
BEDOK,4-ROOM,120.3,15.0,1986,"$489,000",03/04/2017,120.3
WOODLANDS,4-ROOM,105.1,12.0,1998,"$428,000",2021-08-25,105.1
CLEMENTI,3-ROOM,93.4,15.0,1992,"$369,000",27/08/2019,93.4
HOUGANG,4-ROOM,96.7,2.0,1979,"$379,000",22/10/2023,96.7
BEDOK,3-ROOM,87.4,13.0,1980,"$378,000",25/08/2022,87.4
PUNGGOL,3-ROOM,128.0,28.0,2014,"$558,000",13/10/2019,128.0
TAMPINES,3-ROOM,98.0,12.0,2007,"$464,000",22/07/2017,98.0
JURONG WEST,3-ROOM,109.1,16.0,2009,"$530,000",2018-09-19,109.1
YISHUN,3-ROOM,133.7,8.0,2003,"$621,000",2021-04-11,133.7
CLEMENTI,4-ROOM,97.4,8.0,1978,"$340,000",2023-06-11,97.4
HOUGANG,4-ROOM,87.5,27.0,1976,"$428,000",16/02/2023,87.5
ANG MO KIO,5-ROOM,119.1,3.0,2000,"$530,000",22/08/2018,119.1
JURONG WEST,4-ROOM,83.7,4.0,1988,"$344,000",03/03/2023,83.7
TAMPINES,4-ROOM,145.9,13.0,1989,"$658,000",01/09/2019,145.9
CLEMENTI,5-ROOM,84.3,21.0,1975,"$399,000",06/03/2018,84.3
ANG MO KIO,4-ROOM,77.1,29.0,1977,"$366,000",08/12/2021,77.1
GEYLANG,3-ROOM,92.5,28.0,2000,"$480,000",29/06/2018,92.5
GEYLANG,4-ROOM,73.9,23.0,1980,"$311,000",2017-08-28,73.9
YISHUN,4-ROOM,89.7,8.0,2008,"$412,000",2023-12-14,89.7
ANG MO KIO,4-ROOM,96.4,17.0,1981,"$451,000",25/05/2020,96.4
PUNGGOL,3-ROOM,96.6,26.0,1994,"$450,000",15/06/2019,96.6
TAMPINES,4-ROOM,97.5,28.0,2008,"$545,000",2020-09-12,97.5
YISHUN,3-ROOM,0.0,6.0,1976,"$455,000",19/08/2023,128.4
JURONG WEST,3-ROOM,113.2,9.0,1987,"$465,000",09/08/2021,113.2
JURONG WEST,4-ROOM,101.2,1.0,1981,"$351,000",2017-12-12,101.2
YISHUN,5-ROOM,91.7,9.0,2005,"$397,000",03/11/2019,91.7
ANG MO KIO,5-ROOM,120.4,19.0,1975,"$517,000",2020-05-10,120.4
YISHUN,EXECUTIVE,81.9,23.0,2005,"$391,000",2019-03-29,81.9
PUNGGOL,4-ROOM,62.4,26.0,1990,"$360,000",2022-08-18,62.4
PUNGGOL,4-ROOM,88.3,2.0,1994,"$350,000",2021-06-02,88.3
YISHUN,4-ROOM,134.0,18.0,2003,"$628,000",12/12/2017,134.0
GEYLANG,4-ROOM,119.3,17.0,1995,"$501,000",2022-05-17,119.3
WOODLANDS,3-ROOM,108.9,21.0,1995,"$477,000",2018-12-15,108.9
GEYLANG,3-ROOM,63.3,23.0,1993,"$222,000",02/03/2017,63.3
CLEMENTI,EXECUTIVE,106.4,9.0,1983,"$437,000",12/06/2017,106.4
YISHUN,EXECUTIVE,79.4,28.0,1983,"$385,000",11/10/2021,79.4
WOODLANDS,5-ROOM,105.9,2.0,1987,"$447,000",2021-03-10,105.9
TAMPINES,4-ROOM,68.0,2.0,2003,"$327,000",02/06/2017,68.0
WOODLANDS,4-ROOM,89.6,12.0,1984,"$331,000",2019-01-21,89.6
TAMPINES,5-ROOM,61.6,26.0,1985,"$276,000",03/12/2020,61.6
CLEMENTI,3-ROOM,74.3,14.0,1991,"$368,000",2020-08-02,74.3
HOUGANG,3-ROOM,-50.0,9.0,1991,"$599,000",2019-06-16,142.4
BEDOK,5-ROOM,112.0,26.0,1987,"$524,000",08/07/2017,112.0
ANG MO KIO,3-ROOM,117.8,16.0,2008,"$597,000",09/06/2019,117.8
ANG MO KIO,5-ROOM,113.0,23.0,2013,"$540,000",2020-12-15,113.0
TAMPINES,3-ROOM,123.3,10.0,1999,"$537,000",2022-07-28,123.3
ANG MO KIO,5-ROOM,93.2,18.0,2010,"$456,000",2017-03-11,93.2
GEYLANG,3-ROOM,100.4,7.0,2003,"$405,000",2021-05-12,100.4
HOUGANG,5-ROOM,78.5,24.0,1977,"$354,000",02/03/2018,78.5
BEDOK,5-ROOM,109.3,12.0,1984,"$476,000",28/10/2023,109.3
TAMPINES,5-ROOM,92.0,4.0,1981,"$375,000",2022-02-10,92.0
PUNGGOL,3-ROOM,57.9,29.0,2001,"$301,000",2022-11-29,57.9
HOUGANG,4-ROOM,163.8,3.0,1992,"$631,000",05/10/2019,163.8
HOUGANG,EXECUTIVE,105.1,10.0,1989,"$461,000",2019-07-29,105.1
ANG MO KIO,3-ROOM,130.7,11.0,1981,"$518,000",22/11/2019,130.7
TAMPINES,4-ROOM,120.3,27.0,1991,"$586,000",09/09/2020,120.3
ANG MO KIO,5-ROOM,58.9,28.0,2013,"$309,000",2022-08-02,58.9
TAMPINES,4-ROOM,118.3,7.0,1994,"$541,000",2021-09-19,118.3
HOUGANG,4-ROOM,84.2,18.0,2013,"$430,000",2023-04-27,84.2
YISHUN,4-ROOM,114.7,21.0,1996,"$564,000",02/03/2018,114.7
CLEMENTI,3-ROOM,94.7,22.0,1977,"$417,000",14/09/2020,94.7
CLEMENTI,3-ROOM,75.5,3.0,2006,"$308,000",29/04/2021,75.5
TAMPINES,4-ROOM,124.0,19.0,2007,"$578,000",2018-12-22,124.0
HOUGANG,4-ROOM,124.8,5.0,2007,"$579,000",20/06/2020,124.8
GEYLANG,3-ROOM,72.5,19.0,2008,"$356,000",14/10/2021,72.5
BEDOK,3-ROOM,81.7,1.0,1996,"$329,000",2023-11-30,81.7
PUNGGOL,5-ROOM,112.3,27.0,1994,"$447,000",09/07/2017,112.3
YISHUN,4-ROOM,121.2,18.0,1990,"$525,000",2020-01-17,121.2
GEYLANG,3-ROOM,79.1,26.0,2005,"$391,000",2019-09-11,79.1
CLEMENTI,5-ROOM,106.8,18.0,1997,"$614,000",2023-03-04,106.8
ANG MO KIO,5-ROOM,112.4,17.0,2008,"$564,000",2019-06-14,112.4
BEDOK,3-ROOM,45.7,7.0,1983,"$189,000",13/05/2021,45.7
YISHUN,3-ROOM,86.1,21.0,2000,"$417,000",25/06/2021,86.1
BEDOK,EXECUTIVE,63.9,12.0,1999,"$269,000",15/06/2017,63.9
WOODLANDS,3-ROOM,73.0,1.0,1977,"$274,000",14/10/2020,73.0
YISHUN,4-ROOM,80.0,3.0,2003,"$328,000",2023-07-27,80.0
JURONG WEST,4-ROOM,96.9,28.0,1977,"$467,000",2017-01-15,96.9
WOODLANDS,3-ROOM,110.7,12.0,2011,"$445,000",2021-10-02,110.7
BEDOK,EXECUTIVE,93.7,1.0,1986,"$384,000",04/07/2021,93.7
TAMPINES,EXECUTIVE,85.1,15.0,1997,"$345,000",2017-06-29,85.1
GEYLANG,5-ROOM,97.9,8.0,1981,"$402,000",2017-01-16,97.9
PUNGGOL,4-ROOM,99.7,3.0,1988,"$407,000",07/11/2019,99.7
YISHUN,3-ROOM,114.2,27.0,1998,"$520,000",05/08/2020,114.2
HOUGANG,3-ROOM,71.5,22.0,1993,"$351,000",24/09/2018,71.5
GEYLANG,4-ROOM,97.4,26.0,1997,"$435,000",15/01/2022,97.4
GEYLANG,4-ROOM,91.2,16.0,1975,"$388,000",05/07/2017,91.2
HOUGANG,4-ROOM,135.2,3.0,1999,"$561,000",2017-05-23,135.2
WOODLANDS,3-ROOM,79.7,10.0,2006,"$356,000",02/11/2020,79.7
WOODLANDS,3-ROOM,99.5,27.0,2006,"$515,000",06/12/2020,99.5
CLEMENTI,3-ROOM,76.1,9.0,2013,"$357,000",2018-06-03,76.1
CLEMENTI,4-ROOM,112.2,14.0,1982,"$595,000",2017-06-01,112.2
TAMPINES,3-ROOM,114.9,18.0,2006,"$557,000",29/03/2020,114.9
JURONG WEST,4-ROOM,132.6,13.0,1983,"$629,000",13/07/2018,132.6
BEDOK,4-ROOM,79.3,5.0,2009,"$359,000",05/03/2017,79.3
HOUGANG,EXECUTIVE,113.6,18.0,1982,"$485,000",2022-07-12,113.6
ANG MO KIO,3-ROOM,103.1,25.0,2006,"$529,000",2019-06-30,103.1
BEDOK,3-ROOM,104.3,1.0,1992,"$402,000",2020-04-04,104.3
YISHUN,5-ROOM,76.0,3.0,1995,"$393,000",01/02/2022,76.0
JURONG WEST,4-ROOM,115.5,3.0,1976,"$490,000",2020-04-13,115.5
BEDOK,4-ROOM,78.1,27.0,1983,"$384,000",2021-06-28,78.1
ANG MO KIO,5-ROOM,115.9,9.0,1994,"$451,000",15/12/2019,115.9
PUNGGOL,4-ROOM,74.6,25.0,2001,"$437,000",24/04/2021,74.6
HOUGANG,3-ROOM,90.2,21.0,1983,"$404,000",29/05/2018,90.2
TAMPINES,4-ROOM,400.0,27.0,2007,"$439,000",22/04/2021,95.4
PUNGGOL,4-ROOM,105.5,12.0,2001,"$435,000",2023-09-24,105.5
BEDOK,3-ROOM,98.6,21.0,1983,"$503,000",14/02/2018,98.6
CLEMENTI,EXECUTIVE,101.6,21.0,1979,"$454,000",2020-05-16,101.6
YISHUN,5-ROOM,139.7,28.0,1991,"$663,000",01/01/2022,139.7
BEDOK,5-ROOM,103.5,18.0,1997,"$518,000",2017-06-03,103.5
ANG MO KIO,3-ROOM,84.7,10.0,2010,"$393,000",2020-07-19,84.7
BEDOK,4-ROOM,74.5,19.0,1987,"$289,000",07/01/2017,74.5
TAMPINES,3-ROOM,97.0,27.0,1988,"$413,000",08/06/2018,97.0
PUNGGOL,3-ROOM,84.2,2.0,2000,"$373,000",29/10/2018,84.2
CLEMENTI,4-ROOM,87.8,18.0,2014,"$542,000",2020-08-04,87.8
CLEMENTI,5-ROOM,122.5,4.0,2009,"$536,000",06/12/2017,122.5
ANG MO KIO,5-ROOM,135.4,19.0,1979,"$628,000",05/05/2020,135.4
TAMPINES,3-ROOM,91.5,5.0,1979,"$355,000",03/11/2020,91.5
GEYLANG,4-ROOM,106.1,16.0,2002,"$485,000",2018-03-25,106.1
PUNGGOL,4-ROOM,87.4,2.0,1987,"$343,000",30/03/2019,87.4
YISHUN,5-ROOM,83.6,24.0,1982,"$338,000",2020-08-17,83.6
WOODLANDS,4-ROOM,86.8,2.0,1996,"$372,000",2020-03-21,86.8
WOODLANDS,4-ROOM,63.9,1.0,2012,"$281,000",07/06/2022,63.9
TAMPINES,5-ROOM,71.7,10.0,2013,"$364,000",13/08/2018,71.7
JURONG WEST,4-ROOM,102.9,15.0,2009,"$401,000",2022-06-02,102.9
ANG MO KIO,3-ROOM,108.5,22.0,2009,"$467,000",2020-07-20,108.5
WOODLANDS,EXECUTIVE,70.4,16.0,1986,"$229,000",18/01/2023,70.4
TAMPINES,5-ROOM,70.1,5.0,1990,"$229,000",05/02/2019,70.1
CLEMENTI,4-ROOM,118.4,13.0,2005,"$464,000",2019-10-13,118.4
PUNGGOL,3-ROOM,140.1,16.0,2001,"$608,000",2017-08-16,140.1
WOODLANDS,5-ROOM,98.1,22.0,1999,"$492,000",2019-09-02,98.1
CLEMENTI,3-ROOM,83.2,20.0,1984,"$366,000",28/12/2021,83.2
YISHUN,4-ROOM,82.8,9.0,2000,"$392,000",2020-11-25,82.8
WOODLANDS,5-ROOM,78.7,22.0,1985,"$342,000",2020-07-12,78.7
GEYLANG,5-ROOM,124.5,7.0,2012,"$558,000",2019-05-02,124.5
GEYLANG,4-ROOM,103.8,27.0,1992,"$585,000",29/01/2021,103.8
WOODLANDS,3-ROOM,89.9,21.0,1977,"$383,000",17/11/2020,89.9
CLEMENTI,EXECUTIVE,84.2,18.0,2004,"$447,000",2022-04-04,84.2
PUNGGOL,5-ROOM,82.7,2.0,1983,"$320,000",30/04/2021,82.7
YISHUN,5-ROOM,131.4,9.0,2005,"$591,000",13/03/2021,131.4
CLEMENTI,4-ROOM,126.9,1.0,2002,"$555,000",22/06/2020,126.9
ANG MO KIO,4-ROOM,108.0,25.0,1996,"$505,000",29/03/2023,108.0
HOUGANG,3-ROOM,125.5,29.0,2014,"$591,000",20/01/2017,125.5
WOODLANDS,EXECUTIVE,111.3,16.0,2000,"$461,000",02/08/2022,111.3
TAMPINES,5-ROOM,77.6,5.0,1977,"$261,000",29/04/2020,77.6
CLEMENTI,4-ROOM,121.4,26.0,2013,"$557,000",2021-06-15,121.4
PUNGGOL,3-ROOM,96.7,7.0,1976,"$302,000",06/09/2019,96.7
TAMPINES,3-ROOM,123.3,20.0,1992,"$500,000",15/04/2018,123.3
WOODLANDS,4-ROOM,117.0,29.0,2013,"$613,000",24/12/2019,117.0
GEYLANG,3-ROOM,95.1,15.0,2013,"$478,000",23/11/2023,95.1
TAMPINES,5-ROOM,95.7,24.0,2010,"$481,000",2020-03-27,95.7
YISHUN,3-ROOM,106.0,21.0,1998,"$537,000",2019-08-07,106.0
BEDOK,4-ROOM,45.1,20.0,1978,"$181,000",03/10/2023,45.1
JURONG WEST,5-ROOM,94.6,4.0,2011,"$409,000",10/03/2022,94.6
HOUGANG,4-ROOM,85.6,18.0,1995,"$362,000",2019-08-08,85.6
HOUGANG,3-ROOM,105.7,7.0,2009,"$501,000",2017-09-02,105.7
GEYLANG,3-ROOM,92.8,19.0,2014,"$431,000",2022-12-14,92.8
YISHUN,EXECUTIVE,111.1,9.0,2007,"$482,000",20/12/2020,111.1
JURONG WEST,3-ROOM,87.4,19.0,1994,"$406,000",08/01/2019,87.4
CLEMENTI,4-ROOM,94.2,24.0,1998,"$410,000",2020-11-23,94.2
BEDOK,3-ROOM,98.2,11.0,1982,"$434,000",01/08/2017,98.2
GEYLANG,5-ROOM,74.9,17.0,2009,"$402,000",2020-04-12,74.9
PUNGGOL,4-ROOM,110.6,3.0,1977,"$455,000",10/03/2020,110.6
TAMPINES,5-ROOM,88.8,15.0,1999,"$401,000",2022-08-06,88.8
PUNGGOL,3-ROOM,93.7,28.0,1975,"$484,000",2017-07-05,93.7
PUNGGOL,3-ROOM,58.9,9.0,2013,"$267,000",2018-10-12,58.9
YISHUN,3-ROOM,118.5,14.0,1977,"$489,000",2020-07-20,118.5
TAMPINES,4-ROOM,94.1,1.0,1990,"$442,000",2020-05-23,94.1
CLEMENTI,3-ROOM,104.8,23.0,1999,"$548,000",08/01/2018,104.8
GEYLANG,3-ROOM,58.0,17.0,2014,"$328,000",2017-04-02,58.0
WOODLANDS,4-ROOM,89.0,27.0,1976,"$410,000",2022-06-07,89.0
HOUGANG,5-ROOM,108.2,20.0,2013,"$573,000",2020-06-23,108.2
PUNGGOL,4-ROOM,115.0,11.0,2000,"$540,000",2022-10-01,115.0
HOUGANG,4-ROOM,141.5,25.0,1996,"$619,000",10/07/2017,141.5
GEYLANG,4-ROOM,112.7,6.0,2013,"$568,000",2023-07-17,112.7
ANG MO KIO,4-ROOM,53.3,21.0,1986,"$221,000",2022-04-20,53.3
PUNGGOL,4-ROOM,69.0,15.0,2003,"$292,000",26/11/2017,69.0
WOODLANDS,5-ROOM,85.9,25.0,1982,"$383,000",27/05/2017,85.9
PUNGGOL,3-ROOM,86.0,8.0,1990,"$343,000",2021-01-01,86.0
YISHUN,4-ROOM,113.0,7.0,2005,"$509,000",18/01/2019,113.0
WOODLANDS,3-ROOM,80.1,22.0,1987,"$387,000",01/11/2022,80.1
HOUGANG,EXECUTIVE,84.9,27.0,1978,"$364,000",2018-08-08,84.9
GEYLANG,4-ROOM,115.7,17.0,1990,"$479,000",2023-07-24,115.7
PUNGGOL,4-ROOM,76.3,28.0,1984,"$350,000",2023-07-01,76.3
YISHUN,3-ROOM,103.8,4.0,1996,"$443,000",18/06/2022,103.8
JURONG WEST,5-ROOM,111.2,6.0,1978,"$488,000",2023-04-13,111.2
CLEMENTI,3-ROOM,141.3,11.0,1990,"$609,000",06/07/2018,141.3
JURONG WEST,3-ROOM,141.3,17.0,1995,"$682,000",2021-02-26,141.3
BEDOK,4-ROOM,89.0,18.0,2014,"$420,000",30/05/2022,89.0
HOUGANG,4-ROOM,90.5,19.0,1988,"$377,000",2021-03-29,90.5
GEYLANG,5-ROOM,72.4,17.0,2000,"$379,000",2019-02-07,72.4
TAMPINES,4-ROOM,103.2,7.0,1988,"$383,000",2017-08-09,103.2
BEDOK,5-ROOM,85.0,5.0,1991,"$325,000",24/07/2018,85.0
GEYLANG,3-ROOM,95.8,28.0,1978,"$477,000",2019-09-26,95.8
YISHUN,5-ROOM,51.2,20.0,1995,"$311,000",2017-08-05,51.2
TAMPINES,4-ROOM,98.5,25.0,1986,"$476,000",19/10/2018,98.5
JURONG WEST,3-ROOM,64.7,4.0,1998,"$239,000",08/11/2019,64.7
GEYLANG,4-ROOM,71.7,8.0,2008,"$304,000",21/10/2020,71.7
GEYLANG,4-ROOM,90.1,14.0,2002,"$309,000",2019-10-28,90.1
CLEMENTI,5-ROOM,70.3,24.0,1994,"$321,000",03/08/2021,70.3
JURONG WEST,3-ROOM,68.2,17.0,1989,"$219,000",2022-10-22,68.2
TAMPINES,4-ROOM,137.5,28.0,1978,"$624,000",2019-02-03,137.5
BEDOK,EXECUTIVE,84.8,9.0,2009,"$440,000",2018-03-15,84.8
BEDOK,4-ROOM,93.4,16.0,1989,"$500,000",2021-12-11,93.4
CLEMENTI,4-ROOM,101.8,18.0,2006,"$405,000",2018-04-11,101.8
PUNGGOL,5-ROOM,106.6,6.0,1988,"$459,000",2017-05-25,106.6
CLEMENTI,EXECUTIVE,115.3,16.0,2004,"$520,000",08/01/2021,115.3
PUNGGOL,5-ROOM,102.6,5.0,2002,"$426,000",27/09/2018,102.6
CLEMENTI,4-ROOM,87.0,3.0,1990,"$423,000",06/06/2022,87.0
WOODLANDS,3-ROOM,79.3,5.0,2006,"$306,000",25/08/2020,79.3
PUNGGOL,4-ROOM,51.5,1.0,2004,"$191,000",2021-06-22,51.5
WOODLANDS,3-ROOM,109.4,20.0,1994,"$503,000",2022-03-29,109.4
JURONG WEST,5-ROOM,94.3,3.0,1992,"$451,000",17/08/2018,94.3
JURONG WEST,3-ROOM,86.6,8.0,1977,"$282,000",2023-10-25,86.6
PUNGGOL,3-ROOM,110.2,28.0,2000,"$543,000",10/10/2019,110.2
ANG MO KIO,4-ROOM,111.9,19.0,1986,"$503,000",2020-03-17,111.9
ANG MO KIO,5-ROOM,90.2,6.0,1986,"$373,000",10/12/2019,90.2
ANG MO KIO,5-ROOM,99.6,17.0,1981,"$330,000",2023-01-25,99.6
WOODLANDS,3-ROOM,64.7,2.0,1999,"$259,000",24/06/2019,64.7
YISHUN,3-ROOM,98.5,25.0,2008,"$448,000",19/08/2023,98.5
YISHUN,3-ROOM,110.1,7.0,2010,"$486,000",13/11/2018,110.1
PUNGGOL,3-ROOM,112.9,14.0,2013,"$543,000",08/02/2018,112.9
YISHUN,EXECUTIVE,116.0,27.0,2002,"$500,000",26/09/2020,116.0
CLEMENTI,5-ROOM,96.0,20.0,1980,"$463,000",02/10/2020,96.0
JURONG WEST,4-ROOM,77.9,14.0,2012,"$269,000",2017-01-28,77.9
WOODLANDS,3-ROOM,107.4,14.0,1990,"$527,000",2021-01-11,107.4
JURONG WEST,4-ROOM,141.6,2.0,1984,"$691,000",13/10/2017,141.6
TAMPINES,3-ROOM,116.1,17.0,1979,"$492,000",16/04/2023,116.1
WOODLANDS,5-ROOM,87.8,27.0,2007,"$440,000",02/04/2023,87.8
GEYLANG,5-ROOM,75.8,8.0,1978,"$303,000",08/07/2020,75.8
ANG MO KIO,3-ROOM,62.0,24.0,1995,"$228,000",08/04/2023,62.0
PUNGGOL,3-ROOM,114.6,24.0,2012,"$585,000",18/08/2019,114.6
GEYLANG,4-ROOM,57.1,10.0,1984,"$183,000",23/11/2022,57.1
JURONG WEST,5-ROOM,108.9,9.0,1983,"$482,000",18/10/2018,108.9
TAMPINES,3-ROOM,95.8,10.0,2004,"$426,000",07/12/2018,95.8
BEDOK,4-ROOM,136.4,18.0,1975,"$591,000",2020-03-14,136.4
HOUGANG,EXECUTIVE,111.8,21.0,1999,"$525,000",2023-11-07,111.8
CLEMENTI,3-ROOM,77.1,5.0,1976,"$285,000",2019-04-19,77.1
GEYLANG,4-ROOM,89.3,7.0,2004,"$331,000",31/10/2023,89.3
PUNGGOL,4-ROOM,75.1,21.0,1985,"$358,000",2023-12-05,75.1
CLEMENTI,5-ROOM,81.6,5.0,1979,"$280,000",2017-05-19,81.6
CLEMENTI,EXECUTIVE,98.0,6.0,2009,"$378,000",2017-05-05,98.0
CLEMENTI,EXECUTIVE,111.9,4.0,1977,"$424,000",18/03/2018,111.9
BEDOK,3-ROOM,92.5,14.0,2008,"$369,000",2019-05-04,92.5
YISHUN,4-ROOM,104.4,2.0,1993,"$428,000",2023-01-27,104.4
HOUGANG,3-ROOM,71.1,22.0,1984,"$375,000",31/01/2019,71.1
WOODLANDS,4-ROOM,148.0,26.0,1986,"$616,000",08/12/2020,148.0
WOODLANDS,3-ROOM,147.7,5.0,2002,"$594,000",09/08/2018,147.7
BEDOK,EXECUTIVE,103.7,4.0,2006,"$453,000",07/11/2023,103.7
YISHUN,3-ROOM,88.2,22.0,2007,"$460,000",2022-01-09,88.2
WOODLANDS,3-ROOM,101.9,26.0,2005,"$511,000",09/08/2017,101.9
HOUGANG,5-ROOM,102.6,19.0,2007,"$442,000",25/01/2017,102.6
BEDOK,5-ROOM,76.4,14.0,1983,"$333,000",2021-08-07,76.4
TAMPINES,4-ROOM,75.3,13.0,2003,"$380,000",2017-04-26,75.3
WOODLANDS,4-ROOM,124.7,7.0,1985,"$551,000",2023-09-12,124.7
PUNGGOL,5-ROOM,98.5,4.0,1980,"$384,000",2018-01-26,98.5
PUNGGOL,4-ROOM,112.4,17.0,1985,"$483,000",2017-04-23,112.4
ANG MO KIO,3-ROOM,109.7,5.0,2014,"$501,000",2023-04-18,109.7
JURONG WEST,5-ROOM,67.6,14.0,2014,"$311,000",07/12/2020,67.6
JURONG WEST,5-ROOM,81.7,18.0,1977,"$333,000",26/10/2017,81.7
TAMPINES,3-ROOM,100.6,19.0,1995,"$476,000",2019-11-28,100.6
JURONG WEST,4-ROOM,112.1,7.0,1981,"$435,000",30/08/2022,112.1
TAMPINES,3-ROOM,118.9,7.0,1989,"$529,000",2017-03-15,118.9
JURONG WEST,3-ROOM,81.9,4.0,1986,"$304,000",29/06/2023,81.9
ANG MO KIO,4-ROOM,101.6,15.0,2003,"$438,000",2017-07-28,101.6
CLEMENTI,3-ROOM,68.2,11.0,2003,"$367,000",25/03/2022,68.2
HOUGANG,EXECUTIVE,70.9,3.0,1999,"$336,000",28/04/2018,70.9
WOODLANDS,5-ROOM,112.4,9.0,2005,"$432,000",25/03/2020,112.4
ANG MO KIO,5-ROOM,106.8,13.0,2007,"$524,000",2023-03-13,106.8
GEYLANG,5-ROOM,110.0,27.0,2003,"$486,000",2019-10-25,110.0
YISHUN,4-ROOM,146.7,2.0,1975,"$631,000",2020-01-07,146.7
YISHUN,4-ROOM,78.9,18.0,1994,"$324,000",2020-09-19,78.9
BEDOK,4-ROOM,74.7,25.0,1987,"$340,000",06/05/2022,74.7
BEDOK,5-ROOM,111.0,28.0,2011,"$550,000",20/08/2022,111.0
CLEMENTI,5-ROOM,100.7,4.0,2000,"$416,000",28/02/2021,100.7
CLEMENTI,EXECUTIVE,95.0,6.0,2000,"$404,000",01/04/2021,95.0
TAMPINES,EXECUTIVE,91.7,3.0,1997,"$408,000",2023-02-06,91.7
BEDOK,5-ROOM,99.1,27.0,1998,"$538,000",20/11/2018,99.1
GEYLANG,4-ROOM,103.6,25.0,2002,"$552,000",04/09/2018,103.6
JURONG WEST,4-ROOM,51.7,19.0,2013,"$293,000",19/10/2019,51.7
CLEMENTI,5-ROOM,93.7,15.0,1995,"$395,000",03/07/2021,93.7
BEDOK,4-ROOM,75.8,1.0,1984,"$333,000",09/12/2018,75.8
JURONG WEST,4-ROOM,40.0,28.0,1984,"$224,000",09/06/2018,40.0
WOODLANDS,4-ROOM,87.8,10.0,1993,"$351,000",08/08/2019,87.8
WOODLANDS,4-ROOM,107.4,17.0,2014,"$500,000",2018-10-23,107.4
JURONG WEST,3-ROOM,86.9,11.0,1987,"$377,000",14/01/2018,86.9
GEYLANG,4-ROOM,64.7,22.0,1990,"$261,000",29/10/2017,64.7
GEYLANG,3-ROOM,83.6,7.0,1986,"$360,000",2021-11-20,83.6
TAMPINES,4-ROOM,93.5,7.0,1999,"$509,000",2022-12-06,93.5
CLEMENTI,EXECUTIVE,118.3,27.0,1989,"$563,000",2020-05-07,118.3
YISHUN,3-ROOM,104.9,17.0,1984,"$403,000",2023-04-04,104.9
BEDOK,4-ROOM,93.6,17.0,1995,"$436,000",2018-04-13,93.6
YISHUN,5-ROOM,92.6,13.0,2003,"$427,000",2019-05-20,92.6
PUNGGOL,4-ROOM,120.3,14.0,2006,"$535,000",2018-08-03,120.3
WOODLANDS,4-ROOM,119.0,29.0,1988,"$601,000",2019-03-30,119.0
GEYLANG,5-ROOM,123.1,14.0,1996,"$627,000",26/03/2019,123.1
JURONG WEST,5-ROOM,113.3,28.0,1983,"$530,000",2022-01-16,113.3
BEDOK,5-ROOM,70.2,23.0,1992,"$272,000",2020-11-28,70.2
GEYLANG,4-ROOM,130.6,1.0,1991,"$560,000",2017-10-17,130.6
