district,credit_score,monthly_income,approved
CENTRAL,539.0,5268.0,0
WEST,656.0,5343.0,0
WEST,730.0,4302.0,0
EAST,658.0,5590.0,0
NORTH,625.0,4421.0,0
WEST,572.0,7459.0,0
WEST,445.0,3911.0,0
CENTRAL,698.0,2761.0,0
NORTH,615.0,3964.0,0
WEST,677.0,4934.0,0
NORTH,693.0,2824.0,0
EAST,552.0,4117.0,0
NORTH-EAST,614.0,7273.0,0
CENTRAL,511.0,4753.0,0
NORTH,799.0,4482.0,0
NORTH-EAST,674.0,988.0,0
NORTH,633.0,4425.0,0
WEST,693.0,5407.0,1
CENTRAL,669.0,4374.0,0
NORTH,640.0,3137.0,0
EAST,734.0,5082.0,1
NORTH,619.0,4006.0,0
EAST,536.0,5304.0,0
CENTRAL,698.0,3202.0,0
CENTRAL,695.0,4410.0,0
EAST,610.0,4827.0,0
NORTH,724.0,2004.0,0
EAST,728.0,6035.0,1
NORTH-EAST,682.0,3564.0,0
WEST,582.0,2278.0,0
WEST,621.0,1582.0,0
WEST,710.0,6981.0,0
EAST,764.0,2537.0,0
EAST,653.0,5427.0,1
NORTH-EAST,615.0,4463.0,0
NORTH-EAST,510.0,4855.0,0
EAST,512.0,6172.0,0
NORTH,681.0,5152.0,0
WEST,612.0,4312.0,0
CENTRAL,619.0,4688.0,0
EAST,729.0,3933.0,1
WEST,620.0,5977.0,0
CENTRAL,652.0,3099.0,0
CENTRAL,706.0,2079.0,0
NORTH-EAST,661.0,6005.0,0
CENTRAL,539.0,5031.0,0
NORTH,720.0,3249.0,0
EAST,746.0,2781.0,0
WEST,656.0,2416.0,0
NORTH-EAST,658.0,2316.0,0
NORTH,558.0,3467.0,0
CENTRAL,633.0,5266.0,0
EAST,723.0,2690.0,0
NORTH-EAST,619.0,4239.0,0
EAST,666.0,5957.0,1
CENTRAL,725.0,925.0,0
NORTH-EAST,576.0,4977.0,0
CENTRAL,687.0,7076.0,0
WEST,608.0,3896.0,0
EAST,676.0,8013.0,0
NORTH-EAST,509.0,3475.0,0
NORTH,783.0,3228.0,0
EAST,663.0,2184.0,0
WEST,627.0,3671.0,0
WEST,516.0,5344.0,0
EAST,674.0,4693.0,0
NORTH,662.0,5674.0,0
NORTH,799.0,4444.0,0
WEST,767.0,4288.0,0
NORTH,632.0,4835.0,0
NORTH-EAST,640.0,3240.0,0
CENTRAL,705.0,5147.0,0
EAST,701.0,4284.0,0
WEST,673.0,5533.0,0
CENTRAL,581.0,5933.0,0
CENTRAL,444.0,7485.0,0
EAST,658.0,4434.0,0
NORTH,638.0,5195.0,0
WEST,750.0,6157.0,0
CENTRAL,585.0,4143.0,0
NORTH-EAST,503.0,3603.0,0
NORTH,604.0,3238.0,0
EAST,711.0,6701.0,1
NORTH,632.0,2798.0,0
NORTH-EAST,636.0,2185.0,0
WEST,637.0,3877.0,0
NORTH,566.0,6118.0,0
NORTH-EAST,574.0,4556.0,0
CENTRAL,686.0,2866.0,0
CENTRAL,634.0,5419.0,0
NORTH-EAST,657.0,2070.0,0
EAST,505.0,3173.0,0
WEST,691.0,1050.0,0
WEST,609.0,4833.0,0
NORTH-EAST,621.0,6432.0,0
NORTH-EAST,604.0,3700.0,0
EAST,520.0,800.0,0
NORTH-EAST,611.0,5002.0,0
NORTH,749.0,3713.0,0
EAST,586.0,2846.0,0
NORTH,670.0,4689.0,0
CENTRAL,637.0,4733.0,0
NORTH,720.0,5691.0,0
CENTRAL,694.0,2954.0,0
NORTH,658.0,3693.0,0
WEST,454.0,4559.0,0
NORTH-EAST,703.0,3379.0,0
NORTH-EAST,569.0,1264.0,0
CENTRAL,593.0,2579.0,0
EAST,584.0,1523.0,0
EAST,495.0,6601.0,0
NORTH-EAST,699.0,1912.0,0
WEST,670.0,3497.0,0
CENTRAL,766.0,3166.0,0
WEST,613.0,3700.0,0
EAST,595.0,3232.0,0
NORTH-EAST,572.0,3677.0,0
NORTH-EAST,712.0,6985.0,1
NORTH,582.0,2857.0,0
CENTRAL,673.0,5437.0,0
EAST,735.0,3833.0,0
NORTH,406.0,3391.0,0
WEST,605.0,3617.0,0
NORTH,620.0,6211.0,0
NORTH,668.0,4902.0,0
CENTRAL,504.0,5606.0,0
NORTH-EAST,724.0,2987.0,0
CENTRAL,594.0,3264.0,0
EAST,748.0,6697.0,0
CENTRAL,567.0,5876.0,0
CENTRAL,739.0,3013.0,0
CENTRAL,707.0,2637.0,0
CENTRAL,519.0,4778.0,0
CENTRAL,680.0,3835.0,0
NORTH,492.0,5086.0,0
NORTH-EAST,642.0,6126.0,0
WEST,662.0,4932.0,0
WEST,544.0,4296.0,0
NORTH,586.0,5623.0,0
NORTH,636.0,5694.0,0
EAST,587.0,6151.0,0
NORTH,674.0,6053.0,0
EAST,566.0,6936.0,0
NORTH-EAST,590.0,4846.0,0
EAST,486.0,3519.0,0
CENTRAL,747.0,1467.0,0
EAST,616.0,4341.0,0
NORTH-EAST,604.0,3579.0,0
CENTRAL,735.0,4838.0,1
WEST,713.0,4822.0,0
WEST,600.0,4620.0,0
NORTH-EAST,859.0,6744.0,1
CENTRAL,590.0,5130.0,0
WEST,635.0,6364.0,0
NORTH-EAST,514.0,4880.0,0
CENTRAL,725.0,4930.0,0
CENTRAL,582.0,1067.0,0
WEST,706.0,7580.0,0
CENTRAL,672.0,5538.0,0
CENTRAL,606.0,4736.0,0
WEST,549.0,4185.0,0
NORTH-EAST,654.0,1929.0,0
NORTH-EAST,795.0,3238.0,0
CENTRAL,754.0,3979.0,0
NORTH-EAST,614.0,4380.0,0
CENTRAL,798.0,2818.0,0
CENTRAL,653.0,2576.0,0
EAST,514.0,800.0,0
CENTRAL,682.0,4288.0,0
WEST,571.0,2768.0,0
CENTRAL,567.0,5262.0,0
NORTH-EAST,673.0,6069.0,0
WEST,565.0,4417.0,0
NORTH,541.0,3718.0,0
NORTH,615.0,5122.0,0
EAST,564.0,800.0,0
CENTRAL,683.0,3047.0,0
NORTH,722.0,3941.0,0
CENTRAL,566.0,6561.0,0
CENTRAL,546.0,3026.0,0
WEST,641.0,4712.0,0
CENTRAL,693.0,6076.0,1
WEST,669.0,3467.0,0
EAST,665.0,6114.0,0
NORTH,703.0,6193.0,0
NORTH,648.0,800.0,0
CENTRAL,562.0,3983.0,0
EAST,515.0,4441.0,0
NORTH-EAST,741.0,8527.0,1
NORTH,452.0,6796.0,0
NORTH-EAST,607.0,1848.0,0
NORTH-EAST,590.0,5070.0,0
NORTH-EAST,529.0,8097.0,0
WEST,624.0,4477.0,0
WEST,570.0,1323.0,0
CENTRAL,477.0,5351.0,0
NORTH,717.0,3173.0,0
NORTH-EAST,716.0,5576.0,0
CENTRAL,571.0,2564.0,0
WEST,613.0,4872.0,0
WEST,633.0,5791.0,0
WEST,609.0,6306.0,0
EAST,650.0,4303.0,0
NORTH-EAST,636.0,7383.0,0
NORTH,781.0,3832.0,0
NORTH-EAST,722.0,3765.0,0
WEST,643.0,3853.0,0
NORTH,750.0,5174.0,0
NORTH,644.0,4036.0,0
NORTH-EAST,659.0,7003.0,0
NORTH,520.0,3497.0,0
CENTRAL,632.0,2866.0,0
NORTH-EAST,754.0,3924.0,0
EAST,751.0,4424.0,1
WEST,568.0,5156.0,0
NORTH,627.0,4556.0,0
NORTH-EAST,571.0,2192.0,0
EAST,716.0,4694.0,0
NORTH-EAST,604.0,6457.0,0
NORTH-EAST,622.0,3104.0,0
NORTH,664.0,3277.0,0
CENTRAL,520.0,2815.0,0
NORTH-EAST,496.0,5666.0,0
WEST,734.0,6874.0,1
NORTH-EAST,650.0,5844.0,0
NORTH-EAST,801.0,6868.0,0
CENTRAL,711.0,5110.0,0
WEST,598.0,5519.0,0
CENTRAL,612.0,2740.0,0
NORTH-EAST,665.0,4264.0,0
CENTRAL,630.0,4638.0,0
WEST,590.0,3911.0,0
NORTH,693.0,5911.0,0
WEST,657.0,5080.0,0
CENTRAL,692.0,3992.0,1
WEST,670.0,4236.0,0
NORTH,681.0,4242.0,0
NORTH,734.0,6487.0,0
NORTH,540.0,2632.0,0
CENTRAL,528.0,2749.0,0
WEST,590.0,5281.0,0
NORTH-EAST,677.0,4838.0,0
NORTH,703.0,2334.0,0
NORTH-EAST,678.0,1725.0,0
WEST,755.0,6323.0,1
EAST,619.0,5011.0,0
EAST,768.0,4300.0,1
NORTH-EAST,706.0,4253.0,0
NORTH-EAST,447.0,3648.0,0
NORTH-EAST,750.0,5499.0,0
EAST,705.0,5740.0,0
WEST,665.0,4729.0,0
CENTRAL,738.0,4871.0,0
EAST,623.0,3173.0,0
WEST,660.0,5594.0,0
NORTH-EAST,679.0,5491.0,1
NORTH,649.0,6565.0,0
NORTH,658.0,3592.0,0
NORTH-EAST,805.0,5479.0,1
CENTRAL,644.0,1779.0,0
WEST,633.0,4388.0,0
NORTH-EAST,709.0,5583.0,0
WEST,659.0,4998.0,0
WEST,648.0,6228.0,0
WEST,591.0,4285.0,0
EAST,691.0,5093.0,0
CENTRAL,640.0,4212.0,0
CENTRAL,592.0,3561.0,0
NORTH-EAST,645.0,1606.0,0
NORTH-EAST,694.0,5570.0,0
NORTH,535.0,5146.0,0
NORTH,684.0,5791.0,1
CENTRAL,691.0,3920.0,0
CENTRAL,700.0,4139.0,0
NORTH-EAST,666.0,3948.0,0
EAST,582.0,3590.0,0
NORTH,691.0,6579.0,0
NORTH,702.0,4243.0,0
NORTH,663.0,3834.0,0
EAST,580.0,5403.0,1
NORTH,751.0,6072.0,1
EAST,662.0,4646.0,0
EAST,664.0,4671.0,0
CENTRAL,679.0,2592.0,0
CENTRAL,558.0,7244.0,0
CENTRAL,526.0,5193.0,0
NORTH-EAST,702.0,3974.0,0
NORTH,602.0,3990.0,0
WEST,595.0,6522.0,0
EAST,761.0,6594.0,1
NORTH-EAST,522.0,4929.0,0
NORTH,565.0,7084.0,0
CENTRAL,576.0,6082.0,0
CENTRAL,695.0,3229.0,0
CENTRAL,507.0,4145.0,0
NORTH-EAST,714.0,4082.0,0
WEST,603.0,4106.0,0
NORTH,660.0,3767.0,0
WEST,723.0,4107.0,0
NORTH,714.0,3190.0,0
CENTRAL,566.0,4534.0,0
WEST,665.0,3306.0,0
NORTH,609.0,7207.0,0
EAST,672.0,3804.0,0
NORTH,596.0,5697.0,0
NORTH-EAST,641.0,3153.0,0
CENTRAL,656.0,5323.0,1
WEST,569.0,2854.0,0
CENTRAL,666.0,6890.0,1
EAST,634.0,5258.0,0
WEST,659.0,5489.0,0
EAST,554.0,6504.0,1
NORTH-EAST,588.0,5017.0,0
CENTRAL,584.0,6100.0,0
CENTRAL,664.0,3552.0,0
EAST,629.0,5026.0,0
WEST,737.0,4076.0,0
NORTH,688.0,5805.0,0
EAST,578.0,7040.0,0
NORTH,539.0,2369.0,0
CENTRAL,842.0,4760.0,0
EAST,532.0,1840.0,0
NORTH-EAST,719.0,4144.0,0
NORTH-EAST,538.0,5067.0,0
WEST,693.0,4003.0,0
CENTRAL,742.0,5034.0,1
EAST,591.0,6588.0,1
NORTH-EAST,722.0,3581.0,0
NORTH-EAST,698.0,4102.0,0
CENTRAL,714.0,4932.0,0
CENTRAL,679.0,2904.0,0
EAST,760.0,4748.0,0
NORTH-EAST,595.0,4148.0,0
NORTH,771.0,1819.0,0
CENTRAL,708.0,6775.0,0
WEST,602.0,5056.0,0
NORTH-EAST,818.0,4716.0,1
EAST,717.0,2616.0,0
EAST,748.0,5421.0,1
WEST,720.0,2479.0,0
NORTH,722.0,4926.0,0
NORTH,520.0,4669.0,0
NORTH-EAST,602.0,5329.0,0
NORTH-EAST,548.0,6349.0,0
WEST,688.0,4360.0,0
WEST,625.0,2695.0,0
NORTH-EAST,762.0,1625.0,0
WEST,643.0,7244.0,1
WEST,758.0,5527.0,0
CENTRAL,688.0,5219.0,0
WEST,591.0,3720.0,0
CENTRAL,619.0,3110.0,0
EAST,588.0,3764.0,0
WEST,638.0,5376.0,0
NORTH-EAST,705.0,4141.0,0
WEST,696.0,3305.0,0
EAST,670.0,3692.0,0
WEST,555.0,2228.0,0
NORTH,662.0,3779.0,0
NORTH-EAST,656.0,8787.0,0
NORTH,741.0,5488.0,0
CENTRAL,721.0,3895.0,0
WEST,709.0,4075.0,0
NORTH-EAST,828.0,3022.0,0
EAST,622.0,4448.0,0
WEST,616.0,4224.0,0
NORTH-EAST,531.0,2948.0,0
NORTH-EAST,659.0,2364.0,0
EAST,534.0,3181.0,0
NORTH-EAST,776.0,6631.0,0
CENTRAL,605.0,4765.0,0
CENTRAL,684.0,1427.0,1
CENTRAL,619.0,2331.0,0
EAST,728.0,4952.0,0
EAST,574.0,2677.0,0
NORTH-EAST,549.0,2434.0,0
NORTH,575.0,6069.0,0
NORTH-EAST,528.0,5104.0,0
WEST,642.0,7334.0,1
CENTRAL,529.0,3729.0,0
EAST,744.0,5562.0,0
EAST,555.0,5278.0,0
EAST,707.0,7188.0,0
NORTH-EAST,610.0,5462.0,0
WEST,684.0,3461.0,0
EAST,652.0,3824.0,0
NORTH,660.0,4599.0,0
NORTH,580.0,3160.0,0
NORTH-EAST,647.0,6972.0,1
EAST,775.0,3533.0,0
EAST,781.0,6369.0,1
CENTRAL,787.0,4889.0,1
EAST,769.0,5229.0,0
NORTH,679.0,4696.0,0
WEST,444.0,4522.0,0
NORTH,648.0,6104.0,0
WEST,598.0,4718.0,0
EAST,625.0,6924.0,1
WEST,482.0,3773.0,0
EAST,666.0,5716.0,1
EAST,644.0,6281.0,0
EAST,630.0,3574.0,0
NORTH,696.0,3782.0,0
CENTRAL,574.0,5172.0,0
NORTH-EAST,843.0,4004.0,0
NORTH-EAST,635.0,6857.0,0
NORTH-EAST,674.0,6579.0,0
WEST,523.0,3886.0,0
NORTH-EAST,601.0,4377.0,0
NORTH-EAST,634.0,7489.0,0
EAST,670.0,6244.0,1
EAST,591.0,4805.0,0
EAST,820.0,6835.0,0
CENTRAL,634.0,4262.0,0
NORTH-EAST,573.0,3876.0,0
NORTH,788.0,5562.0,0
NORTH-EAST,718.0,5295.0,0
NORTH-EAST,667.0,4689.0,0
EAST,570.0,3490.0,0
NORTH-EAST,605.0,5235.0,0
CENTRAL,678.0,2869.0,0
NORTH,567.0,4574.0,0
CENTRAL,677.0,3989.0,0
EAST,397.0,3065.0,0
NORTH-EAST,634.0,1742.0,0
NORTH,752.0,6853.0,1
NORTH,675.0,6344.0,0
NORTH,529.0,5231.0,0
CENTRAL,734.0,2731.0,0
CENTRAL,628.0,6229.0,0
CENTRAL,628.0,2730.0,0
NORTH,505.0,3297.0,0
CENTRAL,618.0,6892.0,1
NORTH-EAST,491.0,1257.0,0
CENTRAL,583.0,3429.0,0
NORTH-EAST,626.0,3662.0,0
NORTH-EAST,741.0,1854.0,0
CENTRAL,685.0,1163.0,0
NORTH-EAST,734.0,6877.0,0
WEST,686.0,4054.0,0
CENTRAL,616.0,2026.0,0
CENTRAL,766.0,5973.0,1
EAST,729.0,3160.0,1
NORTH-EAST,625.0,4189.0,0
EAST,668.0,3431.0,0
NORTH,583.0,3079.0,0
WEST,632.0,2372.0,0
CENTRAL,614.0,3921.0,0
NORTH-EAST,465.0,5215.0,0
NORTH-EAST,596.0,4414.0,0
WEST,634.0,4341.0,0
WEST,619.0,6746.0,0
EAST,709.0,3731.0,0
EAST,520.0,5598.0,0
WEST,698.0,2166.0,0
WEST,616.0,4423.0,0
NORTH,643.0,2138.0,0
NORTH,477.0,1935.0,0
CENTRAL,691.0,2147.0,0
CENTRAL,816.0,5017.0,0
WEST,616.0,5326.0,0
EAST,717.0,2463.0,0
NORTH-EAST,540.0,2928.0,0
NORTH-EAST,499.0,3680.0,0
EAST,607.0,6615.0,0
NORTH,841.0,5799.0,0
NORTH-EAST,595.0,2795.0,0
CENTRAL,571.0,6304.0,0
WEST,694.0,6055.0,0
NORTH-EAST,637.0,2445.0,0
WEST,668.0,1462.0,0
NORTH-EAST,729.0,5564.0,0
CENTRAL,752.0,3860.0,1
EAST,561.0,2709.0,0
EAST,749.0,3399.0,0
NORTH,661.0,800.0,0
CENTRAL,879.0,4087.0,0
CENTRAL,582.0,4728.0,0
WEST,677.0,3431.0,0
WEST,805.0,6057.0,1
NORTH-EAST,762.0,3197.0,0
CENTRAL,685.0,4241.0,1
CENTRAL,637.0,2808.0,0
CENTRAL,780.0,4752.0,0
WEST,520.0,2975.0,0
CENTRAL,697.0,5101.0,1
WEST,429.0,6780.0,0
NORTH-EAST,641.0,4931.0,0
EAST,720.0,4957.0,0
NORTH,587.0,7775.0,0
NORTH-EAST,555.0,4267.0,0
CENTRAL,662.0,4280.0,0
WEST,573.0,5821.0,0
CENTRAL,602.0,4459.0,0
NORTH-EAST,647.0,4232.0,0
CENTRAL,686.0,3674.0,0
NORTH,656.0,4041.0,0
NORTH,700.0,3321.0,0
CENTRAL,549.0,5938.0,0
NORTH,752.0,3323.0,0
EAST,630.0,1196.0,0
CENTRAL,768.0,7357.0,1
NORTH,641.0,2918.0,0
WEST,641.0,3038.0,0
NORTH-EAST,677.0,4106.0,0
NORTH,569.0,4344.0,0
CENTRAL,573.0,5442.0,1
CENTRAL,663.0,4788.0,1
NORTH,525.0,5327.0,0
CENTRAL,561.0,5786.0,0
NORTH-EAST,716.0,6077.0,0
WEST,708.0,844.0,0
EAST,825.0,5660.0,1
NORTH-EAST,661.0,6579.0,0
EAST,677.0,5139.0,0
CENTRAL,550.0,3004.0,0
NORTH-EAST,679.0,2972.0,0
NORTH,678.0,4734.0,0
NORTH-EAST,704.0,4675.0,0
WEST,688.0,4115.0,0
CENTRAL,683.0,5869.0,0
EAST,664.0,4813.0,0
NORTH-EAST,714.0,4859.0,1
NORTH-EAST,635.0,3463.0,0
WEST,592.0,4083.0,0
NORTH,662.0,5318.0,0
CENTRAL,743.0,5309.0,1
EAST,789.0,3281.0,1
WEST,560.0,6284.0,1
NORTH,650.0,5305.0,0
WEST,667.0,5150.0,0
WEST,724.0,5784.0,0
NORTH-EAST,718.0,6048.0,0
NORTH-EAST,734.0,3892.0,0
EAST,608.0,6382.0,0
WEST,704.0,6238.0,0
NORTH-EAST,675.0,2833.0,0
EAST,643.0,4654.0,0
NORTH,783.0,5058.0,0
NORTH-EAST,670.0,5569.0,0
WEST,665.0,4061.0,0
WEST,560.0,2805.0,0
WEST,712.0,4855.0,1
CENTRAL,542.0,3154.0,0
NORTH,573.0,4769.0,0
NORTH-EAST,754.0,4922.0,1
NORTH-EAST,624.0,4781.0,0
NORTH,666.0,2811.0,0
NORTH,680.0,4385.0,0
EAST,654.0,4401.0,0
NORTH-EAST,747.0,3796.0,0
CENTRAL,620.0,4998.0,0
CENTRAL,755.0,5359.0,0
CENTRAL,610.0,4581.0,0
NORTH,557.0,5681.0,0
NORTH-EAST,753.0,4251.0,0
WEST,598.0,5555.0,0
EAST,611.0,4992.0,0
NORTH,618.0,5662.0,1
WEST,651.0,4359.0,0
WEST,716.0,990.0,0
NORTH,589.0,2471.0,0
WEST,641.0,3790.0,0
EAST,671.0,2652.0,0
NORTH-EAST,578.0,4490.0,0
CENTRAL,522.0,6009.0,0
NORTH-EAST,696.0,5130.0,0
EAST,586.0,2462.0,0
EAST,694.0,4923.0,0
NORTH,693.0,5519.0,0
NORTH-EAST,709.0,4372.0,0
WEST,516.0,4307.0,0
NORTH-EAST,803.0,5509.0,1
CENTRAL,590.0,3467.0,0
WEST,552.0,6223.0,0
CENTRAL,664.0,4400.0,0
CENTRAL,521.0,2445.0,0
EAST,848.0,3757.0,0
EAST,698.0,4416.0,1
WEST,704.0,6106.0,0
NORTH-EAST,658.0,2883.0,0
CENTRAL,733.0,4819.0,0
CENTRAL,714.0,5171.0,0
NORTH-EAST,664.0,5894.0,0
CENTRAL,760.0,6219.0,0
EAST,580.0,4523.0,0
CENTRAL,493.0,4095.0,0
CENTRAL,670.0,4028.0,0
NORTH,900.0,3366.0,0
WEST,650.0,3985.0,0
WEST,734.0,3854.0,0
EAST,653.0,3074.0,0
EAST,604.0,1521.0,0
NORTH,748.0,2432.0,0
NORTH-EAST,750.0,5733.0,0
NORTH,804.0,2683.0,0
NORTH,726.0,6988.0,0
WEST,707.0,6793.0,0
CENTRAL,595.0,5604.0,0
NORTH-EAST,583.0,2509.0,0
WEST,512.0,2955.0,0
EAST,487.0,3114.0,0
NORTH-EAST,474.0,4784.0,0
EAST,609.0,3301.0,0
EAST,587.0,4058.0,0
NORTH-EAST,746.0,5704.0,0
NORTH-EAST,746.0,2502.0,0
CENTRAL,605.0,3914.0,0
EAST,794.0,3497.0,0
CENTRAL,597.0,3922.0,0
WEST,634.0,3938.0,0
NORTH,689.0,5892.0,1
NORTH-EAST,701.0,5312.0,1
EAST,647.0,6507.0,0
NORTH,708.0,5899.0,1
WEST,572.0,7954.0,0
NORTH,746.0,3753.0,0
NORTH,601.0,4203.0,0
NORTH,470.0,5383.0,0
CENTRAL,571.0,4206.0,0
NORTH-EAST,703.0,6765.0,1
CENTRAL,645.0,5829.0,1
CENTRAL,676.0,6133.0,1
WEST,671.0,4699.0,0
EAST,657.0,5972.0,1
CENTRAL,651.0,4202.0,0
EAST,706.0,6342.0,0
CENTRAL,602.0,3868.0,0
NORTH-EAST,666.0,2522.0,0
CENTRAL,517.0,1942.0,0
EAST,596.0,7400.0,1
WEST,855.0,6628.0,1
CENTRAL,698.0,4723.0,0
NORTH,630.0,4473.0,0
CENTRAL,540.0,2545.0,0
WEST,701.0,1754.0,0
NORTH,580.0,3689.0,0
CENTRAL,485.0,6159.0,0
NORTH-EAST,658.0,3591.0,0
NORTH,559.0,1871.0,0
CENTRAL,552.0,2203.0,0
CENTRAL,597.0,4012.0,0
CENTRAL,458.0,5749.0,0
NORTH-EAST,778.0,3995.0,1
WEST,648.0,7439.0,1
EAST,620.0,4438.0,0
WEST,631.0,5921.0,0
EAST,724.0,4592.0,0
EAST,672.0,5675.0,1
NORTH-EAST,668.0,5039.0,0
NORTH,819.0,3722.0,0
CENTRAL,700.0,4546.0,0
NORTH-EAST,604.0,6443.0,0
NORTH,617.0,3792.0,0
NORTH-EAST,712.0,6736.0,0
NORTH,727.0,5186.0,0
CENTRAL,553.0,6627.0,0
NORTH-EAST,760.0,1130.0,0
NORTH-EAST,755.0,5921.0,0
CENTRAL,748.0,3621.0,0
EAST,797.0,2989.0,0
NORTH,679.0,3648.0,0
CENTRAL,516.0,4839.0,0
NORTH,539.0,3002.0,0
WEST,730.0,2004.0,0
EAST,489.0,5450.0,0
CENTRAL,663.0,4616.0,0
NORTH,719.0,4521.0,0
NORTH-EAST,599.0,6011.0,0
CENTRAL,612.0,2121.0,0
EAST,645.0,4849.0,0
WEST,590.0,4241.0,0
EAST,715.0,3078.0,0
NORTH,550.0,4804.0,0
NORTH,760.0,3688.0,0
NORTH-EAST,672.0,5025.0,0
NORTH-EAST,606.0,6213.0,0
EAST,675.0,3406.0,0
CENTRAL,745.0,3314.0,0
NORTH-EAST,735.0,4923.0,0
EAST,709.0,3725.0,0
NORTH-EAST,698.0,3960.0,0
NORTH-EAST,593.0,4418.0,0
NORTH-EAST,611.0,1857.0,0
NORTH,762.0,2724.0,0
NORTH,670.0,5895.0,0
NORTH,635.0,3723.0,0
WEST,789.0,2650.0,0
WEST,642.0,6201.0,0
NORTH-EAST,618.0,2859.0,0
CENTRAL,674.0,2796.0,0
NORTH,655.0,6426.0,0
EAST,803.0,6166.0,1
WEST,762.0,5228.0,0
CENTRAL,676.0,4863.0,0
WEST,594.0,4535.0,0
EAST,595.0,4262.0,0
NORTH-EAST,724.0,5874.0,0
EAST,709.0,800.0,0
NORTH-EAST,611.0,5474.0,0
EAST,742.0,4602.0,1
NORTH,696.0,7325.0,1
NORTH,673.0,7136.0,0
WEST,608.0,6905.0,0
NORTH-EAST,579.0,4308.0,0
NORTH-EAST,624.0,2893.0,0
NORTH-EAST,620.0,4721.0,0
NORTH,527.0,3546.0,0
WEST,780.0,4860.0,0
CENTRAL,557.0,5104.0,0
NORTH,572.0,3661.0,0
NORTH,776.0,4343.0,0
NORTH-EAST,660.0,4311.0,0
CENTRAL,740.0,6970.0,1
CENTRAL,607.0,6131.0,0
NORTH-EAST,628.0,2065.0,0
EAST,709.0,3708.0,0
NORTH,604.0,4614.0,0
NORTH,600.0,5349.0,0
NORTH-EAST,685.0,1879.0,0
EAST,680.0,2106.0,0
NORTH,623.0,6159.0,0
CENTRAL,644.0,6080.0,1
WEST,596.0,6609.0,0
CENTRAL,728.0,5343.0,1
CENTRAL,695.0,4075.0,0
NORTH-EAST,728.0,2337.0,0
NORTH,639.0,5354.0,0
NORTH-EAST,655.0,5572.0,0
CENTRAL,679.0,7143.0,1
CENTRAL,616.0,3514.0,0
CENTRAL,700.0,4874.0,0
NORTH-EAST,710.0,6784.0,0
WEST,602.0,6491.0,0
EAST,625.0,2782.0,0
EAST,554.0,2553.0,0
EAST,489.0,6910.0,0
NORTH,638.0,6940.0,0
CENTRAL,650.0,2324.0,0
EAST,569.0,3513.0,0
CENTRAL,692.0,3309.0,0
NORTH-EAST,613.0,6808.0,0
NORTH-EAST,592.0,2356.0,0
CENTRAL,767.0,3615.0,0
WEST,577.0,5071.0,0
NORTH-EAST,740.0,5521.0,0
CENTRAL,688.0,2139.0,0
CENTRAL,771.0,7676.0,1
NORTH-EAST,754.0,4408.0,0
NORTH-EAST,613.0,4264.0,0
EAST,714.0,3635.0,0
NORTH,696.0,2614.0,0
NORTH-EAST,579.0,6492.0,0
CENTRAL,577.0,1486.0,0
CENTRAL,628.0,4623.0,0
EAST,556.0,4858.0,0
NORTH,628.0,3221.0,0
EAST,668.0,6215.0,0
NORTH-EAST,462.0,2241.0,0
CENTRAL,626.0,5278.0,0
EAST,764.0,6421.0,0
CENTRAL,566.0,6554.0,0
NORTH,534.0,4560.0,0
NORTH-EAST,469.0,5862.0,0
NORTH-EAST,718.0,4014.0,0
NORTH,712.0,1580.0,0
WEST,755.0,5137.0,0
WEST,642.0,4398.0,0
CENTRAL,654.0,5558.0,0
CENTRAL,785.0,6856.0,0
EAST,648.0,3846.0,0
CENTRAL,556.0,2418.0,0
CENTRAL,795.0,3355.0,0
NORTH-EAST,635.0,3451.0,0
CENTRAL,587.0,3916.0,0
CENTRAL,670.0,5641.0,0
NORTH-EAST,727.0,6630.0,0
WEST,691.0,3239.0,0
NORTH,750.0,4451.0,0
WEST,774.0,4942.0,0
EAST,680.0,4983.0,0
NORTH-EAST,649.0,4715.0,0
CENTRAL,593.0,4184.0,0
NORTH-EAST,603.0,4594.0,0
EAST,695.0,3845.0,0
NORTH,723.0,7955.0,0
NORTH-EAST,693.0,6631.0,0
NORTH-EAST,696.0,5103.0,1
EAST,567.0,5012.0,0
WEST,704.0,5434.0,0
EAST,709.0,2446.0,0
CENTRAL,588.0,4263.0,0
NORTH,589.0,1475.0,0
WEST,765.0,5385.0,0
EAST,690.0,3471.0,0
EAST,641.0,3783.0,0
NORTH,639.0,6988.0,0
NORTH-EAST,821.0,2076.0,0
NORTH,688.0,4371.0,0
NORTH,686.0,4336.0,0
EAST,712.0,4608.0,1
NORTH-EAST,563.0,3858.0,0
EAST,525.0,3927.0,0
CENTRAL,619.0,5217.0,0
NORTH,645.0,2660.0,0
WEST,700.0,5733.0,0
WEST,528.0,5493.0,0
EAST,655.0,6152.0,0
EAST,497.0,2381.0,0
NORTH,520.0,6568.0,0
CENTRAL,659.0,4676.0,0
NORTH,714.0,6419.0,1
EAST,564.0,1776.0,0
NORTH-EAST,617.0,5326.0,0
CENTRAL,639.0,5110.0,0
NORTH-EAST,667.0,3841.0,0
NORTH,694.0,4275.0,0
WEST,685.0,4912.0,0
WEST,594.0,2577.0,0
WEST,683.0,2114.0,0
NORTH-EAST,657.0,2403.0,0
NORTH,697.0,4733.0,0
CENTRAL,747.0,3160.0,0
WEST,686.0,4364.0,0
CENTRAL,514.0,1228.0,0
CENTRAL,650.0,5425.0,0
EAST,781.0,6436.0,0
WEST,864.0,4554.0,0
NORTH-EAST,745.0,7661.0,0
CENTRAL,524.0,6743.0,0
EAST,838.0,5687.0,1
EAST,684.0,4475.0,0
CENTRAL,616.0,3269.0,0
NORTH-EAST,611.0,6468.0,0
EAST,713.0,5349.0,0
NORTH,665.0,4277.0,0
CENTRAL,701.0,5057.0,0
CENTRAL,681.0,4327.0,0
CENTRAL,706.0,5151.0,0
NORTH-EAST,746.0,5249.0,0
NORTH-EAST,746.0,5173.0,0
NORTH,598.0,7068.0,0
EAST,504.0,3448.0,0
CENTRAL,574.0,5980.0,0
EAST,423.0,5089.0,0
NORTH,544.0,2700.0,0
NORTH,504.0,1362.0,0
NORTH-EAST,695.0,1724.0,0
CENTRAL,660.0,6173.0,0
EAST,729.0,6324.0,1
WEST,661.0,7090.0,0
CENTRAL,599.0,3443.0,0
NORTH,663.0,4557.0,0
CENTRAL,647.0,4190.0,0
NORTH,569.0,5596.0,0
NORTH-EAST,775.0,3152.0,0
WEST,649.0,1941.0,0
NORTH-EAST,648.0,6995.0,0
WEST,627.0,5881.0,0
WEST,584.0,5777.0,0
EAST,484.0,7336.0,0
NORTH,581.0,3882.0,0
NORTH,859.0,3819.0,0
WEST,598.0,2677.0,0
NORTH,497.0,2912.0,0
NORTH,472.0,4947.0,0
NORTH,864.0,3971.0,0
CENTRAL,660.0,2141.0,0
CENTRAL,653.0,3202.0,0
CENTRAL,580.0,4629.0,0
CENTRAL,735.0,5119.0,1
WEST,588.0,4806.0,0
NORTH,691.0,4705.0,1
NORTH-EAST,622.0,4898.0,0
EAST,682.0,3698.0,0
CENTRAL,675.0,4856.0,0
WEST,538.0,3771.0,0
WEST,772.0,3356.0,1
CENTRAL,719.0,7414.0,1
NORTH,576.0,4613.0,0
NORTH-EAST,747.0,4759.0,0
CENTRAL,646.0,2102.0,0
EAST,655.0,4888.0,0
EAST,636.0,1487.0,0
EAST,484.0,1167.0,0
WEST,741.0,4199.0,0
NORTH,698.0,3753.0,0
NORTH-EAST,754.0,3413.0,1
NORTH,647.0,4427.0,0
NORTH-EAST,664.0,3555.0,0
NORTH,727.0,3877.0,0
NORTH,616.0,4196.0,0
NORTH,636.0,6118.0,0
NORTH,660.0,5698.0,0
NORTH-EAST,764.0,4939.0,0
NORTH-EAST,524.0,5687.0,0
CENTRAL,658.0,2908.0,0
EAST,679.0,7642.0,1
WEST,654.0,5493.0,0
CENTRAL,732.0,7229.0,1
EAST,561.0,4609.0,0
NORTH,654.0,3745.0,0
CENTRAL,608.0,3703.0,0
NORTH,665.0,1109.0,0
WEST,548.0,5822.0,0
WEST,697.0,2856.0,0
WEST,603.0,4937.0,0
CENTRAL,833.0,3890.0,0
NORTH,657.0,800.0,0
WEST,690.0,4280.0,0
EAST,672.0,5537.0,1
EAST,580.0,3105.0,0
WEST,719.0,4995.0,0
WEST,688.0,2015.0,0
EAST,621.0,5008.0,0
NORTH-EAST,572.0,7143.0,0
NORTH-EAST,531.0,5608.0,0
NORTH-EAST,602.0,3289.0,0
WEST,512.0,9432.0,0
WEST,716.0,6479.0,1
NORTH,769.0,4180.0,0
CENTRAL,661.0,4097.0,0
NORTH,645.0,4326.0,0
NORTH,786.0,2930.0,0
EAST,627.0,5641.0,1
NORTH-EAST,616.0,5690.0,0
CENTRAL,658.0,3770.0,0
EAST,526.0,2693.0,0
WEST,659.0,4200.0,0
NORTH-EAST,649.0,5910.0,0
NORTH-EAST,644.0,6383.0,0
WEST,608.0,5068.0,0
EAST,720.0,3334.0,0
WEST,551.0,6374.0,0
CENTRAL,646.0,2163.0,0
CENTRAL,641.0,2653.0,0
WEST,618.0,5416.0,0
WEST,481.0,2615.0,0
NORTH-EAST,527.0,2149.0,0
WEST,569.0,5411.0,0
EAST,535.0,4509.0,0
NORTH,703.0,3140.0,0
EAST,681.0,5286.0,0
CENTRAL,574.0,4633.0,0
NORTH,582.0,800.0,0
WEST,632.0,3737.0,0
NORTH,628.0,3008.0,0
EAST,705.0,5684.0,0
NORTH,826.0,6348.0,1
WEST,630.0,3880.0,0
CENTRAL,698.0,4130.0,0
NORTH-EAST,589.0,6609.0,0
CENTRAL,641.0,3967.0,0
WEST,657.0,5953.0,1
NORTH-EAST,697.0,4505.0,0
NORTH-EAST,750.0,3704.0,0
NORTH,818.0,4717.0,0
NORTH-EAST,587.0,4470.0,0
NORTH-EAST,701.0,4745.0,0
NORTH-EAST,604.0,4598.0,0
EAST,660.0,5870.0,0
EAST,679.0,6033.0,1
CENTRAL,733.0,3100.0,0
EAST,668.0,4894.0,1
CENTRAL,659.0,5967.0,0
NORTH,502.0,3113.0,0
WEST,574.0,1156.0,0
WEST,641.0,6767.0,1
NORTH,676.0,5418.0,0
CENTRAL,564.0,4106.0,0
EAST,590.0,3533.0,0
WEST,647.0,4729.0,0
EAST,809.0,6164.0,0
CENTRAL,680.0,4246.0,0
CENTRAL,556.0,4392.0,0
NORTH-EAST,662.0,4580.0,0
EAST,557.0,3580.0,0
CENTRAL,666.0,6515.0,0
NORTH,629.0,4625.0,0
EAST,629.0,3620.0,0
WEST,543.0,6647.0,0
WEST,582.0,4172.0,0
EAST,825.0,3716.0,1
CENTRAL,653.0,4899.0,0
NORTH,641.0,4150.0,0
NORTH-EAST,586.0,4291.0,0
NORTH-EAST,765.0,5257.0,0
NORTH,493.0,5479.0,0
EAST,678.0,2407.0,0
NORTH,699.0,4671.0,0
EAST,801.0,6233.0,1
CENTRAL,554.0,3684.0,0
CENTRAL,545.0,3801.0,0
WEST,605.0,7090.0,0
EAST,760.0,2398.0,0
WEST,682.0,4202.0,0
NORTH-EAST,636.0,2596.0,0
NORTH-EAST,583.0,5026.0,0
EAST,659.0,3204.0,0
CENTRAL,698.0,8002.0,0
CENTRAL,821.0,6106.0,1
EAST,662.0,3290.0,0
EAST,579.0,3651.0,0
WEST,582.0,3335.0,0
CENTRAL,670.0,5887.0,1
WEST,637.0,5210.0,0
NORTH,585.0,7521.0,0
CENTRAL,664.0,6498.0,0
CENTRAL,655.0,5892.0,0
CENTRAL,532.0,8953.0,0
EAST,786.0,5688.0,1
NORTH-EAST,661.0,7321.0,1
NORTH,715.0,5538.0,0
EAST,710.0,5005.0,0
EAST,788.0,4926.0,0
CENTRAL,455.0,2649.0,0
NORTH-EAST,567.0,5181.0,0
WEST,562.0,6359.0,0
NORTH-EAST,592.0,2836.0,0
CENTRAL,612.0,5613.0,0
NORTH,652.0,3180.0,0
NORTH,697.0,8042.0,1
NORTH,818.0,3107.0,0
NORTH-EAST,658.0,4672.0,0
CENTRAL,694.0,2561.0,0
EAST,671.0,5798.0,0
CENTRAL,668.0,6344.0,0
CENTRAL,724.0,2436.0,0
CENTRAL,689.0,6520.0,0
NORTH-EAST,621.0,5171.0,0
CENTRAL,517.0,6161.0,0
NORTH,481.0,1250.0,0
WEST,733.0,5986.0,0
CENTRAL,666.0,2605.0,0
WEST,601.0,3352.0,0
WEST,753.0,3210.0,0
NORTH,739.0,6509.0,1
NORTH-EAST,637.0,5062.0,0
CENTRAL,759.0,4721.0,1
NORTH,539.0,3683.0,0
NORTH,613.0,4553.0,0
WEST,534.0,4707.0,0
NORTH-EAST,770.0,2918.0,0
NORTH-EAST,635.0,3114.0,0
NORTH,671.0,5755.0,0
CENTRAL,637.0,4769.0,0
NORTH,667.0,5680.0,0
NORTH,668.0,4185.0,0
WEST,527.0,2397.0,0
NORTH,621.0,4581.0,0
EAST,616.0,1328.0,0
NORTH-EAST,644.0,10520.0,1
CENTRAL,671.0,5513.0,0
WEST,690.0,6192.0,0
NORTH,574.0,5678.0,0
NORTH,664.0,5494.0,0
WEST,513.0,4097.0,0
NORTH,727.0,6622.0,1
EAST,683.0,7228.0,0
NORTH,713.0,5516.0,0
NORTH,596.0,4865.0,0
NORTH,599.0,5275.0,0
NORTH-EAST,659.0,4226.0,0
WEST,589.0,4630.0,0
NORTH,772.0,5278.0,0
NORTH-EAST,742.0,2021.0,0
NORTH-EAST,783.0,2600.0,0
EAST,625.0,4323.0,0
NORTH,605.0,4935.0,0
NORTH,549.0,6269.0,0
NORTH-EAST,599.0,4144.0,0
NORTH,704.0,4504.0,0
WEST,642.0,5173.0,0
EAST,596.0,5150.0,0
EAST,625.0,3534.0,0
NORTH-EAST,751.0,4458.0,0
WEST,597.0,4841.0,0
CENTRAL,678.0,4473.0,1
NORTH,647.0,3638.0,0
CENTRAL,591.0,5931.0,0
EAST,581.0,4791.0,0
NORTH,626.0,4794.0,0
WEST,696.0,3387.0,0
NORTH-EAST,720.0,3804.0,0
NORTH-EAST,617.0,3775.0,0
CENTRAL,666.0,5427.0,0
CENTRAL,843.0,4387.0,1
NORTH-EAST,609.0,4759.0,0
NORTH-EAST,575.0,2746.0,0
CENTRAL,783.0,3276.0,0
WEST,852.0,6953.0,1
NORTH,592.0,6006.0,0
NORTH-EAST,575.0,4312.0,0
NORTH-EAST,795.0,4677.0,0
EAST,608.0,4161.0,0
WEST,812.0,5168.0,1
WEST,609.0,3679.0,0
EAST,647.0,1330.0,0
CENTRAL,649.0,3657.0,0
EAST,672.0,4918.0,1
NORTH,810.0,3426.0,0
WEST,489.0,5595.0,0
CENTRAL,603.0,6601.0,1
NORTH-EAST,656.0,4287.0,0
NORTH-EAST,646.0,6227.0,0
NORTH-EAST,695.0,3055.0,0
CENTRAL,676.0,4517.0,0
NORTH,641.0,4205.0,0
EAST,539.0,5275.0,0
WEST,727.0,4367.0,0
WEST,676.0,3321.0,0
EAST,835.0,4930.0,0
NORTH-EAST,580.0,3664.0,0
NORTH-EAST,631.0,871.0,0
WEST,590.0,3154.0,0
WEST,594.0,3656.0,0
EAST,577.0,4193.0,0
NORTH-EAST,564.0,3840.0,0
NORTH,624.0,4168.0,0
EAST,573.0,4553.0,0
WEST,641.0,3198.0,0
NORTH-EAST,751.0,6662.0,0
NORTH-EAST,602.0,2712.0,0
NORTH,626.0,4517.0,0
CENTRAL,702.0,5004.0,0
NORTH,626.0,6167.0,0
WEST,507.0,4750.0,0
CENTRAL,637.0,2233.0,0
NORTH-EAST,680.0,2606.0,0
NORTH,660.0,4881.0,0
WEST,530.0,3799.0,0
WEST,449.0,5026.0,0
EAST,614.0,2786.0,0
WEST,530.0,5289.0,0
CENTRAL,569.0,3707.0,0
NORTH,387.0,3362.0,0
NORTH-EAST,556.0,5321.0,0
WEST,592.0,5416.0,0
NORTH,704.0,3876.0,0
NORTH,779.0,4731.0,0
NORTH-EAST,690.0,3826.0,0
NORTH,548.0,4492.0,0
CENTRAL,519.0,2566.0,0
EAST,759.0,3292.0,0
EAST,572.0,7981.0,1
CENTRAL,675.0,5788.0,0
WEST,697.0,2519.0,0
CENTRAL,764.0,5750.0,0
WEST,742.0,5524.0,1
EAST,577.0,7137.0,1
EAST,545.0,4262.0,0
NORTH,610.0,5524.0,0
WEST,602.0,4422.0,0
WEST,698.0,7506.0,0
NORTH,664.0,2284.0,0
EAST,732.0,5229.0,0
EAST,686.0,3863.0,0
CENTRAL,600.0,3459.0,0
WEST,502.0,3158.0,0
WEST,706.0,6662.0,0
EAST,710.0,2021.0,0
NORTH,693.0,5248.0,0
EAST,650.0,6077.0,1
EAST,550.0,3848.0,0
CENTRAL,671.0,4844.0,0
WEST,628.0,5984.0,0
NORTH,745.0,4298.0,0
WEST,646.0,6026.0,0
WEST,426.0,3558.0,0
WEST,507.0,4682.0,0
EAST,659.0,4698.0,0
NORTH,786.0,3505.0,0
NORTH-EAST,692.0,4478.0,0
WEST,627.0,5040.0,0
EAST,560.0,4177.0,1
CENTRAL,887.0,3712.0,1
NORTH,680.0,5098.0,0
CENTRAL,622.0,3464.0,0
WEST,454.0,4872.0,0
NORTH,643.0,5251.0,0
CENTRAL,666.0,4230.0,0
NORTH-EAST,725.0,5776.0,0
WEST,687.0,3342.0,0
CENTRAL,634.0,4429.0,0
NORTH-EAST,655.0,5476.0,0
EAST,612.0,4633.0,0
WEST,607.0,5656.0,0
CENTRAL,597.0,3378.0,0
EAST,577.0,3330.0,0
CENTRAL,727.0,3993.0,0
EAST,673.0,5310.0,0
CENTRAL,491.0,6068.0,0
NORTH-EAST,640.0,4969.0,0
EAST,783.0,4920.0,0
CENTRAL,813.0,5523.0,1
CENTRAL,694.0,5309.0,0
NORTH-EAST,616.0,5425.0,0
EAST,568.0,5601.0,0
EAST,618.0,6030.0,0
CENTRAL,693.0,4566.0,0
WEST,783.0,3070.0,0
CENTRAL,576.0,4851.0,0
WEST,603.0,4657.0,0
NORTH,586.0,2197.0,0
NORTH,666.0,8956.0,0
NORTH-EAST,648.0,7450.0,1
NORTH,660.0,4586.0,0
EAST,685.0,3616.0,0
EAST,626.0,3673.0,0
EAST,599.0,6035.0,0
NORTH,632.0,5390.0,0
WEST,630.0,2669.0,0
NORTH-EAST,812.0,3031.0,0
EAST,740.0,5121.0,0
NORTH-EAST,540.0,3671.0,0
WEST,716.0,5899.0,0
EAST,543.0,3808.0,0
WEST,700.0,3990.0,0
NORTH-EAST,607.0,3168.0,0
CENTRAL,650.0,800.0,0
EAST,551.0,5024.0,0
EAST,645.0,5344.0,1
NORTH,624.0,2095.0,0
CENTRAL,660.0,4595.0,0
CENTRAL,710.0,3163.0,0
CENTRAL,619.0,1490.0,0
WEST,503.0,2729.0,0
NORTH,525.0,1057.0,0
NORTH-EAST,648.0,5433.0,0
NORTH,686.0,5046.0,0
NORTH,594.0,5632.0,0
NORTH-EAST,658.0,3221.0,0
NORTH-EAST,674.0,2818.0,1
CENTRAL,651.0,2492.0,0
EAST,548.0,2850.0,0
WEST,629.0,5855.0,0
EAST,545.0,2824.0,0
CENTRAL,739.0,3434.0,0
WEST,625.0,4500.0,0
CENTRAL,664.0,2977.0,0
WEST,679.0,3779.0,0
NORTH-EAST,653.0,3518.0,0
EAST,656.0,4561.0,0
WEST,635.0,4638.0,0
NORTH-EAST,519.0,5827.0,0
NORTH,705.0,6270.0,0
WEST,665.0,8595.0,1
NORTH-EAST,690.0,8023.0,1
NORTH-EAST,664.0,3167.0,0
NORTH,706.0,2145.0,0
NORTH-EAST,598.0,1254.0,0
WEST,604.0,4891.0,0
NORTH,635.0,2964.0,0
NORTH-EAST,777.0,3804.0,0
NORTH,680.0,6238.0,1
EAST,655.0,4693.0,0
CENTRAL,615.0,5668.0,0
WEST,615.0,3480.0,0
WEST,644.0,4690.0,0
CENTRAL,719.0,3754.0,0
EAST,660.0,1988.0,0
EAST,749.0,2463.0,0
CENTRAL,637.0,3723.0,0
WEST,653.0,5301.0,0
CENTRAL,700.0,3039.0,0
NORTH-EAST,620.0,2429.0,0
NORTH-EAST,649.0,3550.0,0
CENTRAL,634.0,3403.0,0
EAST,516.0,6147.0,0
NORTH,745.0,5319.0,0
CENTRAL,642.0,6474.0,1
NORTH,710.0,4639.0,0
WEST,671.0,4678.0,0
NORTH-EAST,524.0,4048.0,0
CENTRAL,579.0,2346.0,0
NORTH-EAST,681.0,4053.0,0
NORTH-EAST,614.0,4701.0,0
EAST,603.0,3937.0,0
NORTH-EAST,620.0,3728.0,0
CENTRAL,584.0,3785.0,0
NORTH,637.0,4403.0,0
NORTH,549.0,4277.0,0
NORTH,622.0,5574.0,0
NORTH,673.0,4126.0,0
NORTH-EAST,650.0,3447.0,0
NORTH-EAST,526.0,6831.0,0
NORTH,550.0,4855.0,0
CENTRAL,623.0,4518.0,0
NORTH-EAST,753.0,4426.0,0
NORTH-EAST,666.0,5138.0,0
WEST,709.0,4238.0,0
NORTH,593.0,6090.0,0
NORTH,684.0,3617.0,0
WEST,737.0,1470.0,0
EAST,637.0,4765.0,0
NORTH,623.0,2805.0,0
EAST,651.0,3458.0,0
CENTRAL,632.0,2526.0,0
NORTH-EAST,725.0,3329.0,0
NORTH,644.0,6402.0,0
EAST,726.0,1751.0,0
WEST,530.0,2282.0,0
NORTH-EAST,590.0,5430.0,0
CENTRAL,745.0,4219.0,1
NORTH,806.0,2684.0,0
EAST,690.0,6644.0,0
NORTH,659.0,7576.0,0
WEST,607.0,6224.0,0
CENTRAL,578.0,4321.0,0
WEST,773.0,3351.0,0
NORTH,631.0,3876.0,0
EAST,601.0,800.0,0
EAST,602.0,7144.0,0
NORTH,671.0,6684.0,1
CENTRAL,646.0,4702.0,0
CENTRAL,674.0,5188.0,0
WEST,790.0,5077.0,1
EAST,688.0,4647.0,0
CENTRAL,662.0,2678.0,0
NORTH,772.0,4309.0,0
NORTH-EAST,523.0,6990.0,0
NORTH,576.0,4824.0,0
EAST,598.0,2286.0,0
NORTH,577.0,3839.0,0
CENTRAL,662.0,6295.0,0
CENTRAL,557.0,4769.0,0
CENTRAL,701.0,4664.0,0
EAST,495.0,2441.0,0
EAST,570.0,5357.0,0
CENTRAL,715.0,3477.0,0
NORTH-EAST,543.0,1567.0,0
NORTH,653.0,5209.0,0
WEST,684.0,1898.0,0
EAST,758.0,5150.0,0
WEST,588.0,4329.0,0
CENTRAL,639.0,5516.0,0
EAST,643.0,2892.0,0
CENTRAL,829.0,2834.0,0
NORTH-EAST,748.0,2617.0,0
NORTH,609.0,4370.0,0
NORTH,628.0,6499.0,1
NORTH,647.0,4729.0,0
CENTRAL,764.0,6636.0,1
NORTH,594.0,5751.0,0
NORTH,681.0,4234.0,0
WEST,631.0,4477.0,0
NORTH,887.0,3206.0,0
WEST,606.0,3387.0,0
WEST,595.0,5695.0,0
CENTRAL,643.0,4705.0,1
WEST,606.0,2833.0,0
NORTH-EAST,575.0,2695.0,0
WEST,770.0,4514.0,0
CENTRAL,565.0,5679.0,0
NORTH-EAST,643.0,4975.0,0
NORTH-EAST,538.0,3624.0,0
NORTH-EAST,766.0,3429.0,0
NORTH,495.0,1906.0,0
NORTH,742.0,5242.0,0
NORTH-EAST,703.0,4052.0,0
NORTH-EAST,520.0,3764.0,0
NORTH,698.0,6532.0,0
WEST,660.0,5215.0,0
WEST,671.0,2472.0,0
EAST,729.0,2376.0,0
EAST,473.0,5369.0,0
NORTH,839.0,4400.0,1
EAST,640.0,2160.0,0
NORTH-EAST,541.0,3861.0,0
CENTRAL,531.0,3845.0,0
EAST,618.0,2683.0,0
EAST,705.0,5377.0,1
NORTH,676.0,3016.0,0
NORTH,650.0,6849.0,0
EAST,545.0,6194.0,0
CENTRAL,615.0,5978.0,0
EAST,634.0,3989.0,0
EAST,686.0,4703.0,0
EAST,516.0,5485.0,0
WEST,563.0,6304.0,0
NORTH-EAST,669.0,5733.0,0
WEST,540.0,4294.0,0
NORTH-EAST,668.0,800.0,0
WEST,621.0,3603.0,0
NORTH,576.0,2900.0,0
CENTRAL,793.0,3590.0,0
NORTH-EAST,618.0,5315.0,0
NORTH,661.0,4184.0,0
CENTRAL,635.0,5899.0,0
EAST,762.0,5236.0,0
NORTH-EAST,679.0,6910.0,0
CENTRAL,617.0,4848.0,0
NORTH-EAST,566.0,4274.0,0
NORTH-EAST,808.0,3651.0,0
NORTH-EAST,705.0,3970.0,0
NORTH,790.0,5055.0,0
NORTH-EAST,604.0,6976.0,0
EAST,686.0,3546.0,0
NORTH,593.0,2796.0,0
CENTRAL,605.0,1327.0,0
CENTRAL,605.0,3813.0,0
CENTRAL,649.0,2497.0,0
NORTH-EAST,621.0,4241.0,0
NORTH-EAST,679.0,5580.0,0
CENTRAL,572.0,4353.0,0
CENTRAL,561.0,2364.0,0
NORTH-EAST,642.0,3045.0,0
NORTH,787.0,6429.0,1
NORTH-EAST,608.0,1922.0,0
NORTH-EAST,867.0,4406.0,1
NORTH-EAST,605.0,3954.0,0
NORTH,644.0,6909.0,0
NORTH,730.0,5487.0,0
EAST,688.0,1034.0,0
CENTRAL,706.0,5628.0,1
EAST,661.0,5010.0,0
NORTH,715.0,5280.0,0
CENTRAL,641.0,4664.0,0
WEST,573.0,1059.0,0
NORTH,567.0,4514.0,0
NORTH,662.0,5069.0,0
WEST,708.0,3677.0,0
NORTH,654.0,7060.0,0
WEST,589.0,3987.0,0
WEST,671.0,3719.0,0
CENTRAL,610.0,2394.0,0
CENTRAL,623.0,1867.0,0
NORTH,651.0,5493.0,0
NORTH-EAST,655.0,2358.0,0
WEST,576.0,4750.0,0
EAST,562.0,3331.0,0
CENTRAL,601.0,4622.0,0
CENTRAL,681.0,3464.0,0
WEST,628.0,3646.0,0
EAST,662.0,1416.0,0
CENTRAL,568.0,6003.0,0
WEST,778.0,4565.0,0
NORTH,681.0,4492.0,0
WEST,634.0,7213.0,0
EAST,705.0,3531.0,0
NORTH-EAST,660.0,4234.0,0
NORTH,690.0,6854.0,0
NORTH,562.0,4892.0,0
NORTH-EAST,713.0,4273.0,0
NORTH,636.0,5221.0,0
WEST,720.0,3008.0,0
CENTRAL,611.0,5936.0,0
WEST,599.0,4790.0,0
NORTH-EAST,569.0,2462.0,0
NORTH-EAST,646.0,4555.0,0
CENTRAL,534.0,3524.0,0
EAST,534.0,4914.0,0
NORTH,716.0,4440.0,0
NORTH-EAST,654.0,5478.0,0
EAST,694.0,3466.0,0
NORTH-EAST,618.0,3514.0,0
CENTRAL,615.0,5308.0,0
CENTRAL,580.0,800.0,0
WEST,587.0,3041.0,0
WEST,755.0,4289.0,0
NORTH-EAST,753.0,5086.0,0
NORTH-EAST,628.0,5973.0,0
NORTH,606.0,4412.0,0
CENTRAL,617.0,4314.0,0
WEST,797.0,6430.0,1
EAST,711.0,4917.0,0
WEST,816.0,7562.0,1
EAST,615.0,3484.0,0
WEST,664.0,5167.0,0
CENTRAL,604.0,3024.0,0
CENTRAL,643.0,7415.0,0
WEST,627.0,6219.0,0
WEST,631.0,3593.0,0
NORTH,669.0,2466.0,0
CENTRAL,735.0,5830.0,1
NORTH,614.0,5704.0,0
NORTH-EAST,469.0,2322.0,0
EAST,824.0,2729.0,1
WEST,590.0,2681.0,0
WEST,706.0,3366.0,0
EAST,769.0,1350.0,0
WEST,620.0,3989.0,0
EAST,524.0,3172.0,0
CENTRAL,608.0,5160.0,0
EAST,632.0,4830.0,0
NORTH,771.0,3885.0,0
NORTH-EAST,726.0,6555.0,1
NORTH-EAST,750.0,5139.0,0
NORTH-EAST,592.0,5093.0,0
NORTH,869.0,2918.0,0
NORTH-EAST,815.0,6805.0,1
NORTH-EAST,575.0,7447.0,0
NORTH,722.0,2868.0,0
EAST,672.0,3715.0,0
NORTH,781.0,4751.0,0
CENTRAL,866.0,6459.0,1
WEST,473.0,6005.0,0
NORTH,653.0,6240.0,0
NORTH-EAST,601.0,5532.0,0
EAST,795.0,4582.0,0
NORTH-EAST,730.0,2510.0,0
EAST,691.0,2802.0,0
NORTH-EAST,587.0,6065.0,0
CENTRAL,740.0,3216.0,0
EAST,577.0,5151.0,0
CENTRAL,716.0,5814.0,0
CENTRAL,626.0,5032.0,1
CENTRAL,620.0,2514.0,1
WEST,678.0,5919.0,0
WEST,644.0,1734.0,0
NORTH-EAST,733.0,3404.0,0
WEST,701.0,3100.0,0
WEST,622.0,7339.0,0
NORTH-EAST,626.0,4740.0,0
EAST,631.0,3898.0,0
NORTH,723.0,2883.0,0
EAST,652.0,3292.0,0
CENTRAL,593.0,4841.0,0
EAST,767.0,2257.0,0
NORTH,573.0,4071.0,0
EAST,507.0,3605.0,0
NORTH,730.0,6570.0,0
NORTH-EAST,535.0,3670.0,0
CENTRAL,850.0,2387.0,0
NORTH,484.0,6508.0,0
CENTRAL,522.0,5025.0,0
NORTH,732.0,3460.0,0
EAST,712.0,4753.0,0
EAST,584.0,2104.0,0
NORTH-EAST,668.0,5626.0,0
NORTH-EAST,647.0,4756.0,0
NORTH,670.0,4053.0,0
NORTH-EAST,566.0,5470.0,0
CENTRAL,459.0,7557.0,0
NORTH,611.0,6004.0,0
NORTH-EAST,779.0,899.0,0
CENTRAL,736.0,4217.0,0
WEST,495.0,3215.0,0
WEST,562.0,8511.0,1
NORTH-EAST,682.0,5487.0,0
WEST,712.0,6759.0,1
CENTRAL,647.0,5683.0,0
NORTH-EAST,545.0,2756.0,0
EAST,694.0,2162.0,0
NORTH-EAST,587.0,8005.0,0
WEST,654.0,7564.0,0
EAST,754.0,4039.0,0
WEST,686.0,2909.0,0
NORTH,575.0,6020.0,0
NORTH-EAST,756.0,4449.0,0
NORTH-EAST,681.0,5022.0,0
WEST,657.0,4413.0,0
WEST,647.0,2860.0,0
NORTH,722.0,5077.0,0
WEST,667.0,5219.0,0
CENTRAL,734.0,5334.0,0
WEST,677.0,4834.0,0
WEST,721.0,4144.0,1
EAST,695.0,5073.0,0
CENTRAL,683.0,4109.0,0
WEST,486.0,4670.0,0
CENTRAL,674.0,4839.0,0
WEST,781.0,3521.0,0
NORTH,574.0,4349.0,0
NORTH-EAST,710.0,5993.0,0
WEST,762.0,4707.0,1
CENTRAL,623.0,5710.0,0
NORTH,589.0,3480.0,0
WEST,600.0,3833.0,0
CENTRAL,649.0,4029.0,0
NORTH-EAST,616.0,4029.0,0
WEST,673.0,6000.0,0
NORTH-EAST,657.0,3992.0,0
EAST,669.0,4310.0,0
CENTRAL,571.0,2676.0,0
WEST,833.0,4203.0,1
NORTH-EAST,641.0,4850.0,0
CENTRAL,715.0,4990.0,1
NORTH,497.0,4079.0,0
NORTH-EAST,630.0,4137.0,0
CENTRAL,579.0,5566.0,0
EAST,658.0,3538.0,0
CENTRAL,717.0,5618.0,1
WEST,776.0,4658.0,0
EAST,400.0,4663.0,0
WEST,786.0,3195.0,0
CENTRAL,572.0,4780.0,0
WEST,639.0,5489.0,1
CENTRAL,736.0,5224.0,0
NORTH-EAST,724.0,5726.0,1
NORTH,611.0,7315.0,0
NORTH,822.0,2641.0,0
NORTH-EAST,695.0,3489.0,0
WEST,614.0,7125.0,0
NORTH,552.0,5672.0,0
NORTH,556.0,3392.0,0
NORTH-EAST,630.0,5323.0,0
CENTRAL,661.0,3305.0,0
WEST,684.0,2086.0,0
NORTH-EAST,677.0,4878.0,0
EAST,603.0,6087.0,0
NORTH-EAST,805.0,2313.0,0
CENTRAL,674.0,3554.0,0
CENTRAL,588.0,3565.0,0
CENTRAL,781.0,2284.0,0
NORTH-EAST,691.0,2004.0,0
EAST,744.0,2859.0,0
EAST,640.0,3359.0,0
NORTH-EAST,709.0,5287.0,0
NORTH-EAST,555.0,5969.0,0
EAST,632.0,3587.0,0
NORTH-EAST,687.0,2963.0,0
WEST,609.0,3760.0,0
WEST,730.0,6997.0,1
EAST,643.0,7596.0,0
NORTH-EAST,661.0,2641.0,0
NORTH-EAST,731.0,5915.0,0
NORTH-EAST,572.0,6113.0,0
EAST,754.0,3026.0,0
EAST,557.0,6237.0,0
NORTH-EAST,557.0,3214.0,0
CENTRAL,660.0,4943.0,0
CENTRAL,651.0,2850.0,0
EAST,586.0,4410.0,0
WEST,594.0,4595.0,0
NORTH,580.0,4164.0,0
NORTH-EAST,816.0,4310.0,0
EAST,683.0,4462.0,0
WEST,706.0,5031.0,0
NORTH,709.0,2228.0,0
WEST,535.0,2656.0,0
NORTH,679.0,3412.0,0
EAST,773.0,4366.0,0
NORTH-EAST,624.0,4062.0,0
CENTRAL,704.0,3573.0,0
EAST,520.0,3805.0,0
NORTH,737.0,1477.0,0
WEST,596.0,4751.0,0
NORTH-EAST,617.0,5472.0,0
WEST,750.0,5450.0,0
EAST,601.0,5073.0,0
NORTH-EAST,571.0,5476.0,0
NORTH,658.0,6520.0,0
EAST,755.0,2361.0,0
NORTH,716.0,3641.0,0
WEST,609.0,2466.0,0
CENTRAL,649.0,4756.0,0
WEST,673.0,3650.0,0
CENTRAL,750.0,4266.0,1
NORTH-EAST,636.0,3013.0,0
NORTH,604.0,4853.0,0
EAST,617.0,5950.0,0
NORTH-EAST,685.0,4754.0,0
EAST,808.0,3060.0,0
NORTH,895.0,5243.0,1
EAST,695.0,5955.0,0
WEST,662.0,3961.0,0
CENTRAL,594.0,5306.0,0
NORTH,604.0,4194.0,0
WEST,615.0,2815.0,0
NORTH,527.0,5181.0,0
EAST,631.0,3615.0,0
NORTH,681.0,4083.0,0
CENTRAL,640.0,3158.0,0
CENTRAL,545.0,3573.0,0
NORTH,661.0,4907.0,0
CENTRAL,601.0,3246.0,0
CENTRAL,640.0,5475.0,0
EAST,472.0,4883.0,0
NORTH,520.0,3118.0,0
NORTH-EAST,661.0,4321.0,0
CENTRAL,740.0,5971.0,1
WEST,563.0,4529.0,0
EAST,566.0,4797.0,0
EAST,624.0,4880.0,0
NORTH,524.0,1935.0,0
NORTH,650.0,8600.0,1
NORTH,510.0,4518.0,0
CENTRAL,769.0,3859.0,1
NORTH-EAST,605.0,4398.0,0
CENTRAL,650.0,800.0,0
NORTH-EAST,630.0,1822.0,0
NORTH-EAST,666.0,4629.0,0
CENTRAL,639.0,4159.0,0
NORTH-EAST,729.0,5294.0,0
NORTH,576.0,2569.0,0
NORTH-EAST,695.0,3223.0,0
CENTRAL,757.0,2538.0,0
CENTRAL,613.0,3255.0,0
CENTRAL,819.0,6405.0,0
CENTRAL,646.0,5969.0,0
CENTRAL,532.0,4739.0,0
EAST,634.0,3719.0,0
WEST,741.0,6648.0,0
CENTRAL,632.0,7313.0,0
NORTH,513.0,4790.0,0
CENTRAL,759.0,7020.0,1
WEST,823.0,1716.0,0
EAST,538.0,3571.0,0
NORTH-EAST,657.0,4815.0,0
NORTH,757.0,6858.0,0
CENTRAL,621.0,4073.0,0
NORTH-EAST,770.0,4478.0,0
CENTRAL,672.0,6304.0,1
CENTRAL,735.0,6425.0,1
NORTH,695.0,5541.0,1
NORTH,642.0,3920.0,0
CENTRAL,668.0,3657.0,0
EAST,866.0,2867.0,0
WEST,650.0,2764.0,0
CENTRAL,774.0,6248.0,1
NORTH,572.0,6632.0,0
CENTRAL,646.0,2858.0,0
CENTRAL,653.0,3826.0,0
NORTH,525.0,4125.0,0
CENTRAL,695.0,7294.0,1
NORTH,696.0,3169.0,0
EAST,531.0,3613.0,0
CENTRAL,726.0,3560.0,0
CENTRAL,689.0,3018.0,0
EAST,743.0,3518.0,0
NORTH-EAST,556.0,2518.0,0
WEST,550.0,5236.0,0
EAST,731.0,6033.0,0
NORTH-EAST,425.0,2821.0,0
CENTRAL,666.0,6330.0,0
WEST,518.0,3442.0,0
EAST,697.0,6001.0,0
EAST,659.0,1726.0,0
EAST,647.0,5136.0,0
CENTRAL,503.0,3501.0,0
CENTRAL,629.0,3857.0,0
EAST,691.0,2309.0,0
EAST,562.0,3249.0,0
NORTH,669.0,7604.0,1
NORTH-EAST,573.0,5427.0,0
NORTH-EAST,576.0,1971.0,0
EAST,618.0,3833.0,0
NORTH,765.0,6070.0,1
NORTH-EAST,800.0,5135.0,0
WEST,727.0,4638.0,0
CENTRAL,490.0,3222.0,0
CENTRAL,714.0,4525.0,0
EAST,727.0,2798.0,0
NORTH-EAST,622.0,2412.0,0
EAST,641.0,6987.0,0
NORTH,658.0,7887.0,0
NORTH-EAST,777.0,6398.0,0
NORTH-EAST,675.0,5439.0,0
EAST,655.0,7331.0,1
WEST,748.0,4119.0,0
EAST,670.0,7489.0,0
NORTH-EAST,588.0,3763.0,0
EAST,773.0,7157.0,1
NORTH,655.0,2804.0,0
EAST,582.0,3500.0,0
EAST,609.0,4763.0,0
NORTH,631.0,5944.0,0
EAST,766.0,7058.0,1
WEST,526.0,4066.0,0
EAST,697.0,5412.0,0
NORTH,568.0,7195.0,0
NORTH-EAST,656.0,5983.0,0
NORTH-EAST,650.0,4598.0,0
NORTH-EAST,640.0,1919.0,0
WEST,696.0,4660.0,1
NORTH-EAST,769.0,5580.0,0
EAST,580.0,3673.0,0
WEST,626.0,7143.0,0
WEST,730.0,4950.0,0
CENTRAL,687.0,2286.0,0
WEST,730.0,5963.0,0
NORTH-EAST,632.0,3177.0,0
EAST,615.0,3974.0,0
WEST,726.0,5076.0,0
NORTH-EAST,585.0,5532.0,0
CENTRAL,512.0,4641.0,0
WEST,695.0,3398.0,0
EAST,573.0,3985.0,0
WEST,757.0,5163.0,0
WEST,595.0,5108.0,0
EAST,540.0,3117.0,0
WEST,649.0,6593.0,1
EAST,634.0,6882.0,0
NORTH-EAST,605.0,4349.0,0
WEST,589.0,5140.0,0
NORTH-EAST,506.0,5790.0,0
EAST,521.0,2996.0,0
CENTRAL,620.0,4204.0,0
NORTH,664.0,7360.0,0
NORTH-EAST,561.0,1538.0,0
CENTRAL,649.0,5575.0,0
EAST,601.0,3142.0,0
EAST,550.0,3254.0,0
NORTH,678.0,3627.0,0
WEST,704.0,5184.0,0
CENTRAL,752.0,5551.0,0
NORTH-EAST,637.0,5089.0,0
EAST,750.0,3221.0,0
NORTH-EAST,664.0,4122.0,0
NORTH,817.0,5320.0,0
EAST,725.0,3428.0,0
CENTRAL,611.0,3419.0,0
EAST,551.0,5495.0,0
NORTH-EAST,489.0,3153.0,0
WEST,730.0,3517.0,0
EAST,805.0,5191.0,0
NORTH,735.0,4475.0,0
CENTRAL,752.0,5439.0,1
NORTH-EAST,694.0,4119.0,1
WEST,575.0,5325.0,0
NORTH-EAST,674.0,6056.0,0
NORTH,679.0,5165.0,0
NORTH-EAST,657.0,6584.0,0
NORTH-EAST,592.0,5093.0,0
NORTH,718.0,3972.0,0
EAST,592.0,4665.0,0
EAST,547.0,5047.0,0
EAST,790.0,4357.0,1
NORTH,666.0,5833.0,0
NORTH,575.0,4687.0,0
CENTRAL,666.0,3871.0,0
NORTH,701.0,2737.0,0
WEST,625.0,3674.0,0
NORTH-EAST,679.0,3449.0,0
CENTRAL,575.0,4572.0,0
NORTH,630.0,5271.0,0
CENTRAL,612.0,3869.0,0
NORTH-EAST,702.0,5176.0,0
NORTH,746.0,6431.0,1
NORTH-EAST,568.0,5101.0,0
WEST,717.0,5850.0,0
EAST,724.0,5524.0,0
EAST,720.0,7603.0,1
EAST,604.0,4824.0,0
WEST,626.0,5634.0,0
EAST,654.0,1911.0,0
NORTH,739.0,800.0,0
NORTH-EAST,560.0,6193.0,0
NORTH,536.0,5883.0,0
WEST,812.0,5184.0,0
NORTH-EAST,683.0,4160.0,0
WEST,661.0,4060.0,0
EAST,762.0,2439.0,0
WEST,571.0,4939.0,0
WEST,566.0,3176.0,0
EAST,572.0,2995.0,0
NORTH-EAST,702.0,4482.0,0
NORTH-EAST,579.0,5309.0,0
CENTRAL,685.0,3244.0,0
CENTRAL,539.0,4550.0,0
CENTRAL,626.0,1855.0,0
NORTH,771.0,5531.0,0
EAST,711.0,4672.0,1
CENTRAL,734.0,3224.0,0
WEST,669.0,4182.0,0
EAST,845.0,4314.0,1
EAST,712.0,3624.0,0
WEST,557.0,5959.0,0
WEST,584.0,4230.0,0
EAST,639.0,2290.0,0
CENTRAL,678.0,3840.0,0
EAST,661.0,1742.0,0
EAST,535.0,6073.0,1
EAST,708.0,4150.0,0
NORTH-EAST,671.0,2720.0,0
NORTH-EAST,675.0,3514.0,0
CENTRAL,777.0,1412.0,0
NORTH-EAST,535.0,6839.0,0
WEST,516.0,2891.0,0
NORTH,632.0,4239.0,0
WEST,534.0,4173.0,0
NORTH-EAST,425.0,4534.0,0
NORTH-EAST,673.0,3336.0,0
NORTH,628.0,5679.0,0
EAST,587.0,4673.0,0
CENTRAL,651.0,6661.0,0
WEST,725.0,5479.0,1
CENTRAL,883.0,3812.0,0
NORTH-EAST,685.0,2953.0,0
WEST,623.0,5740.0,0
NORTH-EAST,776.0,4724.0,0
NORTH,658.0,2804.0,0
WEST,726.0,5758.0,0
NORTH-EAST,620.0,4980.0,0
NORTH-EAST,779.0,4814.0,0
NORTH-EAST,675.0,6878.0,0
WEST,723.0,6949.0,1
EAST,615.0,5215.0,0
CENTRAL,606.0,4710.0,1
NORTH,705.0,5822.0,1
NORTH,555.0,4080.0,0
NORTH,664.0,3937.0,0
CENTRAL,693.0,2211.0,0
WEST,716.0,5480.0,0
EAST,611.0,2484.0,0
NORTH,586.0,2539.0,0
WEST,661.0,3200.0,0
WEST,518.0,3018.0,0
WEST,650.0,4369.0,0
EAST,627.0,6149.0,0
NORTH,646.0,4120.0,0
EAST,703.0,6937.0,1
CENTRAL,531.0,4566.0,0
EAST,550.0,3764.0,0
CENTRAL,567.0,3356.0,0
EAST,636.0,3430.0,0
NORTH,754.0,6600.0,0
WEST,745.0,3199.0,0
NORTH,656.0,5800.0,1
WEST,704.0,4650.0,0
NORTH-EAST,630.0,3090.0,0
NORTH-EAST,662.0,4436.0,0
EAST,654.0,3189.0,0
NORTH,723.0,4691.0,0
CENTRAL,748.0,3540.0,0
EAST,578.0,4255.0,0
EAST,688.0,3014.0,0
NORTH-EAST,654.0,5950.0,0
EAST,663.0,6202.0,0
CENTRAL,659.0,5576.0,0
NORTH-EAST,664.0,4441.0,0
NORTH,669.0,8177.0,0
CENTRAL,666.0,8317.0,1
NORTH,721.0,5386.0,0
EAST,657.0,4339.0,0
NORTH,777.0,4694.0,0
EAST,412.0,4343.0,0
CENTRAL,606.0,6728.0,0
CENTRAL,643.0,5246.0,0
NORTH,695.0,3334.0,0
EAST,680.0,4736.0,0
NORTH,751.0,4317.0,0
NORTH-EAST,567.0,4436.0,0
EAST,649.0,4091.0,0
CENTRAL,587.0,7256.0,0
NORTH-EAST,686.0,3969.0,0
NORTH,589.0,4947.0,0
CENTRAL,633.0,7460.0,0
NORTH,527.0,2091.0,0
CENTRAL,582.0,5448.0,0
WEST,546.0,4853.0,0
NORTH,747.0,2807.0,0
WEST,701.0,4727.0,0
NORTH,699.0,4577.0,0
EAST,564.0,3885.0,0
EAST,676.0,4134.0,0
CENTRAL,647.0,5769.0,1
CENTRAL,761.0,5598.0,1
CENTRAL,636.0,5328.0,0
EAST,605.0,4642.0,0
CENTRAL,576.0,5504.0,0
NORTH-EAST,657.0,5266.0,0
WEST,654.0,4996.0,0
CENTRAL,646.0,2846.0,0
NORTH-EAST,648.0,5007.0,0
WEST,506.0,1263.0,0
WEST,691.0,3518.0,0
CENTRAL,546.0,5298.0,0
CENTRAL,666.0,5677.0,0
WEST,735.0,2838.0,0
EAST,663.0,3843.0,0
NORTH-EAST,714.0,3761.0,0
EAST,707.0,4765.0,0
CENTRAL,730.0,5225.0,0
CENTRAL,777.0,4205.0,0
EAST,824.0,6439.0,0
NORTH,806.0,5215.0,0
NORTH,622.0,2241.0,0
EAST,560.0,2817.0,0
NORTH-EAST,556.0,800.0,0
NORTH-EAST,631.0,1586.0,0
EAST,569.0,6151.0,0
CENTRAL,682.0,5376.0,0
EAST,730.0,4485.0,0
NORTH-EAST,719.0,6676.0,0
CENTRAL,565.0,4712.0,0
WEST,383.0,4066.0,0
CENTRAL,601.0,3647.0,0
NORTH,598.0,4142.0,0
WEST,619.0,3435.0,0
NORTH,651.0,1702.0,0
NORTH-EAST,656.0,5869.0,1
CENTRAL,754.0,5169.0,0
EAST,700.0,3582.0,0
NORTH,704.0,4662.0,0
EAST,597.0,3389.0,0
NORTH,670.0,6217.0,1
CENTRAL,714.0,2564.0,0
WEST,695.0,4840.0,0
EAST,661.0,4142.0,1
NORTH,724.0,5002.0,0
NORTH-EAST,509.0,1479.0,0
WEST,657.0,4266.0,0
NORTH-EAST,579.0,2852.0,0
NORTH,606.0,2364.0,0
NORTH-EAST,761.0,3445.0,0
EAST,656.0,3925.0,0
CENTRAL,666.0,7170.0,1
CENTRAL,651.0,3419.0,0
CENTRAL,565.0,6699.0,0
WEST,725.0,7132.0,1
NORTH,793.0,5566.0,0
NORTH,604.0,5857.0,0
NORTH,637.0,4307.0,0
CENTRAL,758.0,3398.0,0
EAST,715.0,1957.0,0
WEST,572.0,6632.0,0
WEST,684.0,3984.0,0
EAST,765.0,5547.0,1
CENTRAL,761.0,6662.0,0
NORTH,659.0,4164.0,0
NORTH,631.0,3323.0,0
NORTH-EAST,732.0,4068.0,0
NORTH,553.0,4890.0,0
NORTH,619.0,5705.0,0
WEST,729.0,5736.0,0
WEST,663.0,5370.0,0
WEST,677.0,4642.0,0
NORTH,667.0,4203.0,0
NORTH,495.0,3857.0,0
WEST,607.0,3701.0,0
NORTH,687.0,5419.0,1
WEST,549.0,5648.0,0
EAST,626.0,3393.0,0
EAST,663.0,925.0,0
CENTRAL,715.0,1312.0,0
NORTH-EAST,622.0,3292.0,0
WEST,564.0,6252.0,0
NORTH-EAST,669.0,3414.0,0
WEST,679.0,4518.0,0
CENTRAL,614.0,5225.0,0
EAST,655.0,4661.0,1
NORTH-EAST,606.0,4212.0,0
WEST,538.0,3809.0,0
CENTRAL,625.0,5547.0,1
CENTRAL,588.0,3264.0,0
NORTH,527.0,5049.0,0
NORTH,594.0,1011.0,0
NORTH,785.0,4212.0,0
NORTH,456.0,3356.0,0
NORTH-EAST,722.0,4737.0,0
EAST,757.0,5773.0,0
NORTH-EAST,733.0,3369.0,0
CENTRAL,674.0,4729.0,0
NORTH,623.0,3854.0,0
CENTRAL,745.0,3688.0,0
EAST,675.0,2483.0,0
NORTH,606.0,6391.0,0
NORTH,574.0,4711.0,0
NORTH,761.0,2718.0,0
NORTH-EAST,663.0,4119.0,0
NORTH-EAST,705.0,6992.0,0
CENTRAL,705.0,5080.0,0
NORTH-EAST,699.0,4135.0,0
EAST,769.0,2687.0,0
WEST,662.0,3482.0,0
WEST,734.0,6003.0,0
NORTH,581.0,4461.0,0
NORTH,595.0,1585.0,0
NORTH-EAST,564.0,3836.0,0
NORTH,710.0,3402.0,0
NORTH,672.0,3907.0,0
EAST,763.0,3614.0,0
WEST,766.0,5540.0,1
WEST,823.0,5384.0,0
CENTRAL,609.0,4608.0,0
CENTRAL,712.0,1682.0,0
NORTH-EAST,729.0,3561.0,0
WEST,585.0,5371.0,0
WEST,696.0,1667.0,0
CENTRAL,636.0,3102.0,0
CENTRAL,721.0,1904.0,0
WEST,608.0,6511.0,1
CENTRAL,687.0,4548.0,0
CENTRAL,583.0,5615.0,0
NORTH,763.0,5418.0,1
NORTH,775.0,3415.0,0
NORTH,634.0,6018.0,0
NORTH,749.0,7344.0,0
NORTH,725.0,5679.0,0
CENTRAL,673.0,3078.0,0
WEST,648.0,4216.0,0
WEST,811.0,3202.0,0
EAST,540.0,3223.0,0
CENTRAL,696.0,5751.0,1
CENTRAL,777.0,7091.0,0
NORTH-EAST,614.0,2918.0,0
WEST,508.0,2350.0,0
NORTH,699.0,3833.0,0
WEST,647.0,5045.0,1
WEST,778.0,2773.0,0
CENTRAL,623.0,4589.0,0
WEST,760.0,5245.0,0
WEST,769.0,4126.0,0
WEST,546.0,6554.0,0
CENTRAL,712.0,2667.0,0
EAST,572.0,2102.0,0
EAST,607.0,4940.0,0
EAST,626.0,2874.0,0
CENTRAL,535.0,5546.0,0
NORTH-EAST,766.0,5262.0,1
EAST,621.0,2863.0,0
WEST,624.0,4902.0,0
CENTRAL,632.0,3380.0,0
WEST,644.0,6356.0,0
NORTH,644.0,2962.0,0
NORTH,682.0,4821.0,0
EAST,688.0,6148.0,1
NORTH,546.0,5946.0,0
WEST,783.0,4605.0,1
EAST,660.0,3027.0,0
WEST,719.0,1532.0,0
EAST,727.0,4459.0,0
CENTRAL,774.0,4021.0,1
WEST,641.0,4265.0,0
CENTRAL,636.0,3097.0,0
CENTRAL,559.0,5420.0,0
NORTH,648.0,2679.0,0
EAST,666.0,5994.0,0
CENTRAL,574.0,4325.0,0
CENTRAL,664.0,5197.0,0
EAST,603.0,7033.0,1
WEST,692.0,5732.0,0
CENTRAL,727.0,5030.0,0
NORTH,813.0,4063.0,0
EAST,737.0,4909.0,0
WEST,693.0,4152.0,0
WEST,684.0,5707.0,1
EAST,655.0,3469.0,0
CENTRAL,658.0,6475.0,0
CENTRAL,689.0,5121.0,0
CENTRAL,489.0,4798.0,0
CENTRAL,636.0,4450.0,0
NORTH-EAST,679.0,5551.0,0
CENTRAL,611.0,5020.0,0
EAST,662.0,3719.0,0
WEST,459.0,3924.0,0
NORTH-EAST,700.0,5628.0,1
WEST,555.0,7267.0,0
EAST,683.0,5048.0,0
CENTRAL,709.0,2770.0,0
EAST,638.0,6033.0,0
NORTH-EAST,550.0,5683.0,0
EAST,515.0,6266.0,0
WEST,678.0,6911.0,0
WEST,714.0,3439.0,0
WEST,666.0,5619.0,0
CENTRAL,776.0,3547.0,0
EAST,500.0,5420.0,0
NORTH-EAST,653.0,4474.0,0
NORTH-EAST,681.0,5106.0,0
NORTH,620.0,7028.0,0
EAST,770.0,3689.0,0
EAST,734.0,6676.0,1
EAST,651.0,3529.0,0
NORTH,620.0,2469.0,0
NORTH-EAST,602.0,3639.0,0
CENTRAL,632.0,4011.0,0
NORTH-EAST,714.0,4327.0,0
WEST,598.0,2633.0,0
NORTH,638.0,9222.0,0
NORTH,569.0,2097.0,0
NORTH-EAST,688.0,2773.0,0
EAST,578.0,4441.0,0
CENTRAL,667.0,5095.0,0
WEST,642.0,5167.0,0
NORTH,677.0,5051.0,0
CENTRAL,659.0,3786.0,0
NORTH-EAST,827.0,2400.0,0
NORTH-EAST,654.0,5317.0,0
CENTRAL,552.0,4157.0,0
EAST,681.0,3128.0,0
NORTH,645.0,4235.0,0
WEST,751.0,1417.0,0
CENTRAL,774.0,2778.0,0
NORTH,624.0,4439.0,0
CENTRAL,532.0,3294.0,0
CENTRAL,644.0,2790.0,0
WEST,736.0,5346.0,0
NORTH,631.0,4321.0,0
CENTRAL,695.0,6853.0,1
EAST,665.0,4794.0,0
EAST,574.0,5121.0,0
WEST,587.0,5385.0,0
NORTH-EAST,613.0,3971.0,0
NORTH-EAST,704.0,4955.0,0
NORTH-EAST,718.0,4000.0,0
WEST,586.0,5960.0,0
WEST,500.0,4918.0,0
WEST,610.0,3374.0,0
WEST,619.0,3285.0,0
EAST,558.0,4353.0,0
EAST,483.0,6344.0,0
NORTH-EAST,604.0,5584.0,0
EAST,768.0,2493.0,0
CENTRAL,555.0,5733.0,0
NORTH,776.0,5801.0,1
NORTH,563.0,3625.0,0
NORTH-EAST,472.0,1810.0,0
NORTH,580.0,6342.0,0
WEST,636.0,8231.0,0
CENTRAL,445.0,6129.0,0
NORTH-EAST,555.0,5830.0,0
EAST,721.0,5502.0,0
WEST,708.0,1336.0,0
WEST,685.0,5057.0,0
CENTRAL,641.0,6359.0,1
EAST,682.0,6297.0,0
WEST,701.0,6445.0,1
NORTH-EAST,739.0,5586.0,0
NORTH-EAST,566.0,3750.0,0
CENTRAL,658.0,4394.0,0
NORTH,701.0,6222.0,1
NORTH,718.0,3202.0,0
EAST,730.0,8499.0,1
NORTH,666.0,5763.0,0
NORTH-EAST,719.0,4237.0,0
NORTH-EAST,444.0,4193.0,0
EAST,712.0,3133.0,0
WEST,649.0,4617.0,0
CENTRAL,707.0,1631.0,0
WEST,878.0,6601.0,1
WEST,661.0,5518.0,0
EAST,629.0,2647.0,0
WEST,776.0,7771.0,0
NORTH-EAST,481.0,4228.0,0
CENTRAL,564.0,2849.0,0
EAST,614.0,4792.0,0
WEST,623.0,3687.0,0
NORTH,791.0,2213.0,0
NORTH-EAST,665.0,4619.0,0
EAST,530.0,2884.0,0
NORTH-EAST,655.0,5424.0,0
NORTH,562.0,5388.0,0
NORTH-EAST,771.0,3954.0,0
CENTRAL,726.0,4644.0,0
NORTH,674.0,3339.0,0
EAST,774.0,2351.0,0
NORTH,568.0,4383.0,0
EAST,718.0,3459.0,1
NORTH,711.0,2831.0,0
NORTH,582.0,2712.0,0
NORTH-EAST,648.0,6112.0,1
EAST,533.0,6929.0,0
CENTRAL,641.0,5282.0,0
CENTRAL,642.0,4296.0,0
CENTRAL,624.0,5887.0,0
EAST,636.0,3692.0,0
EAST,590.0,3217.0,0
WEST,725.0,5336.0,0
CENTRAL,737.0,2646.0,0
EAST,892.0,3707.0,0
CENTRAL,761.0,4212.0,1
NORTH,637.0,4279.0,0
NORTH-EAST,625.0,3151.0,0
WEST,613.0,5862.0,0
WEST,690.0,4502.0,0
EAST,725.0,4101.0,0
NORTH-EAST,672.0,3573.0,0
EAST,681.0,4899.0,0
WEST,699.0,3425.0,0
CENTRAL,647.0,3809.0,0
WEST,745.0,5401.0,0
NORTH,509.0,6016.0,0
EAST,572.0,6170.0,0
EAST,601.0,2064.0,0
NORTH,623.0,3101.0,0
NORTH,603.0,5344.0,0
EAST,655.0,3224.0,0
EAST,680.0,5212.0,0
CENTRAL,616.0,7409.0,1
NORTH-EAST,717.0,4012.0,0
NORTH-EAST,689.0,3801.0,0
EAST,721.0,2909.0,0
NORTH,759.0,1872.0,0
NORTH,709.0,5554.0,0
NORTH-EAST,633.0,1690.0,0
NORTH,666.0,4030.0,0
NORTH,691.0,4023.0,0
EAST,716.0,4215.0,0
EAST,694.0,3420.0,0
WEST,640.0,4717.0,0
NORTH-EAST,776.0,6317.0,1
NORTH-EAST,717.0,3177.0,0
EAST,638.0,5706.0,0
EAST,714.0,2012.0,0
WEST,497.0,3503.0,0
NORTH-EAST,620.0,5574.0,0
CENTRAL,773.0,4884.0,0
EAST,677.0,4306.0,0
WEST,623.0,6146.0,0
EAST,765.0,5184.0,0
EAST,651.0,5812.0,0
NORTH,606.0,6035.0,0
EAST,569.0,4599.0,0
NORTH-EAST,666.0,1832.0,0
CENTRAL,715.0,3678.0,0
WEST,650.0,5924.0,0
NORTH,598.0,5635.0,0
NORTH-EAST,584.0,6632.0,0
NORTH,627.0,3409.0,0
NORTH,740.0,4561.0,0
NORTH,729.0,4709.0,0
NORTH,736.0,3000.0,0
WEST,610.0,5395.0,0
WEST,632.0,3861.0,0
NORTH-EAST,650.0,7022.0,0
CENTRAL,808.0,4763.0,1
CENTRAL,744.0,5602.0,1
NORTH-EAST,690.0,2932.0,0
WEST,603.0,1873.0,0
WEST,763.0,3799.0,0
EAST,715.0,1186.0,0
NORTH,649.0,4443.0,0
EAST,705.0,2956.0,0
NORTH-EAST,532.0,5966.0,0
WEST,714.0,6533.0,0
EAST,587.0,5237.0,0
WEST,614.0,5023.0,0
WEST,683.0,3172.0,0
NORTH-EAST,731.0,5380.0,1
WEST,423.0,4531.0,0
EAST,555.0,6779.0,0
NORTH,692.0,6166.0,1
NORTH-EAST,658.0,3738.0,0
WEST,871.0,3166.0,0
WEST,512.0,3277.0,0
EAST,762.0,7485.0,1
NORTH-EAST,415.0,4592.0,0
EAST,657.0,6606.0,0
EAST,642.0,3832.0,0
CENTRAL,695.0,3729.0,0
NORTH-EAST,700.0,2644.0,0
NORTH-EAST,605.0,4660.0,0
WEST,619.0,4386.0,0
CENTRAL,656.0,4023.0,0
NORTH,522.0,5914.0,0
CENTRAL,689.0,5234.0,0
NORTH,642.0,3914.0,0
NORTH-EAST,623.0,3854.0,0
EAST,581.0,5793.0,0
WEST,690.0,3898.0,0
CENTRAL,690.0,7033.0,1
WEST,682.0,4172.0,0
CENTRAL,612.0,5597.0,0
NORTH,609.0,5114.0,0
NORTH-EAST,553.0,4069.0,0
NORTH-EAST,621.0,1925.0,0
WEST,754.0,4616.0,0
WEST,682.0,3606.0,0
NORTH-EAST,470.0,4437.0,0
WEST,567.0,2247.0,0
NORTH-EAST,670.0,4774.0,0
NORTH-EAST,570.0,4942.0,0
EAST,615.0,4138.0,0
EAST,603.0,7600.0,0
NORTH-EAST,664.0,3031.0,0
CENTRAL,629.0,5728.0,0
WEST,731.0,7610.0,0
CENTRAL,553.0,1804.0,0
NORTH,562.0,6695.0,0
WEST,575.0,5671.0,0
NORTH-EAST,535.0,4117.0,0
NORTH,486.0,5598.0,0
NORTH,587.0,4820.0,0
NORTH-EAST,637.0,4523.0,0
WEST,611.0,4395.0,0
EAST,631.0,5448.0,0
CENTRAL,555.0,2461.0,0
CENTRAL,692.0,5587.0,1
WEST,713.0,800.0,0
NORTH-EAST,796.0,6962.0,0
NORTH-EAST,640.0,4621.0,0
NORTH,669.0,4415.0,0
NORTH-EAST,779.0,3494.0,0
EAST,725.0,5399.0,0
CENTRAL,568.0,3014.0,0
WEST,732.0,2354.0,0
NORTH,675.0,4900.0,1
EAST,533.0,3889.0,0
WEST,528.0,1044.0,0
EAST,601.0,4907.0,0
NORTH-EAST,727.0,3741.0,0
EAST,630.0,4995.0,0
NORTH-EAST,725.0,3579.0,0
EAST,712.0,2762.0,0
WEST,634.0,2979.0,0
NORTH,627.0,2737.0,0
NORTH,670.0,7418.0,0
EAST,669.0,3523.0,0
CENTRAL,688.0,4626.0,1
NORTH,651.0,4489.0,0
NORTH,625.0,3936.0,0
WEST,742.0,4207.0,0
NORTH,615.0,3668.0,0
NORTH,685.0,3530.0,0
NORTH-EAST,794.0,5210.0,0
NORTH,634.0,6212.0,0
NORTH-EAST,698.0,2988.0,0
NORTH-EAST,764.0,4547.0,1
CENTRAL,858.0,3113.0,1
EAST,585.0,4594.0,0
NORTH,597.0,5352.0,0
CENTRAL,631.0,1902.0,0
EAST,691.0,2779.0,0
CENTRAL,658.0,3566.0,0
NORTH,522.0,2951.0,0
NORTH-EAST,659.0,5065.0,0
WEST,545.0,4157.0,0
WEST,631.0,4048.0,0
NORTH,671.0,5795.0,0
NORTH-EAST,681.0,4684.0,1
NORTH,616.0,4353.0,0
EAST,543.0,5003.0,0
CENTRAL,802.0,4049.0,1
NORTH,651.0,2283.0,0
WEST,732.0,800.0,0
NORTH,677.0,6457.0,0
NORTH-EAST,685.0,3982.0,0
EAST,708.0,6381.0,1
CENTRAL,637.0,3470.0,0
NORTH,478.0,5932.0,0
NORTH-EAST,660.0,4305.0,0
EAST,648.0,5829.0,0
CENTRAL,702.0,7467.0,0
WEST,766.0,7039.0,0
NORTH,631.0,3997.0,0
WEST,664.0,4970.0,0
CENTRAL,768.0,5426.0,1
NORTH,632.0,4139.0,0
NORTH,530.0,1914.0,0
WEST,656.0,7310.0,1
CENTRAL,557.0,4565.0,0
EAST,684.0,8513.0,1
NORTH-EAST,716.0,3284.0,0
NORTH,674.0,6343.0,0
NORTH,713.0,4133.0,0
NORTH-EAST,624.0,4020.0,0
NORTH-EAST,595.0,5466.0,0
NORTH,754.0,1594.0,0
NORTH,687.0,5459.0,0
NORTH-EAST,584.0,6836.0,0
NORTH,687.0,6655.0,0
EAST,469.0,2732.0,0
WEST,683.0,7384.0,0
WEST,644.0,5116.0,0
WEST,679.0,2275.0,0
NORTH,711.0,4532.0,1
EAST,734.0,6405.0,1
CENTRAL,677.0,3408.0,0
EAST,596.0,5668.0,0
EAST,698.0,4747.0,0
NORTH,650.0,2489.0,0
NORTH,714.0,2236.0,0
NORTH,638.0,7338.0,0
CENTRAL,591.0,6105.0,1
NORTH-EAST,591.0,3755.0,0
NORTH,757.0,5063.0,0
NORTH,570.0,4480.0,0
CENTRAL,657.0,4445.0,1
EAST,746.0,3013.0,0
NORTH-EAST,597.0,5393.0,0
NORTH-EAST,637.0,5557.0,0
NORTH-EAST,775.0,2709.0,0
EAST,610.0,3883.0,1
NORTH,627.0,4154.0,0
NORTH-EAST,607.0,5572.0,0
EAST,503.0,3613.0,0
EAST,717.0,5890.0,0
NORTH-EAST,594.0,4390.0,0
CENTRAL,524.0,5512.0,0
NORTH,805.0,4354.0,1
WEST,701.0,4148.0,0
EAST,693.0,3143.0,1
WEST,662.0,2955.0,0
EAST,624.0,5426.0,0
EAST,615.0,2573.0,0
NORTH,602.0,4497.0,0
WEST,609.0,3211.0,0
WEST,575.0,4893.0,0
EAST,574.0,5495.0,0
NORTH,784.0,4064.0,0
EAST,753.0,4419.0,0
NORTH,685.0,5128.0,0
NORTH,791.0,6486.0,1
EAST,734.0,3296.0,0
NORTH-EAST,680.0,3033.0,0
CENTRAL,701.0,2415.0,0
CENTRAL,561.0,6631.0,0
WEST,684.0,3951.0,0
WEST,592.0,4337.0,0
CENTRAL,628.0,5479.0,0
WEST,653.0,7498.0,0
EAST,745.0,2989.0,0
NORTH,661.0,897.0,0
WEST,673.0,5990.0,0
NORTH,496.0,6405.0,0
NORTH-EAST,568.0,4502.0,0
NORTH-EAST,597.0,1873.0,0
WEST,571.0,5722.0,0
NORTH,671.0,4426.0,0
WEST,521.0,5858.0,0
NORTH-EAST,755.0,5854.0,0
CENTRAL,602.0,3081.0,0
EAST,791.0,3881.0,1
WEST,575.0,3024.0,0
EAST,745.0,6694.0,1
WEST,780.0,3982.0,1
CENTRAL,592.0,3739.0,0
NORTH,550.0,5105.0,0
CENTRAL,653.0,2337.0,0
EAST,541.0,5449.0,0
CENTRAL,554.0,4817.0,0
EAST,561.0,4712.0,0
CENTRAL,539.0,2727.0,0
CENTRAL,543.0,4218.0,0
EAST,661.0,4530.0,0
EAST,667.0,1849.0,0
WEST,593.0,3428.0,0
EAST,637.0,7029.0,1
EAST,769.0,3960.0,0
NORTH,599.0,4170.0,0
NORTH-EAST,641.0,4854.0,0
WEST,754.0,6774.0,1
NORTH-EAST,632.0,4069.0,0
EAST,516.0,7049.0,0
NORTH-EAST,579.0,3991.0,0
WEST,562.0,2697.0,0
NORTH-EAST,751.0,7994.0,0
CENTRAL,659.0,3335.0,0
WEST,602.0,1491.0,0
WEST,667.0,4280.0,0
NORTH-EAST,539.0,6791.0,0
NORTH,505.0,3826.0,0
CENTRAL,526.0,3160.0,0
CENTRAL,587.0,4611.0,0
EAST,711.0,5504.0,0
NORTH,530.0,3511.0,0
CENTRAL,667.0,6208.0,1
NORTH-EAST,677.0,2539.0,0
EAST,772.0,7170.0,1
CENTRAL,462.0,5616.0,0
CENTRAL,686.0,6148.0,1
EAST,799.0,1245.0,0
NORTH,664.0,3253.0,0
WEST,600.0,4780.0,0
EAST,745.0,4057.0,1
WEST,650.0,4849.0,0
NORTH,674.0,6396.0,0
EAST,663.0,4758.0,0
EAST,771.0,4666.0,1
CENTRAL,750.0,2744.0,0
NORTH,615.0,2366.0,0
EAST,727.0,5462.0,0
EAST,620.0,1254.0,0
NORTH-EAST,657.0,6204.0,0
EAST,656.0,4317.0,0
NORTH-EAST,629.0,2309.0,0
NORTH-EAST,609.0,4723.0,0
EAST,778.0,4807.0,1
NORTH-EAST,484.0,6863.0,0
WEST,687.0,6668.0,1
NORTH-EAST,843.0,4541.0,0
NORTH,658.0,4885.0,0
NORTH-EAST,546.0,4450.0,0
NORTH-EAST,688.0,4669.0,0
CENTRAL,652.0,4281.0,0
EAST,679.0,5481.0,0
CENTRAL,728.0,2319.0,0
EAST,561.0,5924.0,0
NORTH-EAST,688.0,5013.0,0
NORTH,727.0,7186.0,0
WEST,640.0,4462.0,0
WEST,655.0,3772.0,0
WEST,683.0,5840.0,0
CENTRAL,512.0,2376.0,0
CENTRAL,702.0,3424.0,0
NORTH,757.0,4316.0,0
WEST,466.0,1312.0,0
CENTRAL,691.0,4974.0,0
EAST,615.0,6490.0,0
CENTRAL,663.0,5203.0,0
NORTH-EAST,656.0,5070.0,0
WEST,567.0,3437.0,0
CENTRAL,633.0,4995.0,0
CENTRAL,633.0,4052.0,0
EAST,627.0,6027.0,0
WEST,645.0,4609.0,0
NORTH,630.0,6301.0,0
NORTH-EAST,637.0,3585.0,0
CENTRAL,634.0,3092.0,0
NORTH,691.0,6389.0,0
CENTRAL,825.0,6187.0,1
EAST,623.0,2232.0,0
CENTRAL,632.0,2963.0,0
NORTH-EAST,599.0,2480.0,0
NORTH-EAST,618.0,5905.0,0
CENTRAL,613.0,4615.0,0
WEST,607.0,1812.0,0
NORTH,641.0,4476.0,0
WEST,592.0,4516.0,0
WEST,697.0,4825.0,0
EAST,661.0,5477.0,1
WEST,727.0,3795.0,0
WEST,845.0,5564.0,0
EAST,554.0,3918.0,0
NORTH-EAST,709.0,5958.0,1
CENTRAL,559.0,3280.0,0
EAST,603.0,3034.0,0
CENTRAL,571.0,3741.0,0
NORTH-EAST,579.0,4485.0,0
CENTRAL,569.0,7031.0,0
EAST,709.0,4333.0,0
WEST,541.0,4418.0,0
CENTRAL,670.0,1322.0,0
WEST,634.0,3753.0,0
NORTH-EAST,810.0,6231.0,1
WEST,702.0,4364.0,0
EAST,703.0,5450.0,0
NORTH-EAST,804.0,3585.0,1
WEST,605.0,2707.0,0
EAST,522.0,5258.0,0
CENTRAL,622.0,2016.0,0
NORTH,676.0,1851.0,0
EAST,652.0,2587.0,0
NORTH,595.0,5634.0,0
WEST,630.0,2619.0,0
EAST,636.0,2943.0,0
CENTRAL,588.0,5050.0,0
WEST,648.0,2672.0,0
NORTH-EAST,655.0,2506.0,0
CENTRAL,658.0,6839.0,0
WEST,747.0,4893.0,0
NORTH-EAST,669.0,6392.0,0
WEST,756.0,4625.0,1
NORTH,759.0,5158.0,0
CENTRAL,607.0,4629.0,0
NORTH,541.0,4653.0,0
CENTRAL,762.0,3360.0,0
NORTH,642.0,3372.0,0
NORTH-EAST,747.0,5453.0,0
NORTH,725.0,3175.0,0
NORTH,790.0,3524.0,0
CENTRAL,717.0,3709.0,0
NORTH-EAST,676.0,2987.0,0
NORTH,731.0,4224.0,0
NORTH-EAST,637.0,4518.0,0
CENTRAL,616.0,6556.0,0
WEST,602.0,4730.0,0
NORTH-EAST,601.0,5794.0,0
CENTRAL,662.0,3660.0,0
NORTH-EAST,589.0,5506.0,0
WEST,651.0,5385.0,0
EAST,704.0,2960.0,0
EAST,552.0,4152.0,0
WEST,600.0,2202.0,0
NORTH,724.0,2830.0,0
CENTRAL,688.0,4027.0,0
EAST,634.0,4534.0,0
WEST,766.0,4335.0,0
NORTH-EAST,668.0,1836.0,0
NORTH-EAST,674.0,7405.0,0
NORTH,786.0,5529.0,0
EAST,576.0,2073.0,0
CENTRAL,712.0,8082.0,1
NORTH-EAST,616.0,7936.0,0
NORTH,702.0,1703.0,0
EAST,686.0,6943.0,1
NORTH-EAST,570.0,8739.0,0
EAST,690.0,4543.0,0
NORTH,650.0,4948.0,0
NORTH,815.0,2151.0,0
NORTH,702.0,3460.0,0
NORTH-EAST,615.0,1113.0,0
NORTH-EAST,648.0,1804.0,0
NORTH,562.0,5765.0,0
NORTH,692.0,5879.0,0
NORTH,649.0,6847.0,0
NORTH-EAST,608.0,4032.0,0
CENTRAL,654.0,5398.0,1
WEST,639.0,5297.0,0
CENTRAL,773.0,2545.0,0
EAST,618.0,5176.0,0
NORTH,618.0,1903.0,0
CENTRAL,659.0,4808.0,0
WEST,640.0,6318.0,1
NORTH,576.0,6519.0,0
CENTRAL,565.0,5814.0,0
WEST,599.0,3666.0,0
NORTH-EAST,662.0,5746.0,0
NORTH,702.0,4090.0,0
EAST,610.0,4575.0,0
NORTH-EAST,575.0,4908.0,0
WEST,699.0,5974.0,0
CENTRAL,730.0,3557.0,0
NORTH-EAST,765.0,6482.0,1
NORTH-EAST,889.0,5054.0,1
NORTH-EAST,633.0,4249.0,0
WEST,649.0,5044.0,0
EAST,566.0,6424.0,0
NORTH,750.0,2400.0,0
CENTRAL,536.0,5043.0,0
CENTRAL,715.0,5433.0,0
NORTH,641.0,1975.0,0
CENTRAL,558.0,5932.0,0
EAST,675.0,4576.0,0
NORTH-EAST,569.0,3189.0,0
CENTRAL,689.0,3890.0,0
EAST,823.0,2663.0,0
NORTH-EAST,658.0,3001.0,0
CENTRAL,619.0,3928.0,0
NORTH-EAST,693.0,3985.0,0
NORTH,810.0,4521.0,0
EAST,583.0,800.0,0
EAST,613.0,6001.0,0
NORTH-EAST,799.0,5200.0,0
CENTRAL,667.0,5533.0,0
EAST,602.0,2581.0,0
WEST,676.0,6696.0,1
NORTH,635.0,3135.0,0
WEST,643.0,6660.0,1
NORTH,537.0,6855.0,0
NORTH,641.0,6607.0,0
NORTH-EAST,728.0,1174.0,0
WEST,747.0,5938.0,0
NORTH,730.0,6806.0,0
EAST,744.0,5634.0,0
CENTRAL,717.0,7934.0,1
WEST,673.0,3892.0,0
WEST,666.0,5488.0,0
EAST,560.0,3534.0,0
NORTH-EAST,656.0,3266.0,0
EAST,652.0,3084.0,0
EAST,660.0,6542.0,0
NORTH-EAST,705.0,4032.0,0
NORTH-EAST,537.0,4072.0,0
NORTH-EAST,742.0,4126.0,0
CENTRAL,577.0,6903.0,0
WEST,700.0,4855.0,0
NORTH,735.0,6053.0,0
CENTRAL,570.0,2029.0,0
WEST,600.0,6556.0,0
NORTH,683.0,4068.0,0
NORTH,705.0,5809.0,0
EAST,650.0,1953.0,0
NORTH-EAST,587.0,4228.0,0
EAST,508.0,6490.0,0
EAST,735.0,4215.0,0
WEST,655.0,5813.0,0
WEST,745.0,7335.0,1
WEST,580.0,5698.0,0
NORTH,677.0,4439.0,0
WEST,674.0,6336.0,0
NORTH-EAST,650.0,4452.0,0
EAST,555.0,2720.0,0
CENTRAL,677.0,2921.0,0
EAST,619.0,3779.0,0
NORTH-EAST,786.0,3242.0,0
CENTRAL,795.0,4734.0,0
NORTH,613.0,2916.0,0
WEST,700.0,3377.0,0
EAST,589.0,2560.0,0
EAST,450.0,4213.0,0
WEST,708.0,2810.0,0
NORTH,725.0,2254.0,0
NORTH,734.0,4417.0,0
WEST,625.0,968.0,0
EAST,610.0,3867.0,0
EAST,629.0,6583.0,1
NORTH,675.0,5209.0,1
CENTRAL,611.0,4446.0,0
NORTH-EAST,588.0,3125.0,0
NORTH-EAST,679.0,7248.0,1
EAST,699.0,2110.0,0
CENTRAL,657.0,3136.0,0
CENTRAL,785.0,6282.0,1
WEST,692.0,2806.0,0
EAST,667.0,3666.0,0
NORTH,582.0,4083.0,0
WEST,689.0,6296.0,1
EAST,628.0,800.0,0
NORTH-EAST,581.0,4982.0,0
CENTRAL,474.0,4067.0,0
WEST,590.0,4199.0,0
NORTH,698.0,4602.0,0
WEST,691.0,4965.0,0
NORTH,601.0,4374.0,0
CENTRAL,526.0,5141.0,0
NORTH-EAST,754.0,5419.0,1
EAST,670.0,3568.0,1
NORTH,651.0,5723.0,0
NORTH-EAST,740.0,3776.0,0
WEST,582.0,4944.0,0
EAST,510.0,7009.0,0
CENTRAL,737.0,5467.0,0
NORTH,631.0,4122.0,0
NORTH,783.0,3776.0,0
EAST,697.0,2246.0,0
NORTH-EAST,754.0,5781.0,0
CENTRAL,702.0,5669.0,0
CENTRAL,548.0,6438.0,0
EAST,624.0,7786.0,0
CENTRAL,668.0,8213.0,1
WEST,646.0,6874.0,0
CENTRAL,766.0,3266.0,0
NORTH-EAST,573.0,4272.0,0
EAST,627.0,4467.0,0
CENTRAL,773.0,4741.0,1
EAST,666.0,2732.0,0
NORTH,652.0,3101.0,0
WEST,639.0,6548.0,0
NORTH-EAST,550.0,4406.0,0
CENTRAL,601.0,4011.0,0
NORTH-EAST,558.0,3248.0,0
WEST,681.0,3556.0,0
CENTRAL,605.0,4945.0,0
WEST,572.0,4334.0,0
NORTH,716.0,5692.0,0
EAST,702.0,5474.0,1
NORTH,611.0,1682.0,0
CENTRAL,612.0,1851.0,0
CENTRAL,598.0,6056.0,0
EAST,718.0,5993.0,1
CENTRAL,683.0,4346.0,1
EAST,698.0,2559.0,0
EAST,847.0,5588.0,1
NORTH-EAST,626.0,4413.0,0
NORTH-EAST,620.0,3705.0,0
CENTRAL,585.0,4926.0,0
NORTH,704.0,3575.0,0
CENTRAL,640.0,2348.0,0
WEST,527.0,5603.0,0
WEST,594.0,2368.0,0
WEST,542.0,3355.0,0
EAST,560.0,2491.0,0
EAST,620.0,5136.0,1
EAST,734.0,3370.0,0
NORTH-EAST,617.0,1634.0,0
CENTRAL,719.0,5030.0,0
CENTRAL,692.0,1877.0,0
WEST,697.0,3503.0,0
NORTH-EAST,563.0,4231.0,0
EAST,477.0,3933.0,0
NORTH-EAST,699.0,1951.0,0
NORTH-EAST,626.0,6896.0,0
CENTRAL,777.0,3090.0,1
CENTRAL,812.0,4633.0,0
WEST,605.0,5689.0,0
NORTH,600.0,4449.0,0
NORTH,636.0,5070.0,0
NORTH,695.0,2990.0,0
CENTRAL,614.0,4562.0,0
EAST,833.0,5445.0,1
WEST,646.0,4864.0,0
EAST,627.0,5655.0,0
WEST,698.0,3153.0,0
NORTH,524.0,1497.0,0
EAST,640.0,4558.0,0
NORTH,645.0,4007.0,0
NORTH-EAST,858.0,6747.0,1
EAST,757.0,6636.0,0
NORTH,530.0,6067.0,0
WEST,568.0,6897.0,0
WEST,749.0,4292.0,0
NORTH-EAST,761.0,4164.0,0
WEST,770.0,5835.0,1
NORTH,639.0,2316.0,0
NORTH,568.0,3463.0,0
WEST,662.0,4021.0,0
NORTH,725.0,2028.0,0
WEST,742.0,4519.0,0
NORTH,753.0,5459.0,1
EAST,698.0,4170.0,0
NORTH-EAST,562.0,3801.0,0
WEST,581.0,4472.0,0
EAST,709.0,6080.0,0
NORTH,782.0,7271.0,1
WEST,538.0,3244.0,0
CENTRAL,690.0,4867.0,0
NORTH,706.0,4637.0,0
CENTRAL,635.0,2893.0,0
WEST,757.0,5940.0,1
WEST,618.0,5109.0,0
WEST,604.0,2078.0,0
NORTH-EAST,617.0,4416.0,0
NORTH,678.0,3090.0,0
CENTRAL,750.0,5102.0,0
EAST,617.0,5954.0,0
CENTRAL,682.0,6743.0,1
EAST,585.0,5840.0,0
WEST,543.0,2477.0,0
WEST,544.0,5455.0,0
NORTH,718.0,6459.0,1
NORTH-EAST,498.0,4297.0,0
EAST,712.0,3533.0,0
NORTH-EAST,714.0,6293.0,1
CENTRAL,850.0,4669.0,1
WEST,781.0,1456.0,0
NORTH-EAST,601.0,5026.0,0
NORTH-EAST,741.0,3586.0,0
NORTH-EAST,728.0,6147.0,0
CENTRAL,723.0,2321.0,0
EAST,521.0,4387.0,0
WEST,508.0,3105.0,0
EAST,723.0,6529.0,0
NORTH,762.0,5462.0,0
EAST,674.0,7716.0,1
CENTRAL,745.0,2306.0,0
NORTH-EAST,762.0,4503.0,0
NORTH,621.0,6639.0,0
NORTH-EAST,652.0,6003.0,0
CENTRAL,595.0,4414.0,0
NORTH,493.0,6803.0,0
NORTH-EAST,577.0,7407.0,0
EAST,689.0,5051.0,0
EAST,790.0,5762.0,1
EAST,676.0,5600.0,0
WEST,619.0,5829.0,0
WEST,721.0,3165.0,0
NORTH,682.0,4310.0,0
NORTH,731.0,4281.0,0
NORTH,628.0,4627.0,0
EAST,823.0,5637.0,0
NORTH-EAST,756.0,5223.0,0
NORTH-EAST,636.0,2495.0,0
EAST,685.0,5486.0,1
EAST,798.0,3681.0,0
WEST,708.0,6029.0,0
CENTRAL,674.0,3993.0,0
EAST,594.0,6608.0,0
EAST,642.0,4328.0,0
EAST,726.0,6481.0,1
NORTH,617.0,4305.0,0
NORTH,539.0,2711.0,0
NORTH-EAST,454.0,6099.0,0
NORTH,684.0,6365.0,0
WEST,639.0,4401.0,0
CENTRAL,664.0,2267.0,0
WEST,568.0,5010.0,0
EAST,851.0,5127.0,1
NORTH,632.0,6136.0,0
EAST,732.0,3945.0,1
WEST,635.0,5187.0,0
NORTH-EAST,642.0,4438.0,0
CENTRAL,476.0,3188.0,0
WEST,660.0,5455.0,1
WEST,678.0,4799.0,0
NORTH-EAST,522.0,4792.0,0
NORTH-EAST,604.0,3219.0,0
WEST,619.0,2926.0,0
NORTH,742.0,4980.0,0
NORTH-EAST,606.0,2706.0,0
NORTH-EAST,596.0,2655.0,0
NORTH,640.0,3694.0,0
WEST,697.0,4581.0,0
WEST,745.0,4843.0,0
EAST,707.0,4405.0,0
EAST,683.0,3467.0,0
WEST,675.0,6716.0,1
EAST,760.0,4053.0,1
NORTH,659.0,4346.0,0
NORTH-EAST,784.0,2592.0,0
WEST,681.0,4243.0,0
CENTRAL,582.0,3617.0,0
NORTH-EAST,643.0,6561.0,0
EAST,626.0,1458.0,0
WEST,731.0,1487.0,0
CENTRAL,605.0,5925.0,0
NORTH-EAST,689.0,3198.0,0
NORTH-EAST,548.0,2410.0,0
CENTRAL,660.0,4717.0,0
WEST,715.0,7641.0,0
CENTRAL,533.0,2919.0,0
NORTH-EAST,884.0,5809.0,1
WEST,740.0,4877.0,0
CENTRAL,777.0,4389.0,0
EAST,749.0,5933.0,0
CENTRAL,522.0,5410.0,0
WEST,592.0,2841.0,0
EAST,675.0,2410.0,0
CENTRAL,698.0,3675.0,0
EAST,553.0,6652.0,0
NORTH-EAST,639.0,4230.0,0
WEST,557.0,5855.0,0
WEST,554.0,4766.0,0
CENTRAL,570.0,3855.0,0
NORTH,741.0,2785.0,0
CENTRAL,579.0,4121.0,0
EAST,714.0,5453.0,0
CENTRAL,625.0,4221.0,0
NORTH-EAST,681.0,5505.0,0
NORTH-EAST,671.0,6188.0,0
EAST,641.0,2516.0,0
EAST,553.0,5860.0,0
WEST,697.0,3103.0,0
CENTRAL,687.0,3742.0,0
NORTH-EAST,687.0,3135.0,0
NORTH,633.0,2571.0,0
NORTH,564.0,3913.0,0
NORTH,648.0,6210.0,0
WEST,599.0,5616.0,0
WEST,799.0,5652.0,1
NORTH-EAST,612.0,4652.0,0
WEST,645.0,2782.0,0
NORTH-EAST,664.0,3321.0,0
WEST,735.0,3382.0,0
NORTH-EAST,520.0,3674.0,0
CENTRAL,629.0,2356.0,0
NORTH,756.0,3919.0,0
NORTH-EAST,595.0,2879.0,0
CENTRAL,765.0,6547.0,1
NORTH,692.0,5204.0,0
CENTRAL,708.0,4575.0,0
NORTH-EAST,561.0,7445.0,0
NORTH-EAST,556.0,4202.0,0
CENTRAL,638.0,3798.0,0
CENTRAL,734.0,5823.0,0
WEST,658.0,3765.0,0
CENTRAL,574.0,4175.0,0
EAST,742.0,3847.0,0
NORTH,649.0,3342.0,0
EAST,520.0,4432.0,0
WEST,599.0,3323.0,0
WEST,690.0,6824.0,0
NORTH-EAST,611.0,2326.0,0
NORTH-EAST,602.0,4116.0,0
WEST,520.0,8065.0,0
CENTRAL,780.0,4552.0,0
WEST,675.0,5945.0,0
WEST,620.0,6014.0,0
CENTRAL,621.0,3209.0,0
NORTH-EAST,601.0,4535.0,0
NORTH-EAST,514.0,4992.0,0
NORTH-EAST,550.0,3708.0,0
CENTRAL,636.0,6919.0,1
WEST,471.0,2872.0,0
CENTRAL,778.0,9069.0,1
CENTRAL,651.0,2498.0,0
EAST,598.0,2975.0,0
NORTH-EAST,699.0,3269.0,0
NORTH,630.0,3752.0,0
CENTRAL,545.0,5484.0,0
WEST,618.0,4505.0,0
NORTH,629.0,4523.0,0
CENTRAL,721.0,3910.0,0
NORTH,697.0,5101.0,0
WEST,531.0,4659.0,0
NORTH,549.0,6128.0,0
WEST,582.0,4386.0,0
NORTH-EAST,742.0,6879.0,0
NORTH,652.0,5877.0,0
CENTRAL,803.0,4634.0,1
EAST,716.0,5988.0,0
WEST,604.0,3299.0,0
NORTH,639.0,3664.0,0
NORTH,621.0,5241.0,0
WEST,587.0,800.0,0
CENTRAL,491.0,2037.0,0
EAST,787.0,2519.0,0
NORTH,540.0,3550.0,0
WEST,603.0,4870.0,0
EAST,763.0,2874.0,0
NORTH-EAST,655.0,7038.0,0
NORTH-EAST,673.0,4302.0,0
WEST,721.0,5922.0,0
WEST,626.0,3162.0,0
NORTH,514.0,1460.0,0
NORTH,835.0,6123.0,0
CENTRAL,683.0,4015.0,0
WEST,724.0,4636.0,0
NORTH-EAST,686.0,3992.0,0
EAST,564.0,3893.0,0
NORTH-EAST,690.0,3253.0,0
EAST,540.0,7329.0,0
WEST,551.0,3365.0,0
NORTH-EAST,559.0,5807.0,0
NORTH-EAST,548.0,6453.0,0
CENTRAL,532.0,4103.0,0
NORTH,590.0,5342.0,0
CENTRAL,667.0,3535.0,0
WEST,538.0,4875.0,0
NORTH,516.0,5833.0,0
EAST,645.0,6982.0,0
WEST,482.0,5448.0,0
EAST,611.0,4861.0,0
NORTH,571.0,5320.0,0
NORTH,658.0,4512.0,0
CENTRAL,593.0,6038.0,0
EAST,878.0,4138.0,0
CENTRAL,676.0,2607.0,0
WEST,487.0,7220.0,0
EAST,548.0,5413.0,0
NORTH-EAST,532.0,2986.0,0
EAST,741.0,5765.0,1
WEST,710.0,5833.0,0
EAST,672.0,4625.0,0
EAST,747.0,4494.0,0
WEST,719.0,4440.0,0
CENTRAL,676.0,4325.0,0
EAST,751.0,3420.0,0
CENTRAL,597.0,4234.0,0
NORTH-EAST,599.0,9591.0,1
WEST,620.0,6883.0,0
NORTH,900.0,5756.0,0
CENTRAL,745.0,2738.0,0
NORTH-EAST,797.0,2499.0,0
WEST,647.0,5081.0,0
NORTH,693.0,2186.0,0
NORTH-EAST,627.0,5562.0,0
WEST,695.0,6037.0,1
EAST,644.0,4102.0,0
CENTRAL,649.0,3615.0,0
CENTRAL,694.0,5764.0,0
CENTRAL,565.0,5307.0,0
CENTRAL,652.0,2661.0,0
EAST,779.0,5007.0,1
NORTH,624.0,5186.0,0
CENTRAL,619.0,5349.0,1
EAST,719.0,4107.0,0
EAST,706.0,3407.0,0
NORTH,650.0,3867.0,0
CENTRAL,658.0,4388.0,1
CENTRAL,770.0,3918.0,0
NORTH,692.0,4354.0,0
NORTH,614.0,4235.0,0
CENTRAL,520.0,5388.0,0
NORTH,728.0,4497.0,0
WEST,631.0,6546.0,1
NORTH,629.0,2526.0,0
EAST,661.0,3625.0,0
WEST,557.0,3759.0,0
NORTH-EAST,641.0,3962.0,0
NORTH,558.0,5372.0,0
WEST,665.0,7470.0,1
NORTH-EAST,701.0,4053.0,0
EAST,767.0,5957.0,0
NORTH-EAST,636.0,4295.0,0
CENTRAL,649.0,4383.0,0
WEST,625.0,3823.0,0
CENTRAL,613.0,3493.0,0
WEST,628.0,5668.0,0
EAST,691.0,4722.0,0
EAST,763.0,5516.0,1
WEST,582.0,3898.0,0
WEST,735.0,2814.0,0
NORTH-EAST,540.0,2693.0,0
WEST,553.0,4158.0,0
NORTH,585.0,4976.0,0
NORTH,541.0,5248.0,0
NORTH,647.0,1508.0,0
NORTH,483.0,4520.0,0
EAST,697.0,4276.0,1
EAST,688.0,1584.0,0
EAST,732.0,4729.0,1
CENTRAL,674.0,5458.0,0
NORTH,587.0,6083.0,0
NORTH,652.0,3866.0,0
WEST,600.0,5412.0,0
CENTRAL,609.0,4776.0,0
EAST,617.0,4339.0,1
NORTH,610.0,7015.0,0
NORTH,617.0,2257.0,0
CENTRAL,616.0,5530.0,0
WEST,721.0,2379.0,0
EAST,606.0,7847.0,1
WEST,634.0,6233.0,0
NORTH-EAST,736.0,2559.0,0
NORTH-EAST,679.0,4843.0,0
NORTH,714.0,6565.0,0
CENTRAL,533.0,5113.0,0
CENTRAL,572.0,2766.0,0
EAST,735.0,4384.0,0
NORTH,601.0,4731.0,0
NORTH-EAST,684.0,4083.0,0
WEST,630.0,4351.0,0
CENTRAL,682.0,4113.0,0
NORTH-EAST,513.0,4389.0,0
CENTRAL,707.0,4888.0,0
CENTRAL,646.0,7193.0,0
WEST,647.0,4294.0,0
WEST,746.0,984.0,0
WEST,505.0,5597.0,0
NORTH,564.0,5660.0,0
NORTH-EAST,674.0,6319.0,1
CENTRAL,677.0,3470.0,0
NORTH,603.0,4841.0,0
NORTH,682.0,4510.0,0
NORTH-EAST,557.0,4576.0,0
CENTRAL,614.0,4667.0,1
CENTRAL,869.0,5334.0,1
CENTRAL,708.0,5279.0,1
CENTRAL,750.0,5359.0,1
NORTH-EAST,715.0,4070.0,0
CENTRAL,804.0,4650.0,1
EAST,668.0,3199.0,0
NORTH-EAST,669.0,6189.0,0
WEST,746.0,3306.0,0
EAST,607.0,3077.0,0
WEST,600.0,5417.0,0
CENTRAL,721.0,5247.0,1
NORTH,647.0,3704.0,0
NORTH,749.0,5097.0,1
CENTRAL,891.0,3229.0,1
NORTH,666.0,5574.0,0
NORTH-EAST,617.0,5517.0,0
EAST,606.0,4418.0,0
WEST,673.0,6356.0,0
EAST,580.0,6302.0,0
NORTH-EAST,606.0,2958.0,0
NORTH,741.0,5317.0,1
EAST,702.0,3481.0,0
NORTH-EAST,827.0,7149.0,1
EAST,487.0,5054.0,0
EAST,696.0,5045.0,0
NORTH-EAST,831.0,4111.0,1
WEST,658.0,2325.0,0
EAST,637.0,4527.0,0
NORTH,678.0,4913.0,0
NORTH,700.0,4187.0,0
NORTH,691.0,4252.0,0
WEST,799.0,5359.0,0
NORTH-EAST,719.0,4682.0,0
NORTH,694.0,4538.0,0
WEST,539.0,3929.0,0
WEST,683.0,5030.0,1
NORTH-EAST,685.0,3575.0,0
EAST,573.0,4011.0,0
WEST,647.0,6784.0,0
WEST,518.0,4683.0,0
WEST,599.0,2403.0,0
NORTH-EAST,618.0,4961.0,0
NORTH,589.0,4777.0,0
WEST,709.0,2027.0,0
WEST,655.0,4686.0,0
NORTH,555.0,5622.0,0
EAST,711.0,4333.0,0
CENTRAL,729.0,2121.0,0
EAST,669.0,3609.0,0
CENTRAL,608.0,3825.0,0
CENTRAL,660.0,3795.0,0
CENTRAL,737.0,5201.0,0
CENTRAL,848.0,7641.0,1
NORTH,645.0,1719.0,0
NORTH-EAST,748.0,3791.0,0
EAST,569.0,5568.0,0
CENTRAL,763.0,4157.0,0
EAST,657.0,5003.0,0
NORTH,609.0,4740.0,0
WEST,553.0,2716.0,0
CENTRAL,744.0,4626.0,0
CENTRAL,700.0,3003.0,0
CENTRAL,583.0,4558.0,0
NORTH,743.0,6876.0,0
NORTH-EAST,819.0,4830.0,1
NORTH,544.0,4009.0,0
NORTH,679.0,5425.0,0
NORTH,669.0,3299.0,0
NORTH-EAST,478.0,1251.0,0
WEST,537.0,4267.0,0
NORTH,654.0,4214.0,0
CENTRAL,644.0,3128.0,0
EAST,668.0,1908.0,0
CENTRAL,802.0,5128.0,0
NORTH,523.0,2340.0,0
NORTH-EAST,712.0,5360.0,0
NORTH,773.0,3575.0,0
NORTH-EAST,641.0,5569.0,0
NORTH,550.0,5081.0,0
EAST,635.0,2276.0,0
NORTH-EAST,814.0,3979.0,0
NORTH-EAST,644.0,3934.0,0
EAST,617.0,5696.0,0
NORTH-EAST,761.0,3597.0,0
WEST,575.0,6793.0,0
WEST,658.0,5422.0,0
WEST,632.0,2634.0,0
EAST,540.0,3553.0,0
NORTH,492.0,4678.0,0
NORTH,654.0,4716.0,0
NORTH,780.0,3340.0,0
NORTH,589.0,2232.0,0
CENTRAL,576.0,2043.0,0
NORTH,683.0,4373.0,0
WEST,619.0,5583.0,0
NORTH-EAST,782.0,6224.0,0
WEST,678.0,4441.0,0
EAST,601.0,2897.0,0
EAST,597.0,2823.0,0
NORTH-EAST,588.0,2474.0,0
CENTRAL,644.0,4835.0,1
EAST,690.0,1622.0,0
EAST,576.0,1497.0,0
NORTH,672.0,4637.0,0
NORTH-EAST,624.0,5998.0,0
WEST,512.0,7470.0,0
EAST,647.0,3176.0,0
NORTH-EAST,744.0,2700.0,0
CENTRAL,672.0,5793.0,0
NORTH,566.0,5591.0,0
CENTRAL,610.0,2930.0,0
NORTH,572.0,4028.0,0
NORTH,647.0,3790.0,0
WEST,623.0,3636.0,0
NORTH-EAST,548.0,3199.0,0
WEST,705.0,3486.0,0
CENTRAL,614.0,4490.0,0
NORTH,722.0,4354.0,0
EAST,580.0,4863.0,0
NORTH,683.0,2302.0,0
NORTH,629.0,5290.0,0
NORTH-EAST,704.0,4053.0,0
EAST,547.0,3988.0,0
NORTH-EAST,677.0,4939.0,0
EAST,543.0,6031.0,0
CENTRAL,547.0,3722.0,0
EAST,502.0,2147.0,0
CENTRAL,765.0,5526.0,0
CENTRAL,632.0,5353.0,0
CENTRAL,725.0,4891.0,0
NORTH,632.0,4679.0,0
WEST,639.0,4859.0,0
NORTH-EAST,679.0,4419.0,0
WEST,672.0,4366.0,0
NORTH,686.0,2748.0,0
NORTH-EAST,549.0,4076.0,0
CENTRAL,651.0,6037.0,1
NORTH,598.0,3222.0,0
EAST,745.0,3426.0,0
CENTRAL,603.0,5506.0,0
WEST,737.0,1533.0,0
NORTH,522.0,6358.0,0
NORTH,634.0,7250.0,0
NORTH,751.0,5848.0,0
CENTRAL,660.0,2075.0,0
NORTH,668.0,3215.0,0
EAST,654.0,2785.0,0
EAST,781.0,6269.0,1
NORTH-EAST,464.0,7515.0,0
EAST,656.0,5562.0,0
WEST,636.0,1404.0,0
NORTH,758.0,3404.0,0
CENTRAL,846.0,3051.0,0
EAST,744.0,5133.0,1
NORTH,638.0,6209.0,0
WEST,695.0,2740.0,0
WEST,627.0,5996.0,1
NORTH,675.0,4532.0,0
EAST,544.0,5145.0,0
CENTRAL,617.0,6489.0,0
WEST,616.0,3804.0,0
NORTH,610.0,6607.0,0
WEST,563.0,5025.0,0
WEST,525.0,5597.0,0
WEST,777.0,5449.0,1
EAST,733.0,3981.0,0
WEST,579.0,3756.0,0
WEST,572.0,2450.0,0
WEST,593.0,4881.0,0
NORTH-EAST,527.0,4837.0,0
NORTH,763.0,5854.0,0
NORTH-EAST,740.0,6714.0,1
WEST,629.0,4040.0,0
NORTH,607.0,4442.0,0
CENTRAL,736.0,5131.0,0
NORTH,608.0,5771.0,0
WEST,485.0,7282.0,0
WEST,803.0,3545.0,0
NORTH-EAST,537.0,4720.0,0
CENTRAL,656.0,4059.0,0
CENTRAL,586.0,3410.0,0
NORTH,555.0,1023.0,0
EAST,585.0,3535.0,0
EAST,515.0,3418.0,0
WEST,486.0,5078.0,0
NORTH,660.0,5964.0,0
NORTH-EAST,670.0,6358.0,0
EAST,699.0,3410.0,0
NORTH-EAST,606.0,3888.0,0
NORTH,447.0,1425.0,0
CENTRAL,639.0,4120.0,0
NORTH-EAST,794.0,5004.0,0
WEST,591.0,3304.0,0
EAST,649.0,3300.0,0
NORTH-EAST,725.0,4545.0,0
NORTH-EAST,475.0,4593.0,0
NORTH,819.0,4688.0,0
NORTH-EAST,637.0,7193.0,0
WEST,665.0,4783.0,0
CENTRAL,680.0,1942.0,0
EAST,688.0,3186.0,0
WEST,556.0,1235.0,0
WEST,612.0,5720.0,0
EAST,779.0,7366.0,1
NORTH,701.0,3716.0,0
CENTRAL,900.0,5623.0,1
EAST,705.0,3350.0,0
WEST,673.0,2592.0,0
CENTRAL,569.0,5654.0,0
WEST,611.0,5262.0,0
CENTRAL,512.0,3419.0,0
NORTH-EAST,572.0,6582.0,0
WEST,678.0,4119.0,0
EAST,669.0,5125.0,0
WEST,599.0,4956.0,0
CENTRAL,601.0,3104.0,0
EAST,805.0,2676.0,0
WEST,610.0,3979.0,0
NORTH,613.0,6652.0,0
EAST,650.0,5540.0,0
NORTH-EAST,648.0,5168.0,0
EAST,590.0,4147.0,0
NORTH,591.0,4992.0,1
EAST,635.0,6001.0,0
NORTH,657.0,6742.0,0
WEST,560.0,6722.0,0
CENTRAL,543.0,3143.0,0
NORTH,677.0,5098.0,0
EAST,686.0,1846.0,0
WEST,681.0,5574.0,0
CENTRAL,720.0,5392.0,0
NORTH,492.0,4285.0,0
NORTH,725.0,2476.0,0
EAST,644.0,2811.0,0
WEST,659.0,5502.0,0
NORTH,681.0,2411.0,0
CENTRAL,614.0,3646.0,0
WEST,636.0,4858.0,0
WEST,632.0,5856.0,0
NORTH-EAST,640.0,5835.0,0
NORTH-EAST,525.0,6949.0,0
NORTH,541.0,5000.0,0
EAST,613.0,2398.0,0
WEST,760.0,4241.0,0
EAST,620.0,5217.0,0
CENTRAL,624.0,2225.0,0
CENTRAL,665.0,7268.0,0
WEST,460.0,5441.0,0
NORTH-EAST,636.0,6049.0,0
WEST,484.0,6735.0,0
NORTH,585.0,6083.0,0
WEST,636.0,6210.0,0
NORTH-EAST,802.0,2860.0,0
EAST,643.0,4222.0,0
NORTH,713.0,4265.0,0
CENTRAL,678.0,1613.0,0
NORTH,751.0,5086.0,1
WEST,552.0,7255.0,0
CENTRAL,747.0,2860.0,0
CENTRAL,723.0,6742.0,1
NORTH,703.0,3825.0,0
WEST,758.0,3479.0,0
NORTH-EAST,498.0,3803.0,0
WEST,592.0,4439.0,0
EAST,712.0,3147.0,0
NORTH,697.0,4727.0,0
EAST,639.0,2437.0,0
NORTH-EAST,587.0,2359.0,0
EAST,517.0,2365.0,0
WEST,689.0,3073.0,0
NORTH-EAST,715.0,2384.0,0
NORTH,646.0,3791.0,0
CENTRAL,740.0,3649.0,0
NORTH,700.0,2366.0,0
WEST,623.0,4359.0,0
EAST,673.0,5331.0,0
WEST,529.0,3610.0,0
NORTH,649.0,2931.0,0
EAST,653.0,2730.0,0
CENTRAL,547.0,5550.0,0
NORTH,750.0,4658.0,0
NORTH-EAST,703.0,5200.0,0
NORTH-EAST,739.0,3893.0,0
NORTH,702.0,3986.0,0
NORTH,610.0,5838.0,0
WEST,705.0,5417.0,0
EAST,597.0,5660.0,1
NORTH-EAST,556.0,6003.0,0
CENTRAL,620.0,4680.0,0
WEST,593.0,4502.0,0
NORTH-EAST,691.0,1357.0,0
CENTRAL,787.0,4435.0,0
NORTH,684.0,4551.0,0
WEST,586.0,2611.0,0
CENTRAL,682.0,2869.0,0
NORTH,631.0,4350.0,0
NORTH,815.0,8011.0,1
EAST,717.0,4520.0,0
WEST,625.0,5852.0,0
NORTH,620.0,3082.0,0
EAST,713.0,1985.0,0
NORTH,780.0,5117.0,0
NORTH,692.0,5887.0,0
NORTH,680.0,5792.0,0
CENTRAL,616.0,5574.0,0
CENTRAL,670.0,2196.0,0
CENTRAL,593.0,3676.0,0
WEST,588.0,6733.0,0
NORTH,573.0,3902.0,0
EAST,709.0,4790.0,0
NORTH,580.0,3762.0,0
NORTH,590.0,800.0,0
WEST,753.0,4539.0,0
CENTRAL,666.0,5578.0,0
NORTH,519.0,4452.0,0
WEST,507.0,5079.0,0
EAST,719.0,3839.0,0
NORTH,604.0,6808.0,0
NORTH,661.0,2923.0,0
NORTH,521.0,5006.0,0
CENTRAL,647.0,3812.0,0
EAST,436.0,6293.0,0
NORTH,687.0,2501.0,0
CENTRAL,766.0,3935.0,0
WEST,785.0,5566.0,1
NORTH,714.0,3603.0,0
NORTH,730.0,4951.0,0
EAST,623.0,5478.0,0
NORTH,666.0,3077.0,0
WEST,694.0,4610.0,0
NORTH,669.0,4131.0,0
EAST,620.0,5280.0,0
NORTH,762.0,5116.0,1
WEST,697.0,3662.0,0
WEST,770.0,4316.0,0
WEST,576.0,7889.0,0
NORTH,747.0,4126.0,1
CENTRAL,568.0,3368.0,0
WEST,698.0,2760.0,0
CENTRAL,668.0,4612.0,0
NORTH-EAST,768.0,2899.0,1
WEST,603.0,4738.0,0
CENTRAL,704.0,1822.0,0
NORTH-EAST,655.0,4760.0,0
NORTH-EAST,748.0,5548.0,0
NORTH,742.0,4580.0,0
NORTH,599.0,2856.0,0
NORTH,585.0,4768.0,0
CENTRAL,610.0,5737.0,0
NORTH-EAST,698.0,4762.0,0
WEST,654.0,3035.0,0
CENTRAL,466.0,3095.0,0
WEST,737.0,4017.0,0
NORTH-EAST,673.0,5672.0,0
WEST,671.0,6285.0,0
NORTH,537.0,3779.0,0
WEST,678.0,4160.0,0
CENTRAL,539.0,2591.0,0
WEST,597.0,4346.0,0
CENTRAL,637.0,3753.0,0
NORTH,583.0,4601.0,0
CENTRAL,606.0,5788.0,0
WEST,689.0,2282.0,0
EAST,574.0,5503.0,0
EAST,691.0,3840.0,0
CENTRAL,638.0,1153.0,0
CENTRAL,577.0,4940.0,0
NORTH-EAST,723.0,1663.0,0
NORTH,612.0,6118.0,0
EAST,565.0,4899.0,0
NORTH,701.0,5173.0,0
EAST,675.0,4441.0,0
WEST,765.0,2472.0,0
NORTH,678.0,3874.0,0
EAST,702.0,2967.0,0
NORTH-EAST,603.0,3484.0,0
NORTH,552.0,2028.0,0
NORTH-EAST,654.0,5941.0,0
NORTH,752.0,3724.0,1
CENTRAL,662.0,8928.0,1
EAST,760.0,2245.0,0
CENTRAL,723.0,2918.0,0
CENTRAL,810.0,5668.0,0
WEST,585.0,5079.0,0
CENTRAL,540.0,5258.0,0
EAST,672.0,2322.0,0
WEST,673.0,2431.0,0
CENTRAL,697.0,6647.0,0
NORTH,645.0,5438.0,0
CENTRAL,594.0,5853.0,0
EAST,700.0,4916.0,1
NORTH-EAST,794.0,4037.0,0
CENTRAL,568.0,5005.0,0
NORTH,706.0,5518.0,0
NORTH-EAST,539.0,4792.0,0
NORTH-EAST,716.0,6074.0,0
CENTRAL,711.0,3929.0,0
NORTH,508.0,5139.0,0
NORTH,614.0,4736.0,0
NORTH-EAST,727.0,5985.0,0
CENTRAL,743.0,3802.0,0
NORTH,601.0,4089.0,0
WEST,671.0,4556.0,0
EAST,633.0,5792.0,0
NORTH,493.0,4013.0,0
NORTH-EAST,502.0,8133.0,0
NORTH,670.0,5197.0,0
NORTH-EAST,472.0,4103.0,0
NORTH,512.0,4051.0,0
NORTH,655.0,5069.0,0
WEST,666.0,3107.0,0
NORTH-EAST,602.0,6643.0,0
EAST,665.0,3903.0,0
NORTH-EAST,700.0,2217.0,0
EAST,652.0,5746.0,0
NORTH,693.0,4558.0,0
CENTRAL,695.0,3487.0,0
WEST,567.0,4273.0,0
WEST,622.0,4151.0,0
CENTRAL,648.0,4975.0,0
NORTH-EAST,586.0,4066.0,0
NORTH,593.0,5287.0,0
EAST,721.0,6277.0,0
EAST,646.0,4074.0,0
WEST,499.0,4109.0,0
CENTRAL,692.0,5159.0,0
EAST,655.0,4196.0,0
EAST,715.0,4385.0,0
CENTRAL,778.0,3453.0,1
NORTH-EAST,644.0,5683.0,0
NORTH-EAST,738.0,4481.0,0
WEST,724.0,2819.0,0
CENTRAL,603.0,4046.0,0
EAST,697.0,4603.0,0
WEST,606.0,986.0,0
NORTH,622.0,5304.0,1
NORTH,662.0,5483.0,0
NORTH-EAST,576.0,5239.0,0
WEST,504.0,4349.0,0
NORTH-EAST,619.0,3631.0,0
NORTH,577.0,4815.0,0
WEST,632.0,5764.0,0
WEST,580.0,4117.0,0
CENTRAL,483.0,4103.0,0
NORTH-EAST,738.0,3570.0,0
WEST,838.0,4093.0,1
WEST,625.0,4878.0,0
NORTH,566.0,4912.0,0
CENTRAL,548.0,3279.0,0
NORTH,700.0,1463.0,0
CENTRAL,707.0,3448.0,0
CENTRAL,632.0,5890.0,0
WEST,692.0,3971.0,0
EAST,500.0,2291.0,0
NORTH-EAST,537.0,7546.0,0
EAST,685.0,4382.0,0
EAST,824.0,2883.0,1
NORTH,831.0,5348.0,0
NORTH-EAST,623.0,7225.0,0
WEST,773.0,5133.0,0
WEST,588.0,3598.0,0
EAST,647.0,4673.0,0
EAST,722.0,5714.0,0
CENTRAL,392.0,1506.0,0
EAST,522.0,4079.0,0
EAST,647.0,4965.0,0
NORTH,653.0,4094.0,0
WEST,630.0,6404.0,0
WEST,566.0,3930.0,0
EAST,637.0,4388.0,0
EAST,509.0,5287.0,0
CENTRAL,587.0,2228.0,0
EAST,666.0,4824.0,0
NORTH-EAST,447.0,1372.0,0
NORTH,535.0,6523.0,0
CENTRAL,720.0,6693.0,1
NORTH,664.0,3375.0,0
WEST,716.0,4514.0,1
NORTH-EAST,663.0,5320.0,1
CENTRAL,564.0,1496.0,0
EAST,674.0,5727.0,0
EAST,632.0,5959.0,0
EAST,629.0,5033.0,0
EAST,835.0,4793.0,0
NORTH,652.0,2956.0,0
WEST,733.0,3822.0,0
NORTH-EAST,530.0,5817.0,0
NORTH-EAST,582.0,5925.0,0
NORTH-EAST,688.0,3958.0,0
WEST,618.0,1356.0,0
CENTRAL,707.0,3517.0,0
EAST,728.0,3950.0,1
EAST,759.0,4773.0,0
CENTRAL,619.0,5021.0,0
CENTRAL,749.0,2130.0,0
NORTH,661.0,3364.0,0
EAST,596.0,5172.0,0
NORTH-EAST,662.0,3097.0,0
NORTH,720.0,5496.0,0
CENTRAL,664.0,5007.0,0
WEST,744.0,4452.0,0
CENTRAL,553.0,5574.0,0
NORTH-EAST,673.0,4032.0,0
WEST,599.0,5038.0,0
WEST,615.0,800.0,0
EAST,566.0,1617.0,0
CENTRAL,584.0,4577.0,0
CENTRAL,658.0,2524.0,0
NORTH,533.0,4145.0,0
EAST,701.0,5789.0,1
NORTH,528.0,5040.0,0
CENTRAL,758.0,3753.0,0
CENTRAL,565.0,3981.0,0
NORTH,584.0,6489.0,0
EAST,726.0,5115.0,0
EAST,579.0,2468.0,0
EAST,644.0,4295.0,0
WEST,674.0,4491.0,1
EAST,710.0,4756.0,0
CENTRAL,661.0,3807.0,0
CENTRAL,706.0,6180.0,1
EAST,734.0,2337.0,0
NORTH,646.0,7786.0,0
NORTH,616.0,2904.0,0
NORTH-EAST,716.0,2766.0,0
WEST,616.0,5410.0,0
NORTH,749.0,8176.0,0
EAST,671.0,1324.0,0
NORTH-EAST,545.0,6923.0,0
EAST,757.0,2755.0,0
NORTH,653.0,8055.0,1
CENTRAL,617.0,3001.0,0
EAST,593.0,4365.0,0
CENTRAL,584.0,4796.0,0
CENTRAL,659.0,5089.0,0
EAST,682.0,6220.0,1
NORTH-EAST,551.0,4308.0,0
EAST,651.0,6273.0,1
WEST,705.0,4003.0,0
NORTH,757.0,4719.0,1
WEST,741.0,1083.0,0
CENTRAL,714.0,5176.0,0
NORTH-EAST,713.0,5241.0,0
NORTH,624.0,3311.0,0
NORTH-EAST,652.0,3387.0,0
NORTH-EAST,643.0,2547.0,0
NORTH-EAST,646.0,4064.0,0
NORTH-EAST,623.0,4989.0,0
EAST,563.0,4198.0,0
CENTRAL,732.0,5520.0,1
CENTRAL,614.0,7350.0,1
EAST,780.0,2010.0,0
NORTH-EAST,754.0,800.0,0
CENTRAL,590.0,5000.0,0
NORTH,801.0,3881.0,1
NORTH-EAST,800.0,4292.0,0
NORTH-EAST,656.0,4524.0,0
CENTRAL,574.0,5545.0,0
NORTH,672.0,3258.0,0
WEST,606.0,6606.0,0
NORTH-EAST,848.0,6302.0,1
EAST,627.0,3625.0,0
NORTH,621.0,2727.0,0
EAST,751.0,3168.0,0
EAST,690.0,2905.0,0
CENTRAL,790.0,5452.0,1
NORTH,657.0,3517.0,0
EAST,737.0,6829.0,1
NORTH,645.0,1994.0,0
WEST,544.0,4937.0,0
NORTH,801.0,4487.0,0
NORTH-EAST,596.0,4936.0,0
NORTH,529.0,4927.0,0
CENTRAL,742.0,2395.0,1
CENTRAL,651.0,4273.0,1
CENTRAL,626.0,5514.0,0
CENTRAL,667.0,2063.0,0
WEST,587.0,4510.0,0
CENTRAL,707.0,4448.0,0
WEST,609.0,4463.0,0
CENTRAL,551.0,3781.0,0
NORTH,717.0,5911.0,1
EAST,618.0,3358.0,0
CENTRAL,563.0,3506.0,0
NORTH,559.0,4912.0,0
CENTRAL,786.0,5328.0,1
EAST,645.0,5386.0,1
WEST,606.0,5123.0,0
CENTRAL,669.0,4966.0,0
NORTH-EAST,688.0,5654.0,0
EAST,727.0,1999.0,0
CENTRAL,545.0,5947.0,0
EAST,525.0,2665.0,0
EAST,734.0,4037.0,0
EAST,539.0,2974.0,0
NORTH-EAST,685.0,6137.0,0
NORTH,644.0,5846.0,0
CENTRAL,630.0,3130.0,0
WEST,690.0,5461.0,0
WEST,676.0,4522.0,0
NORTH,628.0,4897.0,0
CENTRAL,510.0,2483.0,0
WEST,620.0,6372.0,0
NORTH,712.0,4163.0,0
WEST,662.0,5325.0,0
EAST,578.0,5089.0,0
NORTH,720.0,4226.0,0
WEST,784.0,4862.0,0
CENTRAL,649.0,2860.0,0
EAST,587.0,5325.0,0
EAST,690.0,4303.0,0
NORTH-EAST,652.0,5268.0,0
NORTH,644.0,2163.0,0
CENTRAL,554.0,4438.0,0
WEST,712.0,4571.0,0
NORTH-EAST,749.0,4163.0,0
EAST,625.0,4825.0,0
WEST,677.0,5843.0,0
CENTRAL,685.0,5509.0,0
NORTH-EAST,734.0,4811.0,0
NORTH,636.0,3629.0,0
CENTRAL,658.0,2888.0,0
WEST,660.0,5751.0,0
NORTH-EAST,761.0,4516.0,0
EAST,623.0,4948.0,0
NORTH-EAST,706.0,3976.0,0
EAST,674.0,4728.0,0
CENTRAL,699.0,5659.0,1
CENTRAL,791.0,4225.0,0
EAST,769.0,5547.0,1
WEST,770.0,5613.0,0
WEST,696.0,5490.0,0
EAST,585.0,2786.0,0
WEST,704.0,5159.0,0
NORTH,684.0,4172.0,0
WEST,616.0,4412.0,0
NORTH-EAST,684.0,800.0,0
EAST,641.0,2816.0,0
CENTRAL,545.0,3264.0,0
WEST,596.0,3838.0,0
NORTH-EAST,600.0,7359.0,0
NORTH-EAST,468.0,2605.0,0
CENTRAL,684.0,6260.0,0
NORTH-EAST,583.0,4505.0,0
CENTRAL,555.0,4349.0,0
NORTH-EAST,777.0,5353.0,0
NORTH-EAST,468.0,6120.0,0
EAST,680.0,6061.0,0
NORTH,706.0,3051.0,0
EAST,697.0,2804.0,1
WEST,688.0,3387.0,0
NORTH-EAST,605.0,1114.0,0
NORTH-EAST,686.0,7872.0,0
NORTH-EAST,561.0,3099.0,0
NORTH-EAST,747.0,3823.0,0
CENTRAL,657.0,4799.0,0
NORTH-EAST,694.0,4238.0,1
NORTH,677.0,3478.0,0
EAST,567.0,5703.0,0
WEST,584.0,1601.0,0
CENTRAL,738.0,5502.0,1
NORTH,725.0,7922.0,1
NORTH,688.0,3969.0,0
CENTRAL,825.0,6321.0,1
NORTH,742.0,3651.0,0
WEST,668.0,5600.0,0
NORTH-EAST,624.0,3867.0,0
WEST,774.0,5419.0,0
CENTRAL,559.0,3373.0,0
EAST,749.0,7388.0,1
WEST,691.0,7621.0,0
EAST,583.0,4597.0,0
EAST,620.0,4718.0,1
NORTH,595.0,2296.0,0
CENTRAL,562.0,5468.0,0
NORTH-EAST,524.0,6007.0,0
NORTH-EAST,755.0,6126.0,0
WEST,620.0,4263.0,0
EAST,750.0,4855.0,0
NORTH,716.0,5808.0,0
NORTH,610.0,2451.0,0
NORTH,673.0,5425.0,0
CENTRAL,744.0,3533.0,0
NORTH-EAST,667.0,6253.0,0
WEST,593.0,5522.0,1
CENTRAL,590.0,7765.0,0
WEST,557.0,5190.0,0
CENTRAL,855.0,800.0,0
EAST,600.0,2287.0,0
NORTH,614.0,4820.0,0
CENTRAL,662.0,7468.0,1
EAST,769.0,5759.0,0
NORTH-EAST,674.0,3482.0,0
EAST,711.0,4165.0,0
NORTH-EAST,674.0,5067.0,0
WEST,625.0,6159.0,0
NORTH-EAST,623.0,2436.0,0
WEST,657.0,4872.0,0
NORTH-EAST,708.0,1973.0,0
WEST,646.0,2580.0,0
WEST,659.0,7710.0,0
WEST,442.0,4902.0,0
NORTH,527.0,5890.0,0
EAST,691.0,4443.0,0
WEST,641.0,4218.0,0
CENTRAL,569.0,5159.0,0
EAST,650.0,4287.0,0
NORTH,704.0,4910.0,0
NORTH-EAST,551.0,2883.0,0
NORTH,638.0,3451.0,0
EAST,720.0,3240.0,0
WEST,691.0,3407.0,0
EAST,623.0,4100.0,0
NORTH,596.0,3784.0,0
EAST,633.0,800.0,0
NORTH-EAST,633.0,2851.0,0
NORTH,739.0,3809.0,0
WEST,614.0,5141.0,0
NORTH,571.0,4601.0,0
WEST,597.0,3385.0,0
NORTH-EAST,480.0,6593.0,0
CENTRAL,550.0,3437.0,0
NORTH,585.0,7331.0,0
CENTRAL,694.0,5641.0,0
CENTRAL,724.0,2150.0,0
CENTRAL,573.0,4943.0,0
NORTH,356.0,5871.0,0
NORTH-EAST,782.0,2958.0,0
CENTRAL,708.0,2998.0,0
CENTRAL,696.0,3593.0,0
CENTRAL,746.0,6427.0,0
EAST,648.0,3692.0,0
CENTRAL,617.0,5051.0,1
EAST,697.0,3311.0,0
EAST,704.0,4582.0,0
CENTRAL,742.0,4211.0,0
NORTH-EAST,690.0,4906.0,0
NORTH-EAST,834.0,3310.0,0
NORTH,700.0,4350.0,0
CENTRAL,788.0,3860.0,0
CENTRAL,614.0,5454.0,0
CENTRAL,558.0,5158.0,0
CENTRAL,582.0,2332.0,0
CENTRAL,671.0,4066.0,0
EAST,574.0,3039.0,0
EAST,648.0,8821.0,1
NORTH-EAST,605.0,1475.0,0
EAST,647.0,3562.0,0
CENTRAL,723.0,4912.0,0
EAST,774.0,2254.0,0
NORTH,743.0,3382.0,0
NORTH,700.0,3920.0,0
EAST,495.0,4168.0,0
EAST,591.0,5990.0,0
NORTH,696.0,6030.0,0
WEST,584.0,2567.0,0
NORTH-EAST,729.0,6227.0,0
NORTH-EAST,701.0,5232.0,0
NORTH,635.0,4864.0,0
NORTH-EAST,638.0,5065.0,0
NORTH,553.0,5699.0,0
NORTH-EAST,653.0,3855.0,0
WEST,643.0,6214.0,0
NORTH-EAST,716.0,5364.0,0
CENTRAL,570.0,5020.0,0
NORTH-EAST,660.0,1905.0,0
WEST,704.0,2367.0,0
NORTH,684.0,4469.0,0
NORTH,612.0,2165.0,0
NORTH,694.0,3560.0,0
WEST,638.0,2858.0,0
NORTH-EAST,705.0,4722.0,0
NORTH-EAST,579.0,2959.0,0
NORTH,517.0,2640.0,0
WEST,600.0,5031.0,0
WEST,642.0,4248.0,0
CENTRAL,623.0,5579.0,0
WEST,701.0,800.0,0
EAST,529.0,2473.0,0
WEST,614.0,4909.0,0
NORTH,717.0,5673.0,0
NORTH,620.0,7633.0,0
NORTH-EAST,677.0,3305.0,0
CENTRAL,589.0,2932.0,0
NORTH-EAST,564.0,5468.0,0
NORTH,600.0,4031.0,0
CENTRAL,668.0,3066.0,0
WEST,738.0,3259.0,0
NORTH-EAST,681.0,4214.0,0
NORTH,639.0,5427.0,0
WEST,649.0,4989.0,0
EAST,570.0,3784.0,0
NORTH-EAST,676.0,2503.0,0
NORTH,824.0,1335.0,1
EAST,607.0,3895.0,0
CENTRAL,632.0,4614.0,0
CENTRAL,592.0,3761.0,0
CENTRAL,608.0,4611.0,0
CENTRAL,776.0,3232.0,0
NORTH,677.0,6061.0,0
WEST,822.0,4639.0,1
WEST,605.0,5677.0,0
NORTH-EAST,555.0,6813.0,0
NORTH,797.0,6433.0,0
NORTH,732.0,4235.0,0
NORTH,734.0,4393.0,0
EAST,786.0,3402.0,1
CENTRAL,652.0,5846.0,0
CENTRAL,631.0,7405.0,0
NORTH,853.0,6329.0,0
NORTH,653.0,2302.0,0
EAST,694.0,4706.0,0
EAST,519.0,7077.0,1
NORTH-EAST,609.0,3811.0,0
WEST,670.0,2342.0,0
NORTH,642.0,6624.0,0
NORTH,772.0,3273.0,0
NORTH,769.0,7901.0,0
CENTRAL,736.0,4637.0,0
NORTH,552.0,6610.0,0
NORTH-EAST,766.0,4565.0,0
NORTH-EAST,595.0,5163.0,0
EAST,587.0,800.0,0
CENTRAL,569.0,3755.0,0
NORTH-EAST,685.0,5229.0,0
CENTRAL,574.0,3948.0,0
WEST,782.0,1760.0,0
EAST,503.0,5131.0,0
NORTH-EAST,592.0,3880.0,0
NORTH,728.0,4101.0,0
EAST,587.0,6026.0,0
WEST,671.0,3731.0,1
WEST,683.0,4196.0,0
EAST,754.0,5483.0,0
CENTRAL,659.0,3598.0,0
NORTH-EAST,639.0,2823.0,0
NORTH-EAST,681.0,4372.0,0
NORTH,630.0,4447.0,0
NORTH,750.0,3233.0,0
NORTH,616.0,3543.0,0
EAST,738.0,5499.0,0
EAST,668.0,2349.0,0
CENTRAL,613.0,4828.0,0
EAST,755.0,6614.0,1
NORTH-EAST,557.0,5762.0,0
NORTH-EAST,718.0,5415.0,0
NORTH-EAST,592.0,3582.0,0
EAST,605.0,5669.0,0
EAST,759.0,800.0,0
CENTRAL,645.0,5151.0,0
WEST,651.0,7154.0,1
NORTH,438.0,6318.0,0
NORTH,579.0,3471.0,0
WEST,740.0,5709.0,0
WEST,713.0,7588.0,0
CENTRAL,589.0,3986.0,0
CENTRAL,610.0,4972.0,0
NORTH,722.0,4588.0,0
NORTH,716.0,3776.0,0
EAST,744.0,3984.0,0
NORTH-EAST,717.0,6246.0,0
WEST,538.0,3413.0,0
EAST,619.0,4518.0,0
EAST,697.0,2163.0,0
CENTRAL,859.0,5412.0,1
NORTH,654.0,4729.0,0
WEST,729.0,3926.0,0
EAST,726.0,4594.0,1
NORTH,486.0,1782.0,0
NORTH,730.0,1402.0,0
WEST,646.0,6683.0,0
NORTH,683.0,4822.0,0
WEST,574.0,4421.0,0
NORTH,613.0,2421.0,0
WEST,660.0,4426.0,0
EAST,771.0,3922.0,0
CENTRAL,707.0,4845.0,1
NORTH,680.0,5291.0,0
EAST,616.0,4037.0,0
WEST,529.0,2954.0,0
NORTH,684.0,4766.0,0
WEST,690.0,5874.0,0
EAST,641.0,3865.0,0
EAST,615.0,4784.0,0
CENTRAL,623.0,939.0,0
EAST,615.0,2655.0,0
WEST,641.0,3457.0,0
WEST,759.0,3855.0,0
NORTH,622.0,2867.0,0
CENTRAL,632.0,3909.0,0
WEST,714.0,4487.0,0
EAST,735.0,4909.0,0
NORTH-EAST,612.0,5535.0,0
EAST,676.0,5591.0,0
CENTRAL,708.0,2188.0,0
NORTH-EAST,603.0,3704.0,0
WEST,699.0,5640.0,1
EAST,701.0,5050.0,0
CENTRAL,593.0,5565.0,0
CENTRAL,641.0,3326.0,0
EAST,653.0,4950.0,0
CENTRAL,709.0,6027.0,0
NORTH,585.0,3656.0,0
NORTH-EAST,575.0,5060.0,0
EAST,684.0,5025.0,1
WEST,577.0,5537.0,0
EAST,614.0,2836.0,0
NORTH,728.0,3732.0,0
NORTH-EAST,638.0,4928.0,0
WEST,500.0,6684.0,0
CENTRAL,701.0,7490.0,1
CENTRAL,807.0,5647.0,0
CENTRAL,720.0,5059.0,0
NORTH,813.0,7079.0,0
NORTH,548.0,6406.0,0
WEST,644.0,5654.0,0
NORTH,766.0,6083.0,0
EAST,697.0,3428.0,0
WEST,539.0,5769.0,0
NORTH-EAST,624.0,4099.0,0
CENTRAL,463.0,7081.0,0
EAST,627.0,7580.0,1
EAST,614.0,3857.0,0
CENTRAL,674.0,4767.0,0
EAST,570.0,3237.0,0
NORTH,473.0,5294.0,0
NORTH-EAST,662.0,3859.0,0
CENTRAL,737.0,4589.0,0
NORTH-EAST,633.0,3904.0,0
CENTRAL,642.0,5256.0,0
NORTH-EAST,756.0,4159.0,0
WEST,653.0,3747.0,0
EAST,606.0,1799.0,0
NORTH-EAST,702.0,7602.0,1
EAST,645.0,6464.0,0
CENTRAL,663.0,4726.0,0
WEST,514.0,3700.0,0
NORTH,799.0,3443.0,0
EAST,675.0,7117.0,0
EAST,609.0,5085.0,0
CENTRAL,725.0,3044.0,0
EAST,616.0,3092.0,0
WEST,699.0,5523.0,0
WEST,744.0,4277.0,0
NORTH,632.0,3292.0,0
EAST,611.0,6641.0,0
NORTH-EAST,741.0,4316.0,0
WEST,756.0,5243.0,0
NORTH,717.0,6428.0,0
NORTH-EAST,738.0,7649.0,0
CENTRAL,634.0,3649.0,0
NORTH,613.0,8260.0,0
WEST,521.0,6908.0,0
EAST,761.0,5999.0,0
NORTH-EAST,870.0,8592.0,1
EAST,654.0,4400.0,0
EAST,623.0,4014.0,0
NORTH-EAST,605.0,6010.0,0
CENTRAL,683.0,3851.0,0
NORTH,673.0,2594.0,0
EAST,573.0,4141.0,0
CENTRAL,638.0,4538.0,0
CENTRAL,601.0,2780.0,0
WEST,547.0,4533.0,0
WEST,614.0,4182.0,0
CENTRAL,797.0,4968.0,0
WEST,432.0,5254.0,0
CENTRAL,626.0,4635.0,0
EAST,684.0,4992.0,0
NORTH,666.0,5706.0,0
WEST,653.0,5378.0,0
EAST,666.0,800.0,0
NORTH-EAST,748.0,3646.0,0
CENTRAL,773.0,4671.0,0
NORTH-EAST,662.0,4741.0,0
NORTH-EAST,595.0,2270.0,0
WEST,587.0,3847.0,0
NORTH,650.0,2796.0,0
WEST,638.0,2922.0,0
EAST,607.0,6566.0,0
NORTH-EAST,579.0,6150.0,0
WEST,592.0,5520.0,0
EAST,846.0,3964.0,1
NORTH-EAST,672.0,4694.0,0
WEST,664.0,2248.0,0
CENTRAL,449.0,4632.0,0
NORTH,576.0,5016.0,0
WEST,635.0,3323.0,0
NORTH-EAST,627.0,2827.0,0
EAST,678.0,2365.0,0
WEST,673.0,4036.0,0
WEST,593.0,7429.0,0
CENTRAL,581.0,4365.0,0
EAST,618.0,4914.0,0
NORTH-EAST,607.0,7166.0,0
WEST,740.0,5796.0,1
WEST,658.0,4870.0,0
NORTH-EAST,680.0,4332.0,0
NORTH-EAST,651.0,3048.0,0
EAST,751.0,4335.0,1
NORTH-EAST,725.0,2888.0,0
EAST,743.0,7775.0,1
NORTH-EAST,665.0,1401.0,0
NORTH-EAST,553.0,4206.0,0
CENTRAL,597.0,5877.0,0
CENTRAL,653.0,2498.0,0
NORTH,569.0,3606.0,0
EAST,699.0,2168.0,0
CENTRAL,627.0,3952.0,0
CENTRAL,622.0,7927.0,1
CENTRAL,687.0,5976.0,0
CENTRAL,716.0,6433.0,1
CENTRAL,599.0,6503.0,1
NORTH,610.0,5453.0,0
EAST,658.0,4192.0,0
WEST,651.0,3449.0,0
EAST,625.0,5107.0,0
NORTH-EAST,556.0,2562.0,0
NORTH-EAST,655.0,5748.0,0
CENTRAL,665.0,4481.0,0
NORTH-EAST,584.0,4378.0,0
WEST,624.0,3484.0,0
EAST,580.0,5011.0,0
CENTRAL,831.0,4105.0,1
EAST,608.0,5793.0,0
NORTH,664.0,800.0,0
NORTH-EAST,629.0,4205.0,0
NORTH,689.0,3596.0,0
NORTH-EAST,780.0,1753.0,0
CENTRAL,587.0,2381.0,0
EAST,657.0,5120.0,0
NORTH-EAST,572.0,4515.0,0
NORTH,674.0,3580.0,0
WEST,739.0,3353.0,0
EAST,681.0,3609.0,0
WEST,733.0,3543.0,0
WEST,742.0,6125.0,1
CENTRAL,634.0,4838.0,0
CENTRAL,661.0,5306.0,0
WEST,647.0,3574.0,0
NORTH,701.0,5560.0,0
CENTRAL,524.0,5202.0,0
WEST,656.0,5559.0,0
WEST,556.0,3372.0,0
NORTH,697.0,6985.0,0
NORTH,775.0,6543.0,0
EAST,706.0,4621.0,0
EAST,580.0,6273.0,0
WEST,652.0,3839.0,0
EAST,565.0,4165.0,0
CENTRAL,620.0,2988.0,0
NORTH-EAST,618.0,5051.0,0
NORTH,679.0,1864.0,0
NORTH-EAST,586.0,7017.0,0
NORTH,555.0,6006.0,0
WEST,729.0,4097.0,0
NORTH,677.0,7352.0,1
EAST,723.0,3922.0,0
WEST,535.0,5131.0,0
WEST,594.0,5463.0,0
CENTRAL,624.0,5219.0,0
EAST,580.0,6405.0,0
WEST,773.0,2804.0,0
WEST,563.0,3671.0,0
CENTRAL,629.0,5529.0,0
NORTH,649.0,4050.0,0
EAST,775.0,5359.0,0
CENTRAL,583.0,5126.0,0
NORTH-EAST,705.0,5561.0,0
WEST,691.0,4542.0,0
NORTH-EAST,607.0,3236.0,0
NORTH-EAST,783.0,4707.0,0
WEST,619.0,6368.0,1
NORTH,467.0,4919.0,0
EAST,745.0,4874.0,0
EAST,620.0,5917.0,0
WEST,570.0,2912.0,0
NORTH,563.0,5918.0,0
NORTH-EAST,587.0,4992.0,0
EAST,577.0,4586.0,0
NORTH-EAST,651.0,4599.0,0
WEST,698.0,3318.0,0
EAST,772.0,3912.0,1
WEST,553.0,4436.0,0
WEST,578.0,3235.0,0
EAST,644.0,6147.0,0
NORTH,670.0,4494.0,0
NORTH-EAST,641.0,7393.0,0
CENTRAL,799.0,4408.0,1
NORTH,697.0,3463.0,0
EAST,605.0,2512.0,0
WEST,724.0,1865.0,0
NORTH-EAST,687.0,1512.0,0
CENTRAL,752.0,4303.0,0
EAST,582.0,6505.0,0
WEST,641.0,5351.0,1
WEST,623.0,2707.0,0
NORTH-EAST,639.0,7827.0,1
NORTH,612.0,6141.0,0
CENTRAL,730.0,2003.0,0
NORTH-EAST,561.0,6511.0,1
EAST,703.0,5099.0,0
WEST,635.0,2531.0,0
EAST,752.0,4159.0,0
NORTH,574.0,6195.0,0
NORTH-EAST,604.0,5637.0,0
NORTH-EAST,711.0,2871.0,0
NORTH,684.0,3570.0,0
CENTRAL,715.0,4603.0,0
CENTRAL,747.0,969.0,0
WEST,520.0,3521.0,0
CENTRAL,689.0,4527.0,0
CENTRAL,698.0,4001.0,0
NORTH-EAST,604.0,5526.0,0
CENTRAL,655.0,3743.0,0
NORTH-EAST,667.0,3217.0,0
WEST,703.0,4888.0,0
CENTRAL,660.0,6211.0,0
EAST,642.0,6972.0,1
WEST,677.0,5119.0,0
EAST,636.0,4958.0,0
WEST,584.0,2818.0,0
WEST,767.0,4703.0,1
EAST,627.0,4296.0,0
NORTH-EAST,725.0,3337.0,0
CENTRAL,708.0,5393.0,0
EAST,569.0,1183.0,0
NORTH-EAST,653.0,5872.0,0
EAST,490.0,5311.0,0
CENTRAL,686.0,3137.0,0
EAST,645.0,2715.0,0
EAST,664.0,1595.0,0
WEST,777.0,5448.0,1
NORTH,741.0,3218.0,0
WEST,858.0,4604.0,1
CENTRAL,553.0,4300.0,0
NORTH-EAST,728.0,5723.0,0
EAST,662.0,6806.0,0
WEST,617.0,3746.0,0
WEST,530.0,2189.0,0
NORTH-EAST,627.0,3438.0,0
NORTH,590.0,4155.0,0
WEST,797.0,1744.0,0
NORTH,799.0,5912.0,0
NORTH,613.0,3308.0,0
CENTRAL,550.0,4281.0,0
CENTRAL,679.0,2845.0,0
NORTH,506.0,4057.0,0
NORTH-EAST,702.0,6133.0,0
NORTH,621.0,4263.0,0
WEST,591.0,4630.0,0
NORTH-EAST,542.0,5121.0,0
CENTRAL,816.0,3258.0,0
WEST,543.0,5665.0,0
EAST,602.0,3318.0,0
NORTH-EAST,633.0,5811.0,0
EAST,718.0,2915.0,0
NORTH,624.0,6357.0,1
CENTRAL,658.0,1710.0,0
WEST,717.0,7085.0,0
NORTH,661.0,3547.0,0
NORTH-EAST,635.0,5437.0,0
WEST,667.0,4231.0,0
CENTRAL,772.0,1814.0,0
NORTH-EAST,595.0,3974.0,0
EAST,642.0,7773.0,0
WEST,730.0,2331.0,0
NORTH,622.0,1432.0,0
WEST,471.0,7208.0,0
NORTH,618.0,3723.0,0
NORTH-EAST,507.0,5778.0,0
NORTH,707.0,4907.0,0
NORTH-EAST,503.0,4736.0,0
NORTH-EAST,566.0,4420.0,0
WEST,741.0,5089.0,0
NORTH-EAST,688.0,2302.0,0
EAST,554.0,3508.0,0
WEST,819.0,5497.0,1
CENTRAL,762.0,4243.0,0
NORTH-EAST,633.0,5519.0,0
CENTRAL,666.0,3835.0,0
NORTH,523.0,6603.0,0
NORTH-EAST,727.0,2488.0,0
NORTH,671.0,3603.0,0
EAST,695.0,4999.0,0
EAST,573.0,4508.0,0
EAST,804.0,4166.0,1
NORTH-EAST,638.0,5228.0,0
WEST,599.0,3737.0,0
NORTH-EAST,496.0,2691.0,0
NORTH-EAST,640.0,5837.0,0
NORTH-EAST,635.0,3910.0,0
EAST,588.0,4326.0,0
NORTH,764.0,2450.0,0
EAST,684.0,3850.0,0
WEST,692.0,4609.0,0
CENTRAL,536.0,6918.0,0
CENTRAL,795.0,2813.0,0
WEST,659.0,3439.0,0
EAST,656.0,4217.0,0
NORTH-EAST,664.0,2542.0,0
NORTH-EAST,617.0,5802.0,0
NORTH,664.0,5144.0,0
CENTRAL,698.0,4097.0,0
NORTH-EAST,735.0,3115.0,0
NORTH,587.0,7334.0,0
NORTH-EAST,518.0,6508.0,0
NORTH-EAST,627.0,4301.0,0
WEST,602.0,5282.0,0
NORTH,463.0,800.0,0
WEST,536.0,3071.0,0
CENTRAL,508.0,4851.0,0
WEST,561.0,3904.0,0
WEST,740.0,4645.0,0
NORTH-EAST,661.0,5509.0,0
WEST,661.0,6312.0,0
WEST,708.0,6463.0,0
CENTRAL,727.0,4567.0,0
NORTH,659.0,4147.0,0
NORTH-EAST,609.0,4674.0,0
NORTH-EAST,439.0,4382.0,0
EAST,572.0,6628.0,0
WEST,634.0,5621.0,0
CENTRAL,538.0,2564.0,0
WEST,757.0,3232.0,0
CENTRAL,628.0,3821.0,0
NORTH,659.0,5790.0,0
WEST,675.0,2511.0,0
NORTH,652.0,3226.0,0
EAST,518.0,3828.0,0
EAST,546.0,5559.0,0
NORTH,632.0,6279.0,0
EAST,816.0,6723.0,1
NORTH,706.0,3203.0,0
NORTH-EAST,580.0,3402.0,0
EAST,680.0,2852.0,0
CENTRAL,704.0,3051.0,0
CENTRAL,646.0,2540.0,0
CENTRAL,540.0,3134.0,0
EAST,766.0,4256.0,1
NORTH-EAST,664.0,4477.0,0
NORTH-EAST,714.0,1817.0,0
NORTH,736.0,2735.0,0
NORTH-EAST,587.0,4252.0,0
NORTH,709.0,5362.0,0
WEST,680.0,3196.0,0
NORTH-EAST,557.0,7165.0,0
NORTH-EAST,585.0,5294.0,0
EAST,587.0,4754.0,0
EAST,801.0,5650.0,1
NORTH,650.0,5523.0,0
WEST,698.0,2341.0,0
CENTRAL,412.0,4278.0,0
NORTH-EAST,669.0,4768.0,1
EAST,749.0,5016.0,0
WEST,644.0,5568.0,0
CENTRAL,678.0,3998.0,1
WEST,535.0,4569.0,0
NORTH-EAST,673.0,3732.0,0
NORTH,594.0,6215.0,0
WEST,580.0,5376.0,0
NORTH-EAST,687.0,7007.0,0
NORTH-EAST,640.0,4140.0,0
NORTH,772.0,5893.0,1
CENTRAL,669.0,6069.0,1
NORTH,656.0,3817.0,0
WEST,685.0,6327.0,0
CENTRAL,650.0,7623.0,0
EAST,712.0,3549.0,0
NORTH,594.0,5635.0,0
WEST,745.0,6900.0,1
CENTRAL,584.0,4421.0,0
EAST,594.0,8398.0,0
WEST,666.0,3255.0,0
NORTH,584.0,4946.0,0
CENTRAL,744.0,5207.0,0
WEST,728.0,4394.0,0
CENTRAL,667.0,4436.0,1
EAST,753.0,4356.0,0
WEST,649.0,3437.0,0
WEST,680.0,4587.0,0
EAST,860.0,3210.0,0
EAST,715.0,4990.0,1
EAST,671.0,3492.0,0
NORTH-EAST,651.0,2939.0,0
NORTH-EAST,472.0,4581.0,0
NORTH,701.0,4081.0,0
WEST,744.0,2036.0,0
WEST,758.0,4333.0,0
NORTH,696.0,5365.0,0
NORTH,541.0,4734.0,0
CENTRAL,549.0,4120.0,0
WEST,631.0,5012.0,0
NORTH-EAST,638.0,5329.0,0
CENTRAL,706.0,6045.0,0
EAST,526.0,2200.0,0
CENTRAL,712.0,4657.0,0
NORTH,643.0,4355.0,0
EAST,796.0,5612.0,1
NORTH-EAST,641.0,2852.0,0
CENTRAL,637.0,5430.0,0
EAST,599.0,6376.0,0
NORTH,615.0,4068.0,0
NORTH-EAST,672.0,2580.0,0
NORTH-EAST,668.0,5518.0,0
EAST,570.0,2951.0,0
NORTH,652.0,2274.0,0
NORTH-EAST,760.0,5212.0,0
CENTRAL,753.0,3387.0,0
NORTH,609.0,5758.0,0
NORTH,734.0,7035.0,0
WEST,818.0,4979.0,0
EAST,669.0,2272.0,0
NORTH-EAST,764.0,5539.0,0
CENTRAL,652.0,6847.0,1
NORTH,394.0,1819.0,0
CENTRAL,700.0,5221.0,0
CENTRAL,623.0,2798.0,0
NORTH,575.0,4663.0,0
NORTH,636.0,1501.0,0
NORTH-EAST,742.0,7190.0,0
CENTRAL,408.0,3607.0,0
CENTRAL,645.0,3762.0,0
NORTH,590.0,4556.0,0
NORTH-EAST,722.0,4350.0,0
CENTRAL,703.0,6346.0,1
NORTH,629.0,4855.0,0
CENTRAL,780.0,4424.0,0
EAST,630.0,2086.0,0
NORTH-EAST,600.0,5290.0,0
NORTH,593.0,4871.0,0
CENTRAL,688.0,2636.0,0
CENTRAL,583.0,3092.0,0
NORTH-EAST,724.0,2472.0,0
NORTH-EAST,691.0,4145.0,0
NORTH,583.0,6045.0,0
EAST,669.0,4788.0,0
NORTH,698.0,5505.0,0
CENTRAL,603.0,3819.0,0
NORTH,697.0,6829.0,0
NORTH,504.0,4994.0,0
NORTH,553.0,3261.0,0
WEST,576.0,5945.0,0
EAST,650.0,8551.0,1
EAST,630.0,5606.0,0
WEST,639.0,5765.0,0
CENTRAL,646.0,6670.0,0
WEST,641.0,1859.0,0
NORTH-EAST,642.0,3131.0,0
WEST,626.0,3769.0,0
CENTRAL,537.0,2310.0,0
CENTRAL,553.0,8430.0,1
NORTH,563.0,5879.0,0
EAST,646.0,5909.0,0
EAST,733.0,4718.0,1
NORTH,815.0,2877.0,1
WEST,675.0,5022.0,0
NORTH,511.0,4925.0,0
EAST,733.0,2882.0,0
EAST,546.0,4493.0,0
NORTH,550.0,6764.0,0
WEST,550.0,2292.0,0
CENTRAL,694.0,5250.0,0
NORTH-EAST,658.0,5473.0,0
NORTH-EAST,360.0,4482.0,0
CENTRAL,659.0,6276.0,1
CENTRAL,669.0,3122.0,0
CENTRAL,691.0,4806.0,0
EAST,650.0,4744.0,0
NORTH-EAST,577.0,2256.0,0
NORTH-EAST,761.0,6281.0,1
WEST,640.0,4823.0,0
NORTH,630.0,5166.0,0
WEST,719.0,4401.0,0
WEST,563.0,6719.0,0
NORTH,617.0,2238.0,0
NORTH-EAST,745.0,4882.0,0
NORTH,656.0,4028.0,0
NORTH,669.0,2830.0,0
NORTH,520.0,5015.0,0
WEST,677.0,5544.0,0
WEST,691.0,2929.0,0
CENTRAL,723.0,4601.0,0
EAST,685.0,4008.0,0
EAST,699.0,3883.0,0
NORTH-EAST,742.0,7240.0,1
NORTH-EAST,703.0,5497.0,0
NORTH-EAST,625.0,6671.0,0
EAST,631.0,1639.0,0
EAST,489.0,6613.0,1
CENTRAL,694.0,6011.0,0
CENTRAL,593.0,6900.0,1
NORTH-EAST,510.0,7086.0,0
EAST,685.0,3969.0,0
WEST,712.0,1872.0,0
WEST,432.0,5988.0,0
EAST,720.0,5604.0,0
NORTH-EAST,607.0,5025.0,0
NORTH-EAST,655.0,3689.0,0
CENTRAL,638.0,5293.0,0
NORTH,641.0,6938.0,0
NORTH,736.0,4844.0,0
CENTRAL,583.0,3982.0,0
WEST,780.0,4606.0,0
NORTH,692.0,3020.0,0
WEST,585.0,6541.0,0
EAST,717.0,4079.0,0
EAST,590.0,2369.0,0
NORTH,606.0,3819.0,0
NORTH,725.0,5958.0,1
CENTRAL,824.0,2401.0,0
WEST,633.0,5893.0,0
NORTH,636.0,3533.0,0
WEST,648.0,5226.0,0
NORTH-EAST,700.0,5998.0,0
NORTH-EAST,788.0,1695.0,0
EAST,618.0,6770.0,0
EAST,543.0,3650.0,0
NORTH-EAST,655.0,6535.0,0
NORTH,644.0,4998.0,0
EAST,659.0,5417.0,0
EAST,593.0,2421.0,0
NORTH-EAST,610.0,3441.0,0
NORTH,548.0,3151.0,0
WEST,741.0,4903.0,1
EAST,426.0,4906.0,0
NORTH,527.0,6892.0,0
NORTH-EAST,693.0,5505.0,0
CENTRAL,726.0,5796.0,1
WEST,681.0,2944.0,0
CENTRAL,628.0,2450.0,0
EAST,544.0,4965.0,0
NORTH-EAST,557.0,5717.0,0
NORTH-EAST,647.0,5167.0,0
CENTRAL,703.0,2924.0,0
NORTH,607.0,4377.0,0
WEST,664.0,3656.0,0
EAST,604.0,6838.0,0
CENTRAL,650.0,3696.0,0
WEST,485.0,2422.0,0
WEST,582.0,3126.0,0
EAST,716.0,6182.0,0
NORTH-EAST,538.0,4883.0,0
WEST,689.0,2871.0,0
CENTRAL,564.0,4648.0,0
NORTH,658.0,4250.0,0
EAST,718.0,1799.0,0
NORTH-EAST,568.0,5213.0,0
CENTRAL,822.0,6870.0,1
WEST,716.0,10224.0,1
NORTH,707.0,2996.0,0
EAST,665.0,2839.0,0
NORTH,688.0,3161.0,0
NORTH,626.0,3547.0,0
WEST,729.0,5755.0,0
WEST,521.0,3698.0,0
EAST,657.0,3929.0,0
WEST,780.0,3079.0,0
EAST,604.0,7045.0,1
NORTH,816.0,6361.0,1
NORTH-EAST,697.0,4875.0,0
WEST,841.0,5936.0,1
NORTH-EAST,582.0,5925.0,0
EAST,768.0,3206.0,1
EAST,722.0,5961.0,0
NORTH,674.0,3091.0,0
EAST,643.0,3788.0,0
NORTH-EAST,499.0,2487.0,0
WEST,589.0,6702.0,0
NORTH,615.0,5841.0,0
EAST,597.0,4565.0,0
EAST,638.0,2842.0,0
WEST,611.0,3117.0,0
CENTRAL,494.0,4622.0,0
WEST,734.0,4809.0,0
NORTH,642.0,6423.0,1
WEST,701.0,4979.0,0
CENTRAL,680.0,7075.0,0
WEST,659.0,4094.0,0
CENTRAL,541.0,4176.0,0
NORTH-EAST,622.0,4749.0,0
NORTH-EAST,686.0,2768.0,0
WEST,834.0,2435.0,0
NORTH-EAST,592.0,2911.0,0
NORTH,693.0,5288.0,0
CENTRAL,488.0,6049.0,0
WEST,737.0,5804.0,1
WEST,552.0,7503.0,1
NORTH,659.0,3931.0,0
CENTRAL,578.0,3449.0,0
NORTH-EAST,719.0,5914.0,0
CENTRAL,750.0,8171.0,0
CENTRAL,686.0,6633.0,0
NORTH-EAST,595.0,1983.0,0
NORTH,643.0,5639.0,0
NORTH,725.0,4270.0,0
NORTH-EAST,619.0,5816.0,0
NORTH-EAST,679.0,5340.0,0
WEST,647.0,4294.0,0
WEST,666.0,4739.0,0
CENTRAL,686.0,4130.0,0
CENTRAL,676.0,2306.0,0
WEST,694.0,6514.0,0
EAST,626.0,4771.0,0
EAST,747.0,5022.0,0
WEST,669.0,4153.0,0
EAST,692.0,7361.0,0
NORTH-EAST,647.0,6136.0,0
EAST,769.0,3292.0,0
EAST,650.0,5390.0,0
NORTH,499.0,5816.0,0
WEST,592.0,4099.0,0
EAST,536.0,4431.0,0
CENTRAL,623.0,6134.0,0
EAST,601.0,6159.0,0
EAST,624.0,6396.0,1
WEST,493.0,6423.0,0
WEST,527.0,4696.0,0
EAST,630.0,3961.0,0
NORTH-EAST,675.0,4863.0,0
NORTH-EAST,530.0,5355.0,0
WEST,728.0,2894.0,0
EAST,629.0,6149.0,0
CENTRAL,643.0,4677.0,0
WEST,650.0,5014.0,0
CENTRAL,683.0,1650.0,0
NORTH,601.0,4230.0,0
NORTH,722.0,2827.0,0
WEST,722.0,3549.0,0
NORTH-EAST,500.0,4503.0,0
NORTH-EAST,652.0,3339.0,0
CENTRAL,772.0,3879.0,0
NORTH-EAST,590.0,5203.0,0
NORTH,667.0,2902.0,0
CENTRAL,517.0,6270.0,0
CENTRAL,642.0,5327.0,0
NORTH,763.0,3980.0,0
NORTH-EAST,742.0,1909.0,0
NORTH-EAST,690.0,3118.0,0
CENTRAL,638.0,3875.0,0
EAST,648.0,4352.0,0
NORTH,592.0,3487.0,0
EAST,512.0,4046.0,0
CENTRAL,642.0,3221.0,0
CENTRAL,492.0,5206.0,0
CENTRAL,580.0,4046.0,0
WEST,495.0,4820.0,0
NORTH,692.0,4330.0,0
WEST,637.0,3616.0,0
NORTH,738.0,6703.0,1
NORTH-EAST,757.0,4641.0,0
NORTH-EAST,813.0,6348.0,1
EAST,582.0,3411.0,0
WEST,646.0,6102.0,0
WEST,674.0,6040.0,0
NORTH,657.0,4511.0,0
NORTH,703.0,6124.0,0
EAST,616.0,4824.0,0
EAST,540.0,5555.0,0
CENTRAL,706.0,5535.0,0
NORTH,654.0,6638.0,0
EAST,684.0,3924.0,0
WEST,729.0,4411.0,0
CENTRAL,616.0,1734.0,0
NORTH,777.0,3522.0,0
WEST,621.0,4312.0,0
CENTRAL,773.0,3862.0,0
CENTRAL,624.0,2727.0,0
NORTH,602.0,2853.0,0
NORTH,549.0,4795.0,0
WEST,635.0,7419.0,0
NORTH-EAST,631.0,4081.0,0
WEST,676.0,2387.0,0
EAST,738.0,3238.0,0
NORTH-EAST,683.0,6354.0,0
NORTH,590.0,5776.0,0
CENTRAL,627.0,8341.0,0
NORTH-EAST,727.0,4224.0,1
NORTH,626.0,2490.0,0
NORTH-EAST,524.0,4732.0,0
WEST,768.0,2863.0,0
NORTH,661.0,3750.0,0
NORTH,702.0,4462.0,0
WEST,692.0,4192.0,0
NORTH-EAST,660.0,6351.0,0
WEST,565.0,4184.0,0
WEST,710.0,5281.0,0
EAST,617.0,6581.0,0
NORTH,742.0,2482.0,0
CENTRAL,555.0,2143.0,0
CENTRAL,643.0,4273.0,0
WEST,635.0,6525.0,0
EAST,656.0,5577.0,1
EAST,577.0,5471.0,0
WEST,628.0,5417.0,0
WEST,589.0,3210.0,0
WEST,748.0,4503.0,0
WEST,758.0,3418.0,0
EAST,762.0,3454.0,1
CENTRAL,633.0,5000.0,0
NORTH-EAST,795.0,5679.0,0
CENTRAL,639.0,3427.0,0
EAST,432.0,2378.0,0
CENTRAL,580.0,2727.0,0
EAST,561.0,5221.0,1
NORTH-EAST,702.0,3464.0,0
WEST,668.0,4968.0,1
CENTRAL,733.0,3957.0,0
WEST,724.0,4631.0,0
EAST,563.0,5049.0,0
NORTH-EAST,797.0,4813.0,0
NORTH,640.0,4299.0,0
NORTH,592.0,6892.0,0
CENTRAL,578.0,5743.0,0
CENTRAL,544.0,6493.0,0
NORTH-EAST,654.0,4455.0,0
NORTH-EAST,679.0,5548.0,0
NORTH-EAST,647.0,5019.0,0
NORTH,775.0,4289.0,0
CENTRAL,581.0,4192.0,0
CENTRAL,716.0,5471.0,0
CENTRAL,591.0,6038.0,1
WEST,726.0,4439.0,0
CENTRAL,628.0,5102.0,0
WEST,731.0,5735.0,0
NORTH-EAST,572.0,5246.0,0
EAST,593.0,5642.0,0
NORTH,608.0,5468.0,0
NORTH,655.0,2406.0,0
NORTH-EAST,643.0,3338.0,0
WEST,604.0,3594.0,0
NORTH,586.0,6676.0,1
NORTH,647.0,5279.0,0
WEST,620.0,6557.0,0
CENTRAL,636.0,2056.0,0
EAST,568.0,5728.0,1
NORTH-EAST,623.0,4177.0,0
CENTRAL,608.0,2459.0,0
EAST,842.0,4765.0,0
NORTH-EAST,592.0,5076.0,0
NORTH,638.0,5450.0,0
NORTH,761.0,7498.0,0
NORTH-EAST,638.0,2784.0,0
NORTH-EAST,672.0,3306.0,0
NORTH-EAST,722.0,5620.0,0
WEST,652.0,4335.0,0
EAST,605.0,4564.0,0
WEST,653.0,7818.0,1
NORTH,688.0,4394.0,0
EAST,661.0,3845.0,0
NORTH,642.0,5153.0,0
NORTH,599.0,4624.0,0
EAST,666.0,5183.0,0
WEST,744.0,3320.0,0
WEST,521.0,4987.0,0
WEST,464.0,2613.0,0
CENTRAL,662.0,5300.0,0
EAST,713.0,6273.0,0
NORTH-EAST,643.0,6319.0,0
NORTH-EAST,604.0,3673.0,0
NORTH,581.0,4574.0,0
NORTH-EAST,587.0,7146.0,0
NORTH-EAST,815.0,3431.0,0
WEST,572.0,4539.0,0
EAST,759.0,6185.0,1
NORTH,533.0,1991.0,0
WEST,732.0,6005.0,1
WEST,671.0,4806.0,0
EAST,649.0,2475.0,0
NORTH,744.0,6470.0,1
WEST,682.0,4092.0,0
CENTRAL,692.0,4296.0,1
NORTH-EAST,822.0,4690.0,0
EAST,703.0,3185.0,0
NORTH-EAST,679.0,7400.0,0
NORTH-EAST,575.0,4944.0,0
EAST,730.0,4447.0,0
WEST,643.0,2524.0,0
NORTH-EAST,698.0,4765.0,0
NORTH,705.0,5173.0,0
WEST,599.0,4852.0,0
NORTH,634.0,2958.0,0
CENTRAL,721.0,4556.0,0
NORTH,669.0,4654.0,0
NORTH,595.0,6601.0,0
WEST,670.0,4848.0,0
WEST,728.0,6100.0,1
NORTH,691.0,3961.0,0
WEST,597.0,5368.0,0
WEST,700.0,2955.0,0
NORTH,726.0,5298.0,0
NORTH,571.0,4550.0,0
CENTRAL,630.0,5889.0,0
NORTH,568.0,2565.0,0
NORTH,765.0,3666.0,0
WEST,560.0,4745.0,0
CENTRAL,606.0,2602.0,0
WEST,676.0,3318.0,0
NORTH-EAST,562.0,2869.0,0
EAST,611.0,1780.0,0
EAST,617.0,4434.0,0
EAST,782.0,5682.0,0
NORTH-EAST,652.0,3476.0,0
NORTH,661.0,6607.0,0
NORTH,596.0,5604.0,0
WEST,634.0,4762.0,0
CENTRAL,594.0,2013.0,0
WEST,662.0,5680.0,0
NORTH-EAST,568.0,4119.0,0
NORTH,751.0,4554.0,0
EAST,699.0,3746.0,0
NORTH-EAST,523.0,4657.0,0
NORTH-EAST,760.0,7564.0,1
CENTRAL,485.0,4275.0,0
NORTH,655.0,4387.0,0
WEST,706.0,6656.0,0
EAST,664.0,4971.0,0
CENTRAL,777.0,4450.0,1
NORTH-EAST,706.0,6719.0,0
CENTRAL,719.0,6146.0,0
CENTRAL,655.0,4940.0,0
WEST,610.0,5832.0,0
WEST,642.0,4962.0,0
WEST,667.0,8193.0,0
WEST,649.0,4720.0,0
EAST,659.0,6319.0,1
CENTRAL,623.0,6313.0,0
NORTH-EAST,691.0,5376.0,0
CENTRAL,511.0,4810.0,0
CENTRAL,577.0,6423.0,0
NORTH-EAST,591.0,3200.0,0
WEST,705.0,3551.0,0
WEST,654.0,4062.0,0
WEST,722.0,1976.0,0
EAST,586.0,7207.0,0
EAST,665.0,3285.0,0
EAST,688.0,3824.0,0
NORTH-EAST,559.0,2976.0,0
EAST,622.0,5285.0,1
NORTH-EAST,626.0,6900.0,0
EAST,619.0,8213.0,1
EAST,725.0,3784.0,1
WEST,500.0,6768.0,0
CENTRAL,672.0,5618.0,0
EAST,592.0,4418.0,0
WEST,620.0,6386.0,0
NORTH-EAST,646.0,5236.0,0
EAST,625.0,4038.0,0
EAST,564.0,7152.0,0
NORTH-EAST,583.0,4997.0,0
CENTRAL,625.0,5686.0,0
NORTH,543.0,3298.0,0
NORTH,665.0,800.0,0
WEST,693.0,5401.0,0
CENTRAL,635.0,2942.0,0
NORTH-EAST,664.0,3318.0,0
CENTRAL,563.0,3781.0,0
NORTH-EAST,626.0,4269.0,0
WEST,592.0,5865.0,0
NORTH-EAST,797.0,4568.0,0
CENTRAL,742.0,5801.0,1
WEST,686.0,3833.0,0
CENTRAL,612.0,4877.0,0
NORTH-EAST,710.0,6670.0,0
CENTRAL,668.0,6815.0,0
WEST,700.0,2927.0,0
EAST,642.0,5751.0,0
NORTH,644.0,6384.0,0
WEST,762.0,4580.0,0
CENTRAL,752.0,4954.0,0
NORTH-EAST,731.0,2958.0,0
EAST,658.0,3308.0,0
EAST,778.0,3204.0,1
WEST,669.0,4931.0,0
EAST,575.0,2469.0,0
WEST,638.0,5350.0,0
NORTH,617.0,4115.0,0
CENTRAL,567.0,6384.0,0
CENTRAL,707.0,7645.0,1
CENTRAL,690.0,5965.0,0
NORTH,737.0,5505.0,1
EAST,668.0,5792.0,1
NORTH,616.0,2846.0,0
EAST,678.0,3913.0,0
NORTH-EAST,656.0,4917.0,0
NORTH,706.0,800.0,0
NORTH-EAST,719.0,4970.0,0
NORTH-EAST,693.0,4692.0,0
NORTH,495.0,6031.0,0
NORTH-EAST,832.0,5778.0,0
EAST,586.0,5335.0,0
CENTRAL,804.0,3745.0,0
CENTRAL,636.0,2781.0,0
WEST,827.0,5634.0,0
CENTRAL,540.0,3421.0,0
EAST,655.0,5604.0,0
NORTH-EAST,695.0,1796.0,0
CENTRAL,478.0,6654.0,0
EAST,688.0,4692.0,0
EAST,649.0,8113.0,1
NORTH,631.0,5708.0,0
NORTH,729.0,4994.0,0
EAST,762.0,4564.0,0
WEST,814.0,5780.0,1
WEST,543.0,6154.0,0
EAST,658.0,6482.0,0
NORTH,652.0,5610.0,0
CENTRAL,767.0,6396.0,1
NORTH-EAST,709.0,3476.0,0
WEST,688.0,3094.0,0
